flybase_gene_id	control_rep1	control_rep2	msl2_rep1	msl2_rep2	mof_rep1	mof_rep2
FBgn0025836	8	5	4	6	12	17
FBgn0284435	1	1	0	2	0	1
FBgn0025835	1	0	0	1	3	0
FBgn0040373	18	20	47	36	33	34
FBgn0040372	206	200	178	200	145	222
FBgn0259722	21	19	9	9	10	16
FBgn0000316	119	114	70	88	80	118
FBgn0261446	28	16	9	10	14	11
FBgn0029518	0	0	0	0	0	1
FBgn0005427	102	94	93	102	78	96
FBgn0024989	0	3	0	1	0	2
FBgn0040370	3	2	5	4	2	3
FBgn0040371	0	1	0	0	0	0
FBgn0029521	8	11	6	15	5	15
FBgn0052816	1	1	1	0	2	1
FBgn0262810	0	0	1	0	0	0
FBgn0004034	22	17	15	40	12	16
FBgn0010019	0	0	0	0	1	0
FBgn0266572	138	121	108	123	107	110
FBgn0029523	14	16	11	22	9	12
FBgn0029522	24	19	6	7	11	12
FBgn0052817	2	17	0	7	13	9
FBgn0029526	20	16	13	5	13	13
FBgn0029524	35	11	14	15	4	7
FBgn0029525	102	66	62	105	73	72
FBgn0023536	27	26	19	23	15	16
FBgn0023537	437	357	339	356	315	285
FBgn0023534	0	3	1	0	0	1
FBgn0004648	314	339	270	296	258	236
FBgn0260400	82	59	47	66	42	55
FBgn0023535	6	6	5	3	4	4
FBgn0024983	60	46	33	55	26	33
FBgn0000108	1	2	4	7	0	2
FBgn0261930	1	0	0	0	0	1
FBgn0025633	192	199	160	169	137	163
FBgn0029529	14	14	12	9	13	8
FBgn0016038	60	61	38	61	43	55
FBgn0025640	51	44	52	64	44	43
FBgn0026879	74	70	49	56	57	58
FBgn0025635	22	22	20	26	22	18
FBgn0002579	2605	2181	1831	2298	1790	1894
FBgn0001341	109	100	96	95	94	105
FBgn0020381	77	57	52	71	42	61
FBgn0003575	158	148	137	171	144	151
FBgn0266102	5	0	0	0	0	0
FBgn0025634	65	35	37	59	30	29
FBgn0025638	135	116	117	123	136	105
FBgn0025639	198	143	178	207	198	199
FBgn0025637	327	292	260	277	254	275
FBgn0021764	98	83	61	88	60	66
FBgn0029531	0	0	0	0	2	0
FBgn0040383	58	63	30	47	44	40
FBgn0029532	1	0	1	0	0	0
FBgn0040382	96	84	125	145	90	69
FBgn0015288	1794	1442	1784	1853	1681	1560
FBgn0027343	0	0	0	2	0	2
FBgn0086368	0	1	0	0	0	0
FBgn0025620	0	0	1	0	1	1
FBgn0025621	86	53	60	78	42	42
FBgn0015799	252	201	187	197	199	203
FBgn0025616	2	3	1	0	3	1
FBgn0026874	15	9	9	6	5	9
FBgn0260855	141	129	101	150	114	144
FBgn0264449	37	52	50	58	42	51
FBgn0040892	0	1	0	0	0	0
FBgn0040341	0	0	0	0	1	0
FBgn0040344	134	122	104	116	110	88
FBgn0040339	26	27	27	30	14	24
FBgn0040345	1	0	0	2	0	0
FBgn0040342	2	4	2	3	0	2
FBgn0052815	2	2	0	5	2	3
FBgn0040340	216	136	156	164	145	140
FBgn0040346	73	57	51	57	61	53
FBgn0040347	25	15	19	21	17	12
FBgn0040348	43	28	23	21	17	10
FBgn0003638	401	319	287	332	258	399
FBgn0040351	3	0	1	1	3	2
FBgn0052814	1	0	0	0	0	0
FBgn0040337	24	27	19	28	18	15
FBgn0026143	68	54	53	65	44	41
FBgn0053082	8	4	4	9	2	10
FBgn0014903	14	8	13	12	11	15
FBgn0266569	33	22	19	26	17	16
FBgn0040398	716	505	542	544	576	529
FBgn0040397	23	15	12	14	10	16
FBgn0040365	0	1	0	0	0	0
FBgn0040364	2	2	2	2	0	2
FBgn0040360	0	0	0	1	0	0
FBgn0040359	1	0	0	1	0	1
FBgn0040358	1	0	1	0	1	1
FBgn0029568	1	2	2	1	0	2
FBgn0040357	0	1	0	0	0	0
FBgn0040367	2	2	3	0	0	1
FBgn0040366	12	14	14	9	10	7
FBgn0261444	261	214	213	197	184	203
FBgn0026876	57	43	53	59	64	48
FBgn0028550	55	74	48	49	48	72
FBgn0025642	23	27	11	19	14	14
FBgn0025641	305	214	184	164	184	136
FBgn0052811	0	0	0	0	0	1
FBgn0004650	1	1	2	6	2	11
FBgn0024366	3	4	2	3	0	3
FBgn0024362	106	91	72	58	77	52
FBgn0024360	34	42	44	45	42	32
FBgn0024361	8	2	6	11	8	0
FBgn0024365	246	213	173	194	164	180
FBgn0024364	101	71	80	70	75	66
FBgn0000826	39	29	33	43	25	28
FBgn0029573	2	1	1	3	2	1
FBgn0024987	230	163	158	159	169	145
FBgn0023169	168	113	81	95	97	86
FBgn0024986	82	72	65	62	61	53
FBgn0052813	34	20	21	34	18	19
FBgn0024985	133	113	132	142	104	87
FBgn0259108	41	46	41	45	34	54
FBgn0265139	0	0	0	1	1	0
FBgn0027795	13	12	12	7	5	9
FBgn0027794	150	102	108	101	83	91
FBgn0027793	2	4	4	3	3	3
FBgn0266284	238	142	162	153	160	122
FBgn0027791	128	104	110	88	56	55
FBgn0026872	54	52	54	36	29	45
FBgn0029580	6	6	2	4	0	4
FBgn0052808	8	11	9	13	5	9
FBgn0013720	65	58	55	77	36	56
FBgn0025383	25	20	15	22	5	7
FBgn0025382	53	34	37	34	16	15
FBgn0260986	158	102	98	82	87	70
FBgn0025381	1623	1210	1090	1148	1044	1141
FBgn0003517	11614	7556	10083	9513	8257	7957
FBgn0025394	434	340	311	317	255	299
FBgn0053513	8	10	6	6	3	6
FBgn0025390	25	21	10	25	17	33
FBgn0283451	477	342	453	480	434	422
FBgn0000482	278	166	170	191	152	140
FBgn0023530	106	114	73	93	57	81
FBgn0001189	224	193	178	235	140	184
FBgn0023531	118	119	156	177	129	179
FBgn0029587	3	2	1	7	3	7
FBgn0024897	5	0	2	3	5	2
FBgn0029588	10	12	20	30	7	28
FBgn0023130	73	54	59	65	61	54
FBgn0025391	43	45	41	63	40	81
FBgn0283741	269	242	174	336	171	224
FBgn0026086	230	241	191	217	196	236
FBgn0052806	0	0	0	0	0	1
FBgn0029589	1	0	1	1	0	0
FBgn0029590	0	0	2	1	0	3
FBgn0026090	93	88	69	93	62	84
FBgn0028969	752	610	505	551	458	513
FBgn0023515	190	145	109	116	125	132
FBgn0026873	117	89	74	79	52	67
FBgn0023516	110	93	79	105	72	70
FBgn0023513	190	156	119	126	115	122
FBgn0023517	135	97	108	88	90	58
FBgn0014411	385	331	247	277	243	238
FBgn0026089	133	118	91	95	72	63
FBgn0023514	201	167	144	135	159	158
FBgn0026088	155	118	76	105	77	77
FBgn0029594	73	69	85	68	104	91
FBgn0023518	512	416	436	419	352	392
FBgn0023519	164	121	125	106	99	79
FBgn0000117	2283	1726	1259	1313	1222	1233
FBgn0052803	75	64	55	63	48	49
FBgn0052801	28	12	13	14	7	14
FBgn0023511	385	313	261	309	205	205
FBgn0023509	307	227	235	215	237	209
FBgn0023510	431	384	259	286	231	272
FBgn0023512	258	171	163	191	140	182
FBgn0023508	478	363	273	288	254	319
FBgn0023522	231	198	145	152	142	166
FBgn0023520	65	40	55	62	32	42
FBgn0023521	36	22	28	29	18	20
FBgn0264562	87	130	151	131	127	159
FBgn0023545	174	141	161	160	120	108
FBgn0261954	860	758	715	834	645	818
FBgn0000667	408	294	247	243	204	234
FBgn0003964	321	233	244	208	214	192
FBgn0025632	26	25	20	29	15	33
FBgn0026878	5	1	2	4	3	0
FBgn0025631	309	298	169	186	173	163
FBgn0025625	30	30	27	31	11	13
FBgn0025626	316	252	245	270	207	217
FBgn0029596	9	12	12	7	9	7
FBgn0025628	904	755	633	721	579	550
FBgn0025627	8	8	6	7	8	11
FBgn0025630	130	111	99	117	83	111
FBgn0025629	208	111	156	138	128	129
FBgn0025624	211	153	139	158	134	132
FBgn0040394	248	208	220	212	190	158
FBgn0040395	365	356	336	372	278	315
FBgn0000382	131	106	106	108	92	121
FBgn0004860	170	133	160	172	154	179
FBgn0004861	205	153	178	156	165	180
FBgn0023507	226	168	157	144	144	159
FBgn0004654	678	415	456	428	379	345
FBgn0013432	109	90	64	88	57	76
FBgn0004655	405	316	373	346	375	343
FBgn0005670	16	22	12	24	8	7
FBgn0023540	61	39	28	30	37	37
FBgn0025839	106	86	78	73	56	54
FBgn0023541	5	5	3	4	2	4
FBgn0011576	20	21	18	22	15	10
FBgn0015036	26	19	12	15	12	18
FBgn0003116	49	30	31	31	24	25
FBgn0023542	240	192	188	173	177	163
FBgn0040899	34	29	38	46	26	29
FBgn0040900	1	0	2	4	0	0
FBgn0024984	5	4	7	11	4	3
FBgn0023549	22	9	12	3	8	8
FBgn0029603	1	2	1	0	1	1
FBgn0023550	0	0	1	0	1	1
FBgn0053548	2	3	0	2	0	2
FBgn0004397	772	574	507	536	396	451
FBgn0029606	0	1	0	0	0	0
FBgn0003048	659	589	454	531	404	499
FBgn0001330	73	79	61	53	72	57
FBgn0000810	69	63	52	47	41	41
FBgn0023523	1	2	1	3	1	2
FBgn0000377	188	150	119	153	113	117
FBgn0023525	12	7	16	8	8	9
FBgn0029608	46	56	64	61	56	64
FBgn0023524	1	3	2	2	1	1
FBgn0027296	38	39	35	34	33	30
FBgn0023527	142	99	92	99	109	92
FBgn0023528	194	174	144	180	147	178
FBgn0023529	860	835	695	918	721	812
FBgn0085362	0	1	1	0	0	1
FBgn0023526	46	38	29	63	29	36
FBgn0003079	152	124	130	157	122	115
FBgn0040392	5	6	6	7	10	14
FBgn0040391	7	6	9	8	4	9
FBgn0044047	220	193	176	236	127	153
FBgn0040389	72	57	88	76	43	59
FBgn0003159	92	54	48	100	49	70
FBgn0264598	3	1	0	0	2	0
FBgn0001150	4	5	4	4	6	4
FBgn0003714	69	35	46	52	30	44
FBgn0040388	578	391	452	416	443	394
FBgn0004050	162	108	149	104	111	119
FBgn0284408	4474	4753	3509	4890	3969	4061
FBgn0260753	9	3	2	7	3	6
FBgn0040377	2	1	2	1	4	3
FBgn0040376	1	0	0	2	0	1
FBgn0040375	52	53	48	35	29	42
FBgn0040066	240	136	171	151	191	145
FBgn0001404	421	378	471	525	425	482
FBgn0011606	561	417	391	359	340	440
FBgn0004643	394	299	236	252	228	232
FBgn0011566	87	47	75	79	60	68
FBgn0029629	1166	844	776	846	790	730
FBgn0040334	201	145	110	128	108	107
FBgn0040336	93	63	67	72	49	57
FBgn0040333	4	4	4	4	0	2
FBgn0267350	617	457	507	462	425	381
FBgn0003371	634	466	504	543	453	506
FBgn0011276	1	1	0	0	0	0
FBgn0025838	0	0	0	1	1	0
FBgn0003068	23	26	19	23	6	14
FBgn0000092	3	6	3	4	4	2
FBgn0024992	311	217	215	301	208	309
FBgn0024993	14	19	14	24	19	16
FBgn0024994	156	119	104	126	97	83
FBgn0024996	159	140	105	132	117	144
FBgn0024997	129	94	84	77	84	104
FBgn0024998	76	44	61	70	44	34
FBgn0024991	131	93	98	111	90	64
FBgn0024973	162	134	156	187	139	157
FBgn0000928	196	135	154	134	126	124
FBgn0000927	6	5	5	3	1	1
FBgn0283545	10	5	1	3	3	2
FBgn0000520	143	109	145	140	90	112
FBgn0250874	558	400	539	568	437	447
FBgn0024975	48	47	46	68	53	30
FBgn0000376	195	176	217	250	208	219
FBgn0024980	142	79	103	78	86	82
FBgn0028369	0	3	0	3	2	4
FBgn0040384	75	52	72	56	38	59
FBgn0003996	6	1	4	0	1	3
FBgn0040356	0	1	0	1	1	0
FBgn0040354	2	0	0	0	0	0
FBgn0040355	0	0	0	0	0	2
FBgn0025643	4	1	3	2	1	3
FBgn0025644	0	0	0	0	0	1
FBgn0052793	0	1	0	0	0	0
FBgn0029643	1	1	0	0	0	0
FBgn0029648	6	3	5	6	2	7
FBgn0003285	0	2	0	4	0	0
FBgn0004647	786	659	702	739	727	723
FBgn0028746	15	13	19	21	6	13
FBgn0040396	73	39	70	58	50	66
FBgn0000479	117	88	125	80	119	106
FBgn0003374	0	0	0	0	0	1
FBgn0288967	0	0	0	1	0	0
FBgn0262656	599	530	479	658	573	569
FBgn0029657	4	0	1	2	4	0
FBgn0029658	0	1	0	1	0	0
FBgn0029659	3	5	2	4	5	4
FBgn0029660	4	7	8	8	3	5
FBgn0029661	2	5	5	8	4	8
FBgn0029662	47	52	54	61	40	56
FBgn0029663	14	28	22	22	20	17
FBgn0029664	97	94	73	144	83	149
FBgn0029665	35	21	23	32	16	11
FBgn0029666	112	108	84	86	57	101
FBgn0029667	4	1	2	1	3	5
FBgn0052791	62	51	72	74	66	76
FBgn0029669	1	2	1	2	1	2
FBgn0052792	1	0	0	1	1	3
FBgn0029672	70	57	57	81	69	87
FBgn0266429	0	1	1	0	2	0
FBgn0044046	0	1	0	0	0	0
FBgn0023216	40	51	54	53	47	60
FBgn0023215	165	145	121	174	148	151
FBgn0015286	140	104	101	108	86	110
FBgn0283657	774	612	568	627	544	653
FBgn0029676	215	195	285	215	207	190
FBgn0021738	2	3	0	0	0	0
FBgn0053221	1	0	1	2	2	1
FBgn0260484	94	74	44	100	93	120
FBgn0264954	0	1	0	0	0	1
FBgn0000542	84	74	63	59	68	66
FBgn0029679	0	0	0	1	0	0
FBgn0265575	250	275	126	176	126	169
FBgn0028491	61	61	61	52	51	53
FBgn0285910	397	309	354	393	360	327
FBgn0029681	0	0	1	0	0	0
FBgn0260658	6	12	2	4	1	23
FBgn0029685	312	280	218	245	188	187
FBgn0029686	57	66	41	34	32	33
FBgn0052783	13	13	0	0	0	3
FBgn0029687	533	444	389	444	391	437
FBgn0029688	613	588	459	586	433	532
FBgn0029689	98	54	65	87	49	71
FBgn0029690	0	2	0	0	0	0
FBgn0263772	0	1	1	1	2	1
FBgn0029693	124	103	76	101	73	99
FBgn0029694	0	0	0	1	0	0
FBgn0004832	65	45	57	48	41	52
FBgn0000221	43	47	40	43	18	28
FBgn0026084	268	257	191	246	217	201
FBgn0026079	182	126	153	129	117	134
FBgn0026085	45	51	36	20	39	23
FBgn0026080	96	81	67	98	73	66
FBgn0026083	958	736	732	767	691	778
FBgn0066114	90	66	54	93	55	72
FBgn0000635	8	3	5	0	2	8
FBgn0029697	0	0	0	0	0	1
FBgn0052774	0	0	0	0	1	0
FBgn0029701	0	0	1	0	0	0
FBgn0029702	0	1	0	2	1	1
FBgn0040904	1	0	0	0	0	2
FBgn0040905	0	0	0	1	0	0
FBgn0040906	2	0	1	1	0	1
FBgn0002707	66	50	58	80	36	43
FBgn0266570	169	136	135	172	139	145
FBgn0040907	26	25	15	33	11	17
FBgn0262738	254	244	264	283	258	300
FBgn0029705	1	0	1	1	5	0
FBgn0029706	235	192	192	189	145	186
FBgn0000179	0	1	0	0	0	0
FBgn0029708	2	1	0	1	0	0
FBgn0003210	222	190	150	187	149	153
FBgn0029709	310	264	209	228	202	220
FBgn0029710	10	8	7	7	7	7
FBgn0029711	38	30	15	29	21	19
FBgn0029712	3	6	5	8	8	10
FBgn0029713	111	86	63	88	65	61
FBgn0029714	55	41	49	52	41	34
FBgn0029715	213	179	148	167	136	156
FBgn0003053	4	9	7	12	5	2
FBgn0025387	7	8	2	5	7	4
FBgn0025388	126	102	105	124	93	120
FBgn0025739	150	111	102	92	107	100
FBgn0029718	88	50	57	45	54	60
FBgn0025615	239	203	195	182	165	174
FBgn0022942	343	252	214	230	209	220
FBgn0029719	7	5	2	6	8	7
FBgn0029720	0	1	0	0	1	0
FBgn0262699	74	55	48	49	74	57
FBgn0022768	402	268	296	297	278	308
FBgn0011760	1054	1017	912	1098	926	1011
FBgn0028325	624	479	471	413	439	490
FBgn0029722	3	3	6	1	2	5
FBgn0029723	0	0	0	0	0	1
FBgn0029728	0	1	0	2	0	0
FBgn0260971	0	0	0	1	0	0
FBgn0029733	0	0	0	1	0	0
FBgn0052772	100	61	67	56	59	81
FBgn0029736	199	142	111	115	96	121
FBgn0029737	216	211	137	140	112	122
FBgn0266000	241	216	203	252	194	268
FBgn0004368	511	464	402	571	360	492
FBgn0061196	6	8	9	9	5	15
FBgn0003028	1	1	0	2	0	2
FBgn0052767	291	232	218	251	230	254
FBgn0029746	2	0	0	0	0	0
FBgn0266098	11	21	13	21	21	25
FBgn0029745	0	0	0	0	1	0
FBgn0029747	0	1	0	0	0	0
FBgn0261803	2	0	0	0	0	0
FBgn0029750	1	0	1	0	0	1
FBgn0263237	100	70	91	67	73	75
FBgn0003449	136	107	106	79	96	86
FBgn0029752	0	0	0	1	0	0
FBgn0029754	1	0	1	1	2	0
FBgn0029755	95	66	85	75	85	94
FBgn0014024	361	294	220	229	216	218
FBgn0284442	296	220	190	175	160	149
FBgn0029756	29	19	24	32	19	20
FBgn0026751	205	193	120	169	106	153
FBgn0010014	0	1	0	0	0	0
FBgn0029761	3	4	2	1	2	2
FBgn0029762	3	1	0	0	0	1
FBgn0263987	973	826	857	942	789	879
FBgn0029763	245	195	206	230	189	198
FBgn0029765	1	0	0	1	1	0
FBgn0029766	4277	4401	3069	5231	3184	3748
FBgn0029768	0	0	0	1	0	0
FBgn0029771	116	103	107	119	86	98
FBgn0250904	4	1	1	1	1	0
FBgn0029778	93	75	87	98	69	62
FBgn0004687	572	446	378	440	323	383
FBgn0026702	68	32	64	59	71	48
FBgn0259994	9	8	12	12	9	8
FBgn0259150	2	0	1	1	2	1
FBgn0029783	25	14	17	26	10	19
FBgn0028474	320	257	217	227	219	208
FBgn0015794	128	100	77	99	77	86
FBgn0029785	4233	3291	3263	3751	3066	2929
FBgn0046687	303	231	167	195	148	202
FBgn0003747	6	5	2	10	4	8
FBgn0259926	1	0	0	2	3	5
FBgn0029789	109	92	76	61	59	76
FBgn0000394	131	123	104	133	102	107
FBgn0027564	81	80	62	61	28	41
FBgn0029791	4	3	4	6	2	4
FBgn0053080	22	19	15	9	19	12
FBgn0052758	536	427	418	449	300	354
FBgn0029795	1	3	4	7	6	1
FBgn0261383	232	188	189	194	154	173
FBgn0029798	135	105	111	112	96	98
FBgn0029799	23	18	17	22	7	12
FBgn0029800	49	39	34	32	29	24
FBgn0029801	143	133	100	126	106	122
FBgn0013987	598	455	511	541	442	444
FBgn0261610	43	29	34	32	27	32
FBgn0029804	1	0	0	1	0	1
FBgn0259149	1	0	0	1	0	0
FBgn0029807	0	0	0	0	2	0
FBgn0029809	0	2	0	0	0	0
FBgn0029810	0	0	1	0	1	0
FBgn0029813	12	6	14	4	15	6
FBgn0029814	2	1	0	2	3	0
FBgn0029817	0	0	0	0	1	0
FBgn0029818	290	239	275	233	214	161
FBgn0014340	106	79	89	114	136	114
FBgn0029819	138	122	120	116	86	72
FBgn0029820	239	243	235	308	178	240
FBgn0000042	22718	15490	19095	19157	18445	18052
FBgn0029821	7	2	2	3	0	6
FBgn0029822	118	95	138	156	128	165
FBgn0029823	588	397	724	730	608	569
FBgn0029824	53	45	38	21	26	33
FBgn0029825	67	70	62	105	47	76
FBgn0052756	51	63	45	58	39	56
FBgn0029826	3	6	2	5	3	5
FBgn0052755	0	2	3	1	1	0
FBgn0029827	1	1	2	0	0	0
FBgn0029830	0	1	1	0	0	1
FBgn0029831	3	0	2	0	0	2
FBgn0029003	0	0	0	1	1	0
FBgn0003302	25	18	29	17	20	22
FBgn0029833	133	93	136	122	89	72
FBgn0029834	5	6	5	21	3	11
FBgn0029835	0	0	0	1	0	1
FBgn0029838	0	0	0	0	0	2
FBgn0029839	0	0	0	0	1	0
FBgn0029840	270	182	229	244	179	208
FBgn0026060	47	48	59	38	32	34
FBgn0029843	1	0	0	1	2	0
FBgn0264386	1	2	0	0	0	1
FBgn0029848	1	0	1	0	0	0
FBgn0029849	136	117	87	112	104	99
FBgn0003514	726	555	524	579	552	435
FBgn0262730	627	549	453	716	471	590
FBgn0029851	15	13	8	14	10	11
FBgn0023458	1614	1392	1225	1191	984	1036
FBgn0015818	209	144	176	147	130	151
FBgn0040918	1091	931	777	879	747	765
FBgn0029853	171	125	127	121	95	87
FBgn0028982	485	420	384	387	371	371
FBgn0029854	134	118	66	108	69	70
FBgn0086558	1818	1935	1273	1815	1277	1862
FBgn0052745	0	0	1	0	0	0
FBgn0029856	60	78	38	78	35	42
FBgn0026015	269	198	209	240	189	193
FBgn0029857	136	86	89	77	74	82
FBgn0028685	428	341	300	304	271	245
FBgn0029858	40	28	24	27	29	20
FBgn0029859	1	2	0	7	2	0
FBgn0029860	128	67	81	81	67	70
FBgn0029861	109	85	82	75	68	65
FBgn0043796	89	53	60	55	43	35
FBgn0029864	1	1	0	0	0	0
FBgn0250869	44	47	18	45	34	40
FBgn0029866	13	8	10	8	5	9
FBgn0029867	200	172	213	207	170	202
FBgn0029868	212	171	177	175	122	159
FBgn0261955	457	361	359	369	311	347
FBgn0016974	2	2	9	2	1	0
FBgn0003655	58	37	55	64	49	59
FBgn0029870	529	407	350	415	347	426
FBgn0003139	122	100	98	135	83	110
FBgn0259242	4	5	7	9	2	0
FBgn0029873	168	120	125	119	107	93
FBgn0029874	75	58	60	58	41	33
FBgn0014031	7	3	4	6	4	2
FBgn0014026	8109	6544	6432	7107	6430	5494
FBgn0000524	124	101	89	84	97	83
FBgn0085446	609	400	258	277	327	267
FBgn0029877	0	1	2	3	2	3
FBgn0029878	312	278	226	264	204	196
FBgn0029879	7	7	9	8	7	7
FBgn0029881	738	548	544	644	537	553
FBgn0029880	5	2	3	9	3	2
FBgn0029882	182	112	104	131	113	109
FBgn0028360	104	84	66	104	72	95
FBgn0029885	83	71	82	58	70	72
FBgn0062413	177	112	124	128	103	126
FBgn0029887	269	206	217	197	193	192
FBgn0025815	419	247	284	229	275	239
FBgn0029888	123	93	81	83	61	52
FBgn0286222	365	258	225	228	200	215
FBgn0029890	5	11	3	4	6	9
FBgn0029891	192	162	127	130	104	101
FBgn0265362	17	9	8	11	2	10
FBgn0029892	20	10	14	12	5	7
FBgn0029893	288	219	204	171	188	189
FBgn0029894	68	63	46	55	43	48
FBgn0029895	2	2	5	4	5	4
FBgn0029896	291	298	126	212	253	199
FBgn0029897	7325	4545	6226	6201	4890	4563
FBgn0287725	498	424	441	496	422	478
FBgn0029502	100	51	36	45	45	34
FBgn0003390	8	9	3	8	3	3
FBgn0259228	1186	943	862	863	740	755
FBgn0029903	801	686	549	661	593	591
FBgn0086693	9	9	4	9	2	2
FBgn0029905	114	75	77	72	68	77
FBgn0029906	44	41	45	43	41	37
FBgn0029907	4	6	8	2	4	4
FBgn0263968	590	458	420	557	368	460
FBgn0029909	2	0	0	2	0	1
FBgn0029911	123	90	92	78	85	64
FBgn0029912	109	68	67	88	60	69
FBgn0029913	21	12	14	10	9	13
FBgn0029914	73	54	36	44	37	42
FBgn0029915	136	91	86	96	70	78
FBgn0263993	236	178	246	250	179	221
FBgn0029922	3	2	1	3	5	6
FBgn0052732	107	74	87	104	68	85
FBgn0029924	21	26	13	21	4	3
FBgn0029925	62	54	64	63	51	50
FBgn0004646	5	1	2	2	3	2
FBgn0261284	8	5	14	13	7	6
FBgn0027106	0	0	0	0	0	1
FBgn0027108	145	112	140	141	123	114
FBgn0000330	74	61	63	71	62	45
FBgn0052736	13	10	9	6	5	6
FBgn0259204	13	10	9	6	5	6
FBgn0029928	9	2	2	10	4	6
FBgn0029929	61	39	66	76	47	45
FBgn0264270	310	287	218	322	184	271
FBgn0029935	58	34	44	40	35	48
FBgn0029936	64	41	49	37	34	24
FBgn0029937	197	139	121	115	116	107
FBgn0027342	67	62	48	62	47	59
FBgn0029941	607	413	440	429	363	411
FBgn0029942	70	77	67	113	65	107
FBgn0025549	69	79	66	96	56	77
FBgn0024250	99	91	78	67	85	91
FBgn0029943	78	64	72	69	53	52
FBgn0029944	83	81	62	90	74	67
FBgn0029945	4	5	7	3	1	3
FBgn0026144	0	1	1	1	0	1
FBgn0029946	0	0	0	1	0	0
FBgn0029948	0	1	0	0	0	0
FBgn0029949	2	0	0	0	0	0
FBgn0052719	11	12	12	11	14	15
FBgn0262612	1	0	0	1	0	0
FBgn0052720	0	0	0	0	1	0
FBgn0029951	0	1	1	1	1	0
FBgn0029952	1	0	0	0	1	0
FBgn0004198	561	470	603	616	545	677
FBgn0029504	534	363	327	412	376	386
FBgn0029955	0	1	0	0	0	1
FBgn0022786	116	103	112	112	81	83
FBgn0027553	101	65	82	66	56	56
FBgn0029957	136	124	81	74	76	91
FBgn0029958	72	57	77	57	42	68
FBgn0029959	90	84	67	79	45	64
FBgn0016041	275	194	229	212	196	178
FBgn0000427	0	0	1	0	0	0
FBgn0259188	4	2	1	2	1	0
FBgn0029968	17	8	4	6	9	7
FBgn0029969	125	132	123	124	117	110
FBgn0029970	22	34	21	29	9	8
FBgn0029971	79	64	70	66	54	79
FBgn0266490	79	64	70	66	54	68
FBgn0040087	207	184	138	182	146	166
FBgn0260447	0	0	2	2	0	2
FBgn0053222	3	0	0	0	3	0
FBgn0261592	6782	4848	5763	6225	5316	4203
FBgn0010292	146	100	142	125	138	144
FBgn0029974	7	8	7	14	13	12
FBgn0029975	768	560	542	558	457	536
FBgn0029976	627	547	328	401	314	344
FBgn0029977	15	14	3	8	5	4
FBgn0260858	140	119	97	124	82	111
FBgn0029979	767	612	524	547	453	455
FBgn0029980	86	67	61	58	42	47
FBgn0004403	4798	3668	3308	3919	3222	3245
FBgn0004404	1548	1081	1344	1228	1097	967
FBgn0260970	611	482	435	479	342	470
FBgn0027280	780	714	393	527	400	513
FBgn0029986	1	2	2	4	0	1
FBgn0029987	0	1	0	0	0	0
FBgn0003656	290	216	186	218	173	207
FBgn0003447	1	1	2	3	0	2
FBgn0010329	14	13	3	9	9	9
FBgn0029989	2	1	1	2	0	1
FBgn0029990	6	5	0	3	4	5
FBgn0004656	1849	1503	1396	1511	1301	1554
FBgn0004657	1336	1137	998	1207	925	1003
FBgn0029992	182	159	144	176	130	166
FBgn0029993	0	0	0	0	0	1
FBgn0029994	5	2	1	1	2	0
FBgn0029995	1	1	0	0	0	0
FBgn0029996	198	196	109	155	132	164
FBgn0029997	52	33	36	29	28	46
FBgn0040319	376	383	314	394	287	321
FBgn0029999	139	129	96	111	99	109
FBgn0030000	117	71	80	79	70	60
FBgn0030001	40	20	35	31	18	21
FBgn0030003	104	85	72	77	48	93
FBgn0030004	20	19	18	20	16	11
FBgn0030005	1	0	1	1	3	1
FBgn0025800	312	309	227	275	245	240
FBgn0030006	28	23	18	19	21	21
FBgn0030007	184	146	137	143	124	129
FBgn0030008	40	29	23	35	23	17
FBgn0030010	25	16	11	27	12	10
FBgn0030011	2	5	2	4	0	2
FBgn0030012	31	24	21	23	20	22
FBgn0265464	27	16	17	27	23	19
FBgn0030013	82	54	69	74	54	61
FBgn0030016	2	0	0	1	1	0
FBgn0030017	31	26	34	32	24	34
FBgn0030018	224	199	180	187	151	203
FBgn0261873	166	119	94	100	70	88
FBgn0030025	59	43	52	48	40	39
FBgn0030026	50	53	59	62	42	58
FBgn0020653	769	534	701	707	646	590
FBgn0017566	575	337	459	420	384	330
FBgn0030027	1	1	2	0	0	1
FBgn0030028	4	6	3	6	5	2
FBgn0030029	0	0	0	0	1	1
FBgn0030030	60	49	28	35	35	45
FBgn0015519	1	0	1	0	0	0
FBgn0040928	4	6	4	13	9	7
FBgn0030034	308	194	283	266	227	191
FBgn0030035	257	188	219	221	192	161
FBgn0262976	36	34	38	33	32	33
FBgn0261793	279	237	203	254	150	238
FBgn0052712	0	1	0	0	0	0
FBgn0030037	100	95	86	82	64	79
FBgn0030038	377	315	249	323	238	234
FBgn0030039	55	41	44	64	38	25
FBgn0021767	8	3	3	4	2	5
FBgn0052713	0	2	0	0	4	0
FBgn0030040	372	372	234	286	243	304
FBgn0023506	48	49	30	50	42	35
FBgn0014032	40	21	42	40	28	15
FBgn0053223	1	2	1	0	0	1
FBgn0030041	2	4	1	5	3	1
FBgn0014466	0	1	1	0	0	0
FBgn0000359	1	0	0	1	0	0
FBgn0003023	0	1	1	0	0	0
FBgn0053181	15	15	8	6	10	14
FBgn0264975	436	393	318	318	295	247
FBgn0024943	1	4	3	2	3	1
FBgn0026679	174	145	142	139	121	109
FBgn0030048	179	169	122	164	128	174
FBgn0030049	332	249	232	237	222	209
FBgn0030050	1	0	0	0	0	0
FBgn0030051	3	0	2	0	0	1
FBgn0030052	1742	1266	1130	1166	1029	1068
FBgn0030053	72	54	64	61	37	53
FBgn0040929	26	18	15	18	14	6
FBgn0025864	851	684	572	677	462	591
FBgn0030054	341	285	215	198	238	230
FBgn0030055	76	52	59	46	47	52
FBgn0030056	361	330	219	290	200	273
FBgn0030057	136	108	148	157	113	130
FBgn0027864	20	21	17	29	13	14
FBgn0041629	2077	1445	1351	1291	1313	1022
FBgn0030060	139	114	98	119	88	114
FBgn0030061	203	171	153	160	168	139
FBgn0027330	153	115	188	156	139	144
FBgn0030063	49	49	35	56	36	40
FBgn0026411	0	0	0	1	0	1
FBgn0030065	289	225	177	193	160	129
FBgn0011661	5769	4494	4654	5027	4378	4300
FBgn0030066	77	70	55	49	49	39
FBgn0030067	515	387	444	480	489	454
FBgn0011586	490	401	370	403	451	450
FBgn0261549	72	55	43	56	50	66
FBgn0030071	10	7	11	18	16	12
FBgn0262900	3	4	5	8	5	4
FBgn0030073	261	192	231	246	180	148
FBgn0259734	28	35	33	34	26	38
FBgn0030077	42	34	23	24	33	22
FBgn0030078	2	0	2	0	0	2
FBgn0265413	301	228	189	193	186	163
FBgn0030081	47	42	55	64	63	63
FBgn0030082	200	145	116	114	118	134
FBgn0052707	92	82	65	69	42	59
FBgn0052708	43	35	29	33	36	44
FBgn0030085	4	9	5	3	0	2
FBgn0030086	1527	1015	1041	1010	920	786
FBgn0030087	603	496	345	495	294	421
FBgn0004856	276	228	202	203	201	175
FBgn0030088	52	46	30	36	26	35
FBgn0030089	521	386	368	397	352	385
FBgn0030090	70	58	49	64	44	26
FBgn0030091	228	174	197	198	160	167
FBgn0030092	41	31	24	35	18	17
FBgn0030093	368	244	310	243	264	218
FBgn0004828	2181	1664	1629	1717	1401	1492
FBgn0014868	672	469	561	586	486	482
FBgn0040467	11	4	4	5	7	7
FBgn0040931	81	55	62	47	34	32
FBgn0030096	113	73	98	87	78	75
FBgn0265725	1	1	0	1	0	0
FBgn0026206	382	295	280	274	256	279
FBgn0030099	74	52	63	45	38	41
FBgn0030100	30	18	16	24	13	28
FBgn0030101	26	28	20	26	16	15
FBgn0086450	1606	1192	824	976	703	737
FBgn0086367	1	1	1	1	0	0
FBgn0030108	1	0	0	0	0	0
FBgn0030109	475	471	295	345	274	295
FBgn0052704	0	0	0	0	1	0
FBgn0260789	238	215	187	170	168	182
FBgn0260771	67	48	49	50	49	45
FBgn0000077	61	41	38	35	29	38
FBgn0010269	123	78	66	82	69	78
FBgn0030114	123	117	88	88	68	88
FBgn0028292	126	104	83	89	76	55
FBgn0030116	0	0	0	1	0	0
FBgn0030117	0	5	0	5	0	5
FBgn0052703	5	3	0	0	0	0
FBgn0030120	3	1	1	4	0	1
FBgn0030121	102	86	72	73	44	58
FBgn0030122	112	108	66	76	74	56
FBgn0040236	669	666	417	671	373	646
FBgn0002576	5	1	3	4	5	4
FBgn0040235	87	60	68	53	54	66
FBgn0040234	103	119	101	111	100	100
FBgn0085478	469	330	357	412	352	344
FBgn0085479	2	3	1	3	0	2
FBgn0026149	73	45	71	70	69	55
FBgn0261260	787	649	562	595	610	526
FBgn0267253	0	0	0	0	1	1
FBgn0054028	0	0	0	0	1	0
FBgn0028327	672	508	687	785	628	640
FBgn0030136	3612	3385	2557	3497	2518	2899
FBgn0030137	26	19	23	18	15	12
FBgn0052702	377	374	243	391	236	425
FBgn0052699	382	343	247	332	258	284
FBgn0259741	16	4	9	15	4	15
FBgn0001186	528	460	373	554	363	454
FBgn0030141	198	139	127	127	115	110
FBgn0264691	161	144	119	141	102	98
FBgn0027084	527	383	399	377	364	398
FBgn0261931	189	149	133	158	97	113
FBgn0028341	205	149	159	172	146	153
FBgn0030148	3	1	3	1	1	2
FBgn0261617	1788	1323	1283	1360	1121	1328
FBgn0000233	1	1	1	0	0	1
FBgn0020378	0	0	0	2	0	1
FBgn0030151	313	280	267	299	231	256
FBgn0052698	1	4	4	4	5	7
FBgn0266431	1	0	0	2	1	0
FBgn0052695	0	0	1	1	0	0
FBgn0030158	0	0	0	0	0	1
FBgn0030160	7	10	5	6	3	1
FBgn0030162	0	0	0	0	1	0
FBgn0026415	10	9	5	5	7	8
FBgn0052694	0	0	0	1	0	0
FBgn0288690	49	22	40	47	38	40
FBgn0263132	17	14	11	9	12	19
FBgn0005391	1	1	0	0	0	0
FBgn0004045	0	1	0	0	0	0
FBgn0030174	3	2	3	4	2	2
FBgn0052685	666	569	474	530	414	486
FBgn0030177	130	83	115	81	101	114
FBgn0030178	18	23	21	21	8	10
FBgn0083940	6	3	5	11	6	4
FBgn0030183	12	13	7	5	2	6
FBgn0028342	313	244	236	241	214	202
FBgn0085437	269	244	174	180	189	186
FBgn0030187	1	0	0	0	0	1
FBgn0263220	86	61	40	51	41	86
FBgn0040942	59	60	51	91	56	59
FBgn0259170	201	167	153	197	181	173
FBgn0030189	118	122	99	157	93	114
FBgn0011770	51	31	52	38	28	22
FBgn0028331	701	612	500	603	452	520
FBgn0028480	448	332	320	383	285	302
FBgn0052686	6	6	10	8	7	8
FBgn0030195	2	3	5	5	0	2
FBgn0052681	11	10	23	23	9	19
FBgn0030196	59	48	33	48	28	38
FBgn0000711	225	192	184	188	182	180
FBgn0083167	176	143	115	121	118	120
FBgn0261710	2963	2023	2293	1954	2074	2029
FBgn0030206	59	49	48	54	36	50
FBgn0030207	0	0	0	0	0	2
FBgn0030208	263	205	154	201	156	170
FBgn0052687	155	165	96	124	109	80
FBgn0085443	467	406	337	347	342	393
FBgn0001206	113	104	86	93	82	97
FBgn0030217	43	26	20	19	19	27
FBgn0030218	65	34	58	50	46	41
FBgn0030222	0	0	0	0	0	1
FBgn0052677	1	1	2	2	2	1
FBgn0030223	0	0	0	0	0	1
FBgn0030224	0	0	0	0	0	1
FBgn0052676	209	175	192	198	161	185
FBgn0003204	307	224	304	259	253	264
FBgn0030230	90	82	53	64	48	40
FBgn0052675	561	434	306	466	320	472
FBgn0052672	471	507	252	381	276	353
FBgn0030228	104	81	74	93	72	89
FBgn0030234	39	37	25	28	17	28
FBgn0025111	29	21	17	24	15	24
FBgn0003360	1969	1581	1699	1701	1658	1495
FBgn0285926	511	504	492	513	440	484
FBgn0003321	307	285	267	300	237	299
FBgn0040850	5	8	1	4	4	5
FBgn0030237	612	530	368	373	417	297
FBgn0052669	27	30	23	33	14	16
FBgn0030239	83	46	61	50	38	44
FBgn0030240	153	126	136	155	111	124
FBgn0030241	287	167	244	212	221	190
FBgn0030242	52	35	51	36	51	36
FBgn0030243	394	229	290	283	266	239
FBgn0030244	0	0	1	0	0	0
FBgn0030245	310	240	177	204	185	210
FBgn0030246	328	271	226	296	206	247
FBgn0264502	3	0	3	1	2	2
FBgn0030251	0	1	0	0	0	0
FBgn0263705	0	2	3	1	3	3
FBgn0030257	0	0	1	0	0	1
FBgn0003366	2	0	3	0	0	0
FBgn0030262	2	4	3	4	1	0
FBgn0030263	428	316	264	309	223	233
FBgn0027498	54	42	24	33	22	22
FBgn0259101	0	1	0	0	0	0
FBgn0015245	1897	1186	1265	1296	1109	1159
FBgn0030266	354	310	241	285	219	278
FBgn0028686	592	387	366	320	321	297
FBgn0010391	421	348	314	306	274	275
FBgn0030268	879	681	617	656	565	624
FBgn0265535	2	2	1	2	3	1
FBgn0030269	108	82	78	65	89	65
FBgn0052667	1	0	0	0	1	0
FBgn0030270	1	2	0	0	0	0
FBgn0030271	0	4	2	11	1	0
FBgn0030272	1	0	1	0	2	0
FBgn0020255	1708	1302	1308	1238	1190	1237
FBgn0030274	122	117	75	97	73	92
FBgn0261277	2	1	1	0	2	1
FBgn0030276	382	326	266	289	266	321
FBgn0052668	3	3	3	7	2	4
FBgn0026268	1	2	0	0	1	1
FBgn0265595	1	0	0	0	0	0
FBgn0001491	78	65	32	62	47	56
FBgn0030286	312	281	203	251	173	252
FBgn0028421	158	135	108	119	89	93
FBgn0085377	81	87	54	54	28	57
FBgn0030289	235	156	174	164	140	119
FBgn0030291	21	29	16	30	13	22
FBgn0030292	57	26	26	28	25	23
FBgn0030293	467	370	353	373	317	294
FBgn0000499	199	139	146	133	105	84
FBgn0287454	47	54	34	28	28	29
FBgn0004864	269	204	200	237	148	210
FBgn0027359	124	102	98	75	66	102
FBgn0001624	1335	1079	786	915	887	936
FBgn0030296	1	0	0	0	0	2
FBgn0030297	0	1	0	0	0	0
FBgn0030298	0	0	0	0	0	2
FBgn0045502	0	0	0	0	0	2
FBgn0001145	76	73	35	60	31	65
FBgn0262740	165	151	134	170	119	149
FBgn0030300	9	3	8	6	7	6
FBgn0030301	198	143	139	173	174	183
FBgn0262685	2	0	0	0	0	0
FBgn0030305	128	85	118	111	128	94
FBgn0030306	269	247	212	210	216	212
FBgn0052666	701	564	521	724	487	544
FBgn0030309	1490	1182	1034	1200	990	1185
FBgn0030310	277	181	241	252	177	220
FBgn0003277	1717	1493	1411	1597	1250	1439
FBgn0030311	211	157	125	113	78	74
FBgn0027259	157	146	103	106	100	118
FBgn0030313	3	5	3	2	2	2
FBgn0030314	122	89	96	104	58	81
FBgn0000618	30	26	22	15	18	17
FBgn0030316	117	91	113	102	91	98
FBgn0002948	115	76	111	97	95	90
FBgn0030317	28	13	30	22	25	31
FBgn0262853	13	7	14	16	8	21
FBgn0262852	9	6	11	13	4	11
FBgn0262851	0	24	0	0	7	39
FBgn0262850	0	24	0	0	7	39
FBgn0262849	9	6	11	13	4	11
FBgn0262848	103	55	49	61	43	0
FBgn0262847	9	6	11	13	4	11
FBgn0030318	577	430	370	389	299	321
FBgn0030319	3	1	4	1	0	1
FBgn0030320	191	164	130	156	113	160
FBgn0030321	646	603	445	639	462	587
FBgn0288833	103	86	88	97	72	84
FBgn0002723	97	72	50	61	48	62
FBgn0004370	299	239	219	224	206	254
FBgn0030323	33	35	26	40	23	27
FBgn0014133	796	561	605	626	574	583
FBgn0011754	156	126	87	135	94	125
FBgn0030326	11	10	11	13	6	6
FBgn0030327	86	64	84	78	62	49
FBgn0030328	394	314	307	312	273	297
FBgn0030329	217	176	152	180	107	122
FBgn0030330	56	50	57	52	37	45
FBgn0030331	208	160	175	172	142	145
FBgn0259918	6	5	2	5	1	4
FBgn0085350	11	14	12	14	6	13
FBgn0085351	3	3	5	8	11	5
FBgn0002577	36	27	19	25	21	29
FBgn0030332	89	54	60	62	56	46
FBgn0004511	0	0	1	0	0	1
FBgn0030334	1946	1762	1420	1686	1432	1588
FBgn0000259	401	329	287	337	297	322
FBgn0001218	2824	2328	2313	3199	2379	2486
FBgn0030336	312	259	205	230	198	226
FBgn0266019	375	369	228	287	214	313
FBgn0030338	0	3	0	0	0	0
FBgn0030339	1	1	0	0	0	0
FBgn0030340	201	128	162	187	167	163
FBgn0030341	212	182	184	205	166	156
FBgn0030342	123	101	100	80	62	90
FBgn0030343	251	206	198	217	160	155
FBgn0030344	227	205	178	203	159	203
FBgn0030345	69	63	51	57	42	46
FBgn0030346	34	12	23	34	20	17
FBgn0030347	74	59	52	46	26	34
FBgn0030348	0	0	3	1	1	1
FBgn0030349	663	521	435	535	384	454
FBgn0030350	139	113	86	120	97	82
FBgn0030351	44	36	31	36	32	27
FBgn0030352	70	40	47	49	50	32
FBgn0260780	10	4	9	4	6	9
FBgn0030354	407	328	329	338	277	312
FBgn0250871	0	0	1	1	0	0
FBgn0030357	40	31	23	30	18	23
FBgn0030358	32	29	23	31	37	26
FBgn0263111	64	54	40	68	41	65
FBgn0000808	37	24	32	36	20	31
FBgn0003865	0	0	0	0	0	1
FBgn0030359	2	3	0	2	2	0
FBgn0001083	65	40	40	46	28	38
FBgn0030360	3	6	1	7	2	0
FBgn0030361	30	27	24	22	16	20
FBgn0030362	2675	1814	2203	1835	1649	1051
FBgn0043001	31	20	13	21	18	22
FBgn0030364	138	110	82	113	99	113
FBgn0030365	165	124	142	114	102	90
FBgn0030366	730	613	520	603	551	582
FBgn0030367	30	26	21	34	6	8
FBgn0030369	6	2	2	7	5	6
FBgn0267001	327	252	212	254	255	277
FBgn0052656	0	1	0	0	0	0
FBgn0085352	0	0	1	0	3	3
FBgn0030373	19	7	8	4	7	1
FBgn0030377	2	4	3	2	4	11
FBgn0052655	1	0	0	1	0	0
FBgn0287828	1	1	1	1	0	0
FBgn0030390	0	1	0	0	0	0
FBgn0030391	50	26	36	37	28	24
FBgn0259143	134	99	87	97	92	71
FBgn0030394	0	0	0	0	1	0
FBgn0030396	2	2	5	1	1	1
FBgn0264542	16	27	15	37	13	28
FBgn0030400	285	200	164	201	183	203
FBgn0283712	443	400	282	336	282	298
FBgn0030403	242	186	145	150	127	142
FBgn0052654	434	394	343	365	324	369
FBgn0030406	36	43	40	27	29	29
FBgn0030407	12	10	7	7	9	10
FBgn0030410	20	12	18	13	17	15
FBgn0030411	22	13	8	32	15	14
FBgn0030412	384	314	239	294	243	233
FBgn0015024	496	436	312	427	309	401
FBgn0011837	543	419	415	517	485	528
FBgn0265523	3687	2783	2835	2687	2492	2505
FBgn0030417	19	18	12	27	9	14
FBgn0030418	55	45	33	56	30	53
FBgn0020513	1016	844	1244	1227	937	914
FBgn0030420	225	203	219	283	210	271
FBgn0030421	54	52	32	61	41	56
FBgn0052647	0	0	1	2	0	3
FBgn0259171	92	81	72	73	67	50
FBgn0030425	1	2	2	0	1	2
FBgn0052650	16	11	15	17	14	9
FBgn0052649	127	133	116	166	64	101
FBgn0030431	90	82	82	105	71	115
FBgn0030432	1	0	4	3	0	1
FBgn0030433	112	87	118	124	80	95
FBgn0030434	230	198	196	181	159	150
FBgn0030435	210	151	243	176	159	201
FBgn0086675	1	1	0	1	0	0
FBgn0030438	0	1	0	3	0	7
FBgn0265597	1	0	0	0	2	3
FBgn0010303	884	649	721	789	670	743
FBgn0261524	465	332	328	329	323	319
FBgn0030447	132	80	152	99	84	95
FBgn0263005	88	76	65	88	58	44
FBgn0250862	1	0	1	1	0	1
FBgn0052638	264	225	173	239	182	201
FBgn0030451	276	195	265	228	190	189
FBgn0030452	300	220	273	302	272	259
FBgn0052645	1	2	1	1	1	3
FBgn0030456	178	143	146	159	112	130
FBgn0025463	639	496	513	505	454	464
FBgn0030457	164	138	141	174	107	102
FBgn0085440	0	0	0	3	0	1
FBgn0052640	67	67	24	54	46	73
FBgn0052641	0	0	24	0	0	0
FBgn0030459	7	1	2	1	0	5
FBgn0030460	117	109	100	106	93	74
FBgn0265630	390	317	358	367	365	407
FBgn0265629	6	6	2	1	5	5
FBgn0029133	713	694	718	752	639	703
FBgn0004456	1078	902	1009	1071	985	1273
FBgn0052639	1	1	2	4	1	2
FBgn0030462	0	1	0	0	0	0
FBgn0000346	72	76	59	76	45	31
FBgn0041210	1639	1296	1254	1332	1100	1242
FBgn0030465	170	112	152	151	101	103
FBgn0030466	439	339	386	405	371	348
FBgn0030467	199	118	198	172	171	162
FBgn0030468	477	355	384	386	324	346
FBgn0283680	468	399	378	421	366	397
FBgn0040309	3105	2526	2824	3278	2559	2449
FBgn0010198	14242	12373	11850	15055	12194	13721
FBgn0030474	232	239	173	200	214	214
FBgn0261085	5	3	2	2	1	3
FBgn0030477	1	1	0	1	1	0
FBgn0030478	360	311	285	302	250	210
FBgn0030479	263	213	168	194	158	175
FBgn0030480	40	28	21	39	26	27
FBgn0288857	98	81	69	87	68	79
FBgn0030481	115	102	91	109	98	93
FBgn0030482	839	670	574	731	531	690
FBgn0030483	0	0	2	4	0	0
FBgn0030484	443	478	293	507	267	339
FBgn0030485	104	74	68	68	58	68
FBgn0030486	489	398	449	511	410	459
FBgn0265416	0	0	1	0	0	2
FBgn0085353	6	5	3	9	8	5
FBgn0086674	306	257	253	344	249	260
FBgn0284227	123	71	124	123	112	89
FBgn0004169	14	18	5	6	6	18
FBgn0030499	186	114	128	138	115	99
FBgn0030500	168	103	90	94	86	124
FBgn0030501	272	232	165	166	159	162
FBgn0030502	522	403	330	338	291	316
FBgn0030503	63	38	29	37	18	28
FBgn0030504	822	599	654	686	643	674
FBgn0030505	337	283	275	307	256	274
FBgn0030506	103	110	83	97	78	75
FBgn0030507	110	100	87	94	83	95
FBgn0030508	1	1	0	1	1	0
FBgn0030509	1	0	0	0	0	0
FBgn0030510	105	91	92	114	66	67
FBgn0030511	51	43	47	53	27	31
FBgn0030512	223	217	179	233	176	226
FBgn0265726	49	39	50	48	39	35
FBgn0030514	296	209	182	190	159	184
FBgn0002878	201	146	156	128	112	114
FBgn0001087	387	321	236	251	224	275
FBgn0001612	204	199	170	199	152	141
FBgn0030518	86	68	35	54	36	35
FBgn0030519	341	302	237	275	211	237
FBgn0030520	1062	1070	803	1102	879	882
FBgn0052625	4	5	2	4	2	4
FBgn0020909	159	102	138	149	139	142
FBgn0004047	2	6	2	4	2	6
FBgn0003218	163	141	117	169	125	125
FBgn0030521	1051	879	749	874	726	722
FBgn0030522	66	49	50	52	40	39
FBgn0261244	466	397	299	328	286	332
FBgn0030524	0	0	1	0	1	2
FBgn0030525	1	0	0	2	1	1
FBgn0030528	26	20	23	26	15	21
FBgn0030529	2136	1654	1575	1858	1496	1679
FBgn0027537	1003	731	708	762	734	829
FBgn0030530	416	266	323	291	286	350
FBgn0052626	630	543	506	554	454	554
FBgn0267033	878	745	708	911	656	798
FBgn0030536	1	1	0	3	0	0
FBgn0000173	348	321	359	399	357	354
FBgn0044817	0	1	0	1	0	0
FBgn0053247	0	0	0	0	0	0
FBgn0053245	0	0	0	0	0	0
FBgn0053244	0	0	0	0	0	0
FBgn0053243	0	0	0	0	0	0
FBgn0053242	0	0	0	0	0	2
FBgn0053241	0	0	0	0	0	0
FBgn0053240	0	0	0	0	0	0
FBgn0053239	0	0	0	0	0	0
FBgn0053238	1	0	0	0	0	0
FBgn0053237	0	0	0	0	0	0
FBgn0053236	0	0	2	0	0	0
FBgn0030544	1	0	0	0	0	0
FBgn0030545	43	32	59	52	33	29
FBgn0026713	416	314	274	323	243	225
FBgn0040153	22	20	12	19	11	11
FBgn0030551	2	1	1	1	0	1
FBgn0030552	121	85	80	91	75	61
FBgn0259166	175	142	129	117	85	92
FBgn0030555	59	55	47	56	46	52
FBgn0030554	79	42	52	54	33	40
FBgn0030556	315	239	197	224	181	228
FBgn0260482	0	1	0	1	0	0
FBgn0002873	606	533	398	445	358	464
FBgn0030558	0	0	0	0	0	0
FBgn0284233	0	0	0	0	0	0
FBgn0030559	1	0	1	0	0	0
FBgn0002917	5	1	0	1	0	1
FBgn0052602	1	0	0	2	0	2
FBgn0030562	11	12	6	8	6	3
FBgn0030569	1	0	2	1	1	1
FBgn0030571	51	45	43	43	41	40
FBgn0030572	91	44	62	58	49	65
FBgn0030573	13	9	9	11	5	8
FBgn0030574	3	1	2	0	0	1
FBgn0030575	21	18	21	29	22	14
FBgn0015774	49	36	51	31	31	29
FBgn0262534	50	57	46	53	36	64
FBgn0266710	36	39	29	43	36	42
FBgn0030576	87	78	80	106	59	78
FBgn0030577	0	1	0	0	0	0
FBgn0015010	0	1	1	1	0	1
FBgn0003301	109	94	132	96	95	77
FBgn0030581	122	85	92	134	88	105
FBgn0030582	383	265	340	411	248	277
FBgn0030583	18	8	9	10	6	12
FBgn0030584	110	70	86	95	63	63
FBgn0052590	17	31	16	21	18	19
FBgn0264078	178	108	131	140	142	127
FBgn0030586	1	3	3	4	2	1
FBgn0030587	2	3	2	1	0	2
FBgn0030588	120	224	59	351	79	167
FBgn0030589	1	0	3	1	0	1
FBgn0030590	5	1	4	8	3	3
FBgn0266434	1	0	0	1	0	0
FBgn0266435	1	0	0	1	0	0
FBgn0030592	3	0	0	3	0	1
FBgn0030593	3	1	2	5	1	1
FBgn0030594	3	3	3	2	2	2
FBgn0030595	1	0	1	0	0	0
FBgn0030596	2	0	3	2	1	1
FBgn0030597	1	2	0	0	0	0
FBgn0030598	3	1	1	1	1	5
FBgn0052591	2	0	1	0	0	2
FBgn0027601	85	60	57	74	58	58
FBgn0030599	0	0	2	0	0	2
FBgn0000535	67	96	34	41	35	22
FBgn0030600	548	455	388	500	342	432
FBgn0052594	697	524	397	549	408	480
FBgn0030603	150	161	134	171	131	170
FBgn0030605	179	118	167	137	125	104
FBgn0264389	217	178	156	214	135	158
FBgn0030607	5	3	5	1	1	2
FBgn0053177	4	2	1	2	0	7
FBgn0053178	7	2	2	3	2	4
FBgn0030610	106	62	70	94	58	82
FBgn0030611	43	18	31	35	35	35
FBgn0030612	90	77	94	79	79	85
FBgn0030613	0	2	2	1	1	0
FBgn0030615	14	6	7	13	12	5
FBgn0260006	49	30	28	30	19	28
FBgn0030616	4736	3608	4143	4967	3503	4108
FBgn0263994	1	0	1	0	0	0
FBgn0030625	58	57	54	79	34	40
FBgn0261703	405	329	377	435	330	374
FBgn0004924	766	665	578	716	565	704
FBgn0015926	119	63	58	60	58	92
FBgn0030628	93	66	44	48	43	52
FBgn0026428	185	127	96	109	94	118
FBgn0030629	44	43	27	34	40	35
FBgn0030630	235	197	177	190	163	196
FBgn0030631	256	211	238	221	164	204
FBgn0000028	0	1	1	1	2	0
FBgn0030634	3	4	7	8	7	11
FBgn0263257	21	25	8	13	8	9
FBgn0040285	680	560	441	491	421	425
FBgn0014455	983	644	674	680	599	528
FBgn0030638	295	204	162	164	131	157
FBgn0004391	336	300	196	248	178	219
FBgn0030640	21	26	14	19	19	23
FBgn0030641	97	98	66	70	56	53
FBgn0030642	20	9	5	4	10	6
FBgn0030643	1	0	0	0	1	0
FBgn0026433	51	42	41	57	28	33
FBgn0030645	22	13	13	15	12	10
FBgn0267977	60	35	40	41	27	27
FBgn0030647	5	3	2	5	10	3
FBgn0030648	124	109	156	154	106	114
FBgn0027287	511	472	275	299	304	286
FBgn0022710	20	24	15	26	11	24
FBgn0259196	0	0	1	0	0	0
FBgn0030653	25	19	8	22	4	3
FBgn0030654	26	21	21	29	15	18
FBgn0030655	98	86	74	66	38	47
FBgn0259195	1	0	0	1	0	0
FBgn0262163	1	1	0	0	0	0
FBgn0030657	23	22	23	26	27	31
FBgn0030658	160	132	169	158	125	140
FBgn0030659	90	51	82	77	53	65
FBgn0030660	57	53	54	69	48	46
FBgn0030662	65	29	70	47	24	27
FBgn0030661	4	1	3	7	3	7
FBgn0003463	92	59	49	71	56	85
FBgn0030663	1	0	2	0	0	0
FBgn0030664	1	0	2	1	0	0
FBgn0030665	0	2	0	2	2	0
FBgn0030666	1	0	3	0	1	0
FBgn0030667	10	10	10	10	6	11
FBgn0030668	80	62	67	82	49	71
FBgn0030669	53	52	42	56	25	29
FBgn0030670	192	183	122	158	108	117
FBgn0030671	108	80	65	79	49	66
FBgn0030672	1199	905	966	1090	871	909
FBgn0030673	27	33	15	17	21	18
FBgn0030674	2280	1827	1764	1916	1481	1787
FBgn0030675	38	24	29	34	8	20
FBgn0030676	11	5	10	14	12	7
FBgn0026666	67	81	68	61	47	53
FBgn0011741	181	147	140	138	128	118
FBgn0030678	48	49	42	56	34	36
FBgn0030679	124	101	91	102	63	51
FBgn0030680	94	96	89	87	77	78
FBgn0027329	1507	1046	1108	1067	1069	853
FBgn0030683	45	52	25	48	22	26
FBgn0030685	536	457	347	380	304	344
FBgn0030684	3	4	3	4	0	2
FBgn0030686	177	139	111	130	83	109
FBgn0030687	195	217	164	161	127	169
FBgn0030688	2	3	0	2	2	0
FBgn0053172	48	36	33	21	20	36
FBgn0263747	15	8	6	12	4	6
FBgn0263748	0	1	0	0	0	1
FBgn0030691	1	3	2	3	1	4
FBgn0025809	34	30	26	28	34	21
FBgn0030692	209	170	183	159	166	182
FBgn0026374	62	50	63	63	44	53
FBgn0030693	259	272	152	184	177	203
FBgn0052581	3	0	0	0	0	0
FBgn0030694	53	66	39	55	47	61
FBgn0030695	24	16	13	8	6	10
FBgn0003345	705	568	457	580	469	599
FBgn0030696	6	6	6	2	6	4
FBgn0000319	2771	2290	1845	2124	1838	2000
FBgn0030697	0	0	0	0	0	1
FBgn0027093	215	222	179	208	141	215
FBgn0030699	238	205	125	168	153	173
FBgn0014391	151	131	133	111	87	93
FBgn0026076	128	107	72	88	80	82
FBgn0030700	29	17	18	10	7	10
FBgn0002914	471	407	337	374	342	386
FBgn0287210	0	0	12	26	0	21
FBgn0065035	18	17	21	17	9	18
FBgn0001105	1006	821	687	809	731	748
FBgn0001092	2226	2194	1429	2224	1401	1583
FBgn0030701	274	213	205	217	180	188
FBgn0260938	655	531	454	503	468	487
FBgn0030703	485	553	325	471	311	412
FBgn0030704	51	38	29	43	32	54
FBgn0003392	787	668	460	579	431	564
FBgn0010315	178	131	106	135	109	131
FBgn0030706	8	6	8	8	2	13
FBgn0010240	8	3	10	5	2	7
FBgn0053180	262	220	174	193	172	176
FBgn0045073	455	452	306	409	296	386
FBgn0030710	38	51	41	53	41	46
FBgn0030711	75	75	53	61	57	62
FBgn0259110	301	269	159	223	195	206
FBgn0030715	0	0	0	0	0	1
FBgn0261834	0	0	0	0	0	1
FBgn0030716	289	260	222	322	231	300
FBgn0030717	95	79	45	65	51	46
FBgn0030718	288	204	166	231	148	146
FBgn0030719	508	535	420	582	418	462
FBgn0284228	0	0	0	0	0	0
FBgn0000611	363	307	254	225	224	205
FBgn0030720	293	240	288	236	245	261
FBgn0003969	533	501	345	481	338	481
FBgn0030721	47	43	23	31	24	37
FBgn0052580	363	457	260	385	279	385
FBgn0030722	7	7	3	5	2	5
FBgn0030723	10	9	7	5	4	7
FBgn0030724	152	126	93	109	93	123
FBgn0028397	50	34	21	23	18	23
FBgn0030725	1	0	1	2	0	1
FBgn0259699	20	28	16	26	16	27
FBgn0259700	253	267	197	276	197	211
FBgn0285879	0	0	1	1	0	1
FBgn0040207	214	159	152	153	131	150
FBgn0030731	453	352	416	456	363	363
FBgn0004066	1001	792	725	747	596	648
FBgn0000536	315	247	236	251	230	218
FBgn0052576	287	254	179	171	198	172
FBgn0030733	377	257	214	273	189	307
FBgn0285954	1196	816	965	943	775	1047
FBgn0030734	776	593	519	570	409	496
FBgn0030735	318	283	202	229	208	231
FBgn0027521	4	4	1	2	2	3
FBgn0286508	30	24	23	34	17	27
FBgn0030738	208	152	124	139	115	151
FBgn0030739	65	66	48	63	33	54
FBgn0004432	2495	1892	1660	1578	1425	1533
FBgn0030740	847	668	415	546	422	496
FBgn0052579	81	80	58	90	46	80
FBgn0260450	146	146	112	127	83	121
FBgn0030742	3	0	3	7	2	3
FBgn0030743	102	68	64	67	57	69
FBgn0278608	551	487	426	444	396	416
FBgn0003416	195	223	156	214	151	187
FBgn0005411	337	281	252	271	265	240
FBgn0086448	28	23	16	14	5	12
FBgn0004227	313	257	223	280	250	320
FBgn0004598	1382	1110	885	914	783	907
FBgn0030744	210	146	104	137	114	138
FBgn0030745	165	179	88	134	94	115
FBgn0010416	318	221	183	193	198	203
FBgn0004367	153	124	126	139	88	111
FBgn0030746	7	14	8	8	7	12
FBgn0030747	456	435	385	442	348	450
FBgn0030748	330	336	221	299	186	214
FBgn0030749	367	280	226	275	217	265
FBgn0026575	1314	1149	1125	1333	987	1255
FBgn0030752	1121	863	622	652	577	579
FBgn0030753	463	362	291	313	293	308
FBgn0261609	939	791	709	761	696	724
FBgn0054015	19	15	6	8	3	15
FBgn0262734	711	611	607	635	456	592
FBgn0285944	4	7	3	6	1	5
FBgn0264077	9	3	9	7	8	3
FBgn0030756	2	0	1	1	1	1
FBgn0030757	77	84	53	81	46	54
FBgn0011742	721	584	466	568	451	550
FBgn0011826	293	205	289	266	283	244
FBgn0267912	381	307	241	267	248	250
FBgn0030759	85	68	61	51	35	42
FBgn0015615	428	363	309	341	254	339
FBgn0267384	231	193	132	152	133	142
FBgn0030761	71	68	59	87	55	51
FBgn0061200	1041	847	925	886	919	956
FBgn0025743	173	167	158	183	127	159
FBgn0030763	1	1	0	3	1	0
FBgn0026181	760	630	536	638	459	600
FBgn0030764	3	3	3	3	2	4
FBgn0010412	8336	5549	7134	6709	6099	4874
FBgn0261791	327	213	237	219	188	182
FBgn0030766	96	73	83	77	87	86
FBgn0052573	12	11	8	13	7	9
FBgn0260238	3	7	8	3	7	3
FBgn0030768	136	97	96	108	110	90
FBgn0003189	871	586	709	658	657	703
FBgn0015336	3	4	0	8	2	5
FBgn0030769	1	0	0	0	0	1
FBgn0030770	1	2	1	0	1	0
FBgn0261245	10	13	10	13	15	3
FBgn0000152	183	152	112	128	79	129
FBgn0259923	9	1	10	9	6	9
FBgn0030778	0	0	0	1	0	1
FBgn0085354	8	5	5	3	8	13
FBgn0052572	2	2	5	2	1	2
FBgn0001250	3	0	0	0	1	1
FBgn0030786	138	100	103	98	94	86
FBgn0030787	35	37	31	36	41	35
FBgn0030788	104	87	96	116	79	88
FBgn0030789	108	61	88	79	87	67
FBgn0030790	152	136	129	148	119	137
FBgn0030791	217	171	174	164	145	171
FBgn0030792	229	188	159	220	140	168
FBgn0030793	115	97	101	97	83	84
FBgn0030794	32	16	17	18	14	27
FBgn0030795	33	18	29	25	23	22
FBgn0030796	767	610	441	436	518	560
FBgn0030797	71	46	52	87	44	37
FBgn0284222	23	44	0	8	23	20
FBgn0024941	0	0	0	1	0	0
FBgn0030798	1	1	0	0	1	1
FBgn0030799	29	32	57	53	33	16
FBgn0030800	81	66	88	84	44	60
FBgn0030801	74	52	53	56	39	52
FBgn0030802	102	78	100	71	83	67
FBgn0030803	103	104	102	100	73	88
FBgn0027556	59	51	37	53	44	42
FBgn0030805	99	96	107	157	106	159
FBgn0030806	85	57	54	75	54	59
FBgn0030808	565	455	318	397	326	400
FBgn0030807	2	3	1	1	1	2
FBgn0030809	874	674	633	681	578	701
FBgn0266354	7	5	2	3	2	4
FBgn0030812	454	334	312	325	310	360
FBgn0030813	20	30	11	25	13	17
FBgn0030815	0	0	0	0	0	1
FBgn0030814	0	0	1	0	0	0
FBgn0030816	3	5	3	4	1	3
FBgn0065032	110	99	94	110	82	102
FBgn0260748	1378	1063	1017	1139	885	907
FBgn0002709	152	131	159	210	99	136
FBgn0028581	50	54	50	76	47	48
FBgn0002590	8362	6399	7307	8257	5897	5644
FBgn0260747	411	306	362	313	276	264
FBgn0286809	243	187	234	241	188	192
FBgn0000163	186	153	184	181	191	162
FBgn0030826	0	0	0	0	1	0
FBgn0030828	4	7	2	2	2	3
FBgn0262111	8	7	5	5	5	3
FBgn0030833	41	44	28	42	21	41
FBgn0262101	4	2	4	2	4	0
FBgn0030834	67	84	79	110	97	89
FBgn0030838	144	102	108	134	95	131
FBgn0030837	0	1	0	0	0	0
FBgn0024238	1117	1022	669	748	703	696
FBgn0004854	0	0	1	0	0	0
FBgn0027602	159	121	163	125	162	151
FBgn0030839	36	27	20	31	24	12
FBgn0030841	0	0	0	0	0	1
FBgn0263706	112	94	92	107	66	105
FBgn0028343	621	453	468	579	401	534
FBgn0030847	4	1	3	2	1	1
FBgn0030846	0	0	1	0	0	0
FBgn0026313	509	439	389	488	345	383
FBgn0030850	346	346	253	318	233	269
FBgn0030851	56	47	69	70	48	63
FBgn0267967	8	10	2	6	0	4
FBgn0030853	200	145	104	136	107	118
FBgn0030854	323	270	199	249	198	237
FBgn0030855	234	163	163	199	164	188
FBgn0026375	559	472	395	506	377	474
FBgn0030858	205	163	222	211	184	187
FBgn0250788	2593	2209	1667	2050	1569	1782
FBgn0030859	1	4	3	1	0	1
FBgn0263258	2	4	3	4	3	7
FBgn0030863	352	337	265	308	245	307
FBgn0026192	240	239	209	247	162	213
FBgn0030864	158	146	111	113	154	131
FBgn0261570	707	603	486	564	505	592
FBgn0030869	374	268	317	325	267	367
FBgn0030870	1	0	0	0	0	0
FBgn0000617	192	132	138	136	104	110
FBgn0030871	188	103	111	114	120	117
FBgn0030872	144	123	108	128	104	98
FBgn0030873	466	358	335	318	278	321
FBgn0030874	46	41	29	32	20	13
FBgn0052554	26	14	18	15	9	11
FBgn0052557	1	1	0	5	5	1
FBgn0030876	63	44	32	26	25	26
FBgn0030877	194	145	157	156	119	90
FBgn0030878	377	254	265	251	252	229
FBgn0259168	344	272	315	325	297	352
FBgn0030881	3	2	2	2	0	2
FBgn0030880	3	0	0	0	3	0
FBgn0030882	363	262	223	278	191	194
FBgn0052496	3	10	8	3	1	1
FBgn0052495	363	262	223	278	191	194
FBgn0030883	38	38	23	28	24	21
FBgn0283469	767	611	526	547	512	526
FBgn0030884	10	3	13	13	2	10
FBgn0003380	1	1	0	2	1	0
FBgn0030886	0	2	1	0	0	0
FBgn0283476	1	3	2	1	1	1
FBgn0030890	192	187	159	182	134	180
FBgn0030891	118	94	100	97	84	96
FBgn0030892	113	104	72	99	51	76
FBgn0021765	384	234	300	271	230	194
FBgn0030893	374	307	353	367	275	289
FBgn0030894	201	178	132	145	123	154
FBgn0022724	71	49	53	48	49	45
FBgn0030895	1	1	2	0	0	0
FBgn0283471	1	0	0	1	2	0
FBgn0017418	233	224	146	151	152	209
FBgn0030897	1	2	2	4	2	4
FBgn0030904	13	8	4	10	9	10
FBgn0053542	23	14	22	26	29	27
FBgn0004956	0	0	0	1	0	0
FBgn0030912	3	0	0	1	1	0
FBgn0265784	319	285	281	256	239	258
FBgn0004957	54	31	50	47	27	37
FBgn0030915	58	35	39	37	22	31
FBgn0008635	1310	894	790	927	725	820
FBgn0022355	1	0	2	5	0	0
FBgn0052549	633	570	412	573	408	389
FBgn0085357	1	3	0	1	3	3
FBgn0052548	0	0	1	0	0	1
FBgn0052547	1	0	0	0	0	0
FBgn0030925	14	6	9	15	10	6
FBgn0030926	0	0	0	0	1	0
FBgn0030927	0	0	1	0	0	0
FBgn0030928	2	2	1	2	3	5
FBgn0030929	3	0	1	3	1	4
FBgn0030930	443	346	371	434	306	332
FBgn0030931	2	3	0	1	3	1
FBgn0010194	212	187	193	213	174	174
FBgn0030932	1	1	2	0	1	0
FBgn0030933	0	2	0	0	0	2
FBgn0027087	491	374	412	421	370	432
FBgn0265598	43	30	31	32	25	32
FBgn0030936	4	3	2	2	2	2
FBgn0030937	0	1	0	0	0	0
FBgn0030938	3	1	4	1	0	2
FBgn0030940	0	0	1	0	1	2
FBgn0030941	148	132	135	107	84	119
FBgn0027335	2089	1623	1655	1897	1655	1811
FBgn0030943	206	127	157	133	108	108
FBgn0030944	188	128	137	97	128	99
FBgn0030945	59	47	55	62	20	33
FBgn0030946	543	383	370	466	376	338
FBgn0001079	90	102	83	103	57	70
FBgn0030947	0	0	0	0	1	1
FBgn0010383	2	0	1	0	1	3
FBgn0030954	3	0	1	1	1	6
FBgn0030955	1032	781	924	993	798	712
FBgn0030956	62	80	34	61	41	40
FBgn0030958	1	0	0	0	3	0
FBgn0030959	129	86	92	94	72	90
FBgn0283473	93	84	57	82	63	59
FBgn0030960	46	29	32	36	39	31
FBgn0001090	1	0	3	3	0	0
FBgn0030961	7	7	9	8	5	12
FBgn0259927	1	0	0	0	1	0
FBgn0030963	24	20	24	14	26	17
FBgn0030964	0	0	0	1	0	2
FBgn0085451	773	548	584	679	566	609
FBgn0030966	67	62	56	74	65	60
FBgn0030968	14	16	25	16	8	5
FBgn0030969	140	105	93	101	90	99
FBgn0052544	9	4	10	5	7	9
FBgn0030970	57	60	61	57	51	55
FBgn0085430	380	293	320	319	310	337
FBgn0030973	216	155	154	162	182	179
FBgn0030974	378	240	220	225	205	228
FBgn0030975	0	0	0	1	0	0
FBgn0030976	0	0	0	0	0	1
FBgn0264090	0	2	1	0	1	2
FBgn0085359	308	346	292	715	292	397
FBgn0030980	0	0	0	0	0	1
FBgn0030981	0	0	1	0	0	0
FBgn0030983	1	0	0	0	0	0
FBgn0030984	1	0	1	0	0	0
FBgn0030985	4	3	2	3	3	5
FBgn0261461	579	496	504	546	474	487
FBgn0030989	3	3	4	1	3	2
FBgn0047095	0	2	0	2	0	1
FBgn0030990	534	442	485	613	414	452
FBgn0030991	810	669	695	749	610	604
FBgn0030992	15	22	13	15	11	8
FBgn0030993	470	306	418	370	370	276
FBgn0030994	8	4	8	9	15	11
FBgn0030995	26	11	23	20	18	16
FBgn0030996	208	171	164	189	150	183
FBgn0030997	1	2	1	1	3	2
FBgn0027603	373	367	324	360	287	335
FBgn0031000	0	0	0	1	0	0
FBgn0031001	2	2	2	0	1	0
FBgn0031002	19	23	11	20	18	21
FBgn0031003	109	84	74	78	54	61
FBgn0031005	1	0	0	0	1	0
FBgn0031006	392	309	268	332	223	278
FBgn0040068	305	218	230	251	225	223
FBgn0031008	106	109	90	83	74	89
FBgn0052537	61	50	63	48	32	37
FBgn0052536	29	19	14	31	13	24
FBgn0031010	0	2	0	2	1	3
FBgn0031011	1285	1064	1054	1234	981	1057
FBgn0031012	222	195	183	234	193	186
FBgn0259834	101	93	77	102	93	96
FBgn0086778	4	3	1	3	5	5
FBgn0031016	33	33	12	23	26	26
FBgn0052533	45	23	32	26	13	17
FBgn0031018	28	16	17	10	9	16
FBgn0044030	25	26	18	17	12	12
FBgn0031020	464	322	326	313	286	298
FBgn0020261	197	166	142	163	128	152
FBgn0031021	71	57	77	68	33	52
FBgn0031022	22	20	22	27	20	24
FBgn0040890	45	49	32	25	27	25
FBgn0027621	133	116	96	108	82	96
FBgn0031023	514	486	450	516	411	467
FBgn0027291	580	427	354	392	313	385
FBgn0261573	540	441	480	477	475	432
FBgn0052532	3	3	1	4	2	4
FBgn0026430	235	207	138	201	146	162
FBgn0000257	163	114	94	93	64	78
FBgn0031030	1249	1083	1027	1216	1016	1161
FBgn0031031	1	1	6	4	3	3
FBgn0031032	26	14	16	15	8	17
FBgn0031033	11	10	0	9	11	4
FBgn0031034	43	34	22	24	14	18
FBgn0285947	7193	5226	5316	5805	4528	4431
FBgn0031036	110	75	63	63	57	58
FBgn0031037	209	182	135	156	116	130
FBgn0031038	6	7	4	4	4	4
FBgn0031039	124	88	86	103	71	84
FBgn0031040	63	52	41	64	49	54
FBgn0027358	52	29	39	46	40	31
FBgn0031041	52	38	40	46	40	36
FBgn0031042	20	14	15	6	10	6
FBgn0031043	139	127	81	123	54	102
FBgn0031044	104	92	75	94	75	77
FBgn0031045	10	5	3	5	2	7
FBgn0087008	946	754	781	814	665	721
FBgn0031047	506	432	381	411	328	386
FBgn0031048	170	138	200	259	171	173
FBgn0031049	123	89	125	81	73	84
FBgn0031050	129	94	69	93	56	53
FBgn0031051	403	289	348	372	304	349
FBgn0031052	459	415	317	340	354	346
FBgn0031053	104	72	44	36	38	39
FBgn0031054	140	99	97	110	96	107
FBgn0004057	239	214	153	171	167	139
FBgn0031055	663	583	543	551	429	478
FBgn0043903	323	276	239	262	256	223
FBgn0031057	1015	770	718	819	729	684
FBgn0031058	7	13	13	12	7	5
FBgn0086384	178	153	158	168	127	149
FBgn0031059	82	56	36	52	28	34
FBgn0010341	1367	1181	936	1066	932	941
FBgn0031060	90	64	84	70	43	36
FBgn0031061	116	94	73	78	65	82
FBgn0031062	149	134	113	124	121	145
FBgn0040089	387	328	219	306	203	281
FBgn0031064	1	1	0	2	1	0
FBgn0010380	788	581	532	575	535	546
FBgn0031065	2	0	0	0	0	3
FBgn0031066	489	370	366	327	456	353
FBgn0042132	70	72	54	56	62	58
FBgn0066303	77	65	66	55	53	53
FBgn0066304	77	65	66	55	53	53
FBgn0052528	409	311	239	267	253	272
FBgn0031068	121	107	107	125	72	135
FBgn0031069	1110	878	742	839	640	678
FBgn0031070	276	197	163	158	130	155
FBgn0259789	2	2	1	1	2	4
FBgn0026175	5	5	2	7	2	1
FBgn0031074	0	1	2	0	0	0
FBgn0261811	654	554	463	478	434	471
FBgn0031078	1374	975	978	896	899	899
FBgn0031077	368	276	329	324	262	254
FBgn0052529	1890	1372	1807	1968	1602	1715
FBgn0086782	49	47	34	65	36	54
FBgn0052821	1	0	0	0	0	0
FBgn0263207	1	0	0	0	0	0
FBgn0267044	6	0	1	2	0	5
FBgn0267046	0	15	8	0	6	0
FBgn0267048	0	7	0	0	0	0
FBgn0267049	6	0	1	2	0	5
FBgn0267050	6	0	1	2	0	5
FBgn0264309	6	0	1	2	0	5
FBgn0031080	259	172	194	178	161	150
FBgn0031081	4	2	1	2	1	3
FBgn0053517	1	0	1	1	0	1
FBgn0031086	0	1	2	0	1	1
FBgn0062565	4	3	0	0	1	2
FBgn0040784	0	1	0	0	0	1
FBgn0085360	4	3	8	9	15	6
FBgn0031088	1	1	0	0	0	0
FBgn0041626	0	0	0	0	1	2
FBgn0031089	53	21	35	24	19	17
FBgn0031090	472	365	294	346	262	339
FBgn0031091	158	93	104	86	102	82
FBgn0031092	110	73	82	81	54	55
FBgn0031093	108	92	66	64	47	40
FBgn0031094	59	51	53	43	37	41
FBgn0000084	660	434	492	374	341	352
FBgn0067861	6	0	0	0	0	3
FBgn0053491	0	0	0	0	0	0
FBgn0053497	77	20	77	44	21	12
FBgn0052823	0	0	0	0	0	1
FBgn0283432	50	26	12	22	22	34
FBgn0283429	0	0	0	0	0	0
FBgn0283430	0	0	0	0	0	0
FBgn0003654	402	317	286	307	283	275
FBgn0031097	21	11	14	10	7	6
FBgn0022770	1	2	1	0	0	1
FBgn0031098	110	61	66	75	53	62
FBgn0015789	467	420	362	461	335	414
FBgn0031099	12	8	17	17	10	13
FBgn0027334	97	74	99	76	95	78
FBgn0031106	95	74	65	56	52	54
FBgn0031107	621	486	435	443	338	369
FBgn0031108	0	0	0	0	0	1
FBgn0031111	0	2	0	1	0	0
FBgn0011280	1	0	0	2	0	0
FBgn0023177	432	322	355	369	343	308
FBgn0031114	235	187	148	200	162	166
FBgn0040650	9	7	11	6	4	2
FBgn0031115	181	139	131	162	116	168
FBgn0002641	88	92	79	104	70	76
FBgn0031116	8	8	5	2	7	5
FBgn0052506	3	0	0	3	0	0
FBgn0031117	42	39	30	22	22	24
FBgn0031118	640	426	401	443	392	474
FBgn0040649	0	0	0	1	0	0
FBgn0031119	91	59	55	101	66	100
FBgn0026323	366	333	316	339	252	219
FBgn0083981	1	0	0	0	0	0
FBgn0031126	104	92	68	86	70	69
FBgn0031127	5	3	4	3	2	4
FBgn0031128	3	6	4	6	2	2
FBgn0003300	1	0	0	0	0	0
FBgn0085387	1	0	0	1	0	1
FBgn0031142	17	13	10	16	7	14
FBgn0031143	226	184	131	194	119	176
FBgn0031144	240	179	191	243	160	219
FBgn0031145	539	436	462	506	449	402
FBgn0031146	0	0	0	0	1	0
FBgn0025814	340	254	268	283	203	206
FBgn0031148	487	322	437	439	371	410
FBgn0031149	1429	1197	1315	1639	1327	1548
FBgn0031150	86	76	57	84	47	85
FBgn0052512	92	100	68	102	73	63
FBgn0288700	75	70	85	87	51	37
FBgn0031155	1	0	0	0	1	1
FBgn0031157	94	86	113	87	59	59
FBgn0003950	55	66	54	50	43	40
FBgn0031161	161	148	119	139	115	141
FBgn0083956	1	0	0	0	1	1
FBgn0052511	0	1	0	0	1	1
FBgn0287645	0	0	0	0	0	1
FBgn0031164	0	0	0	1	1	1
FBgn0052521	694	529	568	464	453	455
FBgn0052523	2	0	3	1	1	0
FBgn0031168	0	2	1	5	1	2
FBgn0031169	730	721	580	757	602	699
FBgn0031170	269	303	165	220	151	246
FBgn0031171	1	1	0	0	0	1
FBgn0020369	1042	746	790	873	749	895
FBgn0064116	226	192	265	250	222	253
FBgn0064117	226	192	265	250	222	253
FBgn0029067	297	256	232	249	246	253
FBgn0031174	363	292	310	341	282	327
FBgn0015558	0	0	1	5	5	4
FBgn0000709	480	373	308	354	299	364
FBgn0015379	203	179	164	144	108	94
FBgn0015527	520	391	445	465	446	427
FBgn0003464	1019	768	824	931	664	814
FBgn0011710	529	424	362	410	323	337
FBgn0024182	232	171	186	195	185	228
FBgn0024251	293	258	240	310	253	259
FBgn0003423	173	120	100	99	94	78
FBgn0001565	335	307	272	346	252	298
FBgn0020272	187	142	133	140	119	112
FBgn0028583	1	1	0	1	1	4
FBgn0259245	1	1	0	1	0	0
FBgn0031181	1	1	0	0	0	2
FBgn0031182	1	1	0	0	0	0
FBgn0027588	1114	865	705	808	607	791
FBgn0040028	0	1	0	2	0	0
FBgn0053502	242	51	176	52	47	53
FBgn0052820	10	0	0	0	2	2
FBgn0052857	28	200	5	219	169	226
FBgn0052819	0	0	5	0	2	2
FBgn0285970	148	36	74	71	0	0
FBgn0024807	708	638	455	643	435	569
FBgn0085521	0	0	0	0	0	0
FBgn0288729	0	0	0	0	0	0
FBgn0288731	0	0	0	0	0	0
FBgn0288732	0	0	0	0	0	0
FBgn0288733	0	0	0	0	0	0
FBgn0288734	0	0	0	0	0	0
FBgn0288735	0	0	0	0	0	0
FBgn0288736	0	0	0	0	0	0
FBgn0288737	0	0	0	0	0	0
FBgn0288738	0	0	0	0	0	0
FBgn0288739	0	0	0	0	0	0
FBgn0288740	0	0	0	0	0	0
FBgn0288741	0	0	0	0	0	0
FBgn0288742	0	0	0	0	0	0
FBgn0288743	0	0	0	0	0	0
FBgn0288744	0	0	0	0	0	0
FBgn0288745	0	0	0	0	0	0
FBgn0288746	0	0	0	0	0	0
FBgn0288747	0	0	0	0	0	0
FBgn0085693	2	0	0	0	0	1
FBgn0031183	103	100	82	93	89	74
FBgn0031184	30	37	19	25	11	16
FBgn0014395	11	9	9	7	8	3
FBgn0266848	393	345	282	322	253	310
FBgn0031187	566	537	505	532	450	538
FBgn0031188	105	83	106	108	76	100
FBgn0031189	53	43	37	38	26	39
FBgn0031190	288	249	197	216	180	174
FBgn0031191	167	128	100	141	122	126
FBgn0027279	956	851	681	819	652	830
FBgn0031195	72	56	46	55	22	46
FBgn0262866	112	99	77	93	67	75
FBgn0031194	169	143	149	141	130	161
FBgn0031196	2	3	3	5	3	7
FBgn0031197	1	1	1	0	1	0
FBgn0052499	2	1	2	1	0	2
FBgn0031201	3	2	5	2	0	3
FBgn0000719	237	188	226	294	231	250
FBgn0259677	31	40	26	43	29	31
FBgn0263829	193	168	155	183	135	147
FBgn0069973	21	10	11	11	12	5
FBgn0016975	15	14	18	17	10	17
FBgn0016976	15	14	18	17	10	17
FBgn0044872	7	1	4	0	0	4
FBgn0039966	36	23	25	22	23	27
FBgn0039965	142	117	99	121	108	127
FBgn0265767	0	1	0	0	0	0
FBgn0039941	2	0	8	2	5	3
FBgn0039942	25	23	14	20	21	27
FBgn0039943	89	84	87	105	75	87
FBgn0040514	0	0	1	0	0	0
FBgn0039944	243	227	165	234	206	243
FBgn0039945	30	57	56	78	30	43
FBgn0003559	534	444	475	479	439	519
FBgn0286928	30	29	36	40	25	36
FBgn0039946	20	15	21	19	19	19
FBgn0267513	0	2	1	5	2	0
FBgn0267515	3182	3615	1792	2251	2228	4206
FBgn0085813	237836	221767	187834	292175	179949	285676
FBgn0267519	130742	138085	106378	168930	101697	174151
FBgn0085771	505	367	375	233	374	315
FBgn0085819	891	851	1057	1526	1034	1816
FBgn0267520	15	36	51	31	40	13
FBgn0267522	24314	23952	17617	23410	16688	31248
FBgn0267521	118832	127243	97253	155801	96241	152930
FBgn0031208	2	2	0	2	1	2
FBgn0002121	719	760	748	1050	728	1011
FBgn0051973	12	6	6	11	8	12
FBgn0067779	119	128	125	163	106	196
FBgn0031213	222	208	169	276	165	276
FBgn0031214	5	5	3	7	3	4
FBgn0002931	11	19	11	14	13	17
FBgn0031216	157	160	172	246	143	190
FBgn0031217	211	179	218	296	229	282
FBgn0026787	72	71	59	87	61	69
FBgn0005278	897	788	909	1320	834	1230
FBgn0031228	99	88	105	111	86	121
FBgn0031219	6	4	4	5	11	12
FBgn0031220	590	553	419	527	420	532
FBgn0288229	1287	1190	1103	1543	994	1368
FBgn0001142	13	16	13	11	10	14
FBgn0051975	2	3	2	4	6	6
FBgn0051976	0	0	2	1	0	2
FBgn0051974	0	1	2	1	1	5
FBgn0031224	83	57	73	87	83	90
FBgn0259818	7	10	13	15	12	19
FBgn0031227	26	22	29	33	25	27
FBgn0031229	119	101	108	151	115	128
FBgn0053635	10	21	16	18	8	16
FBgn0016977	1830	1851	1765	2468	1629	2097
FBgn0031231	64	38	68	66	56	51
FBgn0031232	2	6	4	9	1	4
FBgn0031233	83	58	63	103	66	84
FBgn0266557	2529	2514	2700	3268	2530	3220
FBgn0031235	0	1	2	1	1	1
FBgn0283652	14	10	33	46	22	31
FBgn0031238	66	56	67	84	57	64
FBgn0031239	4	2	5	10	8	8
FBgn0031240	6	0	3	6	2	5
FBgn0086912	89	84	124	140	128	140
FBgn0086856	54	37	54	52	50	57
FBgn0086855	131	111	131	164	132	143
FBgn0003444	131	97	143	160	146	156
FBgn0031244	63	48	43	45	32	41
FBgn0031245	48	28	39	41	19	11
FBgn0025686	1	0	0	0	0	1
FBgn0031247	37	28	30	43	22	23
FBgn0017457	157	118	187	192	131	174
FBgn0024352	795	682	902	958	790	739
FBgn0020622	202	192	222	276	189	235
FBgn0004611	56	51	73	80	53	89
FBgn0053127	0	1	3	1	1	0
FBgn0264086	0	0	1	1	0	2
FBgn0051921	1	0	0	1	1	0
FBgn0031250	120	117	128	147	117	185
FBgn0000061	0	0	1	1	1	0
FBgn0031251	2	1	0	1	0	0
FBgn0003278	138	120	193	205	145	193
FBgn0264855	548	447	522	611	503	553
FBgn0263933	317	283	356	430	344	410
FBgn0031252	90	53	87	85	97	86
FBgn0002593	5478	4503	5948	6787	5252	5523
FBgn0031253	34	22	40	69	44	54
FBgn0031254	33	38	31	54	42	63
FBgn0031255	11	9	19	23	18	26
FBgn0004583	752	571	639	769	675	771
FBgn0015924	472	481	420	640	400	579
FBgn0031256	308	296	389	433	321	373
FBgn0262510	3	0	0	3	0	7
FBgn0031257	500	355	601	638	497	573
FBgn0031258	20	29	12	15	18	24
FBgn0027592	466	375	490	538	406	443
FBgn0003963	771	649	753	869	685	826
FBgn0043364	194	244	135	303	166	328
FBgn0010602	455	301	509	499	423	356
FBgn0031260	529	428	555	689	528	620
FBgn0005660	89	83	101	139	102	85
FBgn0031261	322	183	404	295	365	309
FBgn0260933	384	340	375	543	336	483
FBgn0031263	530	391	468	663	399	563
FBgn0031264	9	3	4	5	5	6
FBgn0031265	96	92	93	106	66	99
FBgn0021874	103	76	149	125	119	151
FBgn0031266	252	212	290	313	237	255
FBgn0031267	81	79	74	111	69	68
FBgn0031268	25	16	21	33	18	30
FBgn0013323	4	0	1	9	0	2
FBgn0023489	0	0	3	0	0	0
FBgn0010323	2	0	0	0	0	0
FBgn0031270	2	6	15	9	10	10
FBgn0284247	0	0	0	1	0	1
FBgn0031275	1	0	0	1	0	0
FBgn0031279	0	0	0	0	1	0
FBgn0000442	0	0	2	0	0	0
FBgn0051658	34	21	41	37	13	22
FBgn0086130	73	56	79	84	57	61
FBgn0031281	44	42	47	54	36	52
FBgn0031282	37	27	31	37	31	27
FBgn0031284	53	40	54	54	51	36
FBgn0015621	123	85	135	111	99	102
FBgn0031285	564	464	485	615	407	491
FBgn0031286	64	46	63	71	59	39
FBgn0010583	281	188	263	260	218	214
FBgn0020304	463	409	455	623	396	571
FBgn0031287	70	51	72	78	48	55
FBgn0020545	322	236	361	443	240	310
FBgn0031288	2	0	2	0	1	1
FBgn0031289	3	1	0	0	1	2
FBgn0029095	677	530	528	581	484	504
FBgn0020305	179	121	154	168	187	195
FBgn0053526	814	708	807	1033	741	893
FBgn0031292	7	2	5	6	2	9
FBgn0002936	3	1	0	1	2	3
FBgn0002563	1	0	2	0	1	0
FBgn0028481	0	1	0	0	0	0
FBgn0031294	0	1	1	0	1	0
FBgn0031296	7	2	16	15	8	8
FBgn0003310	222	145	208	227	212	221
FBgn0015905	158	114	176	175	167	176
FBgn0031298	159	197	215	262	210	238
FBgn0031299	28	23	23	15	12	13
FBgn0261938	220	171	233	266	197	283
FBgn0031301	0	2	2	3	3	1
FBgn0031302	14	14	10	26	17	29
FBgn0016926	224	210	200	260	210	252
FBgn0031304	290	237	316	308	238	268
FBgn0031305	0	0	0	0	1	1
FBgn0031306	0	1	0	2	1	0
FBgn0031307	351	413	295	787	250	631
FBgn0283525	50	37	47	51	23	42
FBgn0031309	86	76	94	89	73	69
FBgn0031310	223	146	249	217	170	160
FBgn0261458	1468	1111	1424	1435	1203	1270
FBgn0031312	310	211	342	333	265	304
FBgn0031313	55	45	71	77	18	20
FBgn0031314	84	66	90	113	74	59
FBgn0031315	35	23	44	31	18	29
FBgn0024314	409	327	469	553	390	410
FBgn0051922	7	16	6	14	5	10
FBgn0031317	161	146	144	196	130	186
FBgn0031318	422	338	458	561	402	529
FBgn0031319	241	172	223	268	184	272
FBgn0031320	37	37	44	44	25	22
FBgn0031321	53	33	59	61	55	54
FBgn0031322	31	40	17	25	25	19
FBgn0040723	0	1	2	1	0	0
FBgn0031327	25	22	49	70	53	46
FBgn0041097	0	0	1	0	0	0
FBgn0053126	1	1	1	0	1	0
FBgn0002543	8	3	6	8	6	11
FBgn0263321	0	1	0	0	0	0
FBgn0031343	1	0	1	0	0	0
FBgn0031344	53	36	39	43	50	47
FBgn0261509	12	7	13	14	8	11
FBgn0031347	1	0	0	2	0	1
FBgn0051935	70	79	68	97	54	82
FBgn0031351	26	26	15	43	21	19
FBgn0021906	315	230	343	315	336	279
FBgn0086758	739	624	839	955	713	867
FBgn0011570	560	408	505	530	463	468
FBgn0031356	354	286	352	374	285	308
FBgn0031357	69	59	57	78	49	51
FBgn0086698	317	286	287	364	258	372
FBgn0031359	165	135	128	145	125	176
FBgn0000579	1751	1383	1637	2176	1377	1749
FBgn0260648	119	70	106	93	81	77
FBgn0031360	101	57	92	116	82	87
FBgn0031361	21	29	27	24	25	28
FBgn0264494	20	7	12	12	13	8
FBgn0027597	78	69	85	81	53	51
FBgn0031365	2	0	1	1	0	0
FBgn0045498	0	0	0	1	0	0
FBgn0051665	0	0	1	0	1	0
FBgn0051663	0	0	1	0	0	0
FBgn0031374	508	487	447	481	434	453
FBgn0267972	223	159	258	277	184	253
FBgn0031377	273	163	277	274	263	242
FBgn0031378	38	26	34	31	26	37
FBgn0031379	214	197	213	255	195	221
FBgn0001125	582	391	545	542	466	512
FBgn0031381	906	686	746	669	753	615
FBgn0043539	0	0	0	1	1	0
FBgn0053543	1	3	0	1	1	1
FBgn0040718	0	0	0	1	0	0
FBgn0031384	28	12	39	32	3	4
FBgn0259192	0	0	0	0	1	0
FBgn0003557	681	561	674	802	595	646
FBgn0028952	16	13	18	18	10	19
FBgn0026396	0	0	0	1	0	0
FBgn0053516	96	98	152	138	120	141
FBgn0031388	2	1	1	0	1	1
FBgn0031389	501	433	378	418	408	410
FBgn0004507	284	262	203	447	229	394
FBgn0031390	610	494	631	737	547	653
FBgn0031391	67	52	72	89	44	61
FBgn0027509	336	275	355	375	321	404
FBgn0031392	219	195	241	289	259	246
FBgn0031393	3	5	1	5	1	5
FBgn0000097	526	372	514	562	458	512
FBgn0031395	121	91	95	129	88	106
FBgn0085201	0	0	0	0	0	1
FBgn0051668	5	8	15	10	12	17
FBgn0053124	11	15	11	23	12	11
FBgn0031397	7	6	6	8	10	7
FBgn0010288	280	251	305	354	302	288
FBgn0085203	9	7	4	8	6	9
FBgn0031398	25	19	27	29	19	29
FBgn0040715	20	13	22	16	19	22
FBgn0259717	20	13	22	16	19	22
FBgn0031399	155	130	119	125	117	126
FBgn0031401	237	180	231	245	240	244
FBgn0031403	28	26	41	47	18	32
FBgn0267378	559	469	512	693	494	603
FBgn0262126	639	520	687	853	632	708
FBgn0051682	1	0	0	0	0	0
FBgn0264979	20	20	15	16	23	14
FBgn0031409	0	0	1	1	0	0
FBgn0031410	0	1	0	0	0	0
FBgn0051949	0	0	0	1	0	0
FBgn0031412	0	0	1	0	0	0
FBgn0031413	29	24	14	18	18	28
FBgn0031414	4	0	3	8	3	0
FBgn0014010	633	551	558	632	571	640
FBgn0261647	133	147	170	175	152	148
FBgn0031417	4	1	1	2	2	5
FBgn0031418	313	235	251	309	227	295
FBgn0031419	2	3	3	7	2	4
FBgn0031420	125	100	125	117	116	89
FBgn0264672	70	64	52	71	52	61
FBgn0031422	10	3	13	12	3	5
FBgn0031423	0	0	0	0	0	1
FBgn0031424	0	0	0	0	1	0
FBgn0031428	18	24	29	35	21	24
FBgn0000490	32	27	19	26	24	36
FBgn0264978	189	121	184	208	156	187
FBgn0011818	116	98	113	123	138	141
FBgn0031432	0	1	2	0	1	2
FBgn0041337	0	0	1	1	0	0
FBgn0026778	14	14	17	15	12	16
FBgn0085343	14	14	17	15	12	16
FBgn0031434	15	4	14	14	6	11
FBgn0031435	13	13	9	10	1	3
FBgn0031436	102	86	99	95	65	94
FBgn0031437	241	166	230	251	231	193
FBgn0026479	400	321	432	464	376	371
FBgn0031449	290	224	265	295	185	278
FBgn0031450	385	257	372	354	254	342
FBgn0031451	9	11	10	11	1	1
FBgn0031452	82	83	92	94	85	95
FBgn0250906	836	626	747	888	627	739
FBgn0031453	1149	973	822	856	899	997
FBgn0031454	38	33	42	48	30	37
FBgn0031455	38	33	42	48	30	37
FBgn0031456	136	87	112	149	100	109
FBgn0031457	108	95	114	143	119	114
FBgn0031458	170	114	159	173	124	171
FBgn0026324	64	44	61	64	58	44
FBgn0028398	83	57	88	68	65	65
FBgn0019830	141	115	165	176	129	135
FBgn0031459	238	173	307	254	212	183
FBgn0031460	40	44	49	75	39	35
FBgn0004242	8	13	5	13	15	16
FBgn0031461	95	94	67	150	64	139
FBgn0031462	0	2	0	0	0	0
FBgn0031463	0	1	0	1	0	1
FBgn0283531	9	16	15	31	13	34
FBgn0031467	2	0	0	0	0	0
FBgn0031468	2	0	1	1	0	0
FBgn0031469	1	0	0	0	0	0
FBgn0031470	31	26	21	25	18	14
FBgn0031471	3	3	1	1	1	0
FBgn0031473	1	1	0	1	1	1
FBgn0015521	3420	2012	3526	3585	2668	2322
FBgn0031474	546	476	458	515	465	462
FBgn0051694	364	303	375	412	345	367
FBgn0031476	2	2	5	6	3	3
FBgn0031478	141	112	111	142	110	138
FBgn0031479	56	42	58	64	37	39
FBgn0051950	24	12	29	26	19	11
FBgn0028970	104	64	107	104	60	53
FBgn0024947	791	699	739	979	612	898
FBgn0041111	581	443	529	607	497	547
FBgn0010263	1	2	1	2	2	3
FBgn0024920	293	224	310	258	289	244
FBgn0004584	488	428	431	501	458	513
FBgn0260639	241	207	188	254	176	191
FBgn0031483	212	188	209	296	184	287
FBgn0031484	148	118	135	168	147	195
FBgn0031485	67	59	69	68	63	60
FBgn0250786	609	530	676	733	608	676
FBgn0025109	97	73	112	89	99	82
FBgn0002989	62	63	75	87	50	57
FBgn0025681	790	618	738	807	603	719
FBgn0031488	55	30	55	63	54	45
FBgn0031489	243	216	248	333	226	364
FBgn0031490	161	167	166	221	116	218
FBgn0031491	148	112	174	199	120	141
FBgn0031492	246	209	258	307	255	283
FBgn0031493	289	237	319	376	276	300
FBgn0031494	36	23	34	40	32	46
FBgn0031495	274	229	240	308	262	338
FBgn0031496	8	7	9	6	9	18
FBgn0031497	806	541	812	1023	761	848
FBgn0031498	30	12	27	32	18	29
FBgn0243513	12	9	13	10	7	15
FBgn0031500	25	32	34	44	27	35
FBgn0031501	2	1	0	1	0	0
FBgn0042627	10	14	10	16	14	11
FBgn0283427	21038	16268	20125	23426	18102	18968
FBgn0015600	127	118	113	95	104	131
FBgn0031505	217	142	198	244	195	265
FBgn0011648	188	148	219	209	216	204
FBgn0260817	87	52	53	107	58	83
FBgn0051953	1	2	0	0	0	0
FBgn0014906	768	705	707	792	687	680
FBgn0264744	15	7	9	18	7	12
FBgn0264745	1	0	0	2	0	0
FBgn0085422	1	0	0	0	0	0
FBgn0031513	0	1	0	1	1	1
FBgn0031514	0	0	0	0	1	0
FBgn0031515	1	2	0	1	3	5
FBgn0031516	202	192	190	231	188	384
FBgn0031518	2	1	2	4	0	4
FBgn0031517	1	0	1	3	1	0
FBgn0031519	21	20	15	18	6	10
FBgn0020445	2	1	1	4	0	3
FBgn0031526	0	1	0	0	0	0
FBgn0085423	293	213	238	274	225	217
FBgn0031528	0	0	1	1	1	3
FBgn0031529	101	74	104	96	72	92
FBgn0016698	85	61	95	80	81	99
FBgn0031530	5	5	2	4	2	9
FBgn0031534	325	290	350	348	307	322
FBgn0031535	118	63	95	106	82	108
FBgn0031536	146	113	112	156	104	131
FBgn0266670	136	117	148	145	130	119
FBgn0031538	11	7	9	9	7	7
FBgn0005616	217	191	155	161	228	271
FBgn0021967	215	148	186	192	155	144
FBgn0031540	38	32	47	67	40	47
FBgn0051776	1	0	0	0	0	0
FBgn0051956	0	2	0	1	1	0
FBgn0261560	193	178	139	223	163	252
FBgn0031542	0	0	1	0	0	0
FBgn0014396	1	1	1	0	0	0
FBgn0284253	477	398	580	741	546	653
FBgn0031544	377	260	343	425	325	347
FBgn0031545	0	1	1	2	3	0
FBgn0031546	0	1	2	3	0	3
FBgn0031547	48	44	58	68	56	55
FBgn0031548	9	15	11	18	8	20
FBgn0031549	145	154	163	148	138	170
FBgn0002985	0	0	0	0	1	0
FBgn0015663	33	50	35	54	27	33
FBgn0031554	0	1	7	2	1	3
FBgn0000721	197	187	148	214	146	200
FBgn0262721	0	0	0	0	1	0
FBgn0031560	1	1	0	3	1	1
FBgn0031561	1	1	0	1	0	0
FBgn0051778	5	2	4	10	4	7
FBgn0051777	71	42	73	54	49	55
FBgn0015376	98	80	104	89	102	106
FBgn0051955	92	76	71	100	94	114
FBgn0031566	122	92	103	139	102	123
FBgn0040104	1	0	0	0	1	0
FBgn0003386	4	3	3	1	0	1
FBgn0031568	2	3	3	4	2	4
FBgn0263846	1	1	0	1	1	1
FBgn0004893	109	91	119	149	113	107
FBgn0031571	2	1	3	3	5	6
FBgn0021800	48	37	56	93	58	61
FBgn0031573	42	23	32	37	21	34
FBgn0031574	65	32	62	59	47	66
FBgn0031575	66	59	51	65	58	53
FBgn0051957	31	27	25	42	32	32
FBgn0000256	358	321	276	326	305	372
FBgn0051774	6	5	8	6	2	5
FBgn0051773	1	1	3	3	0	1
FBgn0264341	0	2	2	2	0	1
FBgn0085205	1	1	0	1	0	0
FBgn0031579	2	3	0	0	0	1
FBgn0031580	6	1	6	0	3	3
FBgn0264295	0	1	0	2	0	0
FBgn0264296	0	0	0	0	0	1
FBgn0000547	80	48	70	103	54	70
FBgn0020376	8	5	5	9	7	9
FBgn0014033	1105	1034	873	1100	1036	1057
FBgn0051961	69	61	63	67	59	56
FBgn0040102	0	4	1	1	1	0
FBgn0031589	517	425	413	737	420	645
FBgn0001075	9	6	10	21	11	15
FBgn0031590	510	489	567	660	519	605
FBgn0003941	4784	3652	4755	5554	4345	4518
FBgn0265269	0	0	0	0	0	1
FBgn0010473	15	24	21	28	20	9
FBgn0028482	19	6	8	7	17	9
FBgn0020762	214	178	187	198	180	190
FBgn0026319	146	119	134	210	121	161
FBgn0031597	35	45	30	41	42	34
FBgn0031598	107	94	107	148	94	106
FBgn0261976	28	27	30	24	20	18
FBgn0027560	1	1	3	1	2	4
FBgn0031600	135	93	118	132	112	136
FBgn0022153	626	573	751	908	646	792
FBgn0031601	38	31	40	38	22	36
FBgn0031602	1	0	0	0	0	0
FBgn0085206	0	0	0	0	0	0
FBgn0085207	0	0	0	0	0	0
FBgn0259958	0	1	0	0	0	0
FBgn0031603	42	48	49	51	35	43
FBgn0027609	168	134	201	178	137	158
FBgn0031604	322	253	401	443	339	384
FBgn0025684	195	173	204	229	181	188
FBgn0031606	216	150	199	256	177	198
FBgn0031607	227	152	197	205	147	166
FBgn0040705	2	2	1	1	0	0
FBgn0019982	158	131	214	176	128	169
FBgn0285948	6788	5012	6964	7357	6142	6104
FBgn0053002	77	40	80	73	57	74
FBgn0031608	23	31	32	26	16	48
FBgn0031609	84	43	55	57	47	56
FBgn0031610	12	12	23	31	14	17
FBgn0031611	58	51	53	49	44	44
FBgn0011603	2	3	1	1	2	1
FBgn0053196	6	7	5	12	3	11
FBgn0031617	0	0	0	0	0	1
FBgn0031620	1	0	0	1	0	0
FBgn0031622	0	2	3	0	1	0
FBgn0031623	3	2	6	3	4	1
FBgn0031628	42	30	37	41	21	20
FBgn0031630	4	2	7	5	2	7
FBgn0031631	40	26	28	39	31	32
FBgn0031632	1	2	5	4	1	1
FBgn0031633	253	166	199	212	223	204
FBgn0031634	7	1	5	15	4	12
FBgn0031635	182	137	189	232	171	174
FBgn0031636	0	0	1	0	0	0
FBgn0031637	387	338	379	524	326	377
FBgn0031638	76	56	75	83	68	66
FBgn0031639	68	47	71	52	51	51
FBgn0031640	103	83	97	113	70	74
FBgn0051660	3	0	1	2	2	3
FBgn0000286	148	106	144	178	123	149
FBgn0031643	319	251	320	501	327	400
FBgn0031644	71	51	75	84	56	77
FBgn0267280	2	2	1	0	1	2
FBgn0031645	82	79	38	61	40	69
FBgn0031646	2	0	0	1	0	1
FBgn0041150	2	7	3	2	5	4
FBgn0031649	1	1	3	1	0	0
FBgn0003372	3	1	2	3	1	5
FBgn0031650	0	4	2	0	2	1
FBgn0031651	98	105	95	123	73	75
FBgn0015000	183	188	213	207	169	164
FBgn0031652	23	18	14	13	20	8
FBgn0031655	67	59	74	81	50	71
FBgn0083960	22	12	20	36	7	6
FBgn0083961	94	73	83	72	57	72
FBgn0015834	984	746	1088	1264	986	1077
FBgn0262467	65	96	101	142	66	92
FBgn0031657	124	80	137	163	125	149
FBgn0010607	65	56	76	74	57	66
FBgn0031659	134	116	114	150	124	131
FBgn0031660	243	166	272	340	223	265
FBgn0031661	187	151	177	181	139	154
FBgn0031662	212	175	241	253	185	256
FBgn0031663	171	140	180	205	165	203
FBgn0031664	95	73	91	89	64	90
FBgn0083962	1035	942	1079	1499	934	1334
FBgn0053113	760	677	682	808	606	680
FBgn0031668	63	53	63	82	49	54
FBgn0265968	63	53	63	82	49	54
FBgn0031670	300	262	262	305	261	262
FBgn0016075	15746	10794	17356	17466	15778	13730
FBgn0000299	20203	14459	22928	23091	21434	18552
FBgn0260451	1	2	0	2	1	2
FBgn0260470	1	2	3	2	1	2
FBgn0031673	335	347	362	504	319	400
FBgn0053995	33	29	30	45	25	43
FBgn0264742	142	134	144	175	143	195
FBgn0264743	142	134	144	175	143	195
FBgn0031675	18	8	11	19	12	21
FBgn0022023	1048	732	1246	1327	1102	977
FBgn0031676	63	66	59	80	50	61
FBgn0031677	6	5	6	12	0	1
FBgn0014857	657	438	703	697	638	522
FBgn0031678	428	407	408	643	370	498
FBgn0028694	380	276	392	400	350	352
FBgn0028572	75	71	64	70	51	63
FBgn0261608	3263	2841	3234	3977	3213	3394
FBgn0031681	521	465	509	629	470	583
FBgn0031682	41	34	77	61	48	42
FBgn0031683	72	64	77	89	66	69
FBgn0031684	125	93	124	107	69	78
FBgn0261836	3696	3298	3688	4305	3336	3625
FBgn0031688	12	7	4	2	3	9
FBgn0031689	32	30	31	74	43	87
FBgn0031690	1	0	1	2	0	4
FBgn0250847	0	0	0	1	0	0
FBgn0031692	0	1	0	0	0	0
FBgn0003716	107	114	128	145	123	168
FBgn0046776	65	39	55	65	65	32
FBgn0031693	36	46	68	40	68	39
FBgn0031694	4	4	6	2	5	5
FBgn0031695	3	2	2	5	4	2
FBgn0000228	203	174	227	244	199	238
FBgn0031696	195	143	223	264	202	205
FBgn0016076	94	67	63	105	66	78
FBgn0031697	2	0	0	0	3	2
FBgn0031698	612	457	667	727	610	686
FBgn0015031	182	119	188	179	166	168
FBgn0031700	0	0	0	0	0	1
FBgn0031702	0	1	2	0	0	1
FBgn0031703	68	69	39	44	64	61
FBgn0016920	2	1	1	0	1	1
FBgn0016660	0	0	0	0	2	1
FBgn0261963	1	0	0	0	0	0
FBgn0031707	1	3	2	2	0	2
FBgn0031708	73	54	63	69	38	41
FBgn0000318	309	225	306	390	285	374
FBgn0031710	81	90	74	120	67	94
FBgn0031711	207	159	161	232	144	174
FBgn0051989	115	115	114	168	99	122
FBgn0051648	49	44	55	48	39	45
FBgn0051915	221	232	241	307	218	257
FBgn0031713	156	109	171	157	118	156
FBgn0031715	0	1	1	0	1	0
FBgn0014189	1048	810	1165	1120	1053	1104
FBgn0002525	1813	1278	1747	1651	1598	1533
FBgn0031717	52	45	45	60	21	39
FBgn0031719	1	0	0	0	0	0
FBgn0031720	1	0	0	0	0	0
FBgn0004620	1	0	0	1	0	0
FBgn0024191	70	46	69	74	50	58
FBgn0031736	145	113	174	137	180	192
FBgn0031733	3	1	1	1	1	1
FBgn0031734	0	2	2	2	0	2
FBgn0031735	5	2	4	3	1	3
FBgn0031737	0	1	0	2	0	1
FBgn0031738	167	131	149	193	160	170
FBgn0051913	1	1	2	0	2	1
FBgn0031739	54	48	66	74	45	55
FBgn0031740	159	107	156	195	128	110
FBgn0031741	0	0	1	1	0	2
FBgn0031745	0	1	0	0	0	0
FBgn0031747	0	1	1	1	1	1
FBgn0043362	251	237	275	324	210	329
FBgn0031749	1	3	10	6	1	7
FBgn0015381	1	0	0	0	0	1
FBgn0001128	137	127	75	114	72	126
FBgn0031752	216	213	232	331	207	243
FBgn0086265	2	3	2	3	2	2
FBgn0031756	5	4	8	14	2	15
FBgn0031757	2	0	5	4	0	4
FBgn0031758	12	7	10	16	10	14
FBgn0000308	3983	3090	3425	3646	3297	3336
FBgn0001942	9598	7392	11005	12425	9646	8779
FBgn0001941	966	921	945	1335	889	891
FBgn0031759	746	599	890	1022	771	856
FBgn0031760	52	61	69	97	46	71
FBgn0001089	12	4	13	16	8	14
FBgn0031762	8	7	9	8	6	11
FBgn0031764	141	84	164	161	147	140
FBgn0031765	0	0	0	0	1	0
FBgn0025742	259	185	224	235	180	191
FBgn0000052	584	487	599	682	618	650
FBgn0029161	319	192	351	392	273	309
FBgn0085208	39	33	27	49	29	29
FBgn0031768	125	72	127	141	79	105
FBgn0031769	271	220	295	321	270	271
FBgn0031770	0	0	2	1	0	5
FBgn0085209	1	0	0	2	1	0
FBgn0031771	312	239	361	368	316	316
FBgn0031772	36	26	30	32	32	31
FBgn0031773	27	41	32	38	29	25
FBgn0031774	34	39	57	54	43	38
FBgn0031775	0	1	0	2	1	3
FBgn0031776	159	135	195	196	182	217
FBgn0031777	47	31	37	50	34	37
FBgn0266449	355	299	385	485	350	394
FBgn0266450	241	173	229	211	190	195
FBgn0266445	0	0	7	4	0	0
FBgn0031779	106	89	116	136	87	114
FBgn0266521	222	196	127	183	167	229
FBgn0051642	12	15	15	16	6	7
FBgn0284255	325	179	315	299	275	242
FBgn0031782	173	145	169	206	135	174
FBgn0031784	0	1	0	0	0	0
FBgn0040950	0	0	0	0	0	1
FBgn0031786	0	0	0	0	0	1
FBgn0085409	0	0	0	0	2	1
FBgn0053531	4	1	1	1	0	2
FBgn0031791	1	0	0	1	0	0
FBgn0265778	405	310	334	429	290	458
FBgn0031799	157	152	167	175	176	196
FBgn0015623	979	816	866	1085	803	1059
FBgn0031800	0	0	0	2	2	1
FBgn0031801	0	0	1	1	0	0
FBgn0031803	1	0	0	0	1	2
FBgn0031805	426	319	320	479	334	385
FBgn0043854	47	40	33	53	30	75
FBgn0259714	4	7	11	17	12	14
FBgn0031808	1	1	0	1	0	1
FBgn0259716	0	0	0	2	1	0
FBgn0259715	16	10	20	32	44	20
FBgn0031811	27	12	13	29	7	8
FBgn0011722	3094	2454	3142	3284	3130	2874
FBgn0263278	84	64	77	111	59	79
FBgn0031813	166	165	129	221	154	158
FBgn0031814	212	164	178	184	165	142
FBgn0031815	190	144	155	208	152	186
FBgn0031816	24	17	12	12	12	15
FBgn0031817	23	24	33	26	19	32
FBgn0259749	280	216	301	306	259	284
FBgn0031818	177	123	209	213	137	157
FBgn0086357	1060	860	1394	1455	1176	1089
FBgn0031820	6	3	2	8	3	1
FBgn0027496	256	180	230	253	190	189
FBgn0031822	59	27	60	68	55	48
FBgn0051638	181	168	205	221	157	198
FBgn0031824	43	37	38	42	36	34
FBgn0031826	1	1	1	2	0	0
FBgn0051637	322	224	328	336	259	294
FBgn0000320	1	0	0	0	1	0
FBgn0031829	3	3	5	1	5	5
FBgn0031830	270	199	230	248	227	242
FBgn0031832	52	38	61	58	60	62
FBgn0263916	357	262	383	392	353	387
FBgn0031834	17	16	29	24	22	21
FBgn0031835	0	1	0	0	0	0
FBgn0031836	253	187	185	242	184	274
FBgn0031837	1	1	0	1	0	3
FBgn0085374	0	1	0	1	1	0
FBgn0051634	1	5	2	0	3	7
FBgn0051635	130	142	140	186	115	171
FBgn0286898	385	333	437	570	421	467
FBgn0051633	13	19	7	18	17	16
FBgn0051636	1	1	0	0	1	2
FBgn0028467	231	188	242	293	214	219
FBgn0031844	21	13	21	19	15	26
FBgn0000392	188	147	206	232	213	226
FBgn0085339	216	168	223	271	226	245
FBgn0263200	75	67	77	67	43	60
FBgn0028990	163	108	149	178	137	164
FBgn0000351	18	7	10	8	2	7
FBgn0031848	31	34	34	37	33	35
FBgn0028703	225	214	222	251	186	248
FBgn0031849	0	0	0	0	1	0
FBgn0031850	0	0	1	1	0	0
FBgn0025595	0	0	0	1	0	2
FBgn0031851	91	107	119	164	121	151
FBgn0025777	182	154	182	190	146	168
FBgn0046704	454	372	459	514	417	495
FBgn0031853	1	0	1	2	2	1
FBgn0031856	0	0	0	1	0	1
FBgn0031857	7	2	4	4	3	5
FBgn0031858	1	2	2	1	0	1
FBgn0015776	785	679	663	809	705	719
FBgn0015777	322	242	359	358	336	338
FBgn0017551	45	33	61	68	49	44
FBgn0086451	274	243	389	433	368	372
FBgn0031865	4	2	3	5	2	7
FBgn0031866	0	1	1	0	0	0
FBgn0042092	55	38	57	66	70	60
FBgn0031868	283	194	302	318	297	276
FBgn0011737	187	125	179	194	155	166
FBgn0028554	363	257	427	397	320	300
FBgn0052829	6	0	3	4	7	3
FBgn0026196	616	411	864	860	782	848
FBgn0004838	3008	2315	3147	3457	2902	2906
FBgn0031869	0	1	4	1	1	2
FBgn0031871	104	63	103	115	78	72
FBgn0031872	98	72	106	102	105	108
FBgn0031873	32	33	27	42	28	39
FBgn0020616	273	247	273	335	301	358
FBgn0031874	35	31	43	60	28	28
FBgn0031875	120	90	144	132	106	132
FBgn0031876	53	21	40	57	34	47
FBgn0031877	37	32	33	46	30	31
FBgn0031878	400	308	290	333	357	360
FBgn0021944	383	252	394	455	324	267
FBgn0264922	1319	1130	1344	1522	1222	1434
FBgn0016978	264	187	310	299	238	236
FBgn0031879	2	1	0	2	1	2
FBgn0263027	2	2	3	4	5	1
FBgn0000053	459	350	524	597	454	571
FBgn0003046	1	2	1	0	0	2
FBgn0051908	368	276	384	366	309	326
FBgn0031881	74	87	64	112	61	111
FBgn0031882	45	53	53	43	32	68
FBgn0031883	377	257	390	355	313	364
FBgn0262872	551	471	567	674	487	652
FBgn0031885	103	104	121	143	106	138
FBgn0051907	1	0	2	0	2	0
FBgn0266666	171	123	152	181	175	235
FBgn0031886	114	80	85	110	99	130
FBgn0031887	4	0	2	2	2	3
FBgn0031888	243	212	167	258	180	213
FBgn0085407	3	0	0	4	4	4
FBgn0031893	102	105	97	132	114	126
FBgn0031894	17	21	21	28	27	26
FBgn0031895	38	31	33	35	19	11
FBgn0031896	110	78	103	120	76	101
FBgn0031897	140	165	154	193	142	214
FBgn0263133	91	91	102	118	110	123
FBgn0259111	319	252	380	446	288	328
FBgn0264343	4	2	2	7	1	9
FBgn0264344	1	1	0	1	2	0
FBgn0031900	0	0	0	1	0	0
FBgn0010453	1	0	0	0	0	0
FBgn0284084	0	0	1	0	0	0
FBgn0031902	1	2	0	0	0	1
FBgn0031903	2	0	0	1	0	0
FBgn0002938	1	0	0	2	0	2
FBgn0031904	120	109	128	132	109	147
FBgn0031905	0	0	1	0	0	0
FBgn0031906	2	1	1	2	2	3
FBgn0031907	0	1	3	0	1	1
FBgn0031908	1	0	0	0	1	0
FBgn0031909	46	44	53	59	52	53
FBgn0028387	86	62	84	82	83	95
FBgn0283658	314	250	315	338	322	341
FBgn0031913	607	475	449	494	448	358
FBgn0031914	85	63	179	204	187	165
FBgn0025697	13	18	7	10	2	11
FBgn0041247	0	0	0	1	0	0
FBgn0045495	0	1	0	0	0	0
FBgn0031918	1	2	0	2	0	2
FBgn0260486	493	448	420	530	442	575
FBgn0031920	3	4	7	7	8	11
FBgn0264895	36	37	15	21	16	29
FBgn0083141	0	1	0	1	0	0
FBgn0031926	0	0	0	0	1	0
FBgn0264087	0	1	1	1	0	1
FBgn0040299	145	144	83	125	72	105
FBgn0031929	1	1	0	0	1	1
FBgn0262880	1	0	0	0	0	0
FBgn0041182	441	448	436	573	393	451
FBgn0041181	4	1	0	2	1	1
FBgn0031937	11	12	9	17	9	12
FBgn0031939	3	0	0	4	0	3
FBgn0260479	0	1	0	0	2	0
FBgn0031940	1	0	0	0	0	0
FBgn0267689	0	0	0	1	0	1
FBgn0031945	1	2	0	1	2	3
FBgn0020880	0	0	0	0	0	1
FBgn0003961	2	0	0	0	1	4
FBgn0031947	132	139	139	171	157	170
FBgn0031948	20	17	20	50	25	37
FBgn0286198	960	787	976	1049	887	958
FBgn0031950	124	101	97	143	89	107
FBgn0031951	80	78	80	112	80	89
FBgn0031952	130	108	125	144	119	126
FBgn0261800	5798	5414	5394	6217	5366	5129
FBgn0027515	60	58	64	85	58	71
FBgn0020618	6230	3965	6173	6429	5326	4910
FBgn0004177	1111	937	1052	1214	1044	1096
FBgn0031955	1	3	2	0	2	2
FBgn0040099	142	129	51	55	82	67
FBgn0031957	7	6	4	5	4	6
FBgn0031959	0	0	0	2	1	0
FBgn0031961	4	3	2	3	3	3
FBgn0261790	180	114	200	190	171	194
FBgn0083968	42	27	42	53	32	64
FBgn0051902	1	0	0	0	0	0
FBgn0053121	0	0	0	2	0	0
FBgn0085450	270	251	262	341	257	292
FBgn0031968	20	18	17	24	13	12
FBgn0031969	771	665	677	773	650	792
FBgn0031970	2	2	3	1	1	4
FBgn0031971	105	118	79	169	100	79
FBgn0031972	65	60	70	94	52	60
FBgn0031973	73	67	96	127	80	98
FBgn0031974	1	4	4	8	10	9
FBgn0054010	0	0	1	0	0	0
FBgn0031975	4	3	2	6	3	4
FBgn0031976	1	0	0	0	0	0
FBgn0031977	549	466	611	689	588	675
FBgn0044323	633	505	682	769	639	704
FBgn0031979	17	9	14	16	10	8
FBgn0031980	3137	2433	3215	3662	3366	3513
FBgn0031981	196	188	214	283	159	214
FBgn0011230	1867	1959	2333	2894	1989	2599
FBgn0013531	73	39	66	82	50	44
FBgn0010287	52	40	70	85	59	60
FBgn0267488	380	364	339	545	390	550
FBgn0261822	1186	1089	918	1206	996	1228
FBgn0031985	334	280	364	459	311	352
FBgn0031986	0	1	0	0	0	1
FBgn0031987	67	43	48	66	47	43
FBgn0031988	295	222	284	341	237	302
FBgn0031990	614	590	689	895	610	972
FBgn0261830	0	0	0	0	0	1
FBgn0261831	0	0	0	2	2	0
FBgn0263256	22	19	16	32	23	35
FBgn0261064	113	104	117	150	114	142
FBgn0031992	104	73	83	102	72	98
FBgn0264953	2317	2099	1925	2316	1863	2082
FBgn0083970	14	7	10	13	16	6
FBgn0031995	319	297	308	396	257	354
FBgn0031996	115	114	142	190	100	133
FBgn0031997	72	50	69	77	51	69
FBgn0031998	183	163	169	235	130	193
FBgn0031999	36	32	42	48	21	43
FBgn0003607	674	621	678	754	740	792
FBgn0015299	163	149	135	191	123	147
FBgn0032000	111	76	104	114	79	98
FBgn0032001	68	52	51	74	43	53
FBgn0032002	14	21	7	24	12	12
FBgn0032003	3	0	4	0	1	3
FBgn0032004	249	248	255	384	265	340
FBgn0032005	758	699	672	841	621	803
FBgn0032006	3150	2353	3202	3513	3022	3560
FBgn0032010	5	6	4	4	3	3
FBgn0003502	278	165	203	202	194	274
FBgn0261020	259	234	245	359	247	318
FBgn0032013	1	0	2	4	0	1
FBgn0032014	125	113	133	169	99	161
FBgn0032015	311	270	347	404	350	384
FBgn0032016	72	71	64	76	57	76
FBgn0032017	21	23	20	26	13	23
FBgn0032018	313	353	326	519	322	456
FBgn0262598	7	5	6	8	6	5
FBgn0032020	108	73	107	120	91	101
FBgn0032021	4	3	3	2	5	0
FBgn0032022	0	1	1	0	0	1
FBgn0032024	286	353	169	446	202	392
FBgn0032025	86	91	14	50	16	59
FBgn0051901	1	0	1	1	0	2
FBgn0032026	847	788	798	1142	786	952
FBgn0010265	5325	4542	5919	6828	5370	5722
FBgn0261437	49	43	72	73	49	53
FBgn0260439	1531	1266	1575	1677	1424	1644
FBgn0032029	106	84	105	131	93	107
FBgn0032030	138	121	154	169	127	156
FBgn0032031	54	49	64	84	39	61
FBgn0032032	99	89	88	122	68	129
FBgn0027094	1545	1237	1596	1979	1403	1762
FBgn0032033	25	13	22	28	19	19
FBgn0032034	42	38	35	64	28	46
FBgn0263852	162	134	168	240	148	162
FBgn0032036	1374	1318	1143	1494	1026	1267
FBgn0262001	0	0	0	0	1	0
FBgn0262002	2	2	1	1	3	0
FBgn0040098	0	0	0	0	1	0
FBgn0040959	0	0	1	0	0	0
FBgn0032039	1	0	0	0	0	0
FBgn0032040	41	22	34	55	42	31
FBgn0051898	13	14	23	25	14	14
FBgn0001084	25	18	22	30	21	27
FBgn0020497	1235	952	1298	1557	1289	1506
FBgn0014417	250	211	370	414	200	250
FBgn0032042	74	87	73	100	68	122
FBgn0027932	2397	1948	1953	2237	2014	2065
FBgn0001137	141	114	149	179	98	139
FBgn0027490	96	89	112	117	94	127
FBgn0043002	84	64	72	76	68	62
FBgn0002887	97	73	114	124	82	131
FBgn0051897	5	4	1	5	2	3
FBgn0027780	88	83	89	123	65	97
FBgn0026718	17	13	3	13	8	5
FBgn0285971	55	47	81	95	70	85
FBgn0262029	2	3	0	1	0	0
FBgn0032047	12	13	15	18	9	14
FBgn0032048	1	0	0	0	1	0
FBgn0032049	0	1	1	0	0	0
FBgn0032050	549	422	642	701	678	685
FBgn0032051	205	168	258	245	253	289
FBgn0032052	177	161	159	199	152	203
FBgn0032053	61	37	69	68	48	52
FBgn0032054	139	81	144	158	95	98
FBgn0032055	0	0	0	0	0	1
FBgn0016122	37	31	19	64	7	11
FBgn0085470	104	98	162	128	145	97
FBgn0250903	95	80	103	130	73	104
FBgn0028394	48	40	39	56	43	54
FBgn0011259	46	48	52	78	45	74
FBgn0001114	8466	6388	9028	9315	9031	7935
FBgn0032058	1	0	2	0	0	0
FBgn0032059	76	70	89	102	55	40
FBgn0260861	52	43	51	67	41	38
FBgn0004914	311	332	291	414	253	328
FBgn0032061	1	0	2	1	1	1
FBgn0003209	249	193	236	254	228	230
FBgn0032068	1	0	0	0	0	1
FBgn0029123	0	0	2	3	1	5
FBgn0052986	0	0	0	0	0	1
FBgn0052988	0	0	0	0	0	1
FBgn0032072	1	0	0	0	0	0
FBgn0085427	0	1	2	1	0	4
FBgn0032074	0	1	1	1	0	0
FBgn0032075	0	1	1	1	0	2
FBgn0032076	27	26	40	45	20	45
FBgn0032077	47	45	57	87	52	55
FBgn0032078	624	428	553	634	552	501
FBgn0286875	4	2	3	4	5	8
FBgn0032079	147	125	142	147	148	166
FBgn0032080	5	1	3	5	4	3
FBgn0052985	22	14	6	11	12	19
FBgn0052984	20	19	19	20	18	23
FBgn0032082	38	39	36	49	39	62
FBgn0032083	4	6	3	8	9	11
FBgn0032084	3	3	0	1	2	2
FBgn0040963	0	1	0	0	0	0
FBgn0011705	350	311	284	323	251	342
FBgn0032085	0	0	1	1	1	4
FBgn0013746	206	202	205	274	200	239
FBgn0032086	0	0	1	0	2	5
FBgn0040964	28	22	38	35	25	36
FBgn0015316	9	3	11	3	4	4
FBgn0032088	0	0	0	0	0	1
FBgn0032089	0	3	1	1	1	0
FBgn0051708	1	0	0	0	0	0
FBgn0032095	0	0	0	0	1	0
FBgn0051609	0	1	0	0	0	0
FBgn0032096	0	0	0	1	0	0
FBgn0052982	270	221	252	320	281	403
FBgn0032100	0	0	0	0	0	1
FBgn0032101	91	94	117	137	84	130
FBgn0041092	985	763	952	1030	781	915
FBgn0032104	0	1	0	1	0	0
FBgn0032105	178	114	150	123	135	141
FBgn0267252	3	5	1	8	2	19
FBgn0010314	74	54	57	81	79	89
FBgn0026439	28	15	10	13	9	19
FBgn0032111	0	0	0	1	0	0
FBgn0085395	15	14	8	19	12	11
FBgn0012036	1240	1180	1197	1378	1167	1100
FBgn0032117	40	46	20	40	34	42
FBgn0011232	94	89	113	131	99	110
FBgn0032119	0	0	0	0	0	1
FBgn0002973	44	28	63	86	49	59
FBgn0004868	621	522	664	717	604	621
FBgn0032120	312	310	299	349	255	324
FBgn0032123	17	15	12	29	9	14
FBgn0032129	1	1	1	1	0	1
FBgn0032130	106	83	104	105	104	113
FBgn0028479	709	490	777	879	617	759
FBgn0040070	806	656	816	981	794	936
FBgn0032135	38	28	28	33	22	22
FBgn0032136	27	26	43	52	37	50
FBgn0000273	391	339	376	446	380	404
FBgn0286786	363	212	424	362	381	361
FBgn0011207	214	174	234	254	184	203
FBgn0051710	17	21	9	27	27	26
FBgn0032138	591	469	683	908	711	777
FBgn0028704	6	2	3	5	1	0
FBgn0032139	6	6	6	2	2	4
FBgn0032140	428	388	327	399	317	331
FBgn0015035	0	0	2	0	0	2
FBgn0270924	323	285	340	384	307	327
FBgn0011291	69	47	55	60	34	48
FBgn0283478	523	332	557	553	493	457
FBgn0265001	4	3	3	6	4	6
FBgn0032143	0	0	0	0	1	0
FBgn0065108	0	0	0	2	0	1
FBgn0065109	0	0	0	2	0	1
FBgn0032147	1121	962	1086	1369	1010	1193
FBgn0032149	67	74	92	96	86	94
FBgn0032150	12	12	14	23	18	17
FBgn0032151	0	1	0	0	2	2
FBgn0029174	518	389	563	635	531	535
FBgn0085212	15	11	15	16	15	12
FBgn0032153	7	4	9	7	6	3
FBgn0032154	47	28	61	55	45	67
FBgn0010520	43	15	43	40	39	28
FBgn0004867	7204	5030	8080	7771	6558	6311
FBgn0053300	9	4	4	7	10	3
FBgn0032156	299	289	282	327	287	337
FBgn0032157	191	159	209	245	191	206
FBgn0024285	330	217	371	379	301	286
FBgn0040064	358	239	398	440	337	365
FBgn0025700	204	162	273	296	227	228
FBgn0032160	124	111	159	135	113	140
FBgn0032161	19	8	9	10	1	2
FBgn0032162	34	22	28	33	25	14
FBgn0032163	6	1	5	4	2	5
FBgn0259712	12	6	12	19	8	9
FBgn0051876	1	0	0	0	0	0
FBgn0051712	255	214	233	288	190	232
FBgn0287788	9	11	8	10	5	9
FBgn0032166	94	109	131	129	105	113
FBgn0032167	150	129	103	185	81	114
FBgn0032168	75	58	74	74	45	78
FBgn0032169	61	53	48	74	42	49
FBgn0032171	45	38	52	49	38	29
FBgn0032170	254	183	290	280	202	231
FBgn0032172	408	344	468	524	352	388
FBgn0015664	325	262	315	366	293	329
FBgn0011272	7193	5261	7719	8452	6774	6207
FBgn0000180	6	2	6	5	3	8
FBgn0051875	7	3	7	14	11	7
FBgn0051755	30	18	22	32	34	40
FBgn0043456	1163	908	1143	1210	1016	1228
FBgn0011584	400	396	357	478	334	453
FBgn0032175	0	0	0	1	0	0
FBgn0027600	0	0	1	0	0	0
FBgn0053301	0	1	0	0	0	0
FBgn0053302	0	1	0	2	0	0
FBgn0287720	1214	908	1265	1213	1198	1198
FBgn0032178	21	12	29	37	26	20
FBgn0265002	3	0	1	0	1	0
FBgn0032187	0	3	2	3	3	4
FBgn0028675	13	19	17	29	12	9
FBgn0051874	3	2	2	2	0	2
FBgn0032189	25	25	31	40	36	33
FBgn0005593	7088	5278	7597	8897	7178	7537
FBgn0085188	130	105	129	134	135	138
FBgn0032191	265	174	280	309	213	216
FBgn0032192	2	5	7	3	1	0
FBgn0032193	20	21	22	29	12	27
FBgn0032194	100	99	123	140	125	150
FBgn0024320	430	418	400	554	338	500
FBgn0250843	520	384	479	527	415	471
FBgn0032195	47	34	57	58	47	58
FBgn0032196	87	92	61	112	88	107
FBgn0032197	84	78	68	97	59	86
FBgn0032198	453	459	570	703	579	673
FBgn0051720	12	24	18	23	9	18
FBgn0004419	435	385	404	478	399	453
FBgn0024248	158	149	170	181	172	201
FBgn0000229	204	172	189	249	172	228
FBgn0051717	99	100	111	117	94	128
FBgn0010407	17	13	14	26	6	9
FBgn0032200	77	105	89	100	69	118
FBgn0026379	63	83	69	111	73	75
FBgn0011305	120	99	114	110	97	93
FBgn0032202	107	87	77	108	89	100
FBgn0259482	64	40	55	54	33	45
FBgn0032204	88	76	64	94	51	76
FBgn0032205	20	14	18	20	10	21
FBgn0260750	68	39	55	65	41	56
FBgn0003751	8	7	4	4	0	3
FBgn0260749	151	147	143	212	122	176
FBgn0054043	1	1	0	0	0	0
FBgn0032208	1387	1326	1245	1908	1130	1622
FBgn0032210	78	75	64	96	64	89
FBgn0032211	0	0	1	0	0	0
FBgn0005322	192	137	230	266	188	266
FBgn0032213	640	534	707	827	636	708
FBgn0032214	75	65	82	89	62	89
FBgn0027491	2	6	3	4	1	5
FBgn0267365	52	50	59	81	53	64
FBgn0032216	372	323	393	442	352	413
FBgn0032217	310	252	350	408	278	344
FBgn0032218	59	75	49	81	43	59
FBgn0032219	3	2	5	4	0	3
FBgn0011703	611	488	596	654	576	723
FBgn0032221	12	20	26	35	16	37
FBgn0032222	135	94	132	124	124	147
FBgn0032223	128	125	128	171	121	165
FBgn0019932	67	58	70	97	70	97
FBgn0051715	68	70	53	93	60	67
FBgn0032224	47	55	44	101	43	91
FBgn0032225	3	4	1	4	2	1
FBgn0085396	0	3	1	1	2	0
FBgn0032228	64	54	73	84	44	56
FBgn0032229	145	127	141	167	116	168
FBgn0027568	386	325	373	430	319	392
FBgn0003087	31	25	19	44	25	24
FBgn0032230	0	2	3	2	1	3
FBgn0032231	47	43	56	63	51	50
FBgn0041723	1	4	11	13	5	4
FBgn0053303	569	459	651	848	614	620
FBgn0032233	10	6	2	1	2	2
FBgn0032234	73	66	71	92	65	73
FBgn0032235	4	5	7	6	7	5
FBgn0004106	127	118	130	140	135	136
FBgn0032236	76	78	91	123	101	110
FBgn0267821	461	354	505	533	433	456
FBgn0262782	547	384	502	640	455	506
FBgn0051716	485	470	504	636	435	604
FBgn0032240	151	93	148	161	100	129
FBgn0067622	24	20	16	31	16	26
FBgn0003942	3989	3323	3818	4556	3595	4030
FBgn0025366	767	739	767	1155	812	1014
FBgn0032242	325	268	344	416	321	324
FBgn0032243	63	77	74	85	65	92
FBgn0032244	76	52	70	76	70	89
FBgn0005683	32	26	23	38	34	40
FBgn0032246	523	485	515	691	481	563
FBgn0262601	202	138	218	196	173	193
FBgn0267330	610	538	702	788	627	734
FBgn0032247	21	22	22	16	16	14
FBgn0032248	63	39	69	87	54	61
FBgn0004915	108	92	121	147	114	116
FBgn0032249	30	19	15	34	6	6
FBgn0032250	42	28	42	50	24	32
FBgn0027052	74	76	74	98	52	53
FBgn0032251	21	13	14	22	19	19
FBgn0032252	27	18	18	28	13	27
FBgn0065110	1	3	0	1	0	2
FBgn0032253	79	70	124	145	123	116
FBgn0027611	549	466	612	665	605	565
FBgn0051719	1	1	1	1	0	1
FBgn0032256	67	84	63	89	71	105
FBgn0026431	75	89	71	83	79	85
FBgn0032258	164	162	194	193	152	201
FBgn0032259	34	28	32	46	17	26
FBgn0032260	0	2	4	3	3	2
FBgn0086347	867	673	708	769	705	716
FBgn0032261	35	20	47	39	28	26
FBgn0032262	8	5	3	11	2	4
FBgn0267828	276	241	298	308	266	337
FBgn0010398	14	19	27	30	17	19
FBgn0032264	279	275	229	398	252	319
FBgn0051721	0	0	0	0	1	1
FBgn0043825	1	0	0	0	0	0
FBgn0032287	1	0	0	0	0	0
FBgn0032290	62	51	60	74	43	58
FBgn0032291	1	0	1	0	0	0
FBgn0032292	172	112	172	229	146	152
FBgn0032293	63	48	60	60	57	41
FBgn0027868	288	181	350	305	316	260
FBgn0032294	0	0	0	1	0	0
FBgn0032295	159	96	152	155	168	129
FBgn0032296	124	105	102	140	97	82
FBgn0032297	43	26	40	37	31	39
FBgn0027550	46	49	84	99	20	45
FBgn0015320	311	221	287	301	290	271
FBgn0032298	177	117	204	170	209	219
FBgn0051869	1	1	2	0	2	2
FBgn0011676	68	78	63	107	77	87
FBgn0032303	0	1	0	0	1	1
FBgn0032304	0	0	0	0	0	1
FBgn0032305	525	453	585	720	479	547
FBgn0260453	2	1	1	0	2	2
FBgn0260454	2	0	1	0	1	2
FBgn0069354	10	2	9	6	10	9
FBgn0004363	1629	1197	1859	1786	1599	1611
FBgn0262599	5	5	2	3	3	3
FBgn0027453	135	99	130	150	103	102
FBgn0024227	226	137	205	161	201	162
FBgn0027363	314	265	295	299	242	265
FBgn0053129	783	650	882	949	748	898
FBgn0032321	111	131	102	147	101	110
FBgn0032322	43	30	49	90	38	48
FBgn0000018	89	64	72	110	71	94
FBgn0010612	196	136	222	214	209	180
FBgn0041781	524	407	440	542	418	429
FBgn0004872	380	386	370	539	424	446
FBgn0026148	12	16	16	23	10	19
FBgn0026147	218	186	241	295	232	306
FBgn0000146	371	319	435	541	214	243
FBgn0040096	0	2	1	3	1	0
FBgn0015756	5865	4372	5690	6848	5542	5817
FBgn0021761	563	507	590	741	616	814
FBgn0032329	58	44	80	92	57	85
FBgn0250837	461	304	484	454	397	410
FBgn0032330	77	48	60	63	57	56
FBgn0023415	1	0	0	1	0	0
FBgn0032331	0	1	0	0	0	1
FBgn0040967	0	1	0	0	0	0
FBgn0032338	0	0	0	0	1	0
FBgn0032339	80	111	83	125	69	81
FBgn0283682	630	551	703	796	647	771
FBgn0032341	238	224	248	319	219	248
FBgn0261983	165	187	204	232	213	227
FBgn0032343	12	18	21	21	26	23
FBgn0041246	1	1	6	4	0	3
FBgn0027582	419	331	417	479	310	412
FBgn0032345	2	3	1	2	2	1
FBgn0032346	43	39	83	58	84	49
FBgn0262647	373	309	392	402	395	437
FBgn0028700	112	76	106	103	87	85
FBgn0032348	267	208	272	271	244	236
FBgn0040211	0	0	0	0	0	1
FBgn0010197	0	0	0	0	0	1
FBgn0032350	4	8	4	8	4	10
FBgn0032354	33	26	37	42	35	33
FBgn0264442	4	2	2	3	2	2
FBgn0040232	471	417	480	572	524	636
FBgn0040233	149	168	154	243	172	259
FBgn0052831	91	77	86	96	77	91
FBgn0032358	24	23	20	25	23	15
FBgn0020270	176	183	186	239	157	186
FBgn0283678	0	1	0	1	0	0
FBgn0032360	0	0	0	0	0	1
FBgn0261648	5	5	2	2	5	7
FBgn0287204	45	21	36	42	25	37
FBgn0032362	1	0	0	0	1	0
FBgn0032363	623	545	622	750	600	792
FBgn0032364	4	4	2	7	3	9
FBgn0032365	0	0	0	0	1	0
FBgn0262683	0	3	0	0	0	0
FBgn0028490	1159	955	841	934	920	737
FBgn0015400	0	0	0	0	1	0
FBgn0032373	7	12	6	4	11	9
FBgn0032374	1	1	1	2	0	0
FBgn0032375	0	0	1	0	0	1
FBgn0032376	0	0	2	0	2	0
FBgn0032377	11	16	16	22	6	24
FBgn0020309	1598	1222	1552	1834	1461	1691
FBgn0032378	439	303	417	476	345	382
FBgn0264815	5	6	7	6	6	3
FBgn0000588	94	51	122	93	89	82
FBgn0264750	12	7	13	17	8	8
FBgn0040968	11	10	6	14	11	14
FBgn0286929	8	10	3	7	8	7
FBgn0259989	0	0	1	1	1	1
FBgn0032381	0	0	0	1	0	1
FBgn0032382	69	52	47	65	39	43
FBgn0261805	2	0	0	0	1	0
FBgn0032387	105	84	134	132	115	127
FBgn0032388	479	459	528	660	473	624
FBgn0085192	23	16	26	35	22	30
FBgn0261266	24	16	24	27	28	29
FBgn0032390	125	90	148	180	122	147
FBgn0032391	29	31	43	36	33	24
FBgn0051866	61	31	58	72	0	16
FBgn0042127	60	25	38	68	33	0
FBgn0051864	75	60	109	105	93	89
FBgn0051865	23	14	0	0	49	29
FBgn0042125	60	51	49	60	46	83
FBgn0032393	317	278	276	418	252	376
FBgn0032394	122	110	151	150	86	109
FBgn0032395	129	94	133	172	116	133
FBgn0010497	78	51	34	48	35	25
FBgn0042126	4	0	5	6	5	7
FBgn0032397	240	173	272	289	238	244
FBgn0032398	277	220	261	309	235	264
FBgn0032399	27	17	22	30	21	19
FBgn0032400	55	54	35	65	28	57
FBgn0032401	17	11	11	13	7	12
FBgn0032402	17	19	24	29	15	33
FBgn0028425	707	554	638	962	599	1007
FBgn0032404	385	338	408	564	412	431
FBgn0085193	45	44	69	88	63	61
FBgn0027505	95	88	91	131	89	89
FBgn0032405	38	20	44	50	78	29
FBgn0032407	226	169	197	223	199	227
FBgn0032408	150	82	179	155	157	170
FBgn0028707	21	11	29	18	14	17
FBgn0032409	94	84	114	132	95	138
FBgn0029137	9	0	3	9	2	3
FBgn0027081	1153	854	1153	1364	1083	1235
FBgn0015797	362	271	341	374	330	329
FBgn0263235	0	1	0	0	0	0
FBgn0032414	1	1	0	0	1	2
FBgn0032420	14	14	19	11	14	18
FBgn0032421	38	34	34	48	35	29
FBgn0000114	0	1	0	0	0	0
FBgn0032422	0	0	0	0	1	0
FBgn0051759	15	19	10	23	8	17
FBgn0262475	10	11	3	13	9	11
FBgn0041195	0	1	0	0	0	0
FBgn0043841	2139	1676	1541	1825	1724	1891
FBgn0032428	5	2	2	2	1	7
FBgn0032429	186	167	196	219	169	210
FBgn0032430	215	157	239	255	208	220
FBgn0032431	11	8	16	22	22	13
FBgn0265298	442	291	501	478	401	489
FBgn0020443	1135	915	1398	1586	1135	1391
FBgn0032433	8	4	9	9	9	10
FBgn0032434	4	0	0	1	1	1
FBgn0032435	1	0	0	0	0	0
FBgn0032436	1	4	0	0	0	0
FBgn0032437	0	0	0	0	1	1
FBgn0259176	1185	1008	1131	1354	1099	1203
FBgn0262353	4	0	4	4	4	4
FBgn0085424	0	0	1	2	1	0
FBgn0032439	0	0	1	0	0	0
FBgn0004394	0	0	1	0	0	0
FBgn0032444	1124	822	1310	1279	1155	1021
FBgn0032445	51	52	57	67	36	59
FBgn0032446	18	6	14	16	6	22
FBgn0032447	21	12	34	23	17	13
FBgn0032448	2	0	3	0	0	1
FBgn0032449	3	4	11	5	1	2
FBgn0032450	81	69	114	111	120	113
FBgn0032451	89	64	79	119	82	105
FBgn0032452	17	12	14	28	5	25
FBgn0032453	401	301	462	418	351	316
FBgn0032454	669	566	681	760	651	746
FBgn0032455	143	92	138	191	133	168
FBgn0032456	2498	2192	2756	3326	2541	2983
FBgn0032457	1	0	0	0	0	0
FBgn0015399	471	360	584	674	513	503
FBgn0040510	0	0	0	0	2	0
FBgn0040506	0	2	0	1	1	1
FBgn0263598	906	792	911	1020	857	895
FBgn0032464	1	1	0	1	0	0
FBgn0032465	186	155	182	238	152	186
FBgn0265262	51	44	62	62	69	91
FBgn0021796	437	383	478	588	463	524
FBgn0032467	401	322	398	451	390	414
FBgn0028965	110	76	124	119	113	119
FBgn0262160	472	378	403	381	334	318
FBgn0032470	2	0	2	0	1	1
FBgn0262352	0	1	0	0	1	0
FBgn0032471	0	0	0	1	1	1
FBgn0032472	0	0	0	0	0	1
FBgn0032473	2	2	6	4	1	4
FBgn0032474	71	66	69	109	65	91
FBgn0024291	154	126	154	182	165	188
FBgn0032475	290	258	307	353	285	337
FBgn0032476	120	98	131	152	106	144
FBgn0032477	60	64	78	100	61	109
FBgn0051849	14	15	15	16	5	17
FBgn0032478	2	5	7	3	3	5
FBgn0032479	804	649	793	896	830	868
FBgn0032480	310	272	340	442	283	340
FBgn0032481	169	165	211	217	155	194
FBgn0032482	1038	863	1045	1305	939	1156
FBgn0032483	3	2	5	2	3	3
FBgn0032484	0	0	0	0	0	1
FBgn0032485	181	178	171	224	170	198
FBgn0032486	25	18	33	25	25	21
FBgn0032487	34	25	42	41	33	36
FBgn0032488	142	116	120	141	122	131
FBgn0032489	2	1	0	0	0	0
FBgn0032492	0	0	0	0	0	1
FBgn0027586	0	0	0	0	1	0
FBgn0264894	14	19	19	26	12	16
FBgn0028406	42	42	53	64	40	58
FBgn0032499	115	70	108	107	71	101
FBgn0051729	565	498	615	661	564	626
FBgn0040973	0	0	1	0	0	0
FBgn0264308	1	0	0	1	1	0
FBgn0032503	1	0	0	0	0	0
FBgn0032506	0	0	0	0	0	1
FBgn0022069	214	158	316	324	292	301
FBgn0032509	144	135	153	165	122	142
FBgn0051852	142	113	126	176	124	113
FBgn0051855	92	55	108	109	82	83
FBgn0032511	196	134	194	196	158	174
FBgn0032512	151	125	210	243	152	203
FBgn0032513	180	135	197	200	210	198
FBgn0032514	483	403	464	617	451	533
FBgn0025724	805	670	845	1043	860	1013
FBgn0032515	54	28	50	50	42	41
FBgn0032516	45	46	52	52	40	60
FBgn0032517	102	92	109	134	77	98
FBgn0032518	3491	2626	3687	4097	3179	3239
FBgn0032519	0	1	0	0	0	0
FBgn0032520	31	22	28	30	29	34
FBgn0032521	206	185	182	208	217	250
FBgn0003983	2	0	0	2	0	0
FBgn0263354	2	1	1	1	2	3
FBgn0264432	0	0	0	1	0	0
FBgn0026760	10	11	8	15	9	30
FBgn0032524	46	51	40	54	44	51
FBgn0284224	2	0	0	0	0	0
FBgn0023407	373	263	319	272	260	282
FBgn0053640	1	0	0	1	1	1
FBgn0053641	1	1	1	1	1	1
FBgn0053642	1	1	0	2	0	1
FBgn0053643	2	0	1	1	3	0
FBgn0053644	0	1	1	1	0	1
FBgn0053645	0	0	0	3	0	0
FBgn0028943	0	0	0	1	1	0
FBgn0028942	1	0	0	1	0	0
FBgn0032530	2	1	4	0	1	2
FBgn0028941	3	2	2	4	0	1
FBgn0259984	902	703	877	955	914	854
FBgn0028513	1	4	2	4	1	5
FBgn0028546	171	181	144	210	159	208
FBgn0051814	1	0	0	0	0	0
FBgn0028541	362	327	397	441	322	412
FBgn0028540	4	6	7	9	10	15
FBgn0024846	150	114	165	152	131	137
FBgn0028932	20	22	36	30	20	21
FBgn0028539	678	574	643	862	634	768
FBgn0028931	32	33	25	35	35	27
FBgn0028538	368	312	421	469	366	426
FBgn0027844	9	4	5	5	0	17
FBgn0028658	24	9	13	31	24	24
FBgn0028919	72	46	47	81	60	77
FBgn0032533	0	4	18	23	8	24
FBgn0001965	441	314	439	438	327	403
FBgn0000153	4	1	2	3	1	3
FBgn0004406	138	114	144	205	125	122
FBgn0001961	1319	961	1426	1456	1204	1289
FBgn0015271	50	27	44	46	38	35
FBgn0004407	36	38	47	67	46	52
FBgn0064115	36	38	47	67	46	52
FBgn0026373	120	83	113	123	88	99
FBgn0260407	62	50	62	69	59	52
FBgn0028509	233	213	184	291	209	274
FBgn0053307	139	117	64	84	104	133
FBgn0053306	1	0	0	0	1	0
FBgn0028920	3	1	0	3	0	2
FBgn0028534	1	0	4	2	0	3
FBgn0028533	0	0	0	1	1	0
FBgn0028532	1	0	0	0	0	0
FBgn0019890	487	537	605	843	583	773
FBgn0012037	228	189	119	149	154	85
FBgn0032535	2	0	0	0	1	0
FBgn0032536	2	0	0	0	0	0
FBgn0028938	0	0	0	0	1	0
FBgn0261628	2	1	1	3	1	0
FBgn0032538	0	1	0	0	0	0
FBgn0028544	0	1	0	0	0	0
FBgn0027929	97	49	88	81	94	88
FBgn0028543	168	109	120	126	134	91
FBgn0054003	2	4	3	1	8	3
FBgn0028542	148	90	134	132	120	98
FBgn0028936	445	261	353	318	311	304
FBgn0028430	356	296	276	298	281	384
FBgn0259896	253	168	156	207	235	247
FBgn0028940	123	84	101	150	106	162
FBgn0028939	0	1	2	3	2	0
FBgn0003255	4	2	2	3	1	7
FBgn0027348	101	105	47	63	58	65
FBgn0001967	2	3	1	1	0	2
FBgn0286723	2	1	2	0	1	1
FBgn0028875	0	2	0	0	1	0
FBgn0260011	0	0	0	1	1	0
FBgn0283651	6	3	6	7	3	3
FBgn0028526	0	0	1	0	1	1
FBgn0051769	15	32	8	39	8	24
FBgn0263037	0	0	0	0	1	0
FBgn0263038	0	2	1	1	1	2
FBgn0016930	277	231	268	307	300	324
FBgn0261563	266	201	266	321	284	378
FBgn0052971	1	0	0	0	0	1
FBgn0261529	2	2	0	0	3	1
FBgn0028916	199	173	196	222	166	221
FBgn0028531	1	0	0	0	1	1
FBgn0264253	0	0	0	0	0	1
FBgn0028530	55	46	52	55	30	44
FBgn0262354	1	0	1	1	0	0
FBgn0261535	125	99	152	166	163	158
FBgn0015791	196	153	166	209	182	204
FBgn0001970	102	98	124	122	96	81
FBgn0015546	156	144	163	207	131	196
FBgn0020258	1	2	2	2	2	2
FBgn0004858	43	32	31	36	34	28
FBgn0264810	0	0	0	1	0	0
FBgn0028871	0	1	0	1	0	0
FBgn0028844	0	1	0	0	1	0
FBgn0005771	3	0	1	1	0	0
FBgn0003016	27	35	43	32	37	45
FBgn0000055	1	0	0	0	0	0
FBgn0000056	0	1	0	0	0	0
FBgn0085194	0	0	0	1	0	0
FBgn0028537	0	0	0	0	0	0
FBgn0260954	0	0	0	0	0	0
FBgn0267014	7	6	6	9	5	7
FBgn0032549	0	0	0	1	0	0
FBgn0261568	1	0	0	0	0	0
FBgn0028886	15	5	15	12	6	10
FBgn0032554	0	0	0	0	0	1
FBgn0259213	1	1	0	0	0	1
FBgn0086711	0	1	1	0	1	1
FBgn0040228	38	38	17	47	13	23
FBgn0261881	54	33	72	62	37	40
FBgn0028926	64	31	65	52	50	50
FBgn0283659	34	35	36	34	43	42
FBgn0286027	93	82	94	117	83	97
FBgn0260446	0	2	0	0	0	1
FBgn0053310	0	0	0	0	1	0
FBgn0051832	0	0	0	0	0	1
FBgn0041713	0	0	0	0	0	2
FBgn0001977	269	214	272	301	239	310
FBgn0004837	82	57	91	83	63	78
FBgn0000317	264	258	304	327	296	319
FBgn0053679	0	0	1	1	0	0
FBgn0010422	242	172	234	229	250	230
FBgn0283442	0	2	3	2	0	1
FBgn0024183	983	747	1096	1182	1026	1064
FBgn0028879	0	1	0	0	0	0
FBgn0001978	768	540	920	1036	838	951
FBgn0028888	0	0	0	0	1	0
FBgn0028862	1	0	1	0	0	0
FBgn0283467	60	88	93	83	81	89
FBgn0259982	50	24	30	30	23	27
FBgn0045842	461	398	395	468	415	529
FBgn0261268	430	335	454	491	419	488
FBgn0086691	42	31	53	48	37	77
FBgn0287768	1	1	0	1	2	1
FBgn0032563	0	0	0	0	1	0
FBgn0002524	1473	1295	1434	1903	1428	1655
FBgn0028370	0	1	0	0	2	2
FBgn0028518	0	0	0	0	1	0
FBgn0028863	33	38	22	46	22	39
FBgn0028864	2	0	0	0	0	0
FBgn0028517	0	0	0	0	0	0
FBgn0051780	2	0	0	0	0	0
FBgn0051827	0	0	0	0	0	0
FBgn0010382	215	149	194	178	163	191
FBgn0001989	179	110	196	188	130	134
FBgn0001986	321	211	343	357	324	337
FBgn0001987	140	132	112	174	110	124
FBgn0028507	132	104	144	138	112	88
FBgn0001990	86	79	66	102	83	82
FBgn0041627	157	134	154	212	129	185
FBgn0051826	1	0	0	0	0	0
FBgn0028903	0	1	0	2	0	7
FBgn0028902	2	0	3	0	2	0
FBgn0041183	26	23	20	27	17	20
FBgn0028645	0	1	0	1	1	0
FBgn0028514	557	578	457	502	531	681
FBgn0028857	1	0	0	0	0	1
FBgn0028644	1	0	2	2	0	0
FBgn0045827	0	0	0	0	0	0
FBgn0264364	0	0	0	0	0	0
FBgn0000182	1	0	0	1	0	0
FBgn0001991	4	2	1	2	1	0
FBgn0261999	4	3	5	3	2	6
FBgn0262000	0	0	1	3	0	1
FBgn0024734	524	490	494	570	462	593
FBgn0284225	33	47	26	40	17	55
FBgn0028515	398	317	403	456	353	422
FBgn0002673	18	11	20	20	18	32
FBgn0028897	26	9	28	24	19	24
FBgn0001994	430	383	379	486	407	551
FBgn0040079	133	114	118	134	103	111
FBgn0028896	1	1	1	2	1	1
FBgn0032582	0	0	0	0	1	2
FBgn0001992	1	1	7	9	8	9
FBgn0028375	175	173	246	275	192	266
FBgn0028895	15	14	13	17	8	13
FBgn0028894	211	188	179	240	161	237
FBgn0028525	3	8	5	7	3	4
FBgn0015338	279	243	285	334	233	272
FBgn0011708	300	263	280	374	273	390
FBgn0000339	158	140	137	202	145	193
FBgn0001086	359	263	372	414	378	378
FBgn0000250	372	314	362	376	352	365
FBgn0014092	75	70	72	89	58	68
FBgn0001995	102	82	131	150	101	97
FBgn0028899	2	1	2	0	0	3
FBgn0259151	1	0	0	0	1	2
FBgn0265578	0	0	2	1	0	0
FBgn0000307	398	325	357	491	384	475
FBgn0087041	23	26	17	15	13	40
FBgn0028506	64	76	98	102	72	78
FBgn0025678	1519	1253	1644	2052	1597	1729
FBgn0028523	98	86	76	117	81	76
FBgn0020416	520	481	463	607	517	588
FBgn0020415	1884	1419	1926	1867	2274	2064
FBgn0020414	1469	1362	1378	1639	1411	1356
FBgn0005677	0	4	1	1	1	0
FBgn0032586	684	511	668	738	608	760
FBgn0032587	418	357	357	539	353	518
FBgn0051816	2	4	1	1	1	5
FBgn0259735	1130	836	992	1047	894	1099
FBgn0051815	2	3	3	7	3	3
FBgn0032590	7	7	2	14	5	8
FBgn0032593	2	2	0	2	0	3
FBgn0001185	136	132	140	159	114	131
FBgn0261278	392	281	374	358	383	399
FBgn0267347	131	112	90	118	91	149
FBgn0051807	2	0	5	2	1	3
FBgn0053552	1	1	1	1	1	1
FBgn0263744	0	0	0	0	1	0
FBgn0263745	29	29	23	43	21	25
FBgn0062978	1	1	0	0	0	0
FBgn0086907	0	0	0	0	0	1
FBgn0284248	778	504	727	812	584	748
FBgn0027779	375	333	397	394	342	378
FBgn0263746	10	5	9	12	6	10
FBgn0051812	31	29	37	39	21	46
FBgn0032595	49	35	43	40	25	44
FBgn0032596	407	282	367	390	338	385
FBgn0032597	155	118	162	223	142	170
FBgn0015391	709	601	760	740	734	832
FBgn0032598	18	22	30	54	25	51
FBgn0261068	185	147	204	219	174	157
FBgn0032600	565	490	562	643	528	566
FBgn0032601	14	14	10	10	8	12
FBgn0032602	0	0	0	0	1	0
FBgn0264695	2	2	2	1	2	8
FBgn0000406	26	24	26	40	33	55
FBgn0032603	169	136	132	199	164	193
FBgn0040262	31	16	24	18	35	26
FBgn0040261	0	0	4	1	2	1
FBgn0040260	211	163	115	171	147	203
FBgn0032609	0	1	1	0	0	0
FBgn0086673	0	2	0	0	1	2
FBgn0004797	84	62	71	74	58	81
FBgn0022213	583	503	629	763	621	714
FBgn0051739	600	504	609	815	556	757
FBgn0032612	0	1	1	1	1	0
FBgn0032613	129	139	80	152	120	129
FBgn0266491	0	0	0	1	1	0
FBgn0032614	0	0	0	1	0	0
FBgn0051810	0	0	0	1	0	0
FBgn0032615	0	1	0	2	0	0
FBgn0052832	0	0	0	0	0	1
FBgn0032618	24	10	20	28	20	28
FBgn0085342	14	10	8	12	20	3
FBgn0040985	289	269	288	394	296	388
FBgn0261671	949	858	895	1223	854	1035
FBgn0260758	2	0	1	6	3	5
FBgn0051805	2	0	2	1	2	1
FBgn0032620	69	61	107	105	88	114
FBgn0026150	158	134	221	230	157	188
FBgn0032629	2	2	0	0	1	0
FBgn0051804	0	0	0	1	0	0
FBgn0032633	465	351	483	503	470	493
FBgn0020503	317	299	268	326	265	374
FBgn0032634	90	73	101	110	93	106
FBgn0032635	161	133	171	188	122	133
FBgn0051803	0	0	1	0	0	2
FBgn0011274	294	189	254	247	229	277
FBgn0032636	1	0	0	0	0	1
FBgn0260632	716	506	649	738	556	804
FBgn0032637	9	15	7	20	9	10
FBgn0032638	128	143	89	108	102	98
FBgn0032639	3	3	0	1	1	1
FBgn0000183	538	465	592	667	536	629
FBgn0032640	506	356	552	482	412	416
FBgn0286781	958	892	844	1188	884	1256
FBgn0024689	200	203	203	275	190	215
FBgn0032642	109	74	69	78	73	78
FBgn0032643	920	721	1090	1266	990	1065
FBgn0032644	46	39	47	45	22	26
FBgn0262857	0	0	0	0	0	0
FBgn0263654	0	0	0	0	0	0
FBgn0003187	0	0	3	2	1	0
FBgn0032645	0	0	1	1	0	0
FBgn0032646	162	122	152	205	156	171
FBgn0013810	394	459	374	585	327	554
FBgn0032647	18	31	12	37	17	23
FBgn0032648	2	1	1	0	0	3
FBgn0032649	0	0	0	2	0	0
FBgn0032651	1	0	0	0	0	0
FBgn0261089	4	8	5	2	6	10
FBgn0015609	3	0	2	3	1	2
FBgn0262018	0	0	0	1	0	0
FBgn0023096	10	14	14	27	13	22
FBgn0032656	142	95	136	158	130	114
FBgn0032658	0	0	0	0	1	0
FBgn0002939	3	3	1	10	1	6
FBgn0032664	1	0	0	0	0	0
FBgn0032666	3	0	0	3	1	4
FBgn0051785	0	0	0	1	0	2
FBgn0001301	211	187	227	284	215	277
FBgn0041184	168	152	117	212	148	139
FBgn0032668	1	1	3	3	2	2
FBgn0032670	16	14	11	18	14	17
FBgn0032671	68	58	85	96	60	56
FBgn0261804	0	1	0	0	0	0
FBgn0000636	12	8	10	12	2	5
FBgn0011559	0	1	0	1	0	0
FBgn0261597	4824	3147	5824	5385	4600	3690
FBgn0086707	309	308	292	441	309	406
FBgn0284256	541	461	687	846	604	763
FBgn0032680	0	0	1	0	0	0
FBgn0032681	19	11	18	22	14	18
FBgn0032682	1	2	2	0	3	0
FBgn0032683	150	148	202	245	194	240
FBgn0032684	0	0	0	0	2	2
FBgn0032685	7	3	1	5	4	6
FBgn0085370	544	422	496	532	434	599
FBgn0032688	135	109	177	174	143	147
FBgn0032689	258	251	266	329	253	275
FBgn0051789	3	1	3	1	1	4
FBgn0032690	195	176	198	261	181	212
FBgn0032691	87	59	96	109	69	92
FBgn0032694	333	235	315	330	266	310
FBgn0032693	4	3	8	9	9	6
FBgn0086200	42	56	46	59	46	67
FBgn0263079	13	11	14	11	11	15
FBgn0263078	0	0	0	0	0	2
FBgn0261349	2	3	6	11	10	13
FBgn0086681	6	3	5	6	2	3
FBgn0086909	33	49	44	57	40	40
FBgn0015553	39	35	49	57	42	49
FBgn0005617	231	190	265	307	241	290
FBgn0032698	102	67	139	111	110	98
FBgn0032699	384	335	328	469	294	416
FBgn0032700	49	75	84	100	49	66
FBgn0032701	119	116	170	192	159	183
FBgn0032702	347	287	432	566	403	523
FBgn0032703	42	49	62	41	50	48
FBgn0032704	530	427	524	635	520	585
FBgn0025608	269	220	324	316	296	327
FBgn0032705	137	111	147	183	157	172
FBgn0032706	0	0	3	1	1	0
FBgn0032707	1	0	1	1	2	1
FBgn0045852	684	519	645	699	636	728
FBgn0040992	0	0	0	2	0	2
FBgn0260228	0	0	0	2	0	2
FBgn0040993	0	0	0	0	0	0
FBgn0259201	0	0	0	0	0	0
FBgn0032713	2	1	1	0	0	0
FBgn0027070	0	0	0	0	1	1
FBgn0032715	77	73	103	89	67	64
FBgn0015808	175	159	170	262	156	181
FBgn0032717	308	284	318	421	330	374
FBgn0053120	23	23	8	19	13	19
FBgn0032719	1	5	0	1	1	2
FBgn0032721	238	224	269	291	243	281
FBgn0032720	35	33	52	44	36	46
FBgn0003896	0	0	0	1	0	1
FBgn0032723	114	95	109	108	81	123
FBgn0032724	41	36	57	61	37	39
FBgn0032725	60	52	70	94	79	67
FBgn0032726	12	9	6	19	10	13
FBgn0032727	82	53	57	66	43	66
FBgn0015772	158	124	143	209	165	195
FBgn0032728	23	21	30	36	15	16
FBgn0032729	81	80	81	97	73	105
FBgn0032730	7	9	14	17	10	11
FBgn0032731	1037	809	1037	1253	982	1029
FBgn0032732	30	32	27	42	30	42
FBgn0032733	2	3	0	5	0	3
FBgn0287596	0	0	0	0	0	1
FBgn0046302	1	0	0	0	0	0
FBgn0051792	0	0	1	2	0	1
FBgn0051793	109	112	113	140	89	159
FBgn0086710	2362	1745	2024	2345	1875	1937
FBgn0032741	1	0	1	0	0	0
FBgn0001202	173	153	133	198	97	147
FBgn0051800	48	40	42	53	31	32
FBgn0086442	444	353	376	470	390	409
FBgn0002022	288	244	296	323	272	274
FBgn0032744	29	35	31	58	29	58
FBgn0263198	480	364	519	601	461	501
FBgn0032746	85	63	86	106	84	102
FBgn0002021	62	49	74	74	53	61
FBgn0261396	497	440	541	540	496	529
FBgn0032748	282	235	325	302	302	277
FBgn0032749	1	4	2	1	0	4
FBgn0032750	43	28	51	37	38	47
FBgn0032752	49	29	32	49	27	32
FBgn0032751	14	9	25	17	12	21
FBgn0032753	0	0	0	0	1	0
FBgn0032754	0	1	0	0	1	0
FBgn0002023	0	3	0	3	2	2
FBgn0000075	0	0	1	0	0	0
FBgn0002036	32	9	23	25	12	18
FBgn0000422	1	1	0	0	0	3
FBgn0002031	802	550	877	1005	727	812
FBgn0086444	153	132	160	179	116	131
FBgn0086445	62	48	60	76	48	65
FBgn0086443	888	609	971	1185	851	1233
FBgn0086446	84	63	77	102	61	94
FBgn0086447	26	24	27	37	41	48
FBgn0010300	1013	709	946	938	891	802
FBgn0032763	33	18	27	27	23	24
FBgn0010097	0	0	1	2	1	2
FBgn0010309	126	114	135	158	97	171
FBgn0015380	0	0	1	0	0	1
FBgn0024245	79	65	82	69	77	78
FBgn0032770	0	0	1	1	1	0
FBgn0032772	4	6	2	3	3	6
FBgn0032773	280	246	300	363	250	376
FBgn0032774	29	15	30	20	16	12
FBgn0032775	702	524	875	797	779	933
FBgn0051798	10	8	11	9	9	17
FBgn0041789	846	681	705	725	611	748
FBgn0016675	0	1	3	1	1	0
FBgn0053532	0	0	4	0	0	3
FBgn0053533	0	1	1	3	2	3
FBgn0032779	380	341	429	475	391	362
FBgn0032780	4	6	6	9	1	7
FBgn0032781	391	285	368	433	329	366
FBgn0032782	57	41	45	57	26	25
FBgn0032783	23	24	24	20	23	13
FBgn0003346	400	311	415	439	450	536
FBgn0024230	66	56	66	74	55	60
FBgn0284220	1832	1650	2060	2365	2063	2378
FBgn0032785	55	57	33	46	45	45
FBgn0000964	0	0	0	0	1	0
FBgn0032787	84	71	77	80	41	53
FBgn0032789	0	0	0	0	0	1
FBgn0032790	35	27	32	41	29	30
FBgn0032791	16	16	13	21	6	19
FBgn0032793	64	65	66	106	61	86
FBgn0002044	598	401	542	581	512	529
FBgn0040268	376	355	360	453	339	375
FBgn0032796	117	108	137	132	113	147
FBgn0032797	0	1	1	1	1	1
FBgn0032798	6	6	3	5	8	15
FBgn0032799	168	117	165	204	134	151
FBgn0032800	93	78	113	146	106	147
FBgn0032801	74	54	86	88	78	98
FBgn0053116	275	188	261	319	251	317
FBgn0051697	5	3	3	2	4	5
FBgn0032803	1	2	1	2	1	2
FBgn0032804	0	0	0	0	0	1
FBgn0003231	671	638	583	960	502	874
FBgn0032805	85	70	59	82	50	57
FBgn0041180	3563	3125	3307	3888	3158	2980
FBgn0264845	5	7	3	8	5	15
FBgn0032809	1	4	1	2	1	4
FBgn0032810	2	2	9	1	3	7
FBgn0005672	1343	986	987	1103	962	1172
FBgn0027949	219	184	230	227	222	227
FBgn0032811	61	39	45	59	32	34
FBgn0032812	110	75	119	129	93	77
FBgn0032813	4	2	5	6	2	1
FBgn0032814	75	78	106	125	58	114
FBgn0000464	230	198	226	299	205	326
FBgn0267964	4	0	0	3	0	4
FBgn0005590	1	0	1	0	0	0
FBgn0032815	187	191	216	249	213	264
FBgn0032816	58	44	59	56	41	50
FBgn0266211	2	1	1	1	0	0
FBgn0032817	395	370	481	579	476	608
FBgn0032818	82	63	79	102	47	65
FBgn0032819	76	53	79	65	78	88
FBgn0032820	54	52	56	96	59	94
FBgn0032821	380	334	427	502	385	466
FBgn0032822	13	14	19	19	11	16
FBgn0004811	127	103	143	139	121	147
FBgn0263873	173	147	114	180	153	150
FBgn0032827	1	0	0	1	1	1
FBgn0032833	646	482	699	666	612	520
FBgn0054051	1	0	0	0	1	0
FBgn0032835	1	0	0	2	0	0
FBgn0042129	1	0	0	0	0	0
FBgn0014127	269	208	284	327	266	349
FBgn0019686	146	104	170	195	169	195
FBgn0003978	115	65	135	104	86	69
FBgn0045064	77	94	101	107	77	109
FBgn0032843	10	9	5	10	3	15
FBgn0003141	84	69	91	89	73	89
FBgn0004374	157	117	180	154	158	161
FBgn0263773	51	66	57	108	47	74
FBgn0032845	30	23	32	38	16	29
FBgn0032846	32	20	38	47	24	26
FBgn0032847	97	84	75	128	78	118
FBgn0032848	181	130	163	164	155	180
FBgn0032849	47	35	81	74	48	46
FBgn0032850	1	0	0	0	0	0
FBgn0259998	0	0	1	0	0	0
FBgn0260000	1	1	1	1	3	3
FBgn0003475	697	643	612	912	620	563
FBgn0011638	1054	840	1227	1400	1210	1382
FBgn0015803	399	349	453	460	333	470
FBgn0026756	1	1	0	0	1	0
FBgn0032856	0	0	0	1	0	1
FBgn0032857	0	3	1	0	0	0
FBgn0032858	74	49	60	64	51	82
FBgn0032859	917	828	877	1054	805	1030
FBgn0032860	0	0	0	0	1	0
FBgn0263355	260	169	330	358	270	283
FBgn0051683	67	0	0	0	0	35
FBgn0051687	179	164	174	168	115	163
FBgn0042175	396	414	471	558	413	537
FBgn0032863	175	136	173	208	121	208
FBgn0032864	1832	1545	1731	1947	1826	1785
FBgn0032868	0	0	1	0	0	0
FBgn0051680	0	1	0	0	0	0
FBgn0032869	18	11	19	7	7	12
FBgn0016054	84	66	87	94	94	85
FBgn0032870	126	101	122	120	82	108
FBgn0042133	24	18	21	35	35	33
FBgn0032871	36	36	36	30	20	14
FBgn0261787	376	293	415	502	376	510
FBgn0032873	144	143	148	208	152	236
FBgn0051678	647	559	679	903	587	762
FBgn0086657	116	104	125	147	105	129
FBgn0032876	129	137	169	190	153	191
FBgn0032877	27	22	42	35	22	31
FBgn0014859	9	2	2	1	3	1
FBgn0032878	0	0	0	0	1	0
FBgn0032879	5	5	5	4	6	10
FBgn0032880	838	734	809	996	735	853
FBgn0262743	833	733	1025	1261	921	1150
FBgn0032881	65	66	59	85	44	44
FBgn0032882	166	137	190	212	153	169
FBgn0032883	171	112	184	209	158	213
FBgn0011202	343	292	327	421	341	470
FBgn0000251	0	1	2	2	0	1
FBgn0032884	254	172	297	277	221	183
FBgn0250785	404	288	352	423	364	398
FBgn0032886	363	324	298	340	345	334
FBgn0053322	0	2	0	0	0	0
FBgn0032888	0	1	0	0	0	0
FBgn0032889	503	403	510	573	389	478
FBgn0051673	215	186	201	274	193	252
FBgn0051674	33	41	29	47	30	48
FBgn0032891	14	9	26	23	11	22
FBgn0028986	0	1	0	0	0	1
FBgn0051676	0	2	0	3	1	1
FBgn0032895	0	1	0	0	0	0
FBgn0032897	1	4	2	1	0	0
FBgn0032899	95	87	47	80	71	67
FBgn0051675	2	0	2	1	2	3
FBgn0032900	3	0	3	1	0	1
FBgn0032901	239	214	228	345	262	288
FBgn0263996	56	42	58	23	1	58
FBgn0053317	0	1	1	0	0	2
FBgn0266369	111	105	134	171	86	112
FBgn0053318	0	0	0	0	1	2
FBgn0288834	403	316	342	413	351	426
FBgn0032907	42	38	45	64	34	37
FBgn0032908	6	4	4	7	6	19
FBgn0250867	117	91	69	124	90	125
FBgn0010395	137	154	128	193	147	178
FBgn0032910	4	3	2	4	0	4
FBgn0032911	0	0	1	1	1	0
FBgn0053511	3	2	0	3	2	0
FBgn0053510	3	4	1	3	0	1
FBgn0053509	8	7	9	10	9	8
FBgn0053508	8	9	13	18	8	15
FBgn0032913	0	1	0	1	1	0
FBgn0284251	306	235	435	415	385	394
FBgn0083972	1	0	1	1	1	1
FBgn0032916	75	63	84	114	87	89
FBgn0040297	373	259	277	313	259	340
FBgn0284223	0	0	14	0	0	0
FBgn0023388	496	389	418	514	389	509
FBgn0032919	321	253	468	478	429	549
FBgn0086251	259	216	221	358	245	319
FBgn0024371	216	152	221	210	184	218
FBgn0032921	39	40	41	47	39	52
FBgn0032922	39	42	32	48	19	27
FBgn0032923	395	334	396	483	296	426
FBgn0032924	132	95	145	167	100	152
FBgn0032925	251	232	313	359	314	401
FBgn0263050	72	49	60	67	60	63
FBgn0263051	75	59	84	86	67	70
FBgn0010100	991	825	1020	1171	1036	1010
FBgn0051627	5	2	2	3	5	4
FBgn0000239	594	534	650	799	613	779
FBgn0032929	103	85	88	121	104	107
FBgn0011829	2	2	0	3	3	5
FBgn0051624	14	9	16	10	8	3
FBgn0051988	0	2	0	0	0	0
FBgn0026255	1	0	1	0	1	1
FBgn0032935	95	86	77	76	76	84
FBgn0032934	74	48	72	79	59	79
FBgn0026577	956	865	1035	1236	1053	1220
FBgn0051626	3	1	4	7	6	9
FBgn0261239	145	111	142	158	128	154
FBgn0021856	136	140	192	217	137	189
FBgn0032938	341	327	413	497	366	454
FBgn0041336	0	0	1	3	2	2
FBgn0032940	738	587	736	832	696	735
FBgn0264556	5	2	18	11	8	7
FBgn0000370	2563	2331	2691	3468	2483	3358
FBgn0284230	50	47	53	74	62	53
FBgn0023091	1	0	1	4	3	3
FBgn0032943	96	107	108	158	92	127
FBgn0023090	0	1	0	5	0	1
FBgn0032946	3	0	0	0	0	1
FBgn0051616	2	0	1	0	1	1
FBgn0051615	2	0	1	0	1	1
FBgn0051754	0	0	0	3	0	0
FBgn0053801	0	0	0	0	0	0
FBgn0053910	3	3	0	4	5	4
FBgn0053802	37	12	4	16	13	27
FBgn0053909	20	16	15	13	14	20
FBgn0053803	15	10	8	13	7	13
FBgn0051617	0	0	0	0	0	0
FBgn0061209	3	0	0	4	5	4
FBgn0051618	1	24	0	0	3	10
FBgn0051611	20	16	15	13	14	20
FBgn0051613	15	10	8	13	7	13
FBgn0053804	22	0	19	24	18	34
FBgn0053908	3	3	0	4	5	4
FBgn0053806	15	10	8	13	7	13
FBgn0053807	0	0	0	0	0	0
FBgn0053906	3	3	0	4	5	4
FBgn0053808	137	227	29	95	172	192
FBgn0053905	20	16	15	13	14	20
FBgn0053809	15	10	8	13	7	13
FBgn0053810	3	4	1	0	0	0
FBgn0053904	3	3	0	4	5	4
FBgn0053811	37	12	4	16	13	27
FBgn0053903	20	16	15	13	14	20
FBgn0053812	15	10	8	13	7	13
FBgn0053813	0	0	0	0	0	0
FBgn0053902	3	3	0	4	5	4
FBgn0053814	1	24	0	0	3	10
FBgn0053901	20	16	15	13	14	20
FBgn0053815	15	10	8	13	7	13
FBgn0053816	3	4	1	0	0	0
FBgn0053900	3	3	0	4	5	4
FBgn0053817	1	24	0	0	3	10
FBgn0053818	0	2	0	0	0	0
FBgn0053819	3	4	1	0	0	0
FBgn0053898	3	3	0	4	5	4
FBgn0053820	1	24	0	0	3	10
FBgn0053821	0	2	0	0	0	0
FBgn0053822	3	4	1	0	0	0
FBgn0053896	3	3	0	4	5	4
FBgn0053823	1	24	0	0	3	10
FBgn0053824	0	2	0	0	0	0
FBgn0053825	3	4	1	0	0	0
FBgn0053894	3	3	0	4	5	4
FBgn0053826	1	24	0	0	3	10
FBgn0053827	0	2	0	0	0	0
FBgn0053828	3	4	1	0	0	0
FBgn0053892	3	3	0	4	5	4
FBgn0053829	1	24	0	0	3	10
FBgn0053830	0	2	0	0	0	0
FBgn0053831	3	4	1	0	0	0
FBgn0053890	3	3	0	4	5	4
FBgn0053832	40	0	31	29	17	10
FBgn0053889	20	16	15	13	14	20
FBgn0053833	15	10	8	13	7	13
FBgn0053834	4	0	0	0	0	0
FBgn0053888	3	3	0	4	5	4
FBgn0053835	40	0	31	29	17	10
FBgn0053887	20	16	15	13	14	20
FBgn0053836	15	10	8	13	7	13
FBgn0053837	22	29	19	24	18	34
FBgn0053886	3	3	0	4	5	4
FBgn0053838	40	0	31	29	17	10
FBgn0053885	20	16	15	13	14	20
FBgn0053839	15	10	8	13	7	13
FBgn0053840	22	29	19	24	18	34
FBgn0053884	3	3	0	4	5	4
FBgn0053841	40	0	31	29	17	10
FBgn0053883	20	16	15	13	14	20
FBgn0053842	15	10	8	13	7	13
FBgn0053843	22	29	19	24	18	34
FBgn0053882	3	3	0	4	5	4
FBgn0053844	40	0	31	29	17	10
FBgn0053845	15	10	8	13	7	13
FBgn0053846	22	29	19	24	18	34
FBgn0053880	3	3	0	4	5	4
FBgn0053847	40	0	31	29	17	10
FBgn0053848	15	10	8	13	7	13
FBgn0053849	22	29	19	24	18	34
FBgn0053878	3	3	0	4	5	4
FBgn0053850	40	0	31	29	17	10
FBgn0053851	15	10	8	13	7	13
FBgn0053852	22	29	19	24	18	34
FBgn0053876	3	0	0	0	5	4
FBgn0053875	0	0	0	0	0	0
FBgn0053854	15	10	8	13	7	13
FBgn0053855	0	0	0	0	13	0
FBgn0053874	3	0	0	0	5	4
FBgn0053873	0	0	0	0	0	0
FBgn0053857	15	10	8	13	7	13
FBgn0053858	0	0	0	0	13	0
FBgn0053872	3	0	0	0	5	4
FBgn0053871	0	0	0	0	0	0
FBgn0053860	15	10	8	13	7	13
FBgn0053861	0	0	0	0	13	0
FBgn0053870	3	3	0	4	5	4
FBgn0053862	40	0	31	29	17	10
FBgn0053863	15	10	8	13	7	13
FBgn0053864	22	29	19	24	18	34
FBgn0053868	243	150	191	163	69	153
FBgn0053865	40	0	31	29	17	10
FBgn0053867	216	220	145	225	153	218
FBgn0053866	15	10	8	13	7	13
FBgn0051614	95	76	81	112	74	146
FBgn0032949	1268	1184	1330	1706	1283	1531
FBgn0260718	0	0	2	0	0	1
FBgn0016919	5	7	3	5	0	4
FBgn0260719	0	0	0	0	0	0
FBgn0032955	187	163	158	241	170	222
FBgn0022893	4790	3963	4721	5049	5206	5071
FBgn0023416	271	270	259	393	289	417
FBgn0032956	588	542	499	688	498	629
FBgn0032957	250	241	258	363	266	397
FBgn0000559	19481	16698	22937	27394	21835	22592
FBgn0051619	1130	989	1229	1484	1118	1257
FBgn0086779	376	398	407	511	374	518
FBgn0032961	598	471	638	691	626	601
FBgn0051612	42	45	35	61	35	53
FBgn0032964	2	2	3	5	4	2
FBgn0003866	586	483	601	771	567	744
FBgn0032965	13	17	19	33	13	21
FBgn0032967	7	6	9	11	13	19
FBgn0283728	9	10	14	26	12	14
FBgn0032968	77	92	76	117	76	110
FBgn0051693	0	0	0	0	1	0
FBgn0028979	6	4	7	8	8	9
FBgn0084001	10	7	5	9	4	6
FBgn0051601	41	26	69	67	37	47
FBgn0040519	1	1	1	0	0	1
FBgn0032972	0	2	4	1	1	1
FBgn0032973	3	8	4	6	4	5
FBgn0032974	467	405	481	514	422	547
FBgn0025674	488	367	515	577	460	558
FBgn0261802	432	402	346	511	344	430
FBgn0083973	6	5	3	7	3	5
FBgn0032979	675	494	651	730	593	724
FBgn0032981	108	93	131	185	124	156
FBgn0259683	4	1	3	6	3	14
FBgn0042701	0	2	2	0	0	4
FBgn0032986	279	239	268	327	240	331
FBgn0032987	6922	6559	6984	10189	7231	9081
FBgn0032988	303	310	375	428	303	446
FBgn0039972	322	273	535	633	474	474
FBgn0064225	26026	24246	24467	33747	24691	31489
FBgn0040009	61	63	75	114	57	95
FBgn0040010	294	303	308	390	291	384
FBgn0040011	468	444	503	596	449	603
FBgn0058006	16	22	15	16	15	14
FBgn0058439	60	56	83	105	63	136
FBgn0041004	339	339	317	413	340	374
FBgn0002566	378	397	408	500	348	636
FBgn0000384	236	268	258	314	230	294
FBgn0250907	8	11	7	9	7	12
FBgn0086683	259	241	253	323	247	358
FBgn0039958	175	197	186	227	186	255
FBgn0063368	0	0	0	4	0	0
FBgn0267976	337	306	371	366	314	393
FBgn0260435	5	1	1	4	5	5
FBgn0085664	0	1	0	0	0	0
FBgn0267428	0	1	2	1	0	2
FBgn0284080	60	55	37	27	53	22
FBgn0069969	2	0	1	0	0	0
FBgn0003256	177	184	173	213	162	216
FBgn0261505	129	75	134	158	114	158
FBgn0085732	255	246	273	336	189	290
FBgn0058191	365	312	339	405	325	425
FBgn0267398	321	373	401	473	324	434
FBgn0262123	11	10	17	24	21	24
FBgn0267861	360	428	338	570	334	590
FBgn0039993	420	406	370	540	393	585
FBgn0058068	0	2	0	3	0	0
FBgn0087011	9	16	9	13	12	14
FBgn0263780	2	0	3	2	5	5
FBgn0058100	0	2	1	6	2	2
FBgn0058263	81	80	80	114	73	121
FBgn0085638	55	53	45	67	46	76
FBgn0020908	0	1	1	5	0	1
FBgn0260995	0	3	0	1	2	2
FBgn0085570	0	0	0	0	1	0
FBgn0085569	0	0	0	1	1	1
FBgn0266762	1	0	0	1	0	2
FBgn0085786	4	4	6	14	11	13
FBgn0058461	3	0	0	0	0	0
FBgn0085512	0	1	1	2	1	1
FBgn0262124	327	334	328	455	377	445
FBgn0046706	32	44	33	62	43	39
FBgn0262115	119	101	102	144	98	144
FBgn0262116	150	114	144	191	137	172
FBgn0262117	163	119	154	196	162	201
FBgn0260798	55	64	47	71	51	93
FBgn0040007	896	917	770	1053	797	1067
FBgn0046692	43	48	34	44	29	40
FBgn0260799	246	212	229	327	211	290
FBgn0032997	72	75	86	92	72	95
FBgn0040005	113	99	90	124	104	137
FBgn0026401	547	527	594	845	582	802
FBgn0039979	2	1	2	3	3	5
FBgn0084049	1	0	2	4	0	8
FBgn0039994	143	149	140	226	134	241
FBgn0262970	17	25	39	47	28	44
FBgn0250830	28	21	34	24	18	27
FBgn0261387	263	245	288	315	264	277
FBgn0033000	107	77	90	111	100	94
FBgn0264911	2	3	7	6	4	8
FBgn0040849	0	1	1	5	0	1
FBgn0013348	0	0	0	0	0	1
FBgn0033005	189	173	188	247	153	292
FBgn0026238	148	155	132	195	144	189
FBgn0033010	103	117	76	112	108	113
FBgn0053554	359	402	465	574	399	531
FBgn0033015	148	155	173	222	156	231
FBgn0261403	352	350	340	439	339	442
FBgn0033017	111	109	112	136	103	129
FBgn0033019	32	19	27	38	26	24
FBgn0050441	1	1	3	1	3	0
FBgn0033020	0	1	0	1	0	0
FBgn0033021	267	245	301	344	244	320
FBgn0286203	165	166	215	271	183	221
FBgn0050440	9	6	4	4	6	8
FBgn0050438	0	1	0	0	0	0
FBgn0039969	120	130	162	194	132	169
FBgn0039970	199	192	144	211	142	245
FBgn0033028	337	307	356	378	260	381
FBgn0027507	120	98	152	186	129	154
FBgn0033029	575	525	607	742	592	728
FBgn0033032	59	61	61	76	63	84
FBgn0033033	554	525	556	712	607	775
FBgn0287767	313	301	258	327	283	335
FBgn0259978	178	155	208	221	196	209
FBgn0022288	132	94	185	166	149	163
FBgn0085229	55	47	46	52	51	70
FBgn0033038	114	115	119	181	93	147
FBgn0266580	908	802	1087	1300	1029	1173
FBgn0025693	202	197	184	223	173	210
FBgn0033043	0	0	0	1	0	0
FBgn0033047	0	0	0	1	0	0
FBgn0033048	0	0	0	1	0	1
FBgn0263855	316	261	246	312	259	311
FBgn0002774	277	241	267	359	278	347
FBgn0264959	449	382	468	545	411	537
FBgn0000043	4855	3745	4876	4753	4344	4669
FBgn0033050	305	305	315	368	297	413
FBgn0033051	137	109	159	148	127	128
FBgn0033052	766	699	745	1013	694	916
FBgn0033054	0	0	1	0	0	1
FBgn0033055	219	195	218	261	219	256
FBgn0033058	0	0	1	0	0	0
FBgn0033056	0	0	1	0	0	0
FBgn0284246	101	71	109	125	112	129
FBgn0033060	25	26	27	34	33	19
FBgn0033061	6	4	3	5	4	11
FBgn0033062	435	424	536	659	485	629
FBgn0000546	168	177	233	236	191	184
FBgn0033063	0	0	1	1	0	0
FBgn0033065	0	0	1	0	0	0
FBgn0040502	0	1	0	0	0	0
FBgn0262867	0	3	0	2	1	1
FBgn0033072	0	0	1	0	1	2
FBgn0021847	142	110	121	161	118	132
FBgn0263144	464	407	408	477	440	457
FBgn0033074	0	1	0	6	4	2
FBgn0286511	222	179	209	272	202	287
FBgn0086655	114	86	116	115	95	128
FBgn0053919	0	1	0	1	1	2
FBgn0262736	3840	3262	3683	4884	3528	3937
FBgn0026761	288	261	337	428	312	345
FBgn0042085	506	364	523	575	490	573
FBgn0033079	136	94	100	131	72	100
FBgn0029131	376	306	344	301	294	264
FBgn0050443	65	52	71	89	63	73
FBgn0033081	404	267	424	377	369	394
FBgn0013732	40	29	37	44	38	34
FBgn0266518	176	140	211	267	187	192
FBgn0284249	147	110	142	144	126	131
FBgn0033085	19	14	21	20	16	22
FBgn0033086	58	41	49	93	58	62
FBgn0033087	69	61	87	85	56	86
FBgn0033088	66	74	70	87	69	81
FBgn0033089	44	30	69	62	48	49
FBgn0033092	54	30	45	43	34	40
FBgn0259977	19	7	12	11	10	16
FBgn0033090	1	2	3	3	4	4
FBgn0050446	2	0	2	4	4	6
FBgn0033093	9	10	13	7	5	9
FBgn0259483	200	184	248	312	214	197
FBgn0014009	360	262	353	405	320	350
FBgn0033095	110	104	100	133	92	97
FBgn0266525	110	104	100	133	92	97
FBgn0033096	1	0	0	0	0	0
FBgn0010482	1	1	6	5	0	6
FBgn0028579	119	105	127	127	133	125
FBgn0042083	138	131	162	221	149	188
FBgn0027066	1043	850	1007	1073	930	1039
FBgn0033100	43	31	55	52	43	38
FBgn0033101	169	89	198	184	133	143
FBgn0085421	14	6	10	6	4	9
FBgn0000473	1	1	0	0	2	1
FBgn0014028	503	305	494	483	370	347
FBgn0033104	60	37	62	68	48	54
FBgn0022224	39	33	29	35	32	48
FBgn0265003	641	590	590	714	580	770
FBgn0033108	5	4	7	7	5	10
FBgn0040674	0	0	1	0	0	0
FBgn0265935	526	410	523	628	508	564
FBgn0033110	7	11	4	8	5	9
FBgn0265137	165	151	178	204	140	172
FBgn0033112	1	0	0	1	2	3
FBgn0033113	79	70	75	104	89	85
FBgn0028988	1	5	7	6	5	3
FBgn0033115	5	9	18	20	12	31
FBgn0050158	0	0	0	0	1	0
FBgn0033117	96	61	70	99	65	78
FBgn0053558	314	248	234	256	254	273
FBgn0066293	0	0	0	1	0	0
FBgn0066292	2	0	5	0	0	9
FBgn0053348	0	0	1	0	0	1
FBgn0053349	0	0	0	2	0	1
FBgn0033121	108	98	126	123	89	101
FBgn0050157	12	14	15	17	15	12
FBgn0022960	224	151	193	194	185	228
FBgn0050156	53	39	53	49	50	33
FBgn0033122	128	85	131	136	83	78
FBgn0029508	96	68	73	80	70	83
FBgn0050159	145	108	179	144	139	115
FBgn0261856	0	1	0	1	0	2
FBgn0050160	1	0	1	0	2	0
FBgn0033124	1	0	2	1	0	2
FBgn0029507	322	258	294	372	289	290
FBgn0029506	1373	1323	1208	1480	1244	1493
FBgn0263655	3	5	1	8	1	5
FBgn0263656	1	1	2	4	2	3
FBgn0033127	211	167	228	210	188	216
FBgn0033128	43	42	27	36	35	32
FBgn0033129	0	1	0	0	0	2
FBgn0033130	1	0	0	0	0	0
FBgn0053914	1	4	0	1	0	3
FBgn0033131	0	1	0	0	0	0
FBgn0033132	2	1	0	0	0	0
FBgn0033133	0	1	0	1	0	0
FBgn0033134	3	6	4	10	2	5
FBgn0016032	19	7	25	11	28	15
FBgn0033135	0	0	0	1	1	1
FBgn0033137	10	6	6	10	10	5
FBgn0033136	1	0	5	0	2	1
FBgn0027558	245	225	269	351	214	285
FBgn0033141	0	1	1	1	2	2
FBgn0015038	0	0	0	0	1	1
FBgn0015039	0	0	1	0	0	0
FBgn0003090	2	0	1	0	1	1
FBgn0002930	1	1	0	0	0	0
FBgn0026602	45	37	47	45	29	42
FBgn0033153	80	64	62	125	61	134
FBgn0033155	270	186	295	300	237	279
FBgn0260991	585	421	547	479	494	547
FBgn0003174	1	0	0	1	1	0
FBgn0033159	546	494	335	441	330	411
FBgn0000352	135	86	159	180	136	145
FBgn0033160	380	314	491	512	439	448
FBgn0041243	1	3	7	3	2	4
FBgn0283450	224	197	274	257	241	193
FBgn0033166	216	178	261	248	227	203
FBgn0262583	0	0	1	1	1	0
FBgn0003460	0	1	0	0	0	1
FBgn0033169	142	120	169	223	167	213
FBgn0033170	6	1	13	5	2	2
FBgn0040513	70	37	56	54	72	41
FBgn0050503	16	9	26	36	4	30
FBgn0050502	2	1	0	1	3	0
FBgn0033174	83	79	68	85	67	69
FBgn0025885	3926	2704	3389	4310	2850	3065
FBgn0033177	241	196	259	325	246	265
FBgn0033178	167	144	178	176	120	105
FBgn0033179	513	348	491	423	374	368
FBgn0010548	508	386	481	637	403	543
FBgn0259745	338	322	328	438	340	420
FBgn0263240	57	54	77	120	70	80
FBgn0033183	240	180	228	282	204	221
FBgn0015929	409	314	438	423	425	450
FBgn0261397	446	366	519	638	434	569
FBgn0033184	86	56	75	98	45	57
FBgn0025185	56	42	59	82	46	51
FBgn0033185	64	78	100	109	100	79
FBgn0033186	24	18	21	31	17	13
FBgn0033187	142	130	145	172	123	137
FBgn0286788	110	61	110	126	119	100
FBgn0033188	405	334	323	461	260	249
FBgn0264294	427	358	413	517	400	565
FBgn0033190	13	7	5	11	8	27
FBgn0033191	141	122	137	168	121	151
FBgn0033192	29	27	29	34	28	33
FBgn0050499	223	161	236	279	226	246
FBgn0004132	123	83	119	102	115	125
FBgn0033194	761	735	797	1212	729	1212
FBgn0004133	198	164	223	268	208	263
FBgn0033195	33	24	22	27	26	29
FBgn0261385	1197	802	1101	1063	1093	1113
FBgn0033196	587	454	433	546	407	554
FBgn0263077	321	267	274	300	282	272
FBgn0263046	1	0	1	2	3	1
FBgn0033199	52	42	54	82	55	61
FBgn0028687	575	397	594	579	519	481
FBgn0050491	18	27	20	23	18	24
FBgn0050495	3	5	2	1	2	2
FBgn0033202	1	0	1	0	0	0
FBgn0033203	1	0	1	1	2	2
FBgn0033204	171	139	141	195	186	183
FBgn0033205	395	372	436	536	411	568
FBgn0033206	93	74	83	111	63	87
FBgn0033207	0	0	0	0	0	1
FBgn0033208	49	35	35	49	35	42
FBgn0033209	71	89	111	113	111	120
FBgn0033210	87	67	106	117	86	83
FBgn0033212	450	386	393	573	391	509
FBgn0050493	26	23	26	31	16	36
FBgn0050496	40	46	47	68	56	52
FBgn0085245	3	0	1	4	2	5
FBgn0003733	3	6	1	2	5	3
FBgn0033214	4	4	3	4	1	7
FBgn0033215	0	2	1	0	0	2
FBgn0042135	318	295	298	335	281	390
FBgn0286778	1044	902	907	1254	945	1125
FBgn0000337	14	5	7	4	6	14
FBgn0015614	200	163	227	280	175	208
FBgn0033221	6	0	3	2	3	3
FBgn0033222	0	0	1	0	0	1
FBgn0001091	752	550	798	895	601	647
FBgn0002891	201	256	215	392	221	338
FBgn0033224	239	177	241	289	233	210
FBgn0003317	229	200	259	284	205	230
FBgn0033225	90	84	113	121	84	102
FBgn0033226	223	228	247	395	201	266
FBgn0029093	1602	1243	1405	1455	1387	1198
FBgn0050383	17	24	26	42	20	23
FBgn0003082	229	170	251	256	178	212
FBgn0263121	272	226	91	317	272	453
FBgn0042173	292	235	277	389	256	285
FBgn0050382	871	627	1012	850	712	695
FBgn0033229	200	138	247	206	154	183
FBgn0040780	16	7	18	21	9	13
FBgn0085390	12	6	11	12	11	11
FBgn0050377	2	1	0	0	1	0
FBgn0033232	71	62	76	87	64	63
FBgn0015509	568	493	503	680	514	600
FBgn0026393	10	10	15	14	16	11
FBgn0033233	48	25	50	60	57	56
FBgn0033234	5	5	8	9	6	6
FBgn0050381	34	30	38	44	25	40
FBgn0023171	78	85	80	122	79	112
FBgn0026722	85	77	96	110	93	111
FBgn0033235	264	206	297	281	221	256
FBgn0050380	1	0	0	0	0	0
FBgn0033236	147	160	174	247	175	197
FBgn0085459	19	17	13	21	22	18
FBgn0085460	20	22	13	35	23	29
FBgn0033238	1	0	1	0	0	1
FBgn0050378	1	0	1	0	0	0
FBgn0033240	28	24	29	34	25	44
FBgn0033241	462	359	427	463	334	346
FBgn0026361	64	56	60	99	54	78
FBgn0027548	383	233	371	351	334	245
FBgn0033243	3	3	1	3	2	2
FBgn0033244	172	142	170	213	165	180
FBgn0027054	133	93	143	141	135	139
FBgn0033246	1776	1370	1846	2178	1647	1890
FBgn0033247	113	64	113	117	106	97
FBgn0027788	1	1	0	0	0	0
FBgn0033250	1	0	0	0	0	0
FBgn0033252	1	0	5	7	3	2
FBgn0040778	4	4	4	14	9	8
FBgn0020279	2790	1853	2876	2724	2481	2442
FBgn0021814	179	144	191	208	173	195
FBgn0025469	72	50	46	73	36	52
FBgn0028563	309	235	269	283	219	293
FBgn0028562	0	3	0	1	1	0
FBgn0028561	0	0	2	0	0	0
FBgn0033257	3	4	1	4	5	2
FBgn0033258	17	10	18	17	13	14
FBgn0033259	167	149	184	249	148	184
FBgn0033260	334	292	342	398	293	354
FBgn0033261	307	305	339	425	230	467
FBgn0050372	338	313	361	457	337	438
FBgn0033264	151	110	174	201	140	171
FBgn0033265	51	61	63	81	41	85
FBgn0033266	91	67	133	134	110	116
FBgn0260390	34	63	44	32	6	40
FBgn0260398	79	48	96	128	113	104
FBgn0005648	367	319	421	448	396	424
FBgn0033268	7	11	14	25	12	16
FBgn0263593	825	676	715	1027	583	724
FBgn0010504	162	143	150	139	124	138
FBgn0050374	0	0	1	2	0	1
FBgn0033271	2	0	3	0	0	2
FBgn0033272	134	116	117	145	103	116
FBgn0021995	251	207	280	320	294	303
FBgn0050373	62	40	67	55	51	60
FBgn0033273	33	33	30	31	24	22
FBgn0011659	89	79	88	86	91	100
FBgn0033274	13	20	19	20	13	11
FBgn0053087	1209	1023	988	1569	951	1249
FBgn0033275	0	0	2	0	0	0
FBgn0010109	0	0	1	0	0	0
FBgn0013726	468	421	462	488	436	447
FBgn0265632	0	1	1	1	1	1
FBgn0033277	7	5	7	8	3	10
FBgn0261588	2	3	1	4	5	6
FBgn0033283	1	0	1	1	1	0
FBgn0050364	1	0	1	0	1	0
FBgn0050365	1	1	0	2	1	2
FBgn0250827	0	0	0	1	0	0
FBgn0050363	0	0	0	0	0	0
FBgn0050366	0	0	1	1	0	0
FBgn0050362	0	0	0	1	0	1
FBgn0033285	0	0	0	0	1	1
FBgn0033286	3	1	0	0	3	1
FBgn0033287	0	0	0	0	0	1
FBgn0028836	135	75	113	128	92	89
FBgn0002531	1	1	0	0	0	0
FBgn0002534	0	0	1	1	0	0
FBgn0033292	24	8	23	30	17	22
FBgn0014469	270	226	236	353	208	355
FBgn0015034	5	6	6	6	9	6
FBgn0002570	2	3	1	3	2	0
FBgn0002569	0	2	1	2	0	1
FBgn0050359	2	0	2	0	1	0
FBgn0050360	2	1	1	0	1	1
FBgn0033296	0	1	0	0	1	0
FBgn0050361	1	0	0	0	1	0
FBgn0033302	168	122	123	194	105	181
FBgn0033303	2	0	0	1	1	3
FBgn0033304	193	168	169	249	187	179
FBgn0259226	5	0	3	1	5	3
FBgn0033307	0	1	0	0	0	1
FBgn0033308	5	2	4	6	4	0
FBgn0033309	185	156	160	231	143	183
FBgn0267792	271	232	196	268	187	276
FBgn0033312	2	5	0	0	0	1
FBgn0033313	919	726	1058	1262	889	1164
FBgn0022027	89	81	116	109	80	83
FBgn0033315	28	35	37	33	35	36
FBgn0033316	118	96	122	113	118	89
FBgn0033317	208	175	281	301	235	280
FBgn0003892	148	113	134	172	122	139
FBgn0263120	1452	1299	1305	1857	1132	1529
FBgn0050354	0	0	0	0	0	1
FBgn0050355	0	1	0	3	0	3
FBgn0001285	0	0	0	0	0	1
FBgn0033320	0	1	0	1	0	1
FBgn0033321	3	4	1	3	3	2
FBgn0033324	0	0	0	1	0	3
FBgn0033326	0	0	0	0	1	0
FBgn0043575	1	1	0	2	2	0
FBgn0040777	815	720	739	1029	825	862
FBgn0050357	16	11	16	22	9	17
FBgn0005695	53	37	35	47	33	42
FBgn0050356	0	1	1	1	0	0
FBgn0086784	213	173	225	297	178	280
FBgn0289556	0	2	1	2	2	5
FBgn0024189	5	0	0	5	1	0
FBgn0011286	2	6	2	3	3	4
FBgn0033337	39	36	49	59	31	50
FBgn0021825	461	321	401	484	395	385
FBgn0033339	924	786	987	1109	862	1042
FBgn0027513	68	32	75	76	44	52
FBgn0033340	107	87	125	173	120	103
FBgn0033341	111	60	106	108	90	89
FBgn0004921	494	380	423	506	370	421
FBgn0284436	1031	644	1235	1236	1120	893
FBgn0050349	350	233	436	446	384	462
FBgn0033344	5	2	5	4	2	2
FBgn0003074	465	417	461	771	396	574
FBgn0002552	210	170	242	258	206	239
FBgn0085248	1	0	6	4	5	1
FBgn0033347	0	1	6	4	4	1
FBgn0033348	57	56	55	59	41	62
FBgn0033349	264	197	283	334	244	220
FBgn0033350	104	82	95	125	103	86
FBgn0033351	124	87	128	97	99	93
FBgn0033352	466	440	473	609	395	553
FBgn0033353	7	6	6	7	12	8
FBgn0033354	191	189	192	253	187	245
FBgn0033355	0	1	0	0	0	0
FBgn0027607	384	329	374	486	366	463
FBgn0053199	119	93	115	128	110	119
FBgn0033356	103	112	119	115	95	142
FBgn0033357	67	66	80	117	77	75
FBgn0011300	345	275	420	462	312	387
FBgn0033358	2	1	1	0	1	0
FBgn0286782	198	133	170	174	189	195
FBgn0265011	9	6	7	3	4	4
FBgn0033362	20	9	12	22	15	16
FBgn0033363	12	17	20	17	15	14
FBgn0033364	11	8	13	17	8	12
FBgn0033365	1	0	0	0	0	0
FBgn0033366	0	0	2	0	0	2
FBgn0033367	365	235	441	430	343	426
FBgn0033368	56	49	38	61	33	71
FBgn0011746	2	1	3	7	1	3
FBgn0025709	2	4	1	3	2	0
FBgn0033371	5	5	8	11	9	4
FBgn0033372	43	27	54	57	29	37
FBgn0010220	111	85	112	135	115	147
FBgn0033373	153	123	164	119	125	124
FBgn0033374	7	3	2	6	4	5
FBgn0033375	85	68	75	103	76	75
FBgn0033376	142	135	116	154	86	152
FBgn0015838	283	257	313	425	270	378
FBgn0033377	367	287	359	503	343	426
FBgn0033378	190	124	220	257	170	201
FBgn0033379	194	174	277	305	273	287
FBgn0033380	99	77	111	108	92	127
FBgn0003612	373	302	394	440	348	442
FBgn0033381	50	40	42	65	7	11
FBgn0027561	585	408	526	554	406	498
FBgn0033382	104	88	132	112	93	97
FBgn0260972	193	129	198	192	125	160
FBgn0028955	6	6	4	8	2	4
FBgn0265313	6	6	4	10	2	5
FBgn0086656	307	261	292	346	307	341
FBgn0050342	99	75	101	126	85	77
FBgn0050344	329	304	213	359	222	322
FBgn0050345	96	85	77	107	73	88
FBgn0033387	13	24	23	22	25	29
FBgn0033388	25	35	40	30	45	37
FBgn0033389	11	15	17	24	13	18
FBgn0259728	13	10	17	24	13	20
FBgn0015477	1055	876	1066	1276	950	1263
FBgn0002567	10	12	3	8	10	7
FBgn0033391	230	192	226	276	211	245
FBgn0266486	159	146	151	184	127	182
FBgn0015561	0	0	2	0	0	0
FBgn0033392	37	24	45	61	32	43
FBgn0262515	654	511	682	853	641	672
FBgn0010114	2	2	0	1	1	2
FBgn0033395	0	0	0	1	0	1
FBgn0015037	46	31	29	76	39	66
FBgn0033397	21	27	9	33	14	19
FBgn0050343	1	2	5	0	0	2
FBgn0020621	376	284	344	382	317	366
FBgn0083977	24	19	23	30	24	25
FBgn0033400	104	116	130	149	110	107
FBgn0033401	85	64	91	102	59	101
FBgn0026326	143	113	145	172	118	144
FBgn0028408	7	10	8	15	17	17
FBgn0033402	232	178	189	207	179	200
FBgn0033403	1	0	4	1	1	3
FBgn0033405	0	1	0	1	0	0
FBgn0033404	0	0	0	0	1	0
FBgn0010549	4	1	4	3	5	11
FBgn0033408	0	0	1	0	0	0
FBgn0028473	2365	1981	2527	3405	2548	2689
FBgn0016970	38	31	26	38	22	32
FBgn0053774	14	8	15	35	10	25
FBgn0016078	77	63	76	75	77	90
FBgn0041087	302	220	212	213	237	226
FBgn0033412	0	0	0	1	0	0
FBgn0033413	180	183	210	273	213	239
FBgn0017558	103	95	87	113	102	122
FBgn0029092	1192	961	934	1222	914	1349
FBgn0287478	131	131	175	189	141	166
FBgn0053758	0	0	0	0	1	0
FBgn0053757	2	0	0	0	0	3
FBgn0259246	26	29	28	22	24	32
FBgn0033421	96	70	92	99	93	78
FBgn0033422	1	4	2	2	3	8
FBgn0033423	6	3	10	13	4	9
FBgn0085436	2464	2226	2800	3316	2514	3107
FBgn0033426	102	119	135	140	107	204
FBgn0033427	41	39	60	66	43	53
FBgn0033428	236	138	236	254	210	225
FBgn0033429	17	12	25	31	22	16
FBgn0285949	4619	3165	4843	5458	4044	3894
FBgn0261016	18	24	28	34	22	26
FBgn0033431	85	64	86	107	58	55
FBgn0010342	266	221	266	284	263	266
FBgn0033434	399	328	427	668	372	626
FBgn0050338	20	18	23	21	21	19
FBgn0050340	49	39	67	90	55	78
FBgn0050339	162	141	201	359	155	375
FBgn0050000	237	207	235	301	237	278
FBgn0050005	75	69	78	98	62	104
FBgn0033437	15	22	31	33	23	40
FBgn0033438	394	330	322	363	372	418
FBgn0023143	1894	1503	2118	2315	2008	2197
FBgn0260474	1	0	0	0	1	0
FBgn0010316	139	133	173	165	172	182
FBgn0259678	0	1	0	0	0	2
FBgn0005614	2	1	0	0	0	1
FBgn0033442	1	0	0	0	0	0
FBgn0033443	0	0	1	0	0	0
FBgn0033446	39	34	18	29	26	20
FBgn0040092	1	1	0	1	0	0
FBgn0040093	0	1	0	0	0	0
FBgn0050001	34	30	24	24	28	31
FBgn0033447	1	2	0	3	1	2
FBgn0033448	216	185	133	151	142	129
FBgn0033449	28	20	31	36	25	41
FBgn0033450	13	11	16	13	12	16
FBgn0033451	74	65	71	95	32	62
FBgn0266186	239	177	190	230	228	239
FBgn0033453	112	118	128	164	95	150
FBgn0023180	50	50	53	57	65	48
FBgn0023175	307	241	369	351	261	305
FBgn0033454	213	151	238	265	245	269
FBgn0027580	455	385	249	351	261	280
FBgn0050010	11	4	8	8	4	8
FBgn0288856	43	35	30	45	31	44
FBgn0033457	56	53	68	84	62	60
FBgn0033458	6	4	4	8	6	9
FBgn0033459	38	33	18	38	22	24
FBgn0033460	571	421	499	626	476	615
FBgn0033463	481	376	491	537	411	554
FBgn0033461	2	0	1	1	1	2
FBgn0050008	5	1	2	2	1	3
FBgn0285892	135	117	127	211	131	179
FBgn0000715	1	0	0	0	0	0
FBgn0286783	187	134	160	176	135	158
FBgn0011656	189	171	164	213	147	189
FBgn0033467	5	10	7	3	4	4
FBgn0283510	176	144	216	199	186	194
FBgn0033468	106	77	119	112	97	133
FBgn0033469	4	2	6	2	7	6
FBgn0027619	480	391	489	609	544	629
FBgn0033471	97	84	105	105	88	121
FBgn0286784	1906	1310	1943	2152	1858	1892
FBgn0022382	213	192	131	160	169	175
FBgn0033473	118	76	130	158	118	115
FBgn0033474	331	308	431	475	324	365
FBgn0033475	90	75	88	121	79	100
FBgn0033476	803	692	549	708	590	678
FBgn0085249	21	22	17	16	24	30
FBgn0040773	275	206	257	283	197	254
FBgn0265342	1	1	0	0	0	1
FBgn0263260	189	173	193	285	190	307
FBgn0262169	10	8	10	16	9	17
FBgn0033479	57	49	47	67	40	53
FBgn0033480	52	44	53	58	31	34
FBgn0013435	21	32	28	48	21	22
FBgn0033481	1	2	1	1	1	1
FBgn0033482	569	576	652	900	650	699
FBgn0033483	755	665	569	682	579	591
FBgn0033484	1	3	1	0	0	3
FBgn0001291	318	222	251	324	231	252
FBgn0033485	212	150	231	238	239	304
FBgn0004907	2104	1845	1998	2492	1916	2473
FBgn0003071	310	255	281	482	282	440
FBgn0033486	129	94	145	175	131	136
FBgn0010531	58	42	53	73	47	48
FBgn0050011	553	484	493	621	522	589
FBgn0284235	475	389	406	479	419	451
FBgn0033490	0	0	0	0	1	0
FBgn0026388	0	0	0	2	0	3
FBgn0033491	52	44	59	85	67	79
FBgn0033494	23	25	24	40	28	20
FBgn0265512	2	2	4	3	3	1
FBgn0000448	0	1	1	0	1	0
FBgn0284237	0	3	0	0	1	0
FBgn0005619	3	7	3	3	3	6
FBgn0033498	0	0	0	0	0	1
FBgn0033500	0	0	1	1	0	0
FBgn0003660	654	503	598	611	544	626
FBgn0033501	1	0	0	1	0	0
FBgn0033502	0	1	2	0	0	1
FBgn0033504	360	335	254	302	251	304
FBgn0028426	142	118	149	180	119	181
FBgn0033507	75	60	130	126	138	131
FBgn0033508	0	0	0	0	0	1
FBgn0026403	0	0	0	0	1	2
FBgn0033518	122	108	91	72	72	60
FBgn0033519	28	32	13	37	13	35
FBgn0053474	0	0	1	0	1	0
FBgn0033520	105	64	57	50	44	41
FBgn0262114	630	532	542	675	546	627
FBgn0033523	26	15	27	36	27	39
FBgn0001122	184	199	116	172	146	156
FBgn0033524	3	3	3	3	5	7
FBgn0033526	66	57	98	93	101	97
FBgn0033527	19	23	23	26	17	24
FBgn0261862	325	265	331	290	297	310
FBgn0033528	140	98	142	139	138	158
FBgn0033529	371	287	377	385	276	358
FBgn0264817	0	0	0	3	6	0
FBgn0283521	1849	1457	1846	1924	1637	1726
FBgn0263102	697	555	686	747	731	799
FBgn0033538	88	80	113	120	98	146
FBgn0033539	205	168	175	223	178	211
FBgn0033540	84	58	77	102	90	113
FBgn0033541	1	2	1	7	2	3
FBgn0024836	4	0	0	4	2	3
FBgn0005586	1	1	2	2	1	1
FBgn0033542	1	0	0	0	1	1
FBgn0033543	21	18	28	34	9	22
FBgn0033544	153	134	138	176	127	138
FBgn0024956	94	68	99	105	103	83
FBgn0053144	185	170	156	216	134	239
FBgn0027499	81	68	106	81	87	77
FBgn0033547	28	18	17	19	18	19
FBgn0033548	19	25	47	55	62	60
FBgn0033549	13	5	15	13	13	14
FBgn0033550	24	20	18	30	26	23
FBgn0033551	127	121	147	176	133	152
FBgn0086898	3	3	7	12	2	0
FBgn0029134	491	333	488	502	403	511
FBgn0033554	8	7	8	9	6	7
FBgn0033555	143	131	185	183	142	186
FBgn0033556	69	53	55	66	47	58
FBgn0033557	106	99	176	190	174	206
FBgn0033558	0	0	1	1	1	1
FBgn0027525	216	200	240	365	272	316
FBgn0050015	365	312	324	380	286	355
FBgn0050016	0	3	0	1	0	1
FBgn0263510	326	221	382	377	385	380
FBgn0010356	130	80	171	129	115	110
FBgn0033564	40	48	44	69	30	43
FBgn0061356	0	1	1	1	0	0
FBgn0033566	93	60	89	70	70	66
FBgn0050020	349	302	343	448	304	409
FBgn0017414	31	25	20	28	18	26
FBgn0033569	52	34	66	65	43	57
FBgn0033570	108	101	155	156	97	133
FBgn0033571	139	98	168	183	162	153
FBgn0040765	218	188	167	224	172	184
FBgn0262817	24	41	31	54	36	34
FBgn0050489	97	76	96	65	78	45
FBgn0286920	0	0	1	5	0	4
FBgn0053503	84	99	51	97	102	105
FBgn0286921	4	2	0	0	0	0
FBgn0033578	0	1	1	0	3	2
FBgn0033579	4	1	1	3	3	5
FBgn0033581	231	164	224	229	239	206
FBgn0003396	509	428	456	604	422	541
FBgn0033582	1	0	0	3	2	2
FBgn0037084	64	43	60	71	43	53
FBgn0033584	65	58	64	75	71	93
FBgn0050021	0	2	4	3	1	3
FBgn0033602	0	0	0	0	1	1
FBgn0010423	0	1	0	0	0	0
FBgn0086519	0	0	0	1	0	0
FBgn0033605	8	16	14	27	13	18
FBgn0041174	15	18	19	19	22	21
FBgn0033607	160	126	156	224	153	203
FBgn0033608	150	120	140	139	123	124
FBgn0033609	140	125	138	129	139	146
FBgn0033610	2	1	3	8	2	6
FBgn0015582	80	75	90	98	83	102
FBgn0050033	7	4	2	11	5	4
FBgn0040763	3	1	2	3	1	1
FBgn0259238	53	61	72	70	51	75
FBgn0033615	82	73	97	111	65	106
FBgn0025373	196	195	193	330	158	190
FBgn0033616	42	25	52	52	29	43
FBgn0016047	0	0	0	1	1	0
FBgn0026385	1	0	0	0	0	0
FBgn0003382	0	0	0	2	1	0
FBgn0033623	0	1	0	0	0	0
FBgn0015001	1	0	0	1	0	0
FBgn0033624	197	127	194	211	159	171
FBgn0001276	30	22	25	31	27	21
FBgn0024188	117	92	121	118	120	107
FBgn0041241	3	2	3	6	3	5
FBgn0033627	35	25	29	38	24	30
FBgn0021795	353	277	449	435	379	339
FBgn0033628	0	0	0	3	1	0
FBgn0033631	7	0	8	8	4	4
FBgn0082585	54	31	65	72	38	89
FBgn0050022	144	104	109	162	106	161
FBgn0033633	0	0	1	0	0	6
FBgn0054054	2	0	1	0	2	2
FBgn0015872	0	0	2	0	0	1
FBgn0040503	1	1	2	0	1	3
FBgn0033635	340	186	400	386	364	375
FBgn0260499	2	1	0	2	1	3
FBgn0000581	785	573	855	882	793	893
FBgn0000577	0	0	0	1	0	0
FBgn0033636	1513	1284	1336	1538	1342	1786
FBgn0086712	211	166	204	272	185	210
FBgn0033638	123	109	87	156	99	132
FBgn0033639	80	62	71	80	55	93
FBgn0085257	14	13	7	16	6	10
FBgn0044020	40	30	31	49	55	53
FBgn0050035	312	259	280	426	273	340
FBgn0033644	4	0	3	4	3	7
FBgn0040491	1	3	3	4	2	1
FBgn0033645	4	4	3	9	5	11
FBgn0010516	395	312	429	460	352	441
FBgn0062449	42	40	46	65	39	60
FBgn0053471	0	1	0	0	0	0
FBgn0033648	0	0	0	0	1	0
FBgn0033649	157	129	119	166	123	117
FBgn0033652	4	1	2	2	1	1
FBgn0033651	0	1	0	0	0	0
FBgn0033653	75	63	71	80	76	65
FBgn0033654	1	1	1	3	2	0
FBgn0259832	13	7	9	7	4	1
FBgn0033656	148	138	150	171	118	186
FBgn0262819	0	0	0	0	1	0
FBgn0033657	2	0	3	0	3	3
FBgn0013756	946	800	1027	1265	1007	1242
FBgn0033659	2	2	0	0	1	1
FBgn0033661	638	640	859	1055	876	1105
FBgn0260932	7	7	7	11	0	1
FBgn0033663	3351	2900	3813	4127	3481	3651
FBgn0284245	29268	22435	32883	37681	30339	29480
FBgn0260959	343	301	333	386	363	493
FBgn0033665	57	60	95	86	45	56
FBgn0033667	0	0	0	0	0	1
FBgn0033668	1	1	0	1	1	7
FBgn0033669	340	287	341	375	265	391
FBgn0026573	232	192	211	300	239	264
FBgn0050036	0	0	1	2	1	0
FBgn0050037	1	0	1	0	0	3
FBgn0053145	71	65	94	105	86	95
FBgn0011704	583	473	595	643	610	667
FBgn0085260	18	2	12	24	14	13
FBgn0033672	143	117	157	183	93	162
FBgn0033673	70	61	76	90	63	89
FBgn0004839	3	0	1	1	1	2
FBgn0267728	1	0	0	1	1	2
FBgn0259985	57	44	35	56	41	72
FBgn0260012	443	382	421	549	447	568
FBgn0033677	46	44	35	55	46	51
FBgn0262820	5	4	3	5	1	5
FBgn0010339	163	107	240	216	170	228
FBgn0004463	184	121	176	226	169	185
FBgn0024732	13	21	29	33	24	30
FBgn0265373	0	0	0	0	0	1
FBgn0033679	1	0	1	0	0	0
FBgn0086677	0	0	1	0	0	0
FBgn0033683	76	77	106	119	61	98
FBgn0026176	0	4	4	10	2	2
FBgn0027495	186	116	182	183	184	196
FBgn0033685	3	0	3	6	5	0
FBgn0033686	21	19	22	29	19	30
FBgn0027504	294	280	321	362	328	369
FBgn0033687	0	1	0	0	0	0
FBgn0033688	1261	1017	1498	1647	1399	1516
FBgn0040759	1	0	0	0	0	0
FBgn0085261	9	2	3	3	4	5
FBgn0014184	1006	907	1047	1105	940	1042
FBgn0023167	242	130	270	248	219	222
FBgn0010621	1812	1190	1925	1713	1622	1358
FBgn0033690	54	37	55	58	40	40
FBgn0033691	117	101	114	145	110	120
FBgn0033692	91	64	99	92	71	83
FBgn0033693	16	13	28	26	21	20
FBgn0053964	16	13	28	26	21	20
FBgn0000426	146	106	162	159	119	156
FBgn0025454	0	0	2	1	1	0
FBgn0033696	5	4	9	14	8	4
FBgn0033697	0	0	2	8	3	7
FBgn0033698	245	245	272	342	251	294
FBgn0033699	5514	4414	5850	6534	5419	5499
FBgn0033702	0	0	1	0	0	3
FBgn0033705	1	0	0	1	0	0
FBgn0033706	0	0	1	0	0	0
FBgn0000253	1943	1657	1940	2141	1994	2245
FBgn0033710	0	0	0	0	0	3
FBgn0050203	0	0	0	0	1	0
FBgn0050046	447	320	328	378	369	348
FBgn0033712	33	23	22	42	17	25
FBgn0033713	106	82	112	147	113	119
FBgn0264560	449	397	466	598	408	568
FBgn0033715	104	70	74	90	64	76
FBgn0054021	1	0	0	0	0	2
FBgn0033716	75	47	61	73	61	65
FBgn0033717	1637	1350	1443	1513	1278	1266
FBgn0266111	191	136	192	218	190	185
FBgn0050047	5	5	7	5	4	8
FBgn0050049	2	1	0	4	3	3
FBgn0050043	5	4	3	4	1	7
FBgn0053013	2	2	1	12	2	3
FBgn0053012	8	9	8	16	9	12
FBgn0033720	5	2	2	4	2	8
FBgn0033724	2	2	5	2	5	1
FBgn0033725	1	0	0	3	5	4
FBgn0050048	0	1	0	0	0	0
FBgn0033728	1	0	0	0	2	0
FBgn0033730	0	0	0	1	0	0
FBgn0033731	1	0	0	0	0	0
FBgn0267691	0	0	0	0	0	1
FBgn0033733	0	2	0	0	0	5
FBgn0033734	111	97	111	116	76	120
FBgn0033735	91	55	63	66	68	60
FBgn0033736	1	1	2	1	1	2
FBgn0033737	177	139	184	186	143	181
FBgn0262840	8	4	9	9	8	3
FBgn0033738	218	195	240	288	244	269
FBgn0050051	22	21	15	32	15	23
FBgn0033739	68	45	63	63	61	84
FBgn0010238	419	361	393	518	376	400
FBgn0033740	98	69	89	104	94	134
FBgn0033741	453	365	609	644	636	700
FBgn0033742	3	0	1	2	1	3
FBgn0033744	16	23	7	15	9	17
FBgn0085263	1	2	5	5	3	8
FBgn0045063	670	518	610	764	599	668
FBgn0050044	5	8	6	14	12	16
FBgn0033748	19	0	6	6	3	8
FBgn0033749	102	114	82	105	92	94
FBgn0033750	42	31	61	47	43	49
FBgn0033751	207	156	205	192	175	218
FBgn0033752	41	35	46	56	42	69
FBgn0011592	120	99	147	149	147	174
FBgn0033754	4	7	17	13	16	12
FBgn0003527	6	4	8	7	4	3
FBgn0033755	480	419	511	626	423	553
FBgn0022764	2034	1700	2014	2304	1956	2479
FBgn0027356	138	115	103	142	125	141
FBgn0004435	262	250	264	357	271	308
FBgn0266487	65	81	67	96	78	80
FBgn0050054	1	0	0	5	0	1
FBgn0033756	225	229	232	336	205	335
FBgn0033757	43	67	52	76	36	62
FBgn0028683	37	27	37	54	33	43
FBgn0061359	93	70	128	126	127	121
FBgn0061360	79	70	89	89	79	106
FBgn0011604	665	597	653	839	711	816
FBgn0033760	2	1	0	0	0	2
FBgn0033761	111	116	107	121	92	100
FBgn0033762	143	118	132	152	101	159
FBgn0033763	3	5	2	6	5	10
FBgn0261673	3	6	4	4	2	3
FBgn0261625	880	642	908	801	786	758
FBgn0033766	243	228	275	297	256	280
FBgn0033767	2	12	10	29	11	9
FBgn0050052	3	3	2	10	2	6
FBgn0033769	31	37	27	39	25	21
FBgn0033770	0	0	0	1	1	0
FBgn0261545	314	240	280	303	301	341
FBgn0033773	5	1	1	4	2	3
FBgn0026619	118	80	118	129	101	96
FBgn0026741	69	35	65	58	39	50
FBgn0011227	48	36	50	41	39	65
FBgn0020930	122	97	117	154	87	129
FBgn0086904	2732	1902	2713	2942	2463	2431
FBgn0033774	1	1	2	0	1	1
FBgn0003326	0	0	0	0	2	0
FBgn0033775	17	15	14	10	27	24
FBgn0028963	0	1	0	0	0	0
FBgn0250842	0	0	1	0	0	0
FBgn0050488	0	0	2	0	0	3
FBgn0050486	1	0	0	1	1	1
FBgn0033777	185	133	199	209	144	165
FBgn0000181	3066	2294	3274	3781	2842	2754
FBgn0033778	23	14	17	19	19	25
FBgn0025692	18	12	14	17	11	17
FBgn0002069	849	694	935	1281	811	1158
FBgn0013305	756	696	682	878	626	831
FBgn0003975	2	0	2	0	1	3
FBgn0010488	1931	1544	1987	2394	1825	2153
FBgn0033781	61	44	84	78	50	39
FBgn0033782	64	68	38	70	39	88
FBgn0033783	195	146	193	247	157	204
FBgn0033784	95	68	95	93	83	101
FBgn0033785	3	5	3	8	5	4
FBgn0050487	1	0	0	0	0	0
FBgn0004512	69	61	55	101	49	65
FBgn0265186	142	114	131	149	116	105
FBgn0265185	501	323	559	524	407	376
FBgn0033787	8	7	17	17	21	6
FBgn0005624	154	143	161	180	131	181
FBgn0265623	284	223	269	348	300	326
FBgn0033789	1	0	0	0	1	0
FBgn0033791	0	0	0	2	0	2
FBgn0033792	0	0	0	1	0	0
FBgn0033793	0	0	0	1	0	0
FBgn0033794	1	0	0	0	1	0
FBgn0259876	505	348	459	508	508	570
FBgn0263998	484	409	503	606	455	560
FBgn0020370	621	434	585	591	531	583
FBgn0085468	88	81	83	114	75	105
FBgn0020391	40	14	24	40	23	49
FBgn0033798	1	0	2	3	0	0
FBgn0033799	18	18	22	28	17	24
FBgn0086532	377	347	396	419	358	432
FBgn0053138	330	242	307	426	292	335
FBgn0053137	2	1	0	0	0	3
FBgn0033802	155	139	190	214	153	163
FBgn0028991	67	44	70	72	72	86
FBgn0053182	119	119	136	172	118	164
FBgn0027079	583	439	641	821	580	671
FBgn0005654	60	54	62	79	69	68
FBgn0085344	12	5	2	5	9	3
FBgn0033806	58	74	71	82	65	64
FBgn0050058	0	0	1	1	0	1
FBgn0085264	0	0	1	1	0	1
FBgn0085341	1	0	1	1	3	1
FBgn0033807	1	0	0	0	0	1
FBgn0033808	16	13	20	27	16	17
FBgn0033809	40	41	48	73	28	99
FBgn0033810	70	50	50	51	38	53
FBgn0040754	35	28	34	46	27	45
FBgn0043010	111	80	134	107	91	101
FBgn0011763	531	452	524	576	505	587
FBgn0033812	99	76	110	148	97	108
FBgn0033813	26	23	23	33	13	19
FBgn0033814	171	166	176	186	131	107
FBgn0033815	0	0	2	2	0	1
FBgn0033816	141	105	130	112	83	117
FBgn0033818	0	0	0	0	0	1
FBgn0033819	0	1	0	0	0	0
FBgn0033820	0	0	0	1	0	0
FBgn0033821	0	1	0	4	3	0
FBgn0259219	0	0	0	0	0	1
FBgn0052843	1	0	0	0	1	0
FBgn0033830	1	0	0	6	0	2
FBgn0033834	0	0	1	0	2	0
FBgn0288447	3	5	3	3	2	2
FBgn0033836	196	167	178	271	201	172
FBgn0053470	11	18	10	10	6	8
FBgn0260475	137	117	170	115	110	129
FBgn0259221	91	85	70	111	67	104
FBgn0265272	0	1	2	0	1	1
FBgn0050065	0	0	0	3	0	0
FBgn0019928	4	1	0	2	1	0
FBgn0013765	576	526	493	714	452	681
FBgn0050062	8	4	7	8	9	8
FBgn0086757	184	154	233	276	202	281
FBgn0000119	91	96	118	138	111	124
FBgn0262821	0	0	0	0	0	1
FBgn0033842	88	78	103	97	53	68
FBgn0040477	47	15	45	41	36	39
FBgn0033844	1420	1228	1135	1490	1102	1097
FBgn0004638	364	347	324	376	339	380
FBgn0033845	381	327	360	341	356	376
FBgn0033846	199	160	199	212	214	216
FBgn0024556	548	404	564	616	501	523
FBgn0260964	0	0	0	2	0	1
FBgn0033853	156	83	130	139	114	125
FBgn0053156	46	47	63	76	75	77
FBgn0014877	156	127	168	183	171	147
FBgn0033855	3	1	2	1	2	4
FBgn0033856	0	0	0	0	1	1
FBgn0261989	3	1	1	3	1	1
FBgn0027581	200	211	193	258	181	246
FBgn0266489	76	50	54	73	54	66
FBgn0033859	171	117	206	190	150	165
FBgn0033860	1	0	0	1	1	1
FBgn0000633	1	2	3	5	0	2
FBgn0033865	0	1	1	0	0	1
FBgn0033866	0	1	0	0	0	1
FBgn0033869	17	3	16	10	7	5
FBgn0261041	940	799	1333	1643	1134	1612
FBgn0000662	332	268	393	411	308	365
FBgn0033871	25	21	17	26	9	21
FBgn0033872	1	0	1	3	2	0
FBgn0033873	0	1	0	0	0	0
FBgn0033875	94	79	45	73	72	78
FBgn0033876	30	19	20	18	13	34
FBgn0050484	4	1	8	7	2	11
FBgn0050485	4	0	5	6	3	6
FBgn0033879	475	359	584	543	407	427
FBgn0033880	20	11	16	15	10	22
FBgn0086356	424	322	368	370	390	421
FBgn0263697	124	100	138	147	117	125
FBgn0033883	101	71	119	107	84	83
FBgn0033884	40	29	37	49	27	49
FBgn0013733	6335	5567	5461	6884	5033	5882
FBgn0033885	3	0	0	1	0	6
FBgn0262739	840	754	905	1089	869	932
FBgn0050481	38	33	47	45	38	37
FBgn0053155	64	33	57	59	49	49
FBgn0033886	382	263	377	342	293	334
FBgn0013770	6003	4513	4421	4399	4212	4590
FBgn0261975	603	593	692	825	657	740
FBgn0275436	114	106	118	125	114	110
FBgn0033887	4	3	5	4	3	2
FBgn0033888	2	7	5	6	4	6
FBgn0033889	1488	1479	1442	2033	1277	1770
FBgn0033890	336	201	287	318	303	295
FBgn0033891	47	48	52	70	44	48
FBgn0020620	733	628	701	867	598	805
FBgn0002643	600	415	483	451	485	464
FBgn0033893	2	1	2	0	1	2
FBgn0040752	885	773	1024	976	998	1022
FBgn0259183	3	0	0	2	0	1
FBgn0259184	0	0	2	3	0	1
FBgn0033897	372	334	369	479	361	475
FBgn0086895	131	106	117	161	104	101
FBgn0040751	19	7	8	14	8	7
FBgn0033899	90	90	108	111	68	80
FBgn0033900	53	50	49	70	41	59
FBgn0033901	356	291	360	384	358	396
FBgn0033902	940	807	1080	1310	1002	1266
FBgn0033903	59	62	74	93	76	66
FBgn0033904	2	0	2	2	1	1
FBgn0033905	55	45	45	67	40	42
FBgn0033906	277	256	301	353	279	321
FBgn0033907	57	45	56	69	61	69
FBgn0000289	1006	777	994	950	921	965
FBgn0050069	470	433	445	654	420	504
FBgn0033911	0	1	0	0	0	1
FBgn0005613	0	2	1	1	2	2
FBgn0033912	7826	6160	7924	8869	7446	7741
FBgn0033913	1373	886	1316	1279	1321	1391
FBgn0261276	674	665	773	1060	738	1021
FBgn0033915	269	238	278	335	265	337
FBgn0033916	109	98	127	170	120	165
FBgn0033917	6	5	5	4	5	6
FBgn0010241	5	2	5	11	6	3
FBgn0001220	1259	987	1246	1549	1212	1508
FBgn0033918	393	303	408	571	393	574
FBgn0027538	56	73	52	93	51	48
FBgn0033919	17	13	22	16	13	14
FBgn0261270	436	271	564	399	490	414
FBgn0261269	39	50	63	76	22	65
FBgn0263397	88	63	87	87	102	111
FBgn0033921	0	1	2	1	1	2
FBgn0085408	1	0	0	3	4	1
FBgn0033924	117	121	101	156	59	140
FBgn0033925	42	36	54	54	31	40
FBgn0033926	932	850	1236	1515	1079	1353
FBgn0033928	188	136	181	201	166	223
FBgn0033929	522	419	503	573	493	569
FBgn0085213	0	0	0	0	0	1
FBgn0085473	0	1	0	0	0	0
FBgn0033934	196	188	237	251	199	187
FBgn0033935	57	59	68	87	55	77
FBgn0033936	2	3	3	0	2	1
FBgn0267824	236	169	195	242	184	194
FBgn0024698	286	283	353	437	277	362
FBgn0261823	359	301	398	451	351	419
FBgn0033942	0	0	1	0	0	0
FBgn0265974	280	269	259	325	253	278
FBgn0050076	0	1	0	3	0	0
FBgn0010397	65	60	110	91	74	71
FBgn0033943	1	1	0	2	3	3
FBgn0019938	309	246	425	432	413	437
FBgn0050077	45	34	49	41	19	25
FBgn0003742	124	82	109	105	101	113
FBgn0033945	22	34	23	22	17	25
FBgn0053468	3	0	3	2	3	0
FBgn0026427	407	426	507	668	491	697
FBgn0010638	333	216	407	423	340	378
FBgn0033948	56	35	35	45	28	32
FBgn0033949	27	18	50	51	48	40
FBgn0262881	0	1	0	0	0	0
FBgn0033951	91	74	88	112	81	85
FBgn0020269	1	2	1	0	0	2
FBgn0033958	0	0	0	0	1	0
FBgn0010388	5	4	6	6	4	10
FBgn0012042	2	3	3	0	2	1
FBgn0041581	10	2	12	9	13	5
FBgn0028689	542	454	557	591	521	678
FBgn0050476	28	17	29	26	22	42
FBgn0033960	9	4	3	6	3	10
FBgn0033961	36	15	34	40	19	24
FBgn0266723	15	20	18	21	23	26
FBgn0033963	1	3	2	4	0	1
FBgn0020767	190	157	205	223	165	194
FBgn0015602	171	152	160	176	157	178
FBgn0033968	0	0	0	0	0	1
FBgn0016684	6	7	7	18	11	12
FBgn0033971	91	72	73	93	65	93
FBgn0027783	325	334	339	419	353	456
FBgn0028434	21	16	27	30	7	18
FBgn0033972	106	89	104	117	77	99
FBgn0033973	23	10	17	21	12	15
FBgn0053506	27	37	40	41	44	51
FBgn0053505	87	63	112	128	120	112
FBgn0264962	542	409	560	670	501	730
FBgn0013773	22	13	11	12	4	9
FBgn0015714	183	178	161	316	162	246
FBgn0033978	61	80	49	131	46	142
FBgn0033979	3	4	5	5	2	12
FBgn0013771	9	9	6	10	11	13
FBgn0033980	255	256	276	532	278	500
FBgn0288232	3	1	2	0	0	1
FBgn0013772	0	1	0	0	0	0
FBgn0033982	17	18	22	24	11	20
FBgn0027596	318	306	304	320	269	284
FBgn0033984	131	134	153	213	150	189
FBgn0033985	2	1	1	0	0	0
FBgn0261854	273	228	260	309	223	299
FBgn0033987	2	2	5	2	4	3
FBgn0033988	101	84	99	131	93	135
FBgn0033989	88	62	100	104	82	110
FBgn0033990	40	39	37	51	37	39
FBgn0287864	0	1	0	0	0	1
FBgn0015371	115	86	110	144	107	131
FBgn0262954	61	61	53	63	40	76
FBgn0033993	13	14	20	31	21	20
FBgn0033994	48	40	39	55	32	45
FBgn0033995	57	54	46	71	51	59
FBgn0033996	100	84	86	116	65	97
FBgn0259737	3	0	2	0	0	0
FBgn0033997	0	0	0	0	0	1
FBgn0033998	529	381	542	615	514	594
FBgn0050081	8	12	13	17	13	29
FBgn0034000	31	18	34	45	36	33
FBgn0034001	30	20	33	39	14	33
FBgn0034002	94	73	77	105	85	118
FBgn0001187	4	2	3	2	1	5
FBgn0259878	2	0	2	4	0	3
FBgn0286785	283	251	193	262	204	176
FBgn0034005	10	17	8	20	17	10
FBgn0265194	527	399	445	485	422	474
FBgn0034007	1	1	0	0	1	1
FBgn0034008	28	25	25	28	22	34
FBgn0004698	486	480	517	740	530	698
FBgn0034009	161	162	171	222	154	194
FBgn0013750	564	493	511	591	495	598
FBgn0034010	75	57	79	60	70	43
FBgn0034011	10	7	6	10	7	9
FBgn0034012	8	6	5	7	13	15
FBgn0034013	269	259	235	285	246	306
FBgn0011660	138	143	157	215	133	177
FBgn0262964	1	0	3	1	2	1
FBgn0262565	0	2	1	1	1	4
FBgn0262815	1	0	0	3	1	1
FBgn0000996	327	233	357	329	369	375
FBgn0286813	402	378	465	538	425	475
FBgn0263980	1	0	1	0	1	3
FBgn0014865	1	0	0	0	0	1
FBgn0034021	0	3	4	10	3	5
FBgn0050469	0	1	0	0	0	0
FBgn0034025	201	177	207	225	177	215
FBgn0019968	488	372	419	433	407	468
FBgn0050467	38	27	37	43	41	41
FBgn0034027	30	42	28	43	17	19
FBgn0022097	231	178	236	263	247	238
FBgn0034029	102	82	78	131	85	117
FBgn0034030	3	3	5	6	4	8
FBgn0034031	0	0	0	1	0	2
FBgn0034032	36	54	43	59	32	48
FBgn0024754	500	399	428	474	410	483
FBgn0050466	28	47	33	44	25	37
FBgn0013762	82	67	80	89	64	77
FBgn0034033	17	13	17	16	12	22
FBgn0260429	21	22	8	25	17	29
FBgn0023441	2	1	0	1	0	3
FBgn0034035	123	94	92	111	87	94
FBgn0262512	132	103	122	146	94	88
FBgn0284254	246	161	240	286	208	213
FBgn0050082	2	2	1	1	1	0
FBgn0266708	50	45	48	87	42	41
FBgn0050090	241	177	252	274	227	202
FBgn0050088	4	3	13	4	6	4
FBgn0050087	6	8	9	9	6	4
FBgn0053460	529	424	518	603	474	600
FBgn0053461	4	6	3	5	1	6
FBgn0053462	1	3	1	0	2	2
FBgn0050083	3	0	1	0	0	0
FBgn0050089	43	24	41	58	43	52
FBgn0265991	989	866	734	892	743	769
FBgn0034046	203	153	214	220	194	232
FBgn0053465	74	40	31	44	34	36
FBgn0034045	0	1	1	0	0	0
FBgn0034047	2	0	1	1	0	3
FBgn0022160	814	547	544	766	439	703
FBgn0050085	612	404	636	644	640	663
FBgn0264089	499	529	502	668	470	470
FBgn0034049	436	397	376	432	382	459
FBgn0015247	327	269	339	383	310	316
FBgn0034050	187	168	184	223	123	182
FBgn0034051	603	427	539	610	468	564
FBgn0034052	0	0	0	0	1	0
FBgn0034053	5	2	7	12	5	3
FBgn0050093	0	0	1	0	0	0
FBgn0265045	468	339	499	589	393	467
FBgn0034054	16	13	17	31	18	16
FBgn0034057	170	129	183	205	172	187
FBgn0034058	81	48	74	85	64	87
FBgn0034059	69	63	81	104	81	98
FBgn0020236	1393	1202	1315	1481	1336	1310
FBgn0034060	277	223	323	332	292	305
FBgn0034061	38	31	35	34	29	44
FBgn0034063	57	55	66	92	53	81
FBgn0034062	17	17	24	22	22	21
FBgn0010590	326	182	306	247	219	204
FBgn0034065	24	21	46	48	46	46
FBgn0034066	241	212	237	363	240	255
FBgn0034067	8	3	7	22	1	10
FBgn0034068	245	198	261	324	254	239
FBgn0034070	0	0	0	0	2	0
FBgn0034071	532	437	579	726	429	525
FBgn0034072	564	465	565	755	532	660
FBgn0083983	16	17	27	23	18	25
FBgn0034073	84	85	94	115	86	126
FBgn0014020	1983	1731	1627	1845	1546	1842
FBgn0265605	121	87	85	141	73	96
FBgn0034075	23	21	20	36	10	17
FBgn0034076	2	2	1	1	2	0
FBgn0010052	1	1	3	6	1	1
FBgn0050095	0	0	1	0	0	2
FBgn0086676	1099	809	1055	1097	903	1028
FBgn0001124	273	200	214	268	182	271
FBgn0050094	7	11	24	13	16	17
FBgn0027091	314	237	323	388	267	348
FBgn0029175	25	21	29	33	19	16
FBgn0034081	18	20	27	26	18	16
FBgn0034083	211	166	152	206	159	195
FBgn0034082	0	0	0	1	1	0
FBgn0034084	62	39	49	59	44	61
FBgn0034085	0	0	4	0	1	2
FBgn0015754	387	317	387	419	350	374
FBgn0034086	54	37	58	64	53	52
FBgn0034087	618	450	643	738	621	696
FBgn0262166	49	37	64	51	54	56
FBgn0265177	37	14	27	30	23	23
FBgn0262026	134	105	139	184	126	168
FBgn0265178	145	117	151	208	148	189
FBgn0015295	170	152	193	254	142	180
FBgn0034091	220	159	153	194	168	173
FBgn0034092	0	0	0	1	0	0
FBgn0034093	63	62	55	74	50	74
FBgn0034094	47	44	41	45	47	46
FBgn0034095	6	0	5	8	1	4
FBgn0034097	0	0	0	1	0	0
FBgn0034098	129	114	135	167	142	168
FBgn0025519	97	76	91	99	62	95
FBgn0015925	100	100	118	160	138	158
FBgn0001308	827	678	806	862	774	895
FBgn0053017	0	0	0	2	2	1
FBgn0050324	0	0	1	0	0	0
FBgn0050099	1	0	1	0	1	1
FBgn0028424	234	220	223	346	211	348
FBgn0050100	18	15	24	28	23	28
FBgn0259718	18	15	24	28	23	28
FBgn0034109	40	29	28	50	25	33
FBgn0034110	155	162	158	165	128	140
FBgn0085428	9	7	6	14	7	15
FBgn0034113	75	61	92	118	72	110
FBgn0050096	11	8	9	11	10	11
FBgn0034114	87	64	76	83	77	78
FBgn0287825	275	201	244	318	233	272
FBgn0010611	402	388	433	686	384	542
FBgn0034117	159	132	142	181	35	43
FBgn0034118	178	117	174	174	144	154
FBgn0262560	70	74	102	106	89	114
FBgn0262816	0	1	0	0	0	0
FBgn0034126	53	55	54	95	59	83
FBgn0034127	2	2	5	5	1	4
FBgn0034128	0	1	1	0	0	2
FBgn0053459	0	0	1	0	0	0
FBgn0011260	44	20	75	80	44	45
FBgn0259795	0	0	0	0	0	1
FBgn0034135	0	0	1	0	0	0
FBgn0034136	6	4	3	3	4	2
FBgn0034137	8	5	6	7	9	7
FBgn0034138	4612	3544	4420	5146	4284	4594
FBgn0034139	7	3	4	2	7	7
FBgn0034140	2	2	1	2	0	1
FBgn0016131	149	188	162	168	156	165
FBgn0003274	5001	4654	4758	6159	4548	5411
FBgn0034141	166	126	165	173	117	152
FBgn0034142	236	193	263	311	219	253
FBgn0034145	1	1	0	0	0	0
FBgn0040505	0	1	1	3	3	1
FBgn0024319	0	0	0	1	0	0
FBgn0024315	151	138	167	258	115	144
FBgn0085486	0	0	0	0	0	1
FBgn0050463	0	0	2	0	3	3
FBgn0013763	3132	2581	3888	3671	4151	3235
FBgn0259967	1	0	0	0	0	0
FBgn0034151	1	0	0	0	0	0
FBgn0015584	0	0	0	0	0	1
FBgn0053530	0	0	0	0	0	2
FBgn0267002	149	159	170	192	95	163
FBgn0085218	0	0	0	0	0	1
FBgn0034154	1	0	1	1	0	1
FBgn0034156	0	0	0	1	0	0
FBgn0010213	237	226	289	255	243	230
FBgn0034158	577	512	477	549	453	567
FBgn0034159	4	5	0	7	2	4
FBgn0034160	4	8	8	6	5	9
FBgn0085488	2	2	2	3	2	0
FBgn0085489	1	4	2	4	1	2
FBgn0026754	0	0	1	0	0	0
FBgn0289323	102	80	87	114	71	79
FBgn0025832	130	108	128	136	144	140
FBgn0026533	889	793	909	1046	962	1130
FBgn0014870	358	272	416	446	368	405
FBgn0028737	2027	1474	2359	2509	2154	1717
FBgn0034162	1	1	0	1	0	1
FBgn0034166	13	10	9	9	8	4
FBgn0003091	4	2	0	2	1	1
FBgn0085219	0	1	0	1	0	0
FBgn0085444	285	228	298	327	268	320
FBgn0085220	51	43	56	70	51	52
FBgn0265174	158	125	151	166	148	186
FBgn0034172	55	53	51	58	30	38
FBgn0004580	0	2	0	0	0	0
FBgn0050461	0	1	2	0	0	2
FBgn0050462	0	0	1	1	0	0
FBgn0034175	12	11	14	23	11	20
FBgn0034176	368	313	417	505	407	481
FBgn0034177	15	12	18	23	15	24
FBgn0026402	60	53	60	59	49	75
FBgn0034179	182	174	213	248	202	243
FBgn0034180	478	422	487	646	442	574
FBgn0034181	376	274	370	403	274	334
FBgn0263864	233	229	247	351	247	292
FBgn0023172	1198	1041	1123	1283	1096	1325
FBgn0263032	0	0	0	1	0	0
FBgn0263033	0	0	0	1	0	2
FBgn0263114	0	1	0	1	1	0
FBgn0034182	26	23	24	31	35	47
FBgn0034183	0	2	0	1	0	1
FBgn0034184	306	289	300	424	252	403
FBgn0026721	167	130	117	160	122	181
FBgn0086350	44	52	45	75	51	77
FBgn0034186	57	42	78	57	67	70
FBgn0034187	2	1	3	5	2	4
FBgn0050460	23	25	21	35	15	38
FBgn0010591	448	369	441	505	355	447
FBgn0034191	22	20	26	31	15	19
FBgn0010226	19	13	23	16	18	19
FBgn0287631	107	95	101	176	91	205
FBgn0287632	2	2	5	8	1	1
FBgn0034194	37	34	61	65	72	64
FBgn0000079	9	7	9	6	8	0
FBgn0000078	0	0	2	0	0	7
FBgn0034198	49	36	56	53	81	68
FBgn0034199	1	1	1	1	3	0
FBgn0034200	5	2	7	4	8	2
FBgn0262563	6	8	7	10	6	5
FBgn0262567	1	0	3	4	3	2
FBgn0034201	0	0	0	0	0	1
FBgn0034202	1	0	0	0	0	0
FBgn0265487	241	250	189	229	208	193
FBgn0010620	55	35	71	77	45	35
FBgn0034210	54	64	65	83	53	53
FBgn0050101	1	0	0	0	0	1
FBgn0016697	254	177	288	289	230	261
FBgn0286070	339	251	393	427	332	389
FBgn0022029	334	260	327	410	341	468
FBgn0034214	43	36	54	46	36	38
FBgn0034215	104	78	114	90	87	110
FBgn0025716	210	194	208	252	213	222
FBgn0034217	25	20	24	32	16	28
FBgn0027506	88	82	81	113	93	102
FBgn0034218	1	0	1	0	2	0
FBgn0034219	96	92	70	116	101	110
FBgn0028956	123	119	115	150	105	135
FBgn0034221	0	0	2	5	3	0
FBgn0024196	207	165	202	220	143	174
FBgn0028953	257	246	281	327	313	335
FBgn0034223	137	134	141	182	125	139
FBgn0022987	171	146	203	243	206	238
FBgn0262570	5	7	5	9	7	10
FBgn0034225	90	58	52	64	64	67
FBgn0050104	1	0	0	1	3	1
FBgn0034229	0	0	2	0	0	0
FBgn0034230	257	226	299	357	245	373
FBgn0034231	29	20	27	26	12	25
FBgn0034232	37	31	51	73	37	59
FBgn0263197	1453	1079	1308	1391	1211	1277
FBgn0034237	1407	1188	1521	1965	1375	1596
FBgn0263113	34	26	64	64	49	58
FBgn0085223	34	41	60	63	36	36
FBgn0028382	67	58	80	78	56	56
FBgn0010409	3496	2653	3934	4377	3516	3094
FBgn0034240	312	269	428	431	402	437
FBgn0263076	0	1	1	0	0	1
FBgn0263029	1	1	0	0	0	0
FBgn0034242	76	62	66	95	49	67
FBgn0286931	16	17	18	26	11	11
FBgn0034243	337	250	370	449	392	470
FBgn0040294	184	159	182	268	184	252
FBgn0034245	91	80	84	101	76	95
FBgn0250868	37	33	35	44	22	39
FBgn0016701	167	171	178	226	141	168
FBgn0034246	574	596	639	1035	591	804
FBgn0034247	0	0	0	1	0	1
FBgn0034248	81	70	81	79	56	67
FBgn0034249	148	103	138	165	153	174
FBgn0029079	111	104	141	173	124	131
FBgn0050105	34	24	21	30	32	21
FBgn0029006	450	379	427	493	396	434
FBgn0034251	1	4	2	3	2	2
FBgn0034253	77	62	119	151	107	175
FBgn0265576	47	39	24	46	30	55
FBgn0004400	54	62	59	99	60	70
FBgn0034255	63	50	45	58	68	70
FBgn0034258	1854	1538	1913	2653	1862	2143
FBgn0050108	19	13	29	35	28	37
FBgn0050109	71	46	58	92	60	73
FBgn0034259	301	267	352	418	327	439
FBgn0016059	445	413	451	546	428	504
FBgn0034261	47	36	56	86	52	66
FBgn0260763	2	2	1	1	0	0
FBgn0260764	0	0	0	1	0	1
FBgn0034262	1	0	1	3	1	4
FBgn0027872	47	44	47	57	49	60
FBgn0028494	183	128	166	242	145	174
FBgn0284231	27	45	36	51	29	41
FBgn0034264	2	3	4	4	1	1
FBgn0034265	66	58	43	68	40	57
FBgn0034266	56	40	71	82	57	92
FBgn0034267	7	9	9	3	7	7
FBgn0085224	34	26	32	43	31	39
FBgn0034269	203	119	192	195	142	156
FBgn0034270	35	34	38	48	32	36
FBgn0034271	98	100	133	159	118	169
FBgn0034272	1	1	0	1	1	3
FBgn0003545	168	120	132	139	137	143
FBgn0034274	0	0	0	1	0	0
FBgn0034275	1	1	1	0	2	1
FBgn0034276	0	0	0	0	1	0
FBgn0027572	187	165	161	250	164	218
FBgn0034277	767	702	834	1039	851	1051
FBgn0034279	2	3	3	7	4	8
FBgn0028740	32	14	35	53	22	34
FBgn0028741	148	157	177	232	162	206
FBgn0250851	175	199	182	254	189	212
FBgn0026309	78	71	107	104	81	86
FBgn0026316	173	154	197	182	153	161
FBgn0028744	267	215	366	366	373	379
FBgn0028743	40	46	28	39	25	25
FBgn0259211	5	1	3	2	2	1
FBgn0041585	236	184	217	254	252	218
FBgn0015522	29	16	23	17	18	22
FBgn0050323	15	14	25	18	22	10
FBgn0034281	2	1	0	2	2	4
FBgn0003701	113	72	99	120	86	107
FBgn0034282	450	472	539	634	530	591
FBgn0011589	1	0	1	2	0	1
FBgn0283437	103	86	173	139	116	181
FBgn0034288	0	0	0	1	0	0
FBgn0034290	4	3	1	1	2	5
FBgn0034299	73	51	83	77	75	75
FBgn0034300	169	136	224	256	190	194
FBgn0034301	1	0	0	2	2	0
FBgn0003520	236	237	297	372	270	364
FBgn0028983	106	64	83	102	95	106
FBgn0040465	4	3	4	7	2	2
FBgn0001222	213	177	238	324	217	266
FBgn0003044	263	194	300	337	259	295
FBgn0265297	5619	4923	5513	6969	5529	6140
FBgn0062440	53	35	58	59	38	38
FBgn0034304	77	67	91	108	74	79
FBgn0000057	129	93	150	169	117	163
FBgn0022238	231	211	229	313	233	266
FBgn0034307	56	31	52	65	44	51
FBgn0034308	102	109	149	173	128	129
FBgn0034310	212	165	231	231	171	244
FBgn0260392	103	67	95	115	58	106
FBgn0260401	27	22	19	29	58	42
FBgn0027836	1003	834	1047	1965	978	1807
FBgn0266854	0	0	0	0	1	1
FBgn0034312	163	121	137	200	142	194
FBgn0034313	195	144	183	196	148	188
FBgn0034314	25	22	19	30	11	32
FBgn0034315	178	158	166	218	163	215
FBgn0053958	0	0	0	0	3	1
FBgn0034317	0	0	0	1	0	0
FBgn0000658	0	0	1	0	1	1
FBgn0266420	190	135	223	198	210	215
FBgn0053198	37	31	37	47	20	32
FBgn0285917	603	472	567	574	549	621
FBgn0034321	4	3	6	7	10	7
FBgn0034322	2	2	0	1	2	3
FBgn0034323	1	2	0	2	1	0
FBgn0034324	0	0	0	1	0	0
FBgn0034325	1	1	0	0	0	0
FBgn0034326	1	0	0	1	0	0
FBgn0034327	2	1	0	1	0	1
FBgn0063498	117	119	42	50	52	68
FBgn0063497	101	110	79	99	83	77
FBgn0063496	1	0	0	1	0	0
FBgn0063495	3	0	2	1	2	2
FBgn0063494	349	392	303	451	286	468
FBgn0063493	71	75	50	76	46	70
FBgn0063492	236	211	184	326	194	244
FBgn0063491	439	347	281	500	296	500
FBgn0013983	127	90	144	159	120	149
FBgn0027835	1811	1482	1975	2165	1950	2162
FBgn0034345	417	340	419	500	373	434
FBgn0034346	164	169	171	222	150	152
FBgn0284257	319	236	296	329	272	338
FBgn0261477	220	172	207	274	193	226
FBgn0034350	46	40	35	45	22	35
FBgn0050120	7	7	12	11	10	7
FBgn0261119	328	214	331	331	275	300
FBgn0034351	35	26	35	61	44	42
FBgn0028496	2	1	0	0	0	1
FBgn0034354	55	50	32	81	44	73
FBgn0262476	0	0	0	1	0	0
FBgn0034356	1	9	0	3	0	2
FBgn0003067	82	70	51	88	61	152
FBgn0266488	82	70	51	88	61	152
FBgn0085419	2	0	0	1	1	0
FBgn0050115	219	184	172	197	127	184
FBgn0261587	1	3	0	1	3	2
FBgn0034360	21	17	24	27	19	16
FBgn0034361	40	35	54	49	33	48
FBgn0034362	137	127	139	165	136	177
FBgn0034363	1	0	0	0	0	0
FBgn0034364	0	0	1	0	0	1
FBgn0034366	75	77	59	94	57	80
FBgn0034365	112	98	114	118	120	143
FBgn0266671	121	104	152	165	125	134
FBgn0000566	285	214	351	339	291	298
FBgn0034368	317	240	306	384	242	314
FBgn0050122	1774	1479	1821	2040	1722	1927
FBgn0262595	1	0	0	0	0	0
FBgn0034371	184	138	151	171	151	165
FBgn0034372	245	190	241	336	219	285
FBgn0259202	245	190	241	336	219	285
FBgn0023214	56	65	44	70	44	51
FBgn0265626	0	0	0	0	0	0
FBgn0265627	0	0	0	0	0	0
FBgn0265625	0	0	0	0	1	0
FBgn0262102	4	4	2	7	5	6
FBgn0262103	319	281	261	301	224	294
FBgn0034379	20	20	23	22	17	20
FBgn0034380	38	51	42	36	31	24
FBgn0034387	1	0	0	0	0	0
FBgn0259682	0	0	0	1	0	0
FBgn0034389	29	30	14	36	12	40
FBgn0034390	151	119	163	176	121	153
FBgn0034391	1	0	2	4	2	7
FBgn0034392	221	181	165	221	166	212
FBgn0010651	192	204	146	196	137	180
FBgn0010551	899	617	910	1086	752	966
FBgn0034396	55	57	45	58	46	60
FBgn0034397	6	4	11	16	8	11
FBgn0034398	967	871	771	1052	756	1068
FBgn0034399	162	130	134	181	146	162
FBgn0034400	1054	967	1077	1352	988	1329
FBgn0034401	463	370	492	664	472	664
FBgn0034402	24	20	22	31	17	14
FBgn0034403	24	40	29	56	14	18
FBgn0010053	30	24	63	63	43	25
FBgn0034405	665	578	615	730	617	655
FBgn0034406	1	0	1	0	0	1
FBgn0262481	0	0	0	0	0	1
FBgn0004240	2	0	0	0	0	0
FBgn0034408	53	45	57	64	81	83
FBgn0014269	203	122	191	200	153	190
FBgn0041702	79	93	70	91	83	77
FBgn0267351	137	106	164	151	110	143
FBgn0034411	3	1	18	15	4	5
FBgn0004168	0	0	0	0	0	1
FBgn0034417	32	35	32	49	33	43
FBgn0027535	211	182	249	255	218	200
FBgn0034418	168	118	137	154	138	189
FBgn0034419	99	94	114	120	79	79
FBgn0000578	869	641	757	831	787	868
FBgn0034420	1154	872	889	1076	799	856
FBgn0263395	368	293	261	336	311	410
FBgn0034422	66	47	70	74	54	58
FBgn0010434	4015	3341	3669	4397	3485	3739
FBgn0004003	1	0	1	2	0	1
FBgn0003254	1	0	0	0	0	1
FBgn0034425	80	50	59	99	77	86
FBgn0013954	1085	676	1115	1017	879	826
FBgn0034430	122	84	113	125	122	105
FBgn0086358	181	161	125	169	150	165
FBgn0034432	309	262	347	412	334	375
FBgn0034433	129	87	120	140	101	117
FBgn0264753	64	55	51	48	51	54
FBgn0034436	261	231	302	389	265	324
FBgn0034437	0	0	0	1	0	0
FBgn0034438	3	5	1	3	2	1
FBgn0034439	0	0	2	0	0	0
FBgn0034442	16	20	12	14	10	10
FBgn0261439	502	406	547	534	490	485
FBgn0034443	40	48	35	47	49	57
FBgn0263391	915	749	763	936	716	1084
FBgn0012051	325	313	332	504	279	431
FBgn0020440	188	141	171	199	168	199
FBgn0040273	289	281	340	363	330	383
FBgn0013325	7422	4945	7017	7861	6166	6455
FBgn0034446	1	0	1	3	1	0
FBgn0266711	225	144	214	239	195	198
FBgn0284243	5677	3595	6058	5351	5296	4688
FBgn0034447	249	223	313	343	252	351
FBgn0002716	8	12	18	16	19	28
FBgn0260934	1372	1159	1361	1672	1246	1652
FBgn0034451	194	142	149	230	158	217
FBgn0034452	3	5	6	2	0	4
FBgn0026378	133	120	121	142	94	107
FBgn0261456	143	142	155	185	128	166
FBgn0034455	83	65	99	108	62	63
FBgn0003435	22	27	16	26	19	31
FBgn0015949	672	642	703	909	666	885
FBgn0028372	86	91	98	101	61	79
FBgn0034467	0	1	0	0	1	1
FBgn0034473	0	2	0	0	0	0
FBgn0034474	0	1	0	0	0	0
FBgn0034476	32	35	25	33	21	26
FBgn0034479	2	2	2	3	4	5
FBgn0287775	8	11	9	20	10	6
FBgn0034487	2	0	1	3	3	6
FBgn0034488	211	167	216	232	217	190
FBgn0034489	1	0	0	1	0	0
FBgn0034490	5	2	0	2	4	3
FBgn0025720	156	140	142	243	133	197
FBgn0034491	210	174	269	293	209	242
FBgn0005655	575	351	562	547	575	566
FBgn0010411	6128	4495	5782	7107	5389	5742
FBgn0034493	98	101	122	156	91	176
FBgn0034494	551	479	604	737	469	625
FBgn0034495	67	52	56	54	43	45
FBgn0287774	143	108	161	150	192	162
FBgn0034497	2	1	2	1	1	2
FBgn0034498	142	138	166	204	133	158
FBgn0034500	123	75	149	138	113	124
FBgn0034501	1536	1305	1503	1739	1276	1768
FBgn0034502	2	1	1	2	0	1
FBgn0027529	284	229	276	387	240	321
FBgn0034503	75	52	66	71	58	62
FBgn0034504	399	288	394	405	317	325
FBgn0034505	0	0	0	0	0	1
FBgn0050148	21	26	13	10	13	14
FBgn0050145	0	1	0	0	0	0
FBgn0034518	10	9	10	11	6	7
FBgn0034519	10	2	10	11	6	7
FBgn0034520	10	4	6	9	6	10
FBgn0034521	139	100	154	166	126	125
FBgn0028622	0	0	0	1	1	1
FBgn0034523	73	86	55	63	57	90
FBgn0267791	329	256	339	356	312	374
FBgn0050147	172	147	191	220	213	223
FBgn0034527	88	83	93	127	101	111
FBgn0034528	69	76	90	93	105	144
FBgn0034529	59	47	52	79	45	69
FBgn0034530	15	16	13	23	7	20
FBgn0250850	309	268	267	342	277	338
FBgn0034532	5	5	6	4	8	8
FBgn0034534	90	64	64	90	69	76
FBgn0034535	28	16	34	23	29	8
FBgn0061361	83	51	106	106	68	100
FBgn0061362	83	51	106	106	68	100
FBgn0034537	147	114	170	182	125	172
FBgn0034540	3	0	1	1	1	2
FBgn0034538	1	0	0	0	0	0
FBgn0034541	0	0	1	1	1	0
FBgn0034542	116	108	161	141	94	158
FBgn0000615	110	97	105	133	115	100
FBgn0034543	145	129	139	209	118	202
FBgn0034546	0	0	0	0	1	0
FBgn0263850	0	1	0	0	0	0
FBgn0265877	1	0	0	0	1	0
FBgn0011674	9	7	6	15	6	13
FBgn0016984	498	350	527	589	466	459
FBgn0050295	56	45	60	75	30	37
FBgn0034558	1	1	1	4	0	0
FBgn0020617	1	0	0	0	0	1
FBgn0000044	10	4	12	8	7	11
FBgn0034564	65	44	83	75	64	73
FBgn0034565	0	0	0	0	1	0
FBgn0034566	1	1	0	0	0	0
FBgn0034568	7	10	5	7	6	5
FBgn0034569	88	84	98	105	89	106
FBgn0261394	344	231	415	346	323	312
FBgn0034570	680	522	605	703	593	759
FBgn0050291	86	69	116	120	71	77
FBgn0001133	107	82	105	114	88	84
FBgn0034572	118	122	127	168	110	143
FBgn0034573	161	98	149	145	133	140
FBgn0050296	0	0	1	0	1	1
FBgn0034576	146	109	164	146	122	118
FBgn0003391	48	43	61	84	56	68
FBgn0034577	439	347	496	518	443	520
FBgn0034578	15	15	27	17	10	13
FBgn0034579	26	15	27	21	18	20
FBgn0034580	1	3	1	1	1	0
FBgn0034582	0	3	1	2	2	0
FBgn0034583	792	473	708	663	540	427
FBgn0003748	272	220	270	409	268	412
FBgn0034585	181	122	202	191	162	168
FBgn0085425	2	2	1	0	0	1
FBgn0011824	252	165	288	280	273	301
FBgn0020312	294	279	307	355	285	368
FBgn0002736	149	132	193	204	162	193
FBgn0034590	245	186	227	237	241	226
FBgn0021872	2314	1829	2172	2773	2021	2247
FBgn0026582	49	30	45	62	47	31
FBgn0034595	3	2	1	5	0	0
FBgn0050389	987	897	941	1245	856	1285
FBgn0034598	546	415	649	665	549	668
FBgn0034599	54	39	66	86	57	51
FBgn0261067	49	28	54	50	36	42
FBgn0261850	182	145	180	221	167	146
FBgn0003162	5	3	4	4	4	7
FBgn0003891	2592	2565	2461	3871	2317	2846
FBgn0034602	10	10	8	11	10	7
FBgn0265180	11	15	9	25	14	20
FBgn0265191	120	122	100	150	84	140
FBgn0027073	0	1	1	4	0	0
FBgn0034605	2	1	0	2	0	7
FBgn0034606	0	2	1	1	1	1
FBgn0085426	0	0	0	0	0	1
FBgn0034611	264	191	245	325	231	266
FBgn0034612	4	6	10	14	6	8
FBgn0050392	42	40	38	36	35	49
FBgn0050390	43	17	26	26	32	24
FBgn0016726	1495	1118	1387	1845	1329	1484
FBgn0034614	70	62	62	83	82	75
FBgn0261554	227	211	233	275	193	235
FBgn0034617	50	46	38	60	35	61
FBgn0034618	432	378	419	519	365	463
FBgn0250824	34	14	51	38	28	56
FBgn0050394	161	169	167	212	146	208
FBgn0020306	1604	1252	1982	2029	1828	2067
FBgn0034622	2	0	1	1	0	2
FBgn0034623	0	0	2	0	0	0
FBgn0034624	1	0	0	0	0	0
FBgn0000395	113	135	106	174	91	147
FBgn0034626	84	47	79	65	64	69
FBgn0034627	16	19	9	18	9	18
FBgn0034628	177	164	146	190	158	195
FBgn0034629	19	17	12	32	16	14
FBgn0010415	331	230	280	299	255	357
FBgn0026369	219	202	241	289	217	282
FBgn0010470	768	641	713	939	710	836
FBgn0034631	61	32	62	75	39	63
FBgn0043070	202	173	193	235	167	198
FBgn0034634	27	23	25	37	21	32
FBgn0050288	0	0	0	1	1	0
FBgn0003731	10	13	7	13	7	12
FBgn0050286	0	0	1	0	0	0
FBgn0050287	0	1	2	1	0	0
FBgn0069056	2	3	2	1	3	3
FBgn0260477	39	30	32	40	28	37
FBgn0034636	2	1	0	1	0	0
FBgn0053225	14	5	2	3	5	3
FBgn0034638	1566	1277	740	1014	857	696
FBgn0034639	13	10	10	16	15	11
FBgn0042180	62	49	70	70	54	61
FBgn0000326	63	60	70	81	29	63
FBgn0016641	116	107	140	165	138	173
FBgn0034641	537	398	593	627	537	660
FBgn0034642	3	7	2	12	2	2
FBgn0034643	233	179	225	289	185	215
FBgn0034644	217	157	186	212	164	193
FBgn0050284	0	0	2	2	0	3
FBgn0034645	174	131	176	156	128	142
FBgn0034646	150	103	186	184	151	135
FBgn0034647	0	4	3	0	2	0
FBgn0259708	12	12	9	19	13	12
FBgn0259709	12	12	9	19	13	12
FBgn0259710	2	4	5	8	3	4
FBgn0259711	28	37	47	43	28	39
FBgn0034649	33	34	41	51	38	40
FBgn0259725	33	34	41	51	38	40
FBgn0259726	33	34	41	51	38	40
FBgn0259727	33	34	41	42	31	40
FBgn0034650	58	39	62	68	54	64
FBgn0050263	0	3	1	0	1	2
FBgn0034654	484	354	468	632	492	502
FBgn0003687	88	63	86	91	70	79
FBgn0050285	4	1	4	7	1	5
FBgn0034655	10	10	13	20	10	5
FBgn0027360	260	257	272	383	257	379
FBgn0260223	31	0	32	22	38	25
FBgn0050290	47	38	54	78	39	62
FBgn0260222	47	38	54	78	39	62
FBgn0266346	6	14	9	15	6	7
FBgn0010228	1113	939	988	1154	1130	1077
FBgn0004362	1333	1108	1183	1288	1219	1403
FBgn0050403	2	4	7	7	1	11
FBgn0050404	148	103	132	180	111	139
FBgn0050398	5	3	1	0	1	0
FBgn0034657	257	198	285	269	284	273
FBgn0034659	0	0	1	0	1	0
FBgn0034662	4	1	0	3	1	5
FBgn0034664	0	0	0	1	0	0
FBgn0034666	0	0	0	0	0	1
FBgn0085397	0	2	3	0	4	1
FBgn0263999	0	0	1	0	0	0
FBgn0085398	0	1	0	1	0	1
FBgn0034674	159	142	181	211	145	173
FBgn0041237	1	0	0	1	0	0
FBgn0050401	0	1	0	0	0	0
FBgn0085399	6	4	3	2	1	5
FBgn0034683	2	0	0	0	0	1
FBgn0034684	8	7	6	2	4	7
FBgn0265192	71	50	80	53	59	63
FBgn0265184	10	3	14	18	8	13
FBgn0034687	1	2	2	3	1	1
FBgn0034688	76	53	58	77	58	61
FBgn0034689	85	66	54	79	67	64
FBgn0067102	143	106	155	167	134	144
FBgn0034691	369	298	378	434	320	374
FBgn0034692	1	0	1	0	0	0
FBgn0034693	0	1	1	1	1	1
FBgn0034694	120	95	108	131	106	165
FBgn0243516	251	186	219	223	175	219
FBgn0050280	1	0	0	0	1	2
FBgn0050281	2	3	1	5	1	2
FBgn0002715	37	32	34	34	28	60
FBgn0034697	173	169	187	192	163	203
FBgn0029147	167	148	164	183	132	130
FBgn0085234	0	0	1	0	0	1
FBgn0000008	64	46	62	48	54	48
FBgn0034700	0	0	0	0	1	0
FBgn0029084	1	0	0	1	3	0
FBgn0085235	0	0	3	1	0	2
FBgn0034703	69	68	74	76	80	70
FBgn0034704	64	67	89	83	53	58
FBgn0034705	22	23	32	42	24	27
FBgn0050279	2	1	2	1	1	5
FBgn0034706	6	5	7	8	7	8
FBgn0034707	94	68	95	111	71	81
FBgn0034708	545	427	481	570	457	497
FBgn0034709	218	205	145	194	125	242
FBgn0034710	1	0	0	0	1	0
FBgn0283480	2	0	0	0	0	1
FBgn0034712	0	1	0	0	0	0
FBgn0034713	0	0	0	1	0	1
FBgn0025186	83	53	95	79	74	88
FBgn0034716	0	0	0	1	0	0
FBgn0020307	7	7	5	7	8	9
FBgn0034718	42	17	12	17	20	29
FBgn0013272	3004	2547	2898	4193	2982	3930
FBgn0085236	10	6	9	12	15	13
FBgn0017482	49	43	43	50	22	19
FBgn0016053	0	1	1	1	0	1
FBgn0034720	0	1	2	0	0	1
FBgn0034722	228	200	228	236	205	249
FBgn0025878	0	0	0	1	0	0
FBgn0034723	2	2	1	0	1	0
FBgn0034724	1	1	3	0	3	0
FBgn0022984	133	108	145	159	125	143
FBgn0034726	48	47	38	51	30	53
FBgn0022986	152	86	134	123	124	131
FBgn0022985	252	199	354	289	286	292
FBgn0034727	96	71	117	107	101	92
FBgn0034728	290	302	312	443	315	489
FBgn0287212	1	1	0	0	0	0
FBgn0034729	6	14	18	17	15	12
FBgn0034730	1	0	1	1	3	3
FBgn0034731	0	2	0	6	1	3
FBgn0034733	0	1	1	2	0	0
FBgn0034734	214	165	274	284	282	284
FBgn0034735	64	65	84	79	82	83
FBgn0003175	437	309	382	387	372	441
FBgn0034736	84	65	56	37	44	40
FBgn0260866	15	19	12	26	11	11
FBgn0034739	2	1	0	0	3	0
FBgn0034741	20	5	16	17	18	15
FBgn0034742	262	174	198	228	197	254
FBgn0034743	6994	4823	6513	7174	5654	5609
FBgn0034744	272	204	264	315	254	272
FBgn0034745	6	7	9	19	6	12
FBgn0053143	2	0	3	3	0	1
FBgn0034748	41	41	49	73	61	51
FBgn0019949	79	73	77	100	64	68
FBgn0026261	53	58	66	72	68	76
FBgn0034750	135	99	141	152	103	148
FBgn0261596	2954	2181	3559	3918	3078	2944
FBgn0040091	286	264	361	410	308	359
FBgn0034753	969	747	1225	1213	1055	940
FBgn0034740	2	0	2	0	2	3
FBgn0034756	7	17	16	26	17	24
FBgn0050196	0	0	0	1	1	1
FBgn0263030	2	2	4	2	0	2
FBgn0263031	2	1	1	2	0	2
FBgn0034758	14	12	18	19	7	9
FBgn0034759	13	12	14	19	5	9
FBgn0260767	121	88	118	139	80	91
FBgn0260768	96	60	106	90	103	73
FBgn0034761	336	221	232	184	226	178
FBgn0262141	1	0	1	0	1	2
FBgn0050269	40	34	56	59	42	43
FBgn0050273	39	34	56	59	32	43
FBgn0040658	5	2	3	6	4	2
FBgn0034763	80	66	94	91	73	103
FBgn0020257	231	149	186	200	221	207
FBgn0005631	218	231	322	362	261	285
FBgn0050259	0	0	0	1	0	0
FBgn0034766	0	1	0	0	0	0
FBgn0050268	0	0	1	0	0	2
FBgn0028371	0	0	0	1	0	1
FBgn0259145	0	0	1	0	1	1
FBgn0011211	2294	1636	2811	2320	2223	2012
FBgn0000405	672	444	697	665	652	737
FBgn0086408	0	4	0	3	0	2
FBgn0050272	0	1	0	0	0	0
FBgn0034785	2	0	0	0	0	0
FBgn0034786	90	115	113	144	85	115
FBgn0010078	4722	3337	4829	5621	3913	4295
FBgn0001263	15	10	14	18	17	26
FBgn0004896	1	2	0	0	0	4
FBgn0034788	0	0	0	1	1	1
FBgn0034789	5	4	7	9	6	8
FBgn0034791	143	138	152	182	133	149
FBgn0034792	485	422	486	596	396	522
FBgn0034793	152	129	180	180	144	187
FBgn0267823	43	30	48	49	37	41
FBgn0034795	210	168	193	260	205	233
FBgn0034796	74	40	73	87	70	54
FBgn0034797	8	8	4	10	1	4
FBgn0050187	508	477	408	594	411	653
FBgn0010660	447	366	474	589	428	502
FBgn0261564	271	214	291	290	232	303
FBgn0034800	25	25	52	62	47	43
FBgn0034802	1459	1111	1771	1777	1738	1632
FBgn0034803	57	38	51	58	53	54
FBgn0034804	83	62	58	54	36	39
FBgn0261584	231	248	213	253	221	239
FBgn0052834	0	0	0	0	0	2
FBgn0052833	2	1	0	0	0	0
FBgn0034807	0	0	0	0	0	2
FBgn0034808	3	4	3	1	4	4
FBgn0261705	0	0	0	0	0	1
FBgn0265187	2	0	1	2	0	2
FBgn0265188	0	0	0	0	1	0
FBgn0010622	31	24	39	45	33	31
FBgn0034814	55	45	56	70	60	59
FBgn0261363	143	109	183	190	103	93
FBgn0021979	532	365	523	613	356	481
FBgn0003062	816	477	1050	972	943	803
FBgn0034816	12	10	22	39	9	12
FBgn0034817	73	56	82	85	56	66
FBgn0034829	1	0	0	0	0	0
FBgn0085400	1	1	2	1	1	1
FBgn0034837	0	0	1	0	0	1
FBgn0034840	0	0	1	0	1	0
FBgn0263084	0	1	0	0	1	0
FBgn0050413	0	1	2	2	0	1
FBgn0046253	1	0	0	1	0	1
FBgn0085239	0	0	1	0	0	0
FBgn0050409	8	11	16	13	12	9
FBgn0050410	224	156	277	310	207	234
FBgn0034849	86	60	89	80	74	65
FBgn0034850	0	1	1	2	3	4
FBgn0085452	33	36	35	42	29	43
FBgn0085453	23	7	30	29	22	31
FBgn0003977	341	254	321	391	238	280
FBgn0034853	105	95	138	155	135	142
FBgn0034854	528	480	484	644	461	623
FBgn0040660	391	302	451	466	344	377
FBgn0041712	28	19	26	26	29	28
FBgn0034856	9	9	29	30	29	20
FBgn0050414	15	16	16	30	3	3
FBgn0250838	349	261	398	439	337	342
FBgn0034858	317	245	334	437	307	371
FBgn0028497	399	299	397	425	376	418
FBgn0034859	112	99	124	121	91	111
FBgn0050411	0	0	0	0	1	0
FBgn0034861	0	1	1	4	2	4
FBgn0264339	5	1	8	8	6	5
FBgn0034869	0	0	0	0	1	0
FBgn0034870	2	0	4	0	0	0
FBgn0015372	82	55	94	113	66	81
FBgn0261786	147	120	162	167	138	154
FBgn0000241	1	7	2	3	6	4
FBgn0050181	1	1	1	0	0	3
FBgn0041233	1	1	0	1	0	1
FBgn0041234	0	1	2	2	0	2
FBgn0050185	109	74	118	123	91	90
FBgn0034876	178	103	166	205	126	158
FBgn0034877	274	172	288	238	214	209
FBgn0034878	280	246	260	277	261	295
FBgn0010501	59	39	62	58	55	72
FBgn0034879	120	78	135	128	112	106
FBgn0034880	8	7	8	6	5	5
FBgn0015277	131	96	113	122	81	65
FBgn0050184	15	15	9	10	3	5
FBgn0015903	167	122	136	111	118	148
FBgn0260761	0	0	0	0	0	0
FBgn0260762	0	0	0	0	0	0
FBgn0067903	0	0	2	0	0	0
FBgn0260455	0	0	1	0	0	0
FBgn0034885	40	22	17	23	25	13
FBgn0004795	0	0	0	1	1	1
FBgn0266377	1242	912	1213	1414	1033	1360
FBgn0034887	3	3	4	2	0	1
FBgn0265052	0	1	0	0	2	4
FBgn0011296	0	0	0	0	0	1
FBgn0262728	1	0	4	3	4	0
FBgn0050183	95	71	100	111	111	116
FBgn0016762	26	37	33	39	21	29
FBgn0034893	62	32	41	59	28	36
FBgn0034894	139	144	96	178	90	135
FBgn0013548	164	92	170	157	125	125
FBgn0011297	80	73	109	87	69	59
FBgn0002174	185	109	182	173	169	180
FBgn0034897	93	106	94	57	73	101
FBgn0286932	33	0	0	57	33	0
FBgn0034898	2	0	0	2	0	0
FBgn0000562	294	242	273	306	257	308
FBgn0034902	122	85	133	125	113	92
FBgn0034903	1	0	1	1	0	0
FBgn0050177	0	0	0	1	0	0
FBgn0034906	3	1	3	4	2	2
FBgn0034907	1	0	1	1	0	1
FBgn0010278	886	790	905	1014	867	943
FBgn0034908	102	77	98	88	80	85
FBgn0028411	122	84	128	145	93	134
FBgn0034909	51	48	62	67	25	36
FBgn0034911	0	0	0	0	0	1
FBgn0286876	0	0	0	0	1	0
FBgn0003401	62	60	49	60	39	77
FBgn0034913	126	105	134	132	99	120
FBgn0034914	612	565	637	713	531	595
FBgn0021895	483	401	557	647	492	571
FBgn0034915	290	186	326	304	283	277
FBgn0024234	567	372	534	566	461	425
FBgn0004581	2	4	3	9	0	6
FBgn0034918	55	53	63	74	51	58
FBgn0025790	263	189	244	280	220	294
FBgn0025335	238	180	283	259	229	208
FBgn0034919	46	30	46	44	31	21
FBgn0025352	411	338	447	444	398	380
FBgn0011236	286	241	257	289	233	289
FBgn0020372	18	18	11	13	7	3
FBgn0025336	111	92	140	144	105	111
FBgn0034920	0	0	0	2	0	0
FBgn0034921	103	55	84	98	82	67
FBgn0262619	147	127	156	163	168	156
FBgn0034923	80	69	95	103	69	67
FBgn0034924	2	1	3	4	1	2
FBgn0034925	79	65	98	105	67	63
FBgn0263667	152	134	131	179	125	174
FBgn0034928	0	1	1	2	0	0
FBgn0015268	1440	1108	1840	1969	1697	1841
FBgn0261794	940	762	818	947	729	878
FBgn0263006	1336	1018	1659	1831	1441	1595
FBgn0034931	3	0	2	9	1	8
FBgn0034933	74	49	77	73	66	72
FBgn0023477	416	364	491	606	435	501
FBgn0001123	227	187	252	288	201	263
FBgn0034935	6	4	8	8	3	6
FBgn0034936	262	178	201	241	180	236
FBgn0034937	5	5	10	9	6	6
FBgn0034938	52	46	60	91	53	65
FBgn0034939	171	119	156	164	129	149
FBgn0034940	55	35	58	54	54	64
FBgn0029105	0	0	0	0	0	2
FBgn0034942	1	0	0	0	1	1
FBgn0034943	0	0	0	1	0	1
FBgn0020764	94	132	186	279	166	179
FBgn0085242	11	7	12	21	13	5
FBgn0003008	33	34	36	53	28	31
FBgn0034945	41	27	37	40	31	49
FBgn0034946	106	95	133	162	115	144
FBgn0002791	78	73	101	148	87	98
FBgn0034948	231	221	286	340	219	293
FBgn0005612	78	64	77	85	58	82
FBgn0283509	485	425	470	574	456	475
FBgn0050178	2	2	1	3	1	3
FBgn0034950	0	4	1	1	1	4
FBgn0034951	90	74	87	108	64	104
FBgn0053519	5	8	7	8	1	2
FBgn0034956	1	1	1	1	0	0
FBgn0034957	0	0	0	2	0	1
FBgn0034958	188	145	164	231	158	190
FBgn0034959	56	46	49	81	48	64
FBgn0283494	504	351	543	513	463	482
FBgn0011695	1	0	1	2	0	1
FBgn0061198	66	65	65	65	68	64
FBgn0034961	51	38	56	59	44	57
FBgn0050172	1	0	0	1	0	0
FBgn0013764	274	187	303	270	207	200
FBgn0034962	140	128	141	165	129	162
FBgn0034963	43	30	53	52	36	37
FBgn0034964	286	245	338	380	288	315
FBgn0011726	2207	1864	2099	2297	1968	2452
FBgn0028552	95	95	83	130	101	142
FBgn0003353	51	48	55	70	26	19
FBgn0034965	24	28	30	38	17	17
FBgn0034966	23	14	23	24	7	7
FBgn0285952	2677	2549	2794	3861	2580	3094
FBgn0034968	5495	4069	5451	6229	4724	4975
FBgn0023170	1253	1104	1072	1378	1101	1445
FBgn0283666	112	85	97	130	92	157
FBgn0034970	264	169	255	256	209	229
FBgn0034971	448	361	447	607	337	543
FBgn0259209	3	1	3	0	1	0
FBgn0034972	0	0	0	0	1	2
FBgn0034973	0	0	0	0	0	1
FBgn0034974	0	1	1	1	2	0
FBgn0086129	253	220	265	312	219	315
FBgn0023081	363	280	389	437	334	391
FBgn0034975	362	304	380	405	342	428
FBgn0034976	97	84	99	110	84	114
FBgn0041706	1	0	1	0	0	0
FBgn0034978	1	0	0	1	1	0
FBgn0264297	0	0	0	0	0	0
FBgn0264298	0	0	0	0	0	0
FBgn0264299	1	0	2	0	1	1
FBgn0041582	206	131	168	194	188	220
FBgn0021875	66	37	59	79	60	73
FBgn0034982	183	117	156	187	144	140
FBgn0287831	12	10	8	3	6	15
FBgn0260770	10	1	2	4	4	6
FBgn0260775	14	18	12	3	5	11
FBgn0015544	53	67	78	79	53	61
FBgn0034985	14	7	24	31	7	8
FBgn0034986	85	59	80	111	68	50
FBgn0259937	948	668	1381	1348	1211	1364
FBgn0266083	257	191	321	329	289	318
FBgn0034988	59	51	74	81	33	33
FBgn0034989	306	241	298	347	221	291
FBgn0034990	0	0	1	1	0	1
FBgn0050419	0	0	0	0	1	0
FBgn0050418	0	0	0	0	1	0
FBgn0034996	0	0	0	0	0	1
FBgn0034997	1487	1253	1566	1695	1455	1678
FBgn0034998	0	0	1	0	0	1
FBgn0005636	44	47	29	46	33	37
FBgn0034999	0	0	0	5	2	2
FBgn0288686	714	536	509	658	590	619
FBgn0005638	5	1	5	2	4	12
FBgn0004101	56	50	49	46	38	37
FBgn0035000	0	0	1	0	0	1
FBgn0000037	3	1	0	2	0	2
FBgn0035001	1696	1383	1659	1917	1577	1640
FBgn0002787	392	298	428	444	378	390
FBgn0010414	3	0	1	1	1	0
FBgn0266438	28	20	30	27	24	28
FBgn0266439	30	20	30	35	24	28
FBgn0029501	0	1	1	0	0	0
FBgn0017556	0	0	0	0	1	0
FBgn0284252	433	356	414	564	389	584
FBgn0259187	0	0	0	1	0	0
FBgn0035016	346	256	341	390	295	326
FBgn0050169	40	35	43	45	39	50
FBgn0035019	0	0	0	0	2	1
FBgn0035020	80	75	75	88	61	89
FBgn0035021	75	64	76	71	60	70
FBgn0035022	0	0	0	0	1	0
FBgn0035023	176	145	127	170	116	183
FBgn0016687	581	406	633	689	594	696
FBgn0035024	193	163	207	254	195	226
FBgn0035025	81	89	100	104	91	121
FBgn0035026	164	122	163	171	158	170
FBgn0035027	103	94	106	141	83	125
FBgn0035028	123	124	118	156	93	145
FBgn0053527	2	3	1	2	0	0
FBgn0069913	1	2	4	0	3	3
FBgn0020521	0	1	1	0	1	6
FBgn0035031	1	0	0	2	0	2
FBgn0035032	368	249	372	278	283	255
FBgn0035033	110	94	130	122	125	101
FBgn0035034	0	0	2	2	0	0
FBgn0035035	58	38	62	78	63	47
FBgn0035036	53	53	69	86	54	68
FBgn0259742	39	37	39	52	31	56
FBgn0259707	1	5	4	5	4	3
FBgn0035040	0	1	4	1	2	3
FBgn0035039	89	78	84	110	62	81
FBgn0015040	14	12	11	19	11	16
FBgn0035043	0	0	1	0	0	0
FBgn0035044	50	32	35	43	29	38
FBgn0050163	1	2	1	0	0	1
FBgn0050161	0	0	0	0	2	1
FBgn0035046	80	71	94	82	81	78
FBgn0085243	3	0	1	1	0	1
FBgn0260456	155	172	169	212	176	217
FBgn0261373	6	15	13	9	6	9
FBgn0035047	82	80	95	72	78	67
FBgn0035049	998	761	805	826	665	594
FBgn0053988	2	0	0	0	1	0
FBgn0050421	344	273	262	306	300	342
FBgn0035056	0	1	1	1	0	1
FBgn0035057	0	1	2	2	2	1
FBgn0040666	40	28	52	60	36	36
FBgn0035059	51	41	69	63	45	50
FBgn0027590	189	128	212	232	172	172
FBgn0035060	610	437	588	675	494	578
FBgn0086908	311	273	287	346	276	281
FBgn0025578	1	1	0	0	0	0
FBgn0035063	78	57	96	104	108	74
FBgn0035064	82	53	83	105	64	68
FBgn0035065	67	49	58	92	48	60
FBgn0041205	326	337	305	373	293	437
FBgn0015801	233	204	206	281	216	218
FBgn0028738	15	22	20	26	21	24
FBgn0023181	98	75	104	93	100	104
FBgn0265193	50	48	45	38	26	43
FBgn0035073	91	95	94	113	82	76
FBgn0050423	204	165	204	243	201	208
FBgn0265182	2	2	8	4	6	3
FBgn0085442	1427	1292	1434	1787	1181	1607
FBgn0035076	6	3	14	10	5	13
FBgn0085434	116	96	144	184	109	156
FBgn0035078	16	12	21	15	12	22
FBgn0066084	3966	3836	3745	4512	3995	4618
FBgn0060296	3	2	0	5	1	6
FBgn0043792	1	2	0	3	1	0
FBgn0022343	296	225	322	321	251	256
FBgn0035082	51	29	54	53	27	44
FBgn0035083	495	458	467	561	393	426
FBgn0035084	61	44	52	72	71	53
FBgn0035085	239	171	246	239	170	184
FBgn0027599	67	61	58	115	63	97
FBgn0035086	5	13	5	11	13	13
FBgn0035087	1132	899	1068	1262	983	1060
FBgn0050424	8	9	7	9	1	12
FBgn0285950	7983	5892	7966	8976	7151	6389
FBgn0035088	114	105	107	133	97	104
FBgn0035089	1	1	1	0	0	1
FBgn0035090	0	1	1	0	1	1
FBgn0010435	11	5	10	13	8	14
FBgn0035091	92	79	84	101	75	72
FBgn0287873	4430	3964	3714	4333	3779	4068
FBgn0004055	228	183	238	258	214	218
FBgn0035092	2	0	0	0	0	0
FBgn0001147	0	0	1	0	0	1
FBgn0001148	1	0	0	0	0	0
FBgn0004919	73	116	52	97	52	111
FBgn0035094	3	3	3	4	2	4
FBgn0050428	27	23	31	29	26	27
FBgn0262679	1	0	0	0	0	1
FBgn0002564	10	4	4	10	9	11
FBgn0035097	0	1	0	1	0	2
FBgn0040688	0	0	0	0	0	1
FBgn0020386	371	323	336	339	331	367
FBgn0035099	237	257	206	392	173	325
FBgn0263988	5	7	4	17	7	7
FBgn0035101	316	268	339	475	272	380
FBgn0035102	140	131	157	165	131	133
FBgn0035103	0	1	0	2	1	2
FBgn0035104	0	0	0	5	0	0
FBgn0083976	55	47	3	56	26	53
FBgn0083992	98	84	156	158	109	134
FBgn0027786	285	233	295	365	275	328
FBgn0035106	684	619	751	828	680	873
FBgn0035107	259	227	204	270	202	280
FBgn0025592	198	188	219	233	190	249
FBgn0024945	100	94	80	106	75	99
FBgn0035109	43	52	54	83	27	57
FBgn0027587	282	238	310	359	289	354
FBgn0035110	69	76	85	114	84	106
FBgn0035111	255	202	231	306	226	280
FBgn0063923	12	9	14	9	13	12
FBgn0063924	0	0	0	1	0	0
FBgn0035113	7	3	3	6	1	3
FBgn0035112	6	3	1	2	0	2
FBgn0053229	453	440	442	599	404	563
FBgn0262035	55	41	40	72	32	40
FBgn0085483	10	4	4	7	1	8
FBgn0085482	0	1	0	1	2	0
FBgn0000541	1470	1350	1369	1714	1429	1832
FBgn0052476	10	9	3	10	1	10
FBgn0024806	366	390	383	528	336	515
FBgn0035120	99	93	126	120	94	140
FBgn0035121	1442	1172	1688	1824	1456	1660
FBgn0035122	120	90	108	124	79	125
FBgn0085292	4	2	1	4	1	0
FBgn0027111	1	8	8	2	3	3
FBgn0029002	45	32	52	38	55	49
FBgn0052845	3	3	1	3	1	5
FBgn0264707	412	386	504	537	403	540
FBgn0004373	558	526	565	760	569	689
FBgn0284444	2	1	2	0	0	1
FBgn0052344	305	232	381	380	337	405
FBgn0052343	124	76	119	123	93	118
FBgn0261985	438	340	480	495	401	499
FBgn0035131	6	4	5	4	6	4
FBgn0035132	177	196	139	217	163	184
FBgn0023000	147	125	116	178	146	165
FBgn0035134	2	0	1	0	0	0
FBgn0265574	304	275	344	420	323	353
FBgn0040291	0	0	0	0	1	0
FBgn0035137	214	204	216	289	206	229
FBgn0035138	2	1	0	0	1	0
FBgn0262139	0	1	2	2	1	0
FBgn0035139	0	0	1	0	0	0
FBgn0001316	2089	1882	1748	2263	1764	2202
FBgn0085296	0	2	0	0	0	0
FBgn0085297	1	0	0	1	2	2
FBgn0085298	6	2	5	3	1	4
FBgn0035140	33	28	28	34	18	24
FBgn0035141	101	60	121	106	96	88
FBgn0035142	3742	2891	3254	3307	3189	3440
FBgn0035143	4	3	0	4	0	0
FBgn0035144	41	56	39	75	40	62
FBgn0035145	339	293	363	439	330	377
FBgn0035146	263	240	164	235	172	189
FBgn0016715	67	104	53	121	67	93
FBgn0035147	4439	3354	3666	3845	3523	3566
FBgn0035148	287	275	262	363	216	267
FBgn0035149	441	330	564	556	377	392
FBgn0035150	554	522	500	776	424	637
FBgn0035151	32	34	29	44	27	28
FBgn0035152	28	33	26	41	30	34
FBgn0035153	249	176	252	260	219	247
FBgn0035154	26	12	37	37	26	34
FBgn0052483	3	10	5	11	1	3
FBgn0035155	32	22	18	29	16	35
FBgn0260862	16	24	29	38	19	22
FBgn0035157	4	2	1	5	4	3
FBgn0035158	121	106	99	142	93	153
FBgn0025676	46	54	31	69	27	62
FBgn0035159	38	26	36	41	19	27
FBgn0035160	24	18	29	39	40	47
FBgn0000575	260	205	240	276	245	247
FBgn0035161	3	5	7	4	4	6
FBgn0035162	3827	2938	4963	6106	4480	5576
FBgn0260755	67	93	84	131	77	118
FBgn0260756	10	11	12	15	20	16
FBgn0035164	111	76	135	126	109	104
FBgn0035165	927	930	964	1480	905	1309
FBgn0035166	74	57	86	89	62	78
FBgn0035167	73	70	61	67	30	66
FBgn0035168	10	10	6	11	4	16
FBgn0035169	105	102	125	114	72	97
FBgn0035170	1	0	0	3	1	2
FBgn0035171	0	2	3	3	1	3
FBgn0052479	1157	818	1182	1240	1057	1125
FBgn0035173	187	169	113	149	144	123
FBgn0054056	7	8	8	4	8	4
FBgn0054057	3	4	4	5	5	6
FBgn0264574	0	2	0	0	0	3
FBgn0035179	0	0	0	0	0	1
FBgn0024277	1289	1062	1143	1290	1069	1270
FBgn0035181	222	171	240	248	204	221
FBgn0004870	12	13	13	20	9	17
FBgn0025525	15	20	15	20	19	20
FBgn0035186	0	0	1	1	0	0
FBgn0035187	1	1	1	0	2	0
FBgn0004431	1	0	1	1	2	0
FBgn0040281	2	4	1	1	1	2
FBgn0264272	3	0	1	1	0	1
FBgn0035189	0	2	0	0	0	1
FBgn0004426	0	0	0	0	1	0
FBgn0004427	0	0	0	1	0	0
FBgn0035192	0	0	1	0	0	0
FBgn0035193	1	0	0	0	1	0
FBgn0004378	516	454	423	538	461	622
FBgn0052318	0	7	0	8	3	0
FBgn0035194	52	39	59	57	39	46
FBgn0283500	249	224	246	321	251	273
FBgn0035196	0	1	0	0	0	0
FBgn0035197	0	0	0	0	0	0
FBgn0035198	0	0	0	0	0	0
FBgn0262937	177	170	215	234	147	178
FBgn0025682	1141	995	1068	1404	942	1259
FBgn0010333	521	391	503	570	482	427
FBgn0035203	201	153	193	244	151	207
FBgn0035204	146	114	171	174	158	175
FBgn0035205	458	417	428	559	421	497
FBgn0035206	148	119	129	161	101	135
FBgn0035207	707	647	649	1019	576	903
FBgn0010246	1626	1282	1266	1430	1227	1162
FBgn0035208	10	8	7	9	5	9
FBgn0011361	516	409	469	559	441	553
FBgn0035209	116	79	101	115	90	107
FBgn0035210	86	48	72	65	61	65
FBgn0035211	43	36	35	39	23	28
FBgn0010786	1103	951	1012	1408	803	954
FBgn0035213	295	221	292	349	314	340
FBgn0267487	323	254	323	376	314	314
FBgn0029514	43	22	36	59	41	39
FBgn0003295	0	0	0	0	1	0
FBgn0052320	2	1	1	4	1	0
FBgn0035216	0	0	0	0	0	2
FBgn0035218	0	1	0	0	0	0
FBgn0004635	131	126	116	120	109	132
FBgn0052319	0	0	1	0	1	0
FBgn0020248	5	2	1	2	3	3
FBgn0028567	2	0	0	0	0	1
FBgn0043458	343	328	400	510	344	455
FBgn0028577	652	556	630	774	611	764
FBgn0261243	812	730	805	1082	780	946
FBgn0011204	293	320	376	482	331	365
FBgn0035227	460	405	392	578	361	484
FBgn0053971	42	31	47	50	43	66
FBgn0035228	379	280	394	409	357	400
FBgn0035229	311	281	324	468	293	389
FBgn0052313	6	10	7	3	3	9
FBgn0041342	1186	895	1132	1353	891	1032
FBgn0035231	25	16	19	31	14	22
FBgn0035232	618	469	701	815	670	907
FBgn0035233	45	50	61	80	41	51
FBgn0035235	127	90	141	148	121	135
FBgn0035234	10	10	13	15	8	6
FBgn0035236	446	374	388	437	348	470
FBgn0035237	63	62	95	92	79	78
FBgn0035238	94	99	98	125	94	92
FBgn0035239	0	2	0	0	0	0
FBgn0035240	9	2	8	8	5	3
FBgn0035241	6	3	1	4	9	7
FBgn0035243	58	43	69	40	60	43
FBgn0035244	222	209	213	243	187	209
FBgn0053230	55	55	54	92	59	80
FBgn0035245	2	0	0	1	0	1
FBgn0035246	5	1	4	2	3	1
FBgn0013342	6	1	5	5	3	5
FBgn0035247	149	123	148	147	145	152
FBgn0013753	131	89	134	114	111	121
FBgn0025725	1022	793	1080	1207	901	1063
FBgn0035248	14	5	6	19	9	12
FBgn0035249	32	36	30	45	20	25
FBgn0025712	3	4	0	3	2	3
FBgn0035251	351	249	281	345	263	299
FBgn0035252	145	76	146	149	96	103
FBgn0035253	659	498	740	802	598	705
FBgn0035254	33	38	49	46	37	34
FBgn0026372	10180	7434	11641	11723	10300	8585
FBgn0035260	3	0	0	0	0	0
FBgn0035257	0	0	0	1	0	0
FBgn0027594	1374	1197	1013	1358	951	981
FBgn0035262	43	32	32	43	33	30
FBgn0035263	2	0	1	2	3	1
FBgn0035264	6	4	8	9	2	2
FBgn0035266	66	48	69	87	67	76
FBgn0035267	9	3	9	5	4	4
FBgn0022702	23	15	40	63	25	28
FBgn0035268	185	135	202	219	160	197
FBgn0013811	36	44	84	100	48	102
FBgn0035270	133	135	155	171	106	154
FBgn0027903	127	105	162	126	116	143
FBgn0035271	25	16	29	25	22	16
FBgn0035272	86	70	87	96	51	52
FBgn0250789	4775	3576	4501	5114	4148	4727
FBgn0024510	55	37	53	72	43	53
FBgn0011573	237	239	320	349	273	266
FBgn0035273	0	0	0	0	0	1
FBgn0067864	216	187	206	221	159	188
FBgn0025820	73	53	76	82	59	56
FBgn0261562	93	70	83	84	77	85
FBgn0035282	1	0	0	2	0	0
FBgn0035283	48	38	50	54	41	47
FBgn0004636	1073	833	1028	1194	941	1098
FBgn0042712	261	220	291	332	216	224
FBgn0035285	165	131	172	229	167	174
FBgn0035286	7	10	11	19	7	14
FBgn0002183	1495	1258	1546	1908	1481	1885
FBgn0035287	116	95	72	63	74	96
FBgn0000109	35	50	43	42	30	45
FBgn0262624	0	0	1	0	0	0
FBgn0035290	0	0	1	0	0	0
FBgn0261723	0	0	1	0	0	0
FBgn0035293	0	0	2	0	1	0
FBgn0288748	0	0	2	0	1	0
FBgn0035294	246	197	221	247	219	216
FBgn0002872	152	143	151	195	153	181
FBgn0035295	121	107	141	162	111	133
FBgn0288310	395	390	383	520	294	478
FBgn0035298	173	137	175	189	148	131
FBgn0027547	280	251	225	316	246	283
FBgn0262030	0	0	1	0	0	0
FBgn0086906	60	55	20	36	53	91
FBgn0052311	305	278	111	201	275	409
FBgn0035308	5	3	5	2	3	1
FBgn0035309	42	40	29	63	43	48
FBgn0026570	111	129	108	154	101	150
FBgn0035311	6	3	12	6	9	7
FBgn0035312	50	48	59	61	41	63
FBgn0026593	31	26	38	24	27	31
FBgn0035316	0	1	0	0	0	0
FBgn0035317	1	2	2	1	1	0
FBgn0035318	124	85	116	121	92	86
FBgn0040507	1	1	0	0	0	1
FBgn0052301	1	0	1	4	0	3
FBgn0052305	1	0	0	0	0	0
FBgn0035321	315	324	288	384	321	363
FBgn0015359	194	134	221	184	173	167
FBgn0015360	164	156	183	212	100	144
FBgn0035323	67	42	52	46	42	33
FBgn0000543	159	95	184	185	144	119
FBgn0035325	0	0	1	0	0	0
FBgn0052302	1	1	0	1	0	0
FBgn0035331	0	0	0	0	1	0
FBgn0035333	440	407	477	589	393	474
FBgn0035334	115	94	127	120	111	100
FBgn0035335	67	58	73	54	48	80
FBgn0035336	65	76	93	96	84	124
FBgn0035337	41	34	40	51	37	28
FBgn0266696	882	723	1003	1048	856	932
FBgn0261858	0	0	1	0	0	0
FBgn0052298	0	0	0	1	0	0
FBgn0052299	1	1	0	1	1	0
FBgn0035343	3	1	3	0	1	1
FBgn0035344	16	7	10	9	14	13
FBgn0035346	219	141	204	200	211	199
FBgn0035348	36	35	18	14	24	25
FBgn0010905	379	264	312	306	254	361
FBgn0260480	2	0	2	0	1	0
FBgn0010909	3661	2868	3067	3539	2651	3308
FBgn0261602	11298	7197	11932	11664	9604	8098
FBgn0016794	519	442	432	542	384	471
FBgn0062517	4	0	5	0	0	0
FBgn0028504	61	57	74	87	54	71
FBgn0035355	11	10	16	20	14	17
FBgn0035356	41	30	35	39	31	26
FBgn0011828	16199	11254	19523	16671	18626	12887
FBgn0035357	1208	1037	1174	1474	1103	1453
FBgn0250911	298	273	166	237	151	203
FBgn0035358	5	4	0	7	4	13
FBgn0035359	7	3	8	6	6	18
FBgn0035360	4	7	4	1	6	8
FBgn0027082	36	50	41	52	31	45
FBgn0259199	23	37	34	53	23	50
FBgn0259200	56	37	63	69	45	50
FBgn0264606	2	5	2	3	1	1
FBgn0053233	1	0	0	0	0	0
FBgn0053234	1	0	0	2	0	0
FBgn0052296	119	93	91	142	101	135
FBgn0020509	0	1	0	0	0	0
FBgn0035370	592	361	616	622	632	552
FBgn0035371	324	253	323	421	296	355
FBgn0035372	129	120	170	160	75	100
FBgn0044452	267	242	259	334	250	352
FBgn0035374	128	100	127	118	107	110
FBgn0035375	183	155	191	199	164	199
FBgn0263392	775	562	852	816	723	719
FBgn0262593	1	1	2	1	2	2
FBgn0035380	0	0	1	0	0	1
FBgn0052846	0	0	0	0	1	0
FBgn0035383	164	127	143	238	123	183
FBgn0035388	339	229	273	334	277	335
FBgn0040308	179	125	201	204	178	198
FBgn0035390	206	165	208	276	178	220
FBgn0052484	198	115	223	223	186	131
FBgn0052485	51	41	48	77	36	47
FBgn0035392	24	7	32	30	17	20
FBgn0035393	87	66	92	90	87	88
FBgn0266918	187	137	147	179	132	171
FBgn0035397	436	366	345	390	298	398
FBgn0035398	1	0	1	1	2	2
FBgn0266436	0	1	0	0	0	0
FBgn0266437	2	1	1	2	1	2
FBgn0026189	1455	1253	1664	1999	1540	1572
FBgn0035400	462	337	413	425	412	471
FBgn0035401	155	119	176	203	113	136
FBgn0035402	249	158	217	243	182	232
FBgn0263108	788	587	818	838	684	775
FBgn0266582	264	191	290	284	218	233
FBgn0035405	115	68	134	113	96	104
FBgn0024194	143	99	121	148	109	154
FBgn0035407	23	19	17	31	21	27
FBgn0052280	44	43	43	86	49	85
FBgn0052278	49	52	82	64	72	97
FBgn0052281	38	36	49	53	49	50
FBgn0035409	5	3	5	6	6	4
FBgn0035410	24	14	13	19	7	14
FBgn0283724	327	264	328	381	315	367
FBgn0260026	4	3	7	11	8	15
FBgn0052284	0	1	1	1	0	1
FBgn0035412	1	0	1	1	0	0
FBgn0260430	0	1	0	0	0	1
FBgn0035413	0	0	1	0	0	1
FBgn0035414	35	25	32	30	30	21
FBgn0001233	10765	8044	11954	11393	11954	7205
FBgn0035415	24	22	33	38	21	27
FBgn0047135	456	381	405	596	469	500
FBgn0286567	355	324	403	496	348	421
FBgn0052271	8	7	5	10	7	4
FBgn0053159	5	4	7	9	8	3
FBgn0052277	0	0	2	1	0	0
FBgn0053160	1	1	0	0	1	1
FBgn0052269	2	1	0	1	1	1
FBgn0052270	2	0	0	1	1	1
FBgn0035420	395	380	382	526	368	442
FBgn0035421	78	70	79	98	58	78
FBgn0035422	4226	3392	4195	4867	3772	3848
FBgn0035423	629	531	557	777	528	722
FBgn0035424	1263	1039	1214	1374	1068	1212
FBgn0035425	356	275	333	370	278	281
FBgn0035426	0	0	0	0	1	0
FBgn0263246	2	1	0	1	0	0
FBgn0035431	1	0	0	0	1	0
FBgn0035432	711	623	610	638	536	583
FBgn0035434	1	0	0	0	0	0
FBgn0035435	23	19	19	33	8	25
FBgn0035436	62	57	64	76	59	65
FBgn0259933	51	57	64	76	59	65
FBgn0035437	509	393	506	517	366	491
FBgn0035438	981	891	816	1341	743	1054
FBgn0035439	86	71	80	130	65	127
FBgn0035440	294	289	257	389	200	307
FBgn0052268	1	2	2	2	0	2
FBgn0004167	8505	7362	8189	10160	8183	10822
FBgn0283461	0	0	1	1	0	0
FBgn0027616	400	267	437	466	358	409
FBgn0035443	47	18	44	44	42	31
FBgn0035444	118	108	110	123	95	130
FBgn0035445	15	6	8	15	11	15
FBgn0014388	2741	1857	3161	2964	2643	2670
FBgn0026259	1241	1103	1439	1913	1436	1799
FBgn0287594	9	109	336	180	21	195
FBgn0041164	463	290	246	451	513	505
FBgn0010317	0	0	0	2	0	2
FBgn0035449	173	150	196	193	146	200
FBgn0052267	38	40	60	73	43	66
FBgn0259224	8	9	13	9	14	10
FBgn0005640	161	100	117	120	108	133
FBgn0035452	3	7	5	8	5	4
FBgn0263239	5	7	5	4	4	4
FBgn0035455	1	0	0	0	0	0
FBgn0052264	145	116	155	163	148	146
FBgn0035458	1	0	1	0	0	0
FBgn0052266	0	0	0	0	1	0
FBgn0035461	13	9	8	13	11	15
FBgn0035462	45	44	40	46	23	38
FBgn0052262	19	13	21	34	19	19
FBgn0035464	146	147	210	229	163	184
FBgn0004888	455	349	472	477	417	395
FBgn0004875	569	396	546	532	521	512
FBgn0064227	0	0	1	0	0	0
FBgn0026592	1	2	0	4	1	1
FBgn0035468	0	0	0	0	0	1
FBgn0035469	36	38	38	45	28	49
FBgn0035470	42	35	26	29	25	30
FBgn0003943	1756	1929	2325	2985	2141	2243
FBgn0035471	146	130	167	192	129	164
FBgn0041147	16	18	25	32	14	18
FBgn0035473	195	140	204	223	199	234
FBgn0004910	0	0	1	0	1	0
FBgn0035475	14	12	20	13	12	19
FBgn0035476	6	2	4	4	2	4
FBgn0027552	122	109	134	114	106	138
FBgn0035477	39	27	39	43	28	33
FBgn0035480	6	6	7	10	13	11
FBgn0035481	1	0	1	0	0	1
FBgn0035482	57	53	51	57	28	50
FBgn0035483	91	48	80	92	60	79
FBgn0035484	5	1	3	6	3	5
FBgn0035486	1	0	0	0	0	0
FBgn0045476	0	0	0	0	0	2
FBgn0052255	0	0	0	0	1	0
FBgn0035488	116	65	127	132	90	123
FBgn0263832	164	112	174	208	146	180
FBgn0035490	0	0	0	0	0	1
FBgn0024179	1	0	1	3	0	1
FBgn0016013	1	0	0	0	1	0
FBgn0035496	47	47	8	4	10	11
FBgn0035497	68	60	57	65	52	62
FBgn0035498	148	117	126	164	115	151
FBgn0028484	226	160	181	226	161	214
FBgn0035499	1342	964	1131	1143	975	898
FBgn0264693	1023	842	877	1077	874	916
FBgn0260985	281	187	247	271	268	270
FBgn0004574	656	464	603	621	496	603
FBgn0003206	160	132	182	192	140	152
FBgn0004552	0	0	2	0	2	2
FBgn0052260	1	1	0	1	0	2
FBgn0035501	0	1	2	2	0	1
FBgn0259986	3	2	1	2	1	1
FBgn0011653	1	0	0	2	0	2
FBgn0261274	150	151	140	229	131	217
FBgn0040696	0	0	1	4	0	1
FBgn0035504	3	2	0	2	0	2
FBgn0035505	1	2	0	1	2	0
FBgn0040697	0	1	1	0	0	0
FBgn0028664	24	28	18	34	18	24
FBgn0003710	1	0	0	1	0	0
FBgn0263110	394	374	420	567	382	529
FBgn0035508	1	2	7	3	1	1
FBgn0035510	0	0	0	1	1	2
FBgn0035511	0	0	1	0	0	0
FBgn0035512	2	2	3	4	0	10
FBgn0035513	2	1	1	2	1	6
FBgn0001257	516	460	449	674	386	703
FBgn0287590	177	102	168	230	145	165
FBgn0035515	61	72	65	88	39	75
FBgn0011692	524	413	462	411	456	571
FBgn0041171	458	352	502	523	446	503
FBgn0035517	95	56	86	90	78	111
FBgn0035518	105	98	106	141	102	121
FBgn0035519	167	171	180	177	117	119
FBgn0035520	68	49	49	65	40	63
FBgn0035523	5	6	6	15	6	2
FBgn0035524	140	112	175	179	171	199
FBgn0035526	267	214	279	282	232	240
FBgn0015829	55	36	47	39	30	34
FBgn0041630	123	88	189	190	40	44
FBgn0035528	220	209	215	325	214	321
FBgn0035529	44	35	61	84	42	52
FBgn0066365	0	1	0	0	0	0
FBgn0052251	171	138	166	201	219	257
FBgn0052250	82	64	86	72	78	69
FBgn0035532	47	43	50	67	37	37
FBgn0035533	694	529	585	645	573	713
FBgn0035534	11	11	20	25	9	15
FBgn0053514	0	0	2	0	1	0
FBgn0035537	4	6	7	2	7	2
FBgn0035538	1	2	0	0	0	0
FBgn0035539	1	0	0	0	2	1
FBgn0035540	38	24	30	37	29	29
FBgn0035541	112	108	109	139	137	169
FBgn0035542	47	58	31	38	29	50
FBgn0035550	1	0	0	0	0	0
FBgn0035553	1	0	0	1	2	0
FBgn0014073	1	0	0	0	0	0
FBgn0035557	2	1	1	1	0	2
FBgn0052243	86	102	84	106	83	111
FBgn0035558	938	749	742	891	722	798
FBgn0053777	0	0	0	0	0	1
FBgn0260657	9	12	5	7	9	4
FBgn0262733	37	36	55	78	26	31
FBgn0052246	0	0	1	0	0	0
FBgn0015805	519	376	555	545	489	542
FBgn0262870	11	12	3	10	11	10
FBgn0035574	1	0	0	1	0	0
FBgn0035569	0	1	0	0	0	0
FBgn0035571	0	0	0	1	0	0
FBgn0035575	1	1	1	1	0	2
FBgn0042131	0	0	1	2	1	4
FBgn0261797	1544	1390	1486	1705	1428	1749
FBgn0027085	67	54	69	74	41	77
FBgn0035577	1	2	1	1	2	5
FBgn0035578	0	0	1	0	1	1
FBgn0035581	2	2	2	3	4	1
FBgn0035582	1	0	0	0	1	0
FBgn0005775	1	0	1	0	0	1
FBgn0035585	1	0	0	0	0	0
FBgn0035593	37	41	59	58	44	41
FBgn0035592	42	28	45	60	34	42
FBgn0035591	29	27	41	56	39	41
FBgn0035590	27	9	17	17	17	13
FBgn0035589	81	56	49	62	45	67
FBgn0035588	42	30	45	69	31	46
FBgn0035587	2	3	6	4	2	2
FBgn0035586	125	97	127	139	101	100
FBgn0028962	78	74	75	113	65	80
FBgn0263831	25	26	29	26	36	27
FBgn0010747	198	168	228	286	219	269
FBgn0052423	951	802	787	905	746	795
FBgn0035598	0	2	0	4	0	2
FBgn0016031	278	182	245	276	276	203
FBgn0287586	96	70	117	90	64	167
FBgn0004380	101	111	127	165	111	139
FBgn0035600	504	360	482	460	472	505
FBgn0035601	594	453	567	651	581	640
FBgn0260856	62	49	75	76	72	69
FBgn0035603	88	101	114	143	124	159
FBgn0035607	1	0	0	0	2	1
FBgn0035608	641	607	563	704	523	845
FBgn0035612	2	2	3	0	1	4
FBgn0010894	22	25	25	33	32	41
FBgn0029118	154	128	133	167	131	173
FBgn0029121	52	44	42	50	32	38
FBgn0040239	68	54	64	81	55	68
FBgn0015766	0	5	2	2	3	2
FBgn0035617	169	171	191	232	169	237
FBgn0003486	0	3	0	2	1	0
FBgn0035619	0	1	1	0	0	0
FBgn0035620	0	0	0	0	0	1
FBgn0035622	343	262	346	374	336	339
FBgn0035623	130	130	89	125	102	111
FBgn0035624	16	22	17	24	20	17
FBgn0035625	0	0	0	0	0	1
FBgn0085447	3	1	1	0	1	1
FBgn0035627	35	37	29	52	32	54
FBgn0263106	255	225	260	303	240	269
FBgn0016756	132	140	132	157	156	155
FBgn0035630	848	613	989	1091	1040	933
FBgn0035631	184	166	193	225	184	221
FBgn0035632	68	48	62	58	45	59
FBgn0260936	505	388	542	608	532	568
FBgn0052418	35	38	38	42	47	54
FBgn0040298	57	47	57	52	64	69
FBgn0044419	57	57	47	119	60	108
FBgn0260458	58	61	63	75	50	51
FBgn0086694	223	237	268	310	266	326
FBgn0035638	2	2	0	1	1	2
FBgn0283472	933	727	848	1080	769	915
FBgn0259167	19	17	23	26	18	25
FBgn0035639	182	108	177	198	155	143
FBgn0035640	88	60	61	53	67	65
FBgn0003984	7	4	7	15	10	7
FBgn0035641	66	58	67	66	59	65
FBgn0035642	57	45	46	65	48	50
FBgn0035643	0	0	0	2	0	0
FBgn0035644	44	25	37	52	45	54
FBgn0035645	0	0	0	0	0	1
FBgn0052409	197	152	203	211	257	232
FBgn0052412	181	154	199	246	141	217
FBgn0052407	33	25	34	40	32	35
FBgn0053523	168	138	191	245	155	227
FBgn0002638	509	404	608	621	491	515
FBgn0053993	0	0	1	0	0	1
FBgn0035656	0	0	0	0	1	0
FBgn0035667	0	0	1	0	0	0
FBgn0028980	31	29	40	45	28	37
FBgn0035669	0	0	1	1	0	0
FBgn0035670	7	2	3	4	7	5
FBgn0259164	4	1	5	9	3	3
FBgn0035673	1	1	6	8	3	5
FBgn0035674	51	62	57	84	55	86
FBgn0035675	27	28	37	23	26	25
FBgn0035676	4	2	6	2	4	3
FBgn0035677	2	0	0	2	0	1
FBgn0035678	17	10	21	24	17	17
FBgn0035679	85	66	78	101	75	93
FBgn0061492	46	56	74	79	34	63
FBgn0002440	2	0	1	0	1	1
FBgn0035686	1	0	0	0	0	0
FBgn0035687	0	0	2	1	0	2
FBgn0035688	19408	23758	17666	20747	19946	14145
FBgn0035689	77	71	78	120	73	96
FBgn0035690	78	82	105	112	76	85
FBgn0022699	70	57	100	104	95	89
FBgn0262985	1	0	2	3	0	0
FBgn0022935	124	95	129	128	119	96
FBgn0035691	7	8	12	20	10	11
FBgn0035692	113	89	144	176	119	137
FBgn0024921	428	379	401	503	372	435
FBgn0035693	4	3	7	6	6	11
FBgn0002526	10236	8373	12652	14393	11520	11863
FBgn0035695	0	0	0	2	0	1
FBgn0004513	0	0	0	0	0	1
FBgn0035696	1	1	0	0	0	0
FBgn0035697	0	0	2	2	4	5
FBgn0001258	945	828	876	1613	770	769
FBgn0041623	1	0	0	0	0	1
FBgn0035699	1	0	0	0	0	0
FBgn0035702	16	10	11	10	6	8
FBgn0035703	19	26	28	15	18	21
FBgn0035704	83	78	69	115	47	69
FBgn0020251	40	47	44	46	43	56
FBgn0052396	1	0	0	1	0	0
FBgn0042185	49	47	60	56	40	58
FBgn0263973	4	12	8	6	3	6
FBgn0002926	10	12	32	35	30	41
FBgn0286051	192	137	238	258	208	234
FBgn0024177	41	28	59	54	56	45
FBgn0035708	165	104	127	124	114	125
FBgn0004619	0	0	1	0	0	0
FBgn0035710	1	0	0	0	1	0
FBgn0005626	0	2	1	3	4	1
FBgn0261934	480	435	547	613	496	621
FBgn0035713	602	450	792	786	696	889
FBgn0035714	58	66	72	87	54	59
FBgn0035715	290	233	272	339	242	292
FBgn0052392	0	1	0	0	0	0
FBgn0086680	0	0	0	0	0	1
FBgn0041194	0	0	0	1	0	0
FBgn0035719	22	25	19	24	31	39
FBgn0035720	1046	855	1083	1270	842	854
FBgn0035721	55	66	65	81	54	63
FBgn0035722	78	50	68	68	67	63
FBgn0029117	37	33	39	39	26	27
FBgn0261445	1448	938	1350	1421	1250	1349
FBgn0035724	3	1	1	6	1	2
FBgn0035725	82	70	65	53	41	53
FBgn0035726	792	600	869	1070	766	798
FBgn0035727	19	14	25	32	7	18
FBgn0001104	1484	1203	1296	1696	1223	1657
FBgn0045759	1	0	0	0	0	0
FBgn0260660	1	1	1	2	2	2
FBgn0053556	9	5	6	9	7	10
FBgn0002775	91	66	85	135	91	122
FBgn0035741	1	0	0	0	0	0
FBgn0010387	0	0	4	5	1	1
FBgn0023001	0	0	0	0	1	0
FBgn0259173	177	176	258	300	265	270
FBgn0040837	63	48	90	163	94	97
FBgn0265296	8	10	4	10	8	4
FBgn0035751	6	2	7	2	3	4
FBgn0261111	31	16	29	46	20	27
FBgn0035753	3312	2220	3557	3253	3028	2570
FBgn0024542	58	36	51	55	40	53
FBgn0028648	54	36	50	55	36	47
FBgn0016036	1	0	0	2	0	1
FBgn0012058	204	177	236	276	200	239
FBgn0035754	36	25	30	39	22	30
FBgn0035755	0	1	0	1	1	0
FBgn0035756	1	0	0	0	0	1
FBgn0035760	14	6	10	10	5	9
FBgn0035761	88	78	99	105	88	116
FBgn0035762	88	80	84	118	75	128
FBgn0035763	204	219	210	256	223	264
FBgn0002909	58	57	72	85	56	73
FBgn0259203	80	88	97	121	87	90
FBgn0264302	45	36	42	48	36	49
FBgn0264303	45	36	42	48	36	49
FBgn0035766	230	187	307	287	206	261
FBgn0011640	452	275	447	391	333	308
FBgn0035767	203	162	196	229	145	216
FBgn0035768	2	0	3	3	2	1
FBgn0015298	80	54	106	107	76	81
FBgn0019662	224	189	203	287	185	223
FBgn0035769	162	96	161	173	158	181
FBgn0035770	210	206	278	334	214	327
FBgn0035771	690	523	736	827	702	740
FBgn0035772	852	745	728	961	696	810
FBgn0082598	648	491	667	686	568	621
FBgn0052380	308	253	305	398	270	345
FBgn0016983	558	452	546	568	560	614
FBgn0035776	3	2	1	2	2	1
FBgn0035777	1	0	0	1	2	2
FBgn0259935	7	4	4	16	5	21
FBgn0014011	328	294	252	303	305	283
FBgn0035782	0	0	1	1	0	0
FBgn0052383	0	0	1	0	0	0
FBgn0052382	0	0	2	3	2	1
FBgn0053278	0	1	0	1	1	3
FBgn0035789	14	12	13	6	9	19
FBgn0015033	0	3	1	4	0	7
FBgn0035791	6	2	6	10	6	6
FBgn0035793	549	389	583	621	500	568
FBgn0268063	3	3	2	1	2	4
FBgn0028582	381	344	364	401	330	412
FBgn0035795	0	0	0	2	0	0
FBgn0035798	0	0	0	0	0	1
FBgn0035799	1	0	0	0	0	0
FBgn0035800	0	0	0	0	0	1
FBgn0035802	0	1	5	2	2	1
FBgn0053276	4	4	9	8	2	6
FBgn0035805	31	37	33	47	27	39
FBgn0052373	0	1	0	0	0	0
FBgn0035806	2	0	0	0	0	0
FBgn0035807	114	85	126	146	100	171
FBgn0261788	3	3	1	2	3	2
FBgn0265084	0	1	0	0	0	0
FBgn0035811	213	176	275	254	206	249
FBgn0035812	161	149	207	241	173	264
FBgn0035816	0	0	0	0	1	0
FBgn0023076	1	2	0	0	3	0
FBgn0052369	455	432	411	695	413	601
FBgn0016694	205	183	153	196	179	210
FBgn0052365	1	0	1	0	0	2
FBgn0003041	352	257	289	294	336	386
FBgn0035824	27	24	25	25	37	34
FBgn0035825	85	79	107	120	62	71
FBgn0024187	214	175	191	225	196	268
FBgn0035827	52	45	62	76	44	59
FBgn0010406	196	175	183	257	160	178
FBgn0027554	173	167	153	224	120	186
FBgn0035829	132	101	157	153	124	123
FBgn0035830	272	222	296	313	283	253
FBgn0035831	41	36	66	60	61	55
FBgn0011817	47	37	42	54	30	53
FBgn0026263	26	17	43	55	44	39
FBgn0262579	1193	1057	946	1323	986	1244
FBgn0260967	0	0	1	0	0	0
FBgn0035833	133	90	134	154	99	118
FBgn0028379	4	0	4	10	0	2
FBgn0027549	176	180	215	254	169	222
FBgn0262716	782	568	874	905	712	818
FBgn0026252	1681	1396	1890	2146	1817	2011
FBgn0035838	36	33	35	46	25	49
FBgn0035839	8	12	11	15	6	9
FBgn0042112	43	34	51	49	25	26
FBgn0029113	645	501	690	693	667	738
FBgn0010350	271	284	283	415	229	325
FBgn0035842	85	66	101	150	114	129
FBgn0002899	86	81	120	140	111	143
FBgn0035844	11	2	16	20	11	8
FBgn0259916	27	21	22	26	14	30
FBgn0264478	0	0	1	0	0	0
FBgn0040290	118	89	114	121	131	120
FBgn0020392	168	121	177	169	145	153
FBgn0035848	58	53	64	88	58	65
FBgn0035849	82	66	76	104	84	96
FBgn0035850	259	196	269	327	260	314
FBgn0035851	88	73	74	111	51	102
FBgn0035852	2	5	4	1	1	7
FBgn0035853	260	191	227	328	232	258
FBgn0035854	57	24	45	45	46	52
FBgn0035855	3	9	2	3	7	6
FBgn0035856	0	0	2	1	0	0
FBgn0052364	109	78	117	172	129	155
FBgn0035857	0	0	0	0	0	1
FBgn0265089	0	0	0	1	0	0
FBgn0035861	0	0	0	0	1	0
FBgn0263219	3	4	0	3	2	2
FBgn0027569	552	366	428	451	404	456
FBgn0035865	0	0	0	0	0	1
FBgn0015793	43	39	41	81	35	53
FBgn0035866	60	47	50	55	58	48
FBgn0035867	76	75	106	118	75	87
FBgn0035868	48	32	53	70	47	79
FBgn0087039	48	56	53	82	69	82
FBgn0035870	3	1	3	4	2	4
FBgn0035871	391	326	316	449	308	441
FBgn0035872	807	517	857	807	748	762
FBgn0035875	0	0	0	1	1	0
FBgn0035876	42	34	30	42	34	33
FBgn0011762	36	18	25	30	29	32
FBgn0035877	34	27	21	44	26	39
FBgn0035878	212	183	260	229	262	243
FBgn0035879	274	238	316	316	253	278
FBgn0035880	21	14	21	19	16	29
FBgn0001248	596	490	557	695	512	526
FBgn0001253	0	0	0	1	0	2
FBgn0035888	31	40	56	39	26	40
FBgn0035889	55	72	82	104	63	80
FBgn0053057	55	47	39	64	36	77
FBgn0035890	43	41	48	61	36	71
FBgn0265102	44	31	43	48	26	43
FBgn0266667	125	107	133	128	109	133
FBgn0010431	2	1	3	1	0	1
FBgn0052354	5	7	2	7	7	2
FBgn0020224	176	131	188	224	183	214
FBgn0263352	669	646	668	896	616	765
FBgn0035896	77	53	77	61	57	60
FBgn0010825	363	319	358	421	301	415
FBgn0262719	4	5	5	6	2	3
FBgn0035900	74	56	77	86	54	65
FBgn0035901	62	46	84	95	61	82
FBgn0035903	8	8	16	26	13	16
FBgn0035902	12	15	13	13	8	10
FBgn0035904	382	268	409	404	371	363
FBgn0086348	2	3	3	0	1	5
FBgn0035906	131	118	147	170	137	164
FBgn0035907	30	21	27	21	6	21
FBgn0024236	562	484	623	856	566	613
FBgn0035909	536	445	661	742	548	654
FBgn0260442	1260	1047	800	1021	838	995
FBgn0035911	81	53	97	88	75	68
FBgn0262508	6	4	3	13	4	7
FBgn0017430	32	26	43	35	25	33
FBgn0017579	3623	2540	3851	4346	3247	3395
FBgn0017429	74	61	83	95	44	37
FBgn0035914	1	4	1	4	0	0
FBgn0035915	2	0	0	3	1	2
FBgn0052351	2	0	2	4	3	3
FBgn0035916	70	66	67	74	58	66
FBgn0035917	2	0	0	0	1	0
FBgn0035918	67	41	83	64	52	77
FBgn0052029	1	1	0	0	0	0
FBgn0035921	0	0	0	1	0	0
FBgn0035922	1	1	0	1	0	3
FBgn0000121	1	1	3	7	1	7
FBgn0001168	451	343	366	521	442	547
FBgn0011509	209	179	228	297	208	217
FBgn0052022	72	79	75	75	59	71
FBgn0035923	70	71	58	97	49	69
FBgn0000357	1	0	1	2	2	0
FBgn0003149	0	0	0	2	1	1
FBgn0266084	64	49	30	47	37	50
FBgn0085456	0	0	0	0	1	0
FBgn0035931	0	0	0	1	0	2
FBgn0052024	0	1	3	0	0	2
FBgn0035932	3	1	2	6	1	6
FBgn0286938	1	0	1	3	0	0
FBgn0263930	280	226	146	255	215	264
FBgn0052026	8	4	4	11	4	4
FBgn0262788	1	0	1	0	0	0
FBgn0020633	346	263	367	388	404	418
FBgn0035934	1	0	1	0	0	1
FBgn0266757	1	0	0	0	0	0
FBgn0035936	0	2	4	1	1	4
FBgn0264305	195	179	171	231	158	199
FBgn0264307	68	58	86	117	79	78
FBgn0040321	194	163	226	262	93	150
FBgn0011787	171	115	200	212	170	181
FBgn0035941	3	2	4	5	0	1
FBgn0035942	48	35	30	54	29	26
FBgn0035944	204	165	190	217	191	199
FBgn0035945	188	179	175	234	217	240
FBgn0086706	1153	1046	1107	1743	1140	1529
FBgn0035947	258	203	273	293	269	319
FBgn0035948	7	5	7	13	9	12
FBgn0035949	3	1	3	10	7	3
FBgn0263199	135	91	106	119	82	116
FBgn0035951	167	119	187	209	157	198
FBgn0035952	2	1	0	0	0	2
FBgn0016070	177	119	180	189	161	191
FBgn0035953	103	98	93	134	109	106
FBgn0035954	0	1	0	0	0	1
FBgn0035955	1	0	0	0	0	0
FBgn0028789	0	1	0	0	1	0
FBgn0035957	26	20	19	22	10	23
FBgn0000116	946	734	709	1090	773	994
FBgn0035959	141	162	156	225	145	205
FBgn0035960	9	9	6	13	3	6
FBgn0023479	347	285	261	277	314	268
FBgn0043806	224	201	166	257	182	268
FBgn0040827	182	148	102	204	130	143
FBgn0011206	63	70	32	80	38	58
FBgn0035964	52	39	71	78	61	79
FBgn0035965	23	22	35	35	18	18
FBgn0263456	0	1	0	0	0	1
FBgn0004244	0	0	1	0	0	1
FBgn0035968	33	34	38	62	39	64
FBgn0035969	0	1	1	1	0	0
FBgn0264000	1	0	0	0	0	0
FBgn0035975	43	48	42	68	64	67
FBgn0035976	95	69	72	94	73	102
FBgn0035977	58	44	63	51	43	54
FBgn0035978	324	260	278	316	217	344
FBgn0052040	4	5	5	11	5	10
FBgn0052039	23	30	26	35	10	20
FBgn0085484	61	63	57	83	55	75
FBgn0085485	0	1	0	0	0	0
FBgn0004379	158	131	148	159	190	172
FBgn0035980	8	7	11	9	0	6
FBgn0035981	101	85	108	111	114	87
FBgn0011769	39	31	38	49	34	50
FBgn0001228	2	1	1	1	0	2
FBgn0001223	66	61	54	94	66	58
FBgn0035982	1	0	0	2	1	0
FBgn0001225	168	139	181	187	221	163
FBgn0001227	0	1	0	0	0	1
FBgn0001224	108	106	97	91	104	117
FBgn0001226	105	52	120	139	98	115
FBgn0263494	0	0	0	2	0	1
FBgn0035983	72	54	49	52	58	54
FBgn0015218	672	518	579	684	582	682
FBgn0035985	1	1	3	3	1	1
FBgn0035986	81	91	111	134	83	121
FBgn0288470	244	188	287	273	218	282
FBgn0035989	75	57	76	106	68	73
FBgn0035988	2	1	2	4	2	2
FBgn0023129	75	60	54	70	41	48
FBgn0015296	181	139	177	215	161	197
FBgn0005533	2594	1695	2718	2667	2296	2295
FBgn0040305	128	110	128	163	101	155
FBgn0260431	5	13	8	20	15	16
FBgn0260859	41	39	48	54	42	45
FBgn0035993	94	78	108	91	98	73
FBgn0053926	62	53	89	97	29	70
FBgn0035995	110	74	102	115	81	97
FBgn0035996	11	17	17	26	17	18
FBgn0266124	53	52	76	78	65	63
FBgn0035997	129	88	136	176	135	126
FBgn0035999	9	14	17	23	17	17
FBgn0035998	11	15	22	22	18	19
FBgn0036000	66	58	59	86	62	86
FBgn0266101	9	5	7	17	15	10
FBgn0011327	176	133	151	198	187	172
FBgn0036004	386	314	450	459	429	455
FBgn0036005	36	32	47	61	34	33
FBgn0052036	3	7	8	10	6	10
FBgn0052037	17	19	11	20	6	15
FBgn0036007	309	185	190	208	296	283
FBgn0036008	42	54	43	68	48	72
FBgn0010408	5388	3891	5182	5825	4589	4485
FBgn0261555	40	23	20	30	17	23
FBgn0267796	9	12	11	6	10	15
FBgn0036014	3	0	0	0	3	1
FBgn0036015	2	0	0	0	1	0
FBgn0036016	1	1	1	0	0	0
FBgn0267348	1781	1299	1948	2175	1819	1721
FBgn0036018	98	80	104	132	96	138
FBgn0036019	5	2	2	5	5	2
FBgn0036020	43	39	59	61	37	48
FBgn0016081	1174	956	912	1090	835	1075
FBgn0036022	0	0	1	1	0	2
FBgn0036023	1	1	2	1	0	1
FBgn0036024	1	1	1	0	0	2
FBgn0053696	0	0	1	1	1	0
FBgn0036028	22	12	17	32	20	18
FBgn0087040	1	0	0	1	0	0
FBgn0036030	160	139	126	150	127	179
FBgn0036029	2	1	2	1	2	2
FBgn0015321	151	125	137	154	117	147
FBgn0036031	0	0	0	0	1	0
FBgn0036032	82	59	111	110	97	84
FBgn0040475	450	319	400	406	347	372
FBgn0045823	1558	1308	1667	1775	1465	1396
FBgn0036035	86	41	116	135	118	104
FBgn0036036	23	7	20	21	18	18
FBgn0261530	81	74	92	125	80	100
FBgn0036038	97	86	108	107	64	75
FBgn0036039	98	81	91	94	68	92
FBgn0019644	345	293	409	397	356	369
FBgn0036040	0	2	2	0	0	2
FBgn0259163	16	12	13	13	13	20
FBgn0036043	595	491	466	516	479	508
FBgn0044328	0	1	0	0	0	0
FBgn0264489	1	1	0	1	1	0
FBgn0028429	145	138	151	174	127	163
FBgn0015618	26	19	19	21	17	7
FBgn0004390	298	237	350	422	297	366
FBgn0036052	75	51	63	70	49	55
FBgn0036053	709	656	666	904	551	750
FBgn0027567	752	615	826	958	765	908
FBgn0085411	5	4	0	1	2	5
FBgn0011836	146	110	116	139	106	156
FBgn0025866	203	136	183	231	185	181
FBgn0036056	2	4	1	4	5	9
FBgn0036057	8	4	5	13	7	12
FBgn0036058	303	214	287	322	252	284
FBgn0286833	0	6	2	8	4	4
FBgn0036059	149	122	121	166	122	153
FBgn0085385	0	0	2	0	0	0
FBgn0036062	2	7	3	8	8	10
FBgn0026404	90	90	91	144	89	112
FBgn0036063	21	13	11	20	17	17
FBgn0259932	33	11	22	50	35	31
FBgn0263251	112	79	156	100	109	131
FBgn0040823	1	0	0	0	0	0
FBgn0052053	0	0	0	0	1	0
FBgn0052054	0	0	0	0	1	0
FBgn0262007	1	1	7	3	1	6
FBgn0267539	0	1	0	0	0	0
FBgn0000451	0	1	0	0	0	0
FBgn0036075	0	0	0	1	0	1
FBgn0052055	0	0	1	1	0	1
FBgn0052056	259	208	228	237	191	211
FBgn0036082	1	3	0	2	2	1
FBgn0036083	1	0	0	0	0	0
FBgn0052058	1	0	1	0	0	0
FBgn0011802	53	50	52	80	46	58
FBgn0045770	0	0	1	0	0	0
FBgn0052062	129	111	149	148	114	175
FBgn0036085	2	0	0	2	2	1
FBgn0036089	2	0	0	0	0	0
FBgn0001179	164	134	169	224	145	187
FBgn0054001	6	11	2	8	4	7
FBgn0000629	191	156	194	176	168	192
FBgn0036090	39	27	43	58	34	27
FBgn0036091	1	0	0	0	0	0
FBgn0052066	598	408	519	572	473	539
FBgn0036093	5	0	4	4	2	2
FBgn0036094	4	4	4	2	2	2
FBgn0036096	241	170	218	248	216	251
FBgn0052068	77	55	50	94	58	80
FBgn0010762	474	358	427	465	411	552
FBgn0036099	193	146	224	264	188	204
FBgn0053493	2	2	6	3	3	2
FBgn0047038	155	120	178	166	121	125
FBgn0036101	114	101	83	103	86	94
FBgn0262890	4	2	5	2	3	5
FBgn0036102	0	0	0	0	1	0
FBgn0262020	1	0	0	0	0	1
FBgn0026160	254	181	196	216	180	178
FBgn0036104	139	110	144	181	118	127
FBgn0036105	14	15	16	17	17	23
FBgn0036107	38	19	41	57	37	42
FBgn0027615	61	57	64	81	78	72
FBgn0036108	0	0	0	0	0	1
FBgn0036110	6	4	3	2	1	4
FBgn0036111	366	330	406	556	407	443
FBgn0013469	3	2	4	0	2	1
FBgn0263776	1	0	0	0	0	0
FBgn0036116	1	3	0	1	1	1
FBgn0036117	42	41	37	25	27	39
FBgn0036118	13	11	8	28	8	6
FBgn0052069	11	7	12	18	13	20
FBgn0052075	46	50	60	65	44	55
FBgn0025355	27	20	32	40	27	30
FBgn0266540	27	20	32	40	27	30
FBgn0036121	181	124	166	164	158	217
FBgn0263241	76	65	70	112	59	100
FBgn0010741	215	192	259	302	240	265
FBgn0036124	121	101	159	183	154	179
FBgn0020412	306	242	303	353	313	348
FBgn0286979	0	0	0	1	0	0
FBgn0286980	0	2	0	2	0	0
FBgn0083068	8	9	4	6	1	3
FBgn0036126	47	59	31	68	45	64
FBgn0261112	117	88	114	137	91	127
FBgn0036128	0	1	0	0	0	1
FBgn0052072	1	0	0	0	0	0
FBgn0054012	0	0	0	0	0	1
FBgn0036133	87	55	103	113	96	105
FBgn0003462	319	211	324	338	280	236
FBgn0036134	232	198	259	237	236	250
FBgn0036135	61	44	66	79	47	58
FBgn0036136	101	88	119	123	109	123
FBgn0260795	6	11	9	8	2	6
FBgn0052082	6	5	4	4	5	5
FBgn0036139	1	0	1	0	0	0
FBgn0052076	84	59	62	92	48	68
FBgn0036141	238	189	267	314	248	261
FBgn0036142	18	13	15	10	3	11
FBgn0036143	2	2	3	6	0	3
FBgn0036144	703	495	725	818	726	653
FBgn0036147	259	249	272	383	240	312
FBgn0036145	5	4	10	15	2	4
FBgn0036146	8	11	7	7	1	6
FBgn0061469	257	200	242	308	229	300
FBgn0064766	257	187	241	283	191	264
FBgn0261553	316	313	344	408	265	391
FBgn0036150	2	4	0	1	4	6
FBgn0041094	335	269	276	388	343	411
FBgn0036152	23	25	18	38	23	29
FBgn0036153	4	9	6	7	4	9
FBgn0036154	4	4	3	4	2	0
FBgn0036155	6	7	3	5	5	6
FBgn0036157	0	0	0	1	0	0
FBgn0036158	0	0	0	0	1	0
FBgn0036159	87	74	107	138	106	156
FBgn0036162	2	1	0	0	0	1
FBgn0036165	69	61	66	95	57	81
FBgn0036168	0	0	0	0	0	2
FBgn0285958	4	2	4	1	2	2
FBgn0259481	573	431	544	602	414	556
FBgn0036173	118	114	120	164	87	134
FBgn0286893	0	0	0	1	0	1
FBgn0053267	6	3	5	8	1	7
FBgn0053270	0	0	1	0	0	0
FBgn0003292	0	0	0	1	1	1
FBgn0036179	2	0	0	1	0	1
FBgn0036180	177	128	180	203	138	163
FBgn0036181	15	15	22	31	15	31
FBgn0086254	196	171	170	229	174	247
FBgn0036184	51	34	65	70	55	57
FBgn0042138	249	182	243	240	190	216
FBgn0052091	11	5	10	10	8	5
FBgn0036186	17	14	30	36	21	33
FBgn0036187	99	67	80	115	113	129
FBgn0036188	81	59	101	104	79	102
FBgn0052085	2	0	0	1	1	0
FBgn0015828	162	124	175	199	177	153
FBgn0036191	116	116	132	134	125	162
FBgn0036192	13	17	8	25	6	16
FBgn0036193	4	13	5	9	1	4
FBgn0036194	78	119	106	149	107	158
FBgn0036196	12	13	14	14	8	19
FBgn0261353	173	147	190	259	172	237
FBgn0261381	173	147	190	259	172	237
FBgn0036198	22	21	16	20	17	27
FBgn0040817	2	0	0	1	0	0
FBgn0036199	121	83	116	156	112	130
FBgn0052088	27	22	15	21	18	33
FBgn0036202	3	0	1	1	1	1
FBgn0015278	384	302	352	392	325	429
FBgn0036205	1	2	1	5	1	6
FBgn0036207	35	38	35	62	28	40
FBgn0004381	90	83	93	123	85	99
FBgn0036208	0	0	0	1	0	1
FBgn0259140	1	2	0	3	2	1
FBgn0036210	27	19	24	28	16	29
FBgn0036211	183	151	184	178	168	188
FBgn0036212	8	6	15	16	8	7
FBgn0036213	3832	3077	3603	4394	3564	3896
FBgn0052095	47	40	50	46	48	54
FBgn0000404	590	506	646	670	612	658
FBgn0036214	4	5	1	4	0	3
FBgn0266100	1	0	0	0	1	0
FBgn0036224	0	0	0	3	0	0
FBgn0036229	0	1	0	0	1	0
FBgn0262986	0	1	0	0	0	0
FBgn0028573	4	0	3	5	5	5
FBgn0053265	0	1	2	1	0	0
FBgn0264488	1	0	0	1	0	1
FBgn0036235	0	1	2	2	1	2
FBgn0036236	1	2	0	0	0	1
FBgn0036237	223	149	269	239	239	187
FBgn0026432	84	63	75	105	74	110
FBgn0036239	250	201	275	288	227	278
FBgn0036240	71	32	71	41	41	46
FBgn0041096	8	7	8	11	6	15
FBgn0284221	53	55	71	99	82	78
FBgn0011335	92	62	78	103	74	87
FBgn0036248	63	51	66	77	46	55
FBgn0036249	30	18	27	43	9	27
FBgn0022959	766	519	865	751	737	762
FBgn0002565	1	0	0	1	0	0
FBgn0046296	31	27	44	52	28	42
FBgn0036254	48	52	74	92	69	74
FBgn0036255	15	8	19	13	12	15
FBgn0011455	224	176	234	244	198	193
FBgn0036257	183	138	178	204	158	210
FBgn0036258	619	548	656	1004	731	827
FBgn0013997	407	427	401	607	458	659
FBgn0052099	45	35	54	66	31	61
FBgn0036259	1	2	2	2	0	1
FBgn0036260	10	5	9	4	8	15
FBgn0027843	186	170	220	283	189	239
FBgn0036262	4	2	3	2	5	7
FBgn0000592	1	1	0	3	0	0
FBgn0036263	107	88	119	107	87	110
FBgn0022709	27	31	26	24	16	24
FBgn0036266	18	17	23	29	16	22
FBgn0260941	219	171	221	217	191	211
FBgn0052100	29	33	20	46	21	30
FBgn0036271	98	94	100	137	70	103
FBgn0036272	137	108	181	197	130	167
FBgn0036273	33	26	36	41	25	27
FBgn0036274	0	0	1	0	0	0
FBgn0036277	66	52	80	64	40	71
FBgn0036278	0	1	1	0	0	1
FBgn0036279	363	298	311	277	313	324
FBgn0052104	50	38	39	53	40	56
FBgn0036282	1	4	2	6	0	1
FBgn0052103	386	293	404	524	405	475
FBgn0020655	249	196	263	245	228	221
FBgn0036285	0	0	0	0	0	1
FBgn0036286	140	120	145	148	120	155
FBgn0036287	4	1	0	1	2	3
FBgn0036288	11	10	21	31	16	13
FBgn0036289	3	5	7	10	5	9
FBgn0036290	205	191	223	318	197	271
FBgn0036291	17	27	25	33	18	22
FBgn0036292	68	42	70	71	53	60
FBgn0264848	168	117	164	157	162	182
FBgn0036294	4	10	10	12	7	10
FBgn0002466	555	468	544	623	507	643
FBgn0041775	1044	734	985	1037	913	1037
FBgn0020388	298	234	309	339	229	297
FBgn0262524	52	38	47	57	34	35
FBgn0004926	673	587	805	945	717	947
FBgn0036298	184	132	169	181	144	159
FBgn0036299	111	105	97	187	109	186
FBgn0085271	6	7	6	8	5	8
FBgn0036300	67	65	64	87	50	74
FBgn0036301	112	60	95	105	107	111
FBgn0036302	336	286	298	359	232	298
FBgn0015904	0	0	1	0	0	0
FBgn0014343	2	4	4	1	2	1
FBgn0261933	124	80	130	139	122	104
FBgn0014007	336	324	351	414	289	416
FBgn0052112	24	41	27	41	25	43
FBgn0052109	35	46	45	44	33	61
FBgn0010235	587	510	505	577	467	577
FBgn0036305	100	96	88	123	103	125
FBgn0036306	64	72	75	90	61	56
FBgn0052113	154	151	175	224	107	155
FBgn0036309	215	241	235	326	220	328
FBgn0052106	0	1	0	2	0	0
FBgn0036310	0	0	1	0	1	0
FBgn0036311	1	2	2	2	2	1
FBgn0260945	241	205	230	272	232	325
FBgn0261674	145	120	133	173	119	138
FBgn0262714	326	210	284	271	274	298
FBgn0052110	1	2	4	2	4	4
FBgn0036314	73	59	95	87	68	69
FBgn0260965	122	114	112	143	112	145
FBgn0036316	308	240	244	324	239	363
FBgn0036317	95	99	114	143	90	141
FBgn0036318	420	301	331	461	299	376
FBgn0036319	4	3	3	7	2	3
FBgn0052107	0	0	1	0	0	0
FBgn0036324	3	5	0	9	2	6
FBgn0287591	0	1	0	0	1	1
FBgn0052115	93	53	94	149	95	140
FBgn0036329	0	0	0	1	0	0
FBgn0036330	0	0	1	0	0	0
FBgn0036331	20	13	13	13	7	7
FBgn0036332	79	74	89	109	85	108
FBgn0036333	152	159	169	210	153	209
FBgn0036334	221	165	248	277	238	262
FBgn0036335	59	36	54	61	44	49
FBgn0036336	76	75	89	85	59	61
FBgn0036337	213	168	229	224	181	233
FBgn0286213	2654	1877	2390	2555	2003	2112
FBgn0266709	4	5	10	8	9	7
FBgn0083978	1	0	0	1	1	3
FBgn0036340	365	264	395	377	341	391
FBgn0011284	6310	4544	7425	8200	6454	6217
FBgn0036341	219	130	183	176	166	157
FBgn0036342	40	32	37	58	33	58
FBgn0010452	0	0	0	0	0	1
FBgn0023095	41	41	31	39	40	27
FBgn0040814	0	0	1	0	0	0
FBgn0036348	0	1	0	2	0	1
FBgn0287423	10942	10839	11368	15251	11030	12871
FBgn0036351	0	0	0	1	0	0
FBgn0001256	0	0	2	0	0	0
FBgn0036352	0	0	0	2	0	0
FBgn0036353	59	35	61	82	50	52
FBgn0036354	283	183	239	284	246	235
FBgn0036356	22	13	26	34	24	26
FBgn0260049	631	483	570	681	569	643
FBgn0036362	0	0	0	1	0	0
FBgn0036365	177	137	152	219	129	164
FBgn0036366	57	34	34	44	55	39
FBgn0036368	8	8	9	11	4	8
FBgn0036369	51	55	78	75	57	64
FBgn0086708	125	116	103	153	90	80
FBgn0036372	198	178	192	243	195	223
FBgn0036373	733	504	725	652	598	600
FBgn0036374	266	226	332	380	283	305
FBgn0086785	78	68	110	79	71	88
FBgn0036376	333	303	380	466	346	409
FBgn0036377	0	0	0	1	0	0
FBgn0264001	128	533	94	668	267	545
FBgn0043550	0	0	1	0	0	0
FBgn0029167	291	218	909	697	860	649
FBgn0036381	30	47	23	48	18	23
FBgn0264006	4	4	7	6	3	6
FBgn0036382	0	2	1	1	0	2
FBgn0026376	183	148	144	177	137	189
FBgn0036386	34	33	37	49	32	36
FBgn0001108	362	283	366	459	374	439
FBgn0052137	3	0	1	2	0	0
FBgn0025874	57	33	44	63	51	58
FBgn0036389	338	291	391	427	313	363
FBgn0263232	198	153	207	298	142	157
FBgn0001216	0	2	1	2	1	0
FBgn0036391	0	0	1	1	0	0
FBgn0250848	1176	820	1411	1417	1237	1168
FBgn0036395	13	3	20	26	13	17
FBgn0036396	12	21	15	30	11	23
FBgn0036397	47	33	39	48	33	38
FBgn0036398	883	801	1043	1143	909	1087
FBgn0052133	492	384	487	538	485	555
FBgn0061515	353	280	333	397	334	356
FBgn0036402	348	255	334	380	334	370
FBgn0036403	10	3	17	9	6	7
FBgn0026418	1222	889	1274	1406	1149	1098
FBgn0283503	163	138	159	201	140	169
FBgn0036405	93	62	80	80	57	75
FBgn0036406	23	14	21	21	14	16
FBgn0267795	2008	1634	1865	2073	1667	1926
FBgn0013563	56	46	59	65	42	48
FBgn0285896	6	3	1	4	3	2
FBgn0036410	0	4	0	0	1	1
FBgn0042630	0	0	1	1	0	0
FBgn0036414	1	0	0	0	0	1
FBgn0013718	146	117	107	114	79	124
FBgn0036416	2	1	0	2	0	1
FBgn0085273	0	0	0	0	1	0
FBgn0001085	5	2	3	4	4	4
FBgn0036419	0	0	0	1	0	0
FBgn0036422	0	0	3	0	0	1
FBgn0003459	85	46	122	109	92	114
FBgn0036423	35	21	28	25	21	29
FBgn0087007	20	14	20	25	18	14
FBgn0026409	1624	1183	1809	1873	1593	1558
FBgn0036428	50	55	32	70	40	56
FBgn0054039	9	8	13	19	16	20
FBgn0028418	5	7	6	10	6	5
FBgn0040318	1	0	0	1	0	0
FBgn0003388	0	1	0	1	0	1
FBgn0036433	2	1	5	3	2	3
FBgn0027375	149	132	134	188	154	188
FBgn0041604	46	51	58	81	55	39
FBgn0259175	13	17	5	3	8	12
FBgn0036442	0	1	0	0	1	0
FBgn0036443	0	0	1	0	0	1
FBgn0013263	791	632	701	745	737	800
FBgn0260233	3	5	14	0	2	3
FBgn0053260	7	7	12	11	8	13
FBgn0036446	108	101	124	161	114	125
FBgn0036447	0	0	1	0	1	2
FBgn0036448	701	613	683	808	616	740
FBgn0036449	173	179	154	189	133	183
FBgn0036450	219	184	244	271	207	226
FBgn0036451	493	446	584	687	483	533
FBgn0029148	242	159	327	311	309	301
FBgn0001120	0	0	2	0	0	0
FBgn0036454	62	83	22	41	36	87
FBgn0036460	170	122	218	235	200	219
FBgn0002778	303	240	435	435	354	503
FBgn0036461	3	2	2	1	2	1
FBgn0036462	120	103	134	175	112	144
FBgn0023174	420	326	424	431	364	394
FBgn0036463	35	31	25	28	21	44
FBgn0261090	1	1	1	1	1	3
FBgn0036466	0	1	0	2	0	0
FBgn0263762	0	1	0	0	0	0
FBgn0036470	1	0	0	0	0	0
FBgn0086690	634	515	718	805	664	855
FBgn0036474	1	0	1	0	0	1
FBgn0036476	51	45	71	62	45	89
FBgn0027088	492	423	533	733	510	701
FBgn0266452	209	154	231	263	207	293
FBgn0264703	12	2	5	9	5	5
FBgn0266441	107	67	103	133	90	92
FBgn0036479	2	0	1	0	2	0
FBgn0036480	140	117	125	125	154	197
FBgn0036481	0	2	1	5	1	4
FBgn0052847	0	0	0	0	0	1
FBgn0036482	0	1	3	2	0	1
FBgn0036483	116	100	109	145	99	144
FBgn0286818	2307	2006	2465	2931	2582	2557
FBgn0047178	38	42	37	27	26	41
FBgn0036484	146	142	160	179	158	204
FBgn0036485	2	1	0	0	0	1
FBgn0036486	238	190	232	275	216	260
FBgn0036487	184	185	201	251	205	214
FBgn0036489	75	64	71	87	59	70
FBgn0036488	80	60	75	82	76	87
FBgn0029114	172	188	173	204	162	177
FBgn0036491	1	0	0	0	0	0
FBgn0036492	0	0	1	0	0	0
FBgn0036493	40	44	26	55	41	57
FBgn0036500	102	82	89	112	95	115
FBgn0036501	132	109	128	157	96	141
FBgn0026738	66	56	83	77	60	63
FBgn0036502	39	24	28	40	33	43
FBgn0004052	0	0	1	0	0	1
FBgn0001099	3	13	8	19	7	6
FBgn0028377	3	3	0	0	0	0
FBgn0000565	86	66	100	100	71	93
FBgn0036503	2	1	8	6	2	3
FBgn0004228	1	0	0	0	0	0
FBgn0036504	2	3	3	3	4	4
FBgn0036505	343	274	327	409	248	369
FBgn0053985	0	0	0	1	0	0
FBgn0261681	0	0	1	0	1	0
FBgn0053983	1	1	1	2	0	0
FBgn0262893	0	1	0	1	0	2
FBgn0004396	189	145	164	172	167	169
FBgn0087035	2904	2585	2916	3583	2557	3348
FBgn0036509	275	279	271	326	244	262
FBgn0036510	139	81	108	142	103	140
FBgn0267390	465	364	411	611	352	510
FBgn0036512	110	104	94	125	83	90
FBgn0261109	54	39	75	82	59	68
FBgn0036514	102	72	123	145	119	125
FBgn0036515	188	142	189	232	200	202
FBgn0036516	242	161	196	272	208	210
FBgn0036518	706	515	694	730	593	690
FBgn0036519	81	63	91	88	55	68
FBgn0036520	2	2	1	2	1	1
FBgn0259236	1	0	2	1	0	0
FBgn0036522	85	54	91	110	94	119
FBgn0036529	1	0	0	0	0	0
FBgn0085481	1	0	0	0	0	0
FBgn0041160	0	0	1	0	1	0
FBgn0010105	0	0	0	0	0	1
FBgn0036532	1	0	0	0	0	0
FBgn0261722	196	174	214	293	195	237
FBgn0015025	21	21	15	19	11	13
FBgn0036534	515	568	579	733	596	677
FBgn0040230	105	96	138	142	112	123
FBgn0036536	46	31	37	46	32	46
FBgn0036537	108	99	133	145	117	131
FBgn0036538	89	78	110	157	109	107
FBgn0264908	1	0	0	1	0	0
FBgn0036544	1	1	1	3	0	2
FBgn0000489	4	4	1	3	3	4
FBgn0036545	117	81	91	141	85	102
FBgn0283649	48	42	48	49	32	42
FBgn0036547	3	3	2	2	4	5
FBgn0263599	695	657	786	1059	774	950
FBgn0036549	36	21	39	37	36	39
FBgn0000212	741	574	725	844	747	826
FBgn0036550	1	0	3	0	1	2
FBgn0036551	18	19	10	17	7	11
FBgn0036552	1	2	1	2	1	2
FBgn0036553	1	2	2	2	0	0
FBgn0000115	166	120	191	202	131	160
FBgn0263600	135	122	140	174	126	149
FBgn0259824	215	199	257	262	217	235
FBgn0036556	115	109	124	142	106	111
FBgn0036557	104	56	100	113	68	98
FBgn0263601	595	536	575	837	553	749
FBgn0044028	156	147	183	229	169	189
FBgn0261634	1	2	0	1	0	0
FBgn0261633	0	0	0	0	0	2
FBgn0260646	0	0	0	0	0	1
FBgn0036560	4	0	0	0	0	2
FBgn0260635	1609	1083	1723	1790	1362	1662
FBgn0005536	875	702	949	1041	835	1065
FBgn0053258	0	0	0	0	1	2
FBgn0036563	1	2	2	1	1	0
FBgn0263602	103	77	147	125	88	97
FBgn0036565	234	285	217	318	239	291
FBgn0036566	628	557	571	824	589	775
FBgn0036567	154	145	163	207	141	228
FBgn0036568	106	67	79	133	91	115
FBgn0036569	40	31	49	48	34	53
FBgn0036570	83	46	75	93	64	69
FBgn0262987	6	8	6	9	2	2
FBgn0263603	520	455	610	709	509	559
FBgn0010280	823	587	945	984	901	913
FBgn0036571	77	67	54	82	63	77
FBgn0003076	284	244	267	489	254	408
FBgn0011016	352	255	351	418	348	362
FBgn0266724	29	15	20	18	8	22
FBgn0036574	209	181	224	285	205	307
FBgn0036575	5	4	7	13	7	9
FBgn0036576	351	196	290	335	234	307
FBgn0052152	6	7	2	7	10	8
FBgn0036577	2	0	0	0	0	1
FBgn0263605	76	59	97	90	93	109
FBgn0036579	41	59	58	73	53	58
FBgn0036580	140	97	121	134	111	135
FBgn0036581	88	64	76	108	74	92
FBgn0263606	21	16	10	17	4	17
FBgn0263607	19	19	12	26	10	24
FBgn0263608	0	3	0	1	1	0
FBgn0036584	0	0	0	1	0	0
FBgn0036587	0	0	1	0	0	0
FBgn0036597	0	0	0	0	0	1
FBgn0036612	1	0	1	1	0	0
FBgn0285951	61	61	66	67	56	56
FBgn0036614	44	48	36	60	31	47
FBgn0283681	35	40	42	50	38	50
FBgn0011693	1	0	0	0	0	2
FBgn0266417	17	23	8	13	12	10
FBgn0036618	0	0	0	1	0	0
FBgn0036619	0	1	0	0	0	0
FBgn0036620	1	1	0	1	0	0
FBgn0042137	0	0	1	0	1	0
FBgn0036621	328	244	360	433	344	333
FBgn0036622	26	22	35	63	10	23
FBgn0036623	408	324	417	488	404	480
FBgn0036624	179	140	208	266	192	257
FBgn0266099	0	1	0	0	0	0
FBgn0036627	0	1	0	0	0	0
FBgn0014163	169	105	108	94	137	129
FBgn0028399	453	453	464	551	399	526
FBgn0036629	13	12	16	25	7	5
FBgn0027080	324	239	298	392	281	323
FBgn0053158	141	104	133	187	141	181
FBgn0261799	4	0	1	2	1	2
FBgn0004569	4	3	0	1	5	6
FBgn0260388	266	260	302	323	337	327
FBgn0263131	0	1	0	0	0	0
FBgn0003515	1	0	0	0	2	2
FBgn0026061	3	0	1	0	0	1
FBgn0262732	434	338	489	630	428	512
FBgn0036640	112	94	107	114	80	126
FBgn0036641	47	36	67	56	64	44
FBgn0263975	7	3	0	7	4	7
FBgn0028693	268	218	290	290	249	257
FBgn0250814	602	374	679	560	484	487
FBgn0036643	86	41	53	69	53	51
FBgn0052163	21	24	39	46	20	32
FBgn0002283	92	68	89	96	75	83
FBgn0003741	49	26	32	39	32	65
FBgn0027500	250	204	242	221	264	277
FBgn0042178	110	139	92	164	111	120
FBgn0036646	108	67	108	130	133	163
FBgn0042177	318	265	379	401	295	458
FBgn0036648	96	57	108	128	79	106
FBgn0002284	364	266	415	382	359	311
FBgn0004465	170	130	196	180	148	170
FBgn0025558	48	30	39	30	34	27
FBgn0017572	369	291	354	415	303	343
FBgn0000017	9443	10723	8945	13004	8918	11234
FBgn0260960	870	676	684	719	682	656
FBgn0010223	10	12	17	8	14	14
FBgn0040512	246	220	282	312	241	329
FBgn0036652	2	3	8	3	5	5
FBgn0063485	559	374	535	502	553	512
FBgn0264605	179	148	136	166	164	179
FBgn0036654	4	5	1	2	1	1
FBgn0000414	317	287	304	374	252	346
FBgn0036656	0	0	0	0	1	0
FBgn0043577	0	0	0	0	0	1
FBgn0043578	0	0	0	0	0	1
FBgn0004556	79	49	92	100	95	88
FBgn0004108	64	49	106	88	78	72
FBgn0287696	64	40	73	65	56	69
FBgn0036661	332	322	436	429	370	402
FBgn0036662	88	73	89	104	106	94
FBgn0025582	988	800	1068	1334	976	1056
FBgn0036663	1632	1575	1037	1530	1202	1333
FBgn0021768	162	126	214	214	217	197
FBgn0036665	3	2	1	0	2	0
FBgn0036666	321	253	312	371	295	316
FBgn0036667	41	34	37	55	34	51
FBgn0036668	340	306	393	475	369	468
FBgn0003250	0	1	0	0	0	0
FBgn0003410	124	110	127	128	95	141
FBgn0259794	1	0	0	3	0	0
FBgn0036670	0	0	1	0	0	1
FBgn0036671	54	42	63	76	48	55
FBgn0261565	211	163	119	220	124	163
FBgn0052170	8	6	6	5	5	4
FBgn0036676	1	0	0	0	0	0
FBgn0036677	1	0	0	0	0	0
FBgn0036678	3	0	0	1	0	0
FBgn0036680	6	2	3	5	2	1
FBgn0036681	0	1	0	0	0	0
FBgn0010352	840	588	833	947	717	859
FBgn0261547	253	198	244	263	207	267
FBgn0036684	213	240	188	245	174	251
FBgn0036685	239	208	244	296	242	260
FBgn0036686	259	235	336	343	305	319
FBgn0036687	0	0	1	0	0	1
FBgn0036688	48	53	60	79	36	58
FBgn0036689	36	31	24	35	17	28
FBgn0036690	0	0	2	1	0	0
FBgn0036691	46	27	39	67	45	49
FBgn0261872	270	206	308	338	294	367
FBgn0036695	90	53	76	79	55	89
FBgn0036696	34	23	39	42	39	51
FBgn0010424	0	0	0	0	1	0
FBgn0036697	136	98	138	164	113	162
FBgn0036698	0	0	0	1	0	0
FBgn0260943	0	0	0	1	1	1
FBgn0036702	557	478	634	836	564	751
FBgn0036710	212	156	225	259	216	192
FBgn0036712	1	0	0	0	0	0
FBgn0036714	60	69	77	90	55	71
FBgn0036716	0	0	0	2	0	0
FBgn0036717	0	0	1	2	0	1
FBgn0027660	211	133	159	164	161	144
FBgn0266669	175	161	174	209	134	140
FBgn0040793	227	183	215	226	203	229
FBgn0053051	22	20	26	22	23	18
FBgn0053052	103	71	97	113	105	81
FBgn0042641	218	184	227	267	198	232
FBgn0052174	44	33	21	44	21	38
FBgn0052176	54	50	65	81	54	77
FBgn0036723	9	5	9	11	4	8
FBgn0036726	117	92	123	150	100	106
FBgn0036727	1	5	3	0	0	3
FBgn0036728	366	262	372	368	314	292
FBgn0288810	0	0	0	0	0	1
FBgn0085279	14	18	16	22	10	18
FBgn0036729	0	0	0	0	0	1
FBgn0036730	1	0	0	0	0	1
FBgn0036731	1	0	1	0	0	0
FBgn0036732	452	390	352	464	342	395
FBgn0052185	1	0	2	0	1	1
FBgn0036733	110	88	143	157	125	125
FBgn0036734	520	446	474	543	426	449
FBgn0036735	151	132	173	193	139	179
FBgn0259174	549	453	573	601	544	639
FBgn0023197	1	0	2	0	0	0
FBgn0036738	1	0	0	1	0	0
FBgn0025455	451	380	528	628	498	679
FBgn0000567	82	46	46	57	53	55
FBgn0036740	274	205	226	248	211	233
FBgn0036741	165	141	174	210	143	192
FBgn0036742	3	1	2	3	1	3
FBgn0004401	1708	1354	1818	2012	1554	1830
FBgn0262531	1	2	2	3	2	4
FBgn0052177	97	98	95	105	79	104
FBgn0052179	26	15	18	28	20	25
FBgn0036745	163	129	154	212	154	178
FBgn0036746	301	230	244	318	241	273
FBgn0085280	0	0	1	0	0	0
FBgn0036749	10	14	32	29	22	20
FBgn0036750	1	0	1	0	0	0
FBgn0036751	0	1	1	0	1	0
FBgn0036752	878	816	778	926	777	953
FBgn0043025	18	13	11	27	19	22
FBgn0052182	14	10	12	24	18	12
FBgn0052181	11	8	26	30	14	19
FBgn0261998	2	3	3	2	1	2
FBgn0052190	943	740	889	1126	873	973
FBgn0036754	57	52	72	52	65	66
FBgn0052191	0	1	0	0	0	0
FBgn0001134	2	3	1	5	0	4
FBgn0036759	10	7	9	11	5	17
FBgn0036760	69	53	51	92	41	73
FBgn0036761	137	98	162	171	123	140
FBgn0036762	688	532	643	686	546	629
FBgn0036763	98	85	135	125	92	85
FBgn0036764	613	490	738	935	743	801
FBgn0054002	2	0	0	0	2	0
FBgn0262532	0	2	0	0	0	0
FBgn0262533	0	0	0	1	0	1
FBgn0036765	10	9	25	33	15	30
FBgn0036766	0	0	0	0	1	1
FBgn0036769	1	2	0	0	2	1
FBgn0036770	436	372	454	503	396	460
FBgn0036771	47	45	42	58	41	45
FBgn0036772	169	154	149	188	223	184
FBgn0000568	373	297	355	370	311	356
FBgn0052192	0	0	0	0	0	1
FBgn0259739	0	1	0	0	1	0
FBgn0264748	0	2	3	4	2	2
FBgn0264746	0	1	1	3	5	2
FBgn0036774	95	78	107	119	98	100
FBgn0036775	89	50	114	121	90	100
FBgn0002901	31	29	47	46	30	30
FBgn0036777	15	9	12	10	12	3
FBgn0052195	11	10	14	22	10	17
FBgn0036778	0	0	0	0	1	0
FBgn0003997	12	8	9	10	6	4
FBgn0011706	12	20	7	19	8	13
FBgn0052196	8	2	2	1	1	1
FBgn0013717	64	53	69	44	60	62
FBgn0259791	68	43	51	49	55	83
FBgn0036801	13	13	17	17	13	17
FBgn0260027	4	2	3	4	1	1
FBgn0042134	1036	701	1031	1066	908	1024
FBgn0040322	74	65	82	108	57	90
FBgn0040323	91	71	82	96	72	95
FBgn0286925	0	0	0	0	0	1
FBgn0085283	0	0	0	1	1	1
FBgn0036804	43	29	36	45	29	23
FBgn0052202	19	11	21	20	20	17
FBgn0036805	109	121	128	127	90	101
FBgn0036806	79	69	97	101	62	83
FBgn0036809	2	2	7	3	2	0
FBgn0036810	1	0	0	0	0	0
FBgn0036811	54	56	46	50	40	49
FBgn0036812	17	19	26	26	16	20
FBgn0036813	99	63	105	118	71	114
FBgn0001078	217	160	259	239	209	297
FBgn0036814	336	263	333	380	313	386
FBgn0036815	107	82	110	114	96	107
FBgn0000261	400	358	386	397	388	358
FBgn0036816	665	609	535	608	562	715
FBgn0036817	10	4	8	3	10	3
FBgn0036818	12	13	7	11	12	14
FBgn0036819	12	8	12	11	3	3
FBgn0036820	31	15	21	29	6	8
FBgn0025807	37	19	30	29	24	35
FBgn0085284	24	18	18	19	19	27
FBgn0014075	404	398	485	624	453	544
FBgn0036821	155	138	162	269	136	196
FBgn0036822	11	11	15	10	5	11
FBgn0036824	463	323	445	420	421	286
FBgn0036825	4290	2776	4521	4871	3855	3421
FBgn0036826	26	33	40	41	23	35
FBgn0036827	51	55	62	81	48	54
FBgn0027057	154	117	160	162	119	143
FBgn0036828	178	150	160	232	164	183
FBgn0036829	0	0	1	0	0	0
FBgn0036830	1	0	0	0	0	0
FBgn0036834	0	0	1	0	0	0
FBgn0036835	0	1	0	0	0	0
FBgn0036836	0	1	0	0	0	1
FBgn0036837	67	74	52	64	56	64
FBgn0036838	86	75	78	115	60	122
FBgn0002945	5	2	1	0	1	5
FBgn0015586	0	0	0	0	1	0
FBgn0036842	226	191	236	296	236	260
FBgn0036843	77	48	85	90	60	85
FBgn0036844	196	142	190	205	171	219
FBgn0036846	55	52	60	74	61	57
FBgn0036847	164	167	178	215	149	191
FBgn0036848	97	68	89	106	100	107
FBgn0036849	10	9	10	16	8	11
FBgn0036850	29	27	26	33	33	44
FBgn0016797	8	10	16	9	9	15
FBgn0036853	42	29	64	54	32	36
FBgn0040075	222	149	283	235	217	215
FBgn0026630	217	208	233	297	206	245
FBgn0260857	89	43	63	88	50	71
FBgn0017578	62	49	64	81	72	65
FBgn0036856	48	44	43	53	40	47
FBgn0259720	48	44	43	53	40	47
FBgn0266456	0	0	0	0	0	2
FBgn0036857	237	196	241	226	215	197
FBgn0036859	0	2	0	1	1	0
FBgn0036858	0	0	0	0	0	1
FBgn0036862	20	31	17	35	15	36
FBgn0028380	120	99	117	122	100	128
FBgn0003089	5	6	3	3	8	7
FBgn0052206	6	6	9	10	6	14
FBgn0053255	0	0	0	3	0	1
FBgn0053062	22	24	17	26	8	13
FBgn0023395	79	55	78	86	75	69
FBgn0036870	0	2	0	0	0	0
FBgn0036871	0	1	1	0	0	1
FBgn0052214	2	1	0	3	0	0
FBgn0036872	0	0	0	0	4	0
FBgn0262031	6	4	8	3	4	1
FBgn0052212	10	3	7	11	1	8
FBgn0036875	0	1	1	1	3	1
FBgn0036877	0	1	2	1	0	0
FBgn0036882	6	5	11	8	14	14
FBgn0286940	0	1	1	0	0	0
FBgn0262517	265	226	259	354	262	262
FBgn0260461	2	2	2	3	1	3
FBgn0286941	0	0	0	0	0	0
FBgn0036886	79	46	82	97	91	123
FBgn0005564	3	0	5	4	3	4
FBgn0036887	42	33	46	72	32	39
FBgn0036888	348	296	374	413	293	395
FBgn0036889	28	24	21	35	18	23
FBgn0005386	198	171	199	265	244	280
FBgn0010417	109	79	115	126	68	90
FBgn0036890	1	0	0	0	0	0
FBgn0020277	3	1	1	3	0	9
FBgn0036891	832	659	824	1113	854	1049
FBgn0036892	243	229	265	386	239	375
FBgn0036893	28	23	21	38	19	27
FBgn0260655	130	124	138	216	163	160
FBgn0029094	222	162	177	247	161	244
FBgn0036895	0	0	0	0	0	1
FBgn0036896	110	106	94	135	105	140
FBgn0036897	67	47	76	94	71	78
FBgn0022774	135	111	153	125	142	122
FBgn0036899	0	0	0	0	0	0
FBgn0036900	126	87	122	152	124	113
FBgn0004623	0	0	0	1	1	1
FBgn0261341	1	0	1	1	0	0
FBgn0260653	1	0	1	0	0	3
FBgn0262516	66	66	69	98	59	80
FBgn0261360	285	128	333	319	294	230
FBgn0260434	0	2	0	0	0	0
FBgn0261361	66	66	69	98	59	80
FBgn0266136	286	416	335	319	295	380
FBgn0036905	0	2	0	0	0	0
FBgn0261283	3406	2732	2945	3582	2768	3180
FBgn0036906	25	13	13	23	10	11
FBgn0260874	57	49	36	63	21	38
FBgn0036908	104	88	93	114	90	113
FBgn0036909	31	34	44	39	28	45
FBgn0083952	2	0	2	1	9	3
FBgn0040786	6	7	6	7	8	4
FBgn0024889	188	138	180	222	175	182
FBgn0036910	0	0	0	1	1	0
FBgn0023094	55	42	58	90	78	79
FBgn0036911	42	44	53	86	43	69
FBgn0013799	155	131	168	175	133	126
FBgn0003744	188	121	188	209	178	178
FBgn0052221	32	45	38	34	25	38
FBgn0001324	386	321	391	452	367	437
FBgn0020389	119	97	115	145	114	120
FBgn0262518	217	215	200	250	201	257
FBgn0036913	426	339	574	728	452	562
FBgn0262519	954	828	1027	1039	933	1094
FBgn0014037	516	505	556	697	510	696
FBgn0036915	130	111	143	171	126	146
FBgn0036916	52	44	53	60	49	57
FBgn0028695	523	420	625	608	554	597
FBgn0020887	284	216	313	316	286	295
FBgn0036918	131	99	145	147	129	152
FBgn0036919	164	107	157	190	151	162
FBgn0036920	71	50	57	67	59	56
FBgn0036921	691	558	633	772	573	685
FBgn0287592	0	0	0	1	17	0
FBgn0004852	28	23	33	30	22	22
FBgn0052219	0	1	0	0	1	1
FBgn0036922	18	14	16	11	15	12
FBgn0036923	0	0	0	1	0	0
FBgn0036924	0	0	0	0	0	1
FBgn0013303	44	49	29	70	46	51
FBgn0036926	17	13	15	11	7	16
FBgn0036927	17	17	17	10	0	3
FBgn0036928	345	288	379	395	301	344
FBgn0036929	145	127	117	172	122	163
FBgn0261574	1098	1101	1225	1782	1127	1556
FBgn0036931	9	16	7	15	14	17
FBgn0036932	48	48	53	61	36	37
FBgn0036937	1	0	0	0	0	0
FBgn0005198	190	178	229	294	149	202
FBgn0036940	0	0	0	0	2	1
FBgn0036942	2	6	3	7	4	4
FBgn0261556	718	459	645	674	609	792
FBgn0036945	22	7	13	13	12	10
FBgn0260397	106	83	133	139	121	110
FBgn0036956	0	1	0	1	0	1
FBgn0036958	335	248	332	354	288	362
FBgn0024814	440	361	455	448	398	433
FBgn0036959	8	9	4	20	5	11
FBgn0265959	0	0	0	0	0	1
FBgn0052227	2	1	2	3	2	2
FBgn0036964	46	36	39	44	42	51
FBgn0288469	142	125	138	191	121	156
FBgn0036967	113	103	119	130	103	142
FBgn0052225	2	0	2	3	2	1
FBgn0003124	688	492	600	623	651	716
FBgn0250791	398	316	325	369	318	398
FBgn0262057	75	69	46	78	50	47
FBgn0036969	1	0	1	0	0	0
FBgn0036970	0	0	0	0	0	1
FBgn0266934	0	1	0	1	0	1
FBgn0036973	67	41	62	65	48	66
FBgn0036974	594	521	612	740	594	726
FBgn0036975	32	25	49	67	37	61
FBgn0024887	51	52	57	68	33	41
FBgn0036977	0	0	2	3	2	2
FBgn0259676	103	68	76	59	84	76
FBgn0036978	5	3	1	3	4	7
FBgn0001259	4	3	6	4	2	10
FBgn0036979	0	2	0	1	1	1
FBgn0001247	276	240	233	391	233	390
FBgn0036980	205	156	197	226	183	267
FBgn0027565	114	98	102	101	91	103
FBgn0011205	307	266	281	332	248	310
FBgn0053969	98	94	95	137	94	112
FBgn0028978	185	103	151	175	155	156
FBgn0036984	10	7	10	11	12	6
FBgn0036985	17	12	28	25	27	62
FBgn0036987	50	39	38	51	31	41
FBgn0036988	36	42	42	46	33	46
FBgn0029158	74	54	71	85	48	81
FBgn0284421	332	270	318	380	321	364
FBgn0036990	76	44	84	88	68	63
FBgn0036991	31	25	28	43	35	37
FBgn0036992	6	5	9	8	6	5
FBgn0036993	0	0	2	3	0	3
FBgn0036994	63	50	62	56	55	73
FBgn0036995	2	2	3	3	0	1
FBgn0036996	1	0	1	3	0	1
FBgn0036997	6	9	3	8	6	11
FBgn0052428	75	74	76	102	92	96
FBgn0036998	49	47	46	57	51	64
FBgn0036999	139	117	131	139	121	105
FBgn0037000	46	34	27	51	24	43
FBgn0037001	257	216	317	285	281	234
FBgn0052425	206	151	180	190	166	171
FBgn0037003	0	4	5	5	6	2
FBgn0037004	4	7	0	0	2	3
FBgn0037005	1	1	2	6	5	4
FBgn0037007	138	123	124	150	98	139
FBgn0037008	16	27	16	21	16	29
FBgn0037009	113	79	91	114	73	115
FBgn0287585	231	123	242	263	192	245
FBgn0037011	68	61	70	85	70	63
FBgn0037012	35	53	41	55	32	39
FBgn0037013	2	2	5	5	6	3
FBgn0037015	1	0	0	0	0	0
FBgn0037016	38	32	25	22	24	29
FBgn0045474	1	0	2	0	0	0
FBgn0037017	3	5	4	5	6	5
FBgn0040634	1	2	2	2	2	0
FBgn0037018	35	32	25	29	19	37
FBgn0016696	266	219	270	364	288	341
FBgn0037019	37	29	48	57	36	35
FBgn0037020	90	51	96	90	81	66
FBgn0037021	170	150	193	218	172	187
FBgn0037022	35	23	30	51	32	32
FBgn0027364	1	0	0	0	0	0
FBgn0037024	76	49	73	90	71	56
FBgn0037025	204	174	205	258	250	300
FBgn0037026	225	158	212	228	176	198
FBgn0037027	251	204	264	297	222	240
FBgn0037028	78	51	72	67	42	71
FBgn0259243	168	109	150	156	111	147
FBgn0086915	0	2	0	1	1	2
FBgn0037030	2	2	0	0	0	1
FBgn0040636	3	2	3	6	5	3
FBgn0027055	189	153	187	220	149	134
FBgn0037031	34	33	25	38	29	28
FBgn0052432	1	1	0	3	0	0
FBgn0011591	6	10	15	12	9	9
FBgn0037035	0	2	1	0	1	0
FBgn0037036	1	0	0	0	0	3
FBgn0037037	0	0	2	2	1	3
FBgn0037038	0	0	0	0	0	1
FBgn0037040	2	3	1	0	1	2
FBgn0053287	0	0	0	0	0	1
FBgn0053286	0	0	0	2	0	0
FBgn0037042	0	0	0	1	0	0
FBgn0003415	453	346	422	480	419	502
FBgn0037044	93	62	102	106	88	108
FBgn0037045	14	24	24	32	15	23
FBgn0028402	75	62	91	85	66	85
FBgn0037046	11	9	20	25	14	14
FBgn0026179	101	59	60	94	61	68
FBgn0262482	0	0	0	1	0	0
FBgn0020294	0	1	3	3	4	6
FBgn0037050	33	27	23	41	24	33
FBgn0037051	563	495	701	797	658	773
FBgn0024150	344	267	317	270	286	282
FBgn0021760	459	388	491	559	458	491
FBgn0270926	115	114	121	175	104	169
FBgn0259239	2	0	4	2	2	5
FBgn0041100	31	27	32	38	26	27
FBgn0085290	15	15	14	22	8	12
FBgn0053054	28	27	19	18	16	23
FBgn0053056	110	93	104	126	93	135
FBgn0037057	126	112	164	142	134	132
FBgn0037059	1	0	0	0	0	1
FBgn0037060	2	0	1	1	1	2
FBgn0037061	33	35	64	63	52	44
FBgn0028427	174	165	152	203	157	225
FBgn0004865	23	11	15	18	18	13
FBgn0262854	0	0	0	0	0	1
FBgn0037063	143	114	141	155	105	125
FBgn0037064	6	6	7	9	4	7
FBgn0012034	582	433	527	572	524	497
FBgn0027945	51	32	39	73	33	47
FBgn0037065	1	0	2	0	1	4
FBgn0259785	658	497	759	742	684	754
FBgn0037068	0	0	0	0	0	1
FBgn0000551	0	0	0	1	0	0
FBgn0037069	0	0	0	1	0	0
FBgn0037070	60	39	50	72	34	43
FBgn0037071	51	35	45	58	35	43
FBgn0003042	29	26	31	40	32	40
FBgn0086913	1	0	0	0	0	0
FBgn0037073	236	180	302	331	294	303
FBgn0037074	641	614	512	761	527	725
FBgn0052436	48	31	46	63	73	63
FBgn0037076	28	30	32	24	29	32
FBgn0037078	6	1	1	3	1	2
FBgn0052437	0	1	1	0	0	0
FBgn0052440	0	0	1	0	0	0
FBgn0261258	326	321	168	211	224	267
FBgn0002842	1	0	0	1	0	0
FBgn0037081	151	141	180	200	162	253
FBgn0053288	8	2	2	4	6	7
FBgn0005694	148	118	197	206	148	204
FBgn0037082	77	63	77	94	68	81
FBgn0283479	0	0	0	0	1	0
FBgn0267849	187	124	162	219	152	204
FBgn0037087	78	57	79	93	66	95
FBgn0015239	103	88	115	125	122	135
FBgn0264561	650	525	659	808	584	657
FBgn0037090	1	4	0	2	1	2
FBgn0037092	21	37	24	41	27	46
FBgn0026371	128	110	127	136	113	128
FBgn0037093	316	246	396	418	353	409
FBgn0037094	272	220	291	324	267	292
FBgn0052442	16	25	16	19	8	20
FBgn0029152	159	120	161	162	121	166
FBgn0015283	247	180	275	277	241	223
FBgn0263911	120	100	160	148	123	135
FBgn0028663	268	233	232	259	217	284
FBgn0053290	0	0	0	0	0	1
FBgn0037098	394	363	416	488	405	507
FBgn0037102	57	42	76	78	62	55
FBgn0052438	224	228	238	288	177	259
FBgn0052441	166	142	189	176	155	150
FBgn0037105	63	72	59	95	57	66
FBgn0037106	42	37	35	51	33	40
FBgn0037107	2	4	8	2	1	0
FBgn0037108	219	187	237	298	203	275
FBgn0037109	238	209	319	311	273	288
FBgn0037110	64	41	43	55	35	42
FBgn0043783	2	2	0	2	1	2
FBgn0052446	71	40	58	87	45	55
FBgn0264711	1	0	1	0	0	0
FBgn0037115	0	0	0	2	0	0
FBgn0037116	153	138	156	201	121	181
FBgn0037117	37	43	41	64	29	41
FBgn0261059	3	0	0	1	0	1
FBgn0052447	2	1	1	0	0	0
FBgn0037120	101	96	115	148	74	138
FBgn0037121	75	65	77	99	76	118
FBgn0037122	0	3	0	2	1	1
FBgn0037123	1	0	0	0	0	0
FBgn0037126	3	4	3	3	1	1
FBgn0037127	0	0	0	0	0	1
FBgn0037128	1	0	0	0	0	0
FBgn0037129	0	1	1	0	0	0
FBgn0037130	71	47	81	74	63	57
FBgn0037131	1	1	2	0	1	1
FBgn0037133	1	0	0	0	0	1
FBgn0000560	0	0	0	1	0	0
FBgn0022936	62	60	55	83	49	72
FBgn0037134	28	21	21	22	18	26
FBgn0037135	865	729	1111	1403	994	1105
FBgn0052448	39	27	36	42	21	34
FBgn0263001	0	0	0	1	0	1
FBgn0046301	54	36	60	58	40	47
FBgn0037137	524	377	709	626	681	698
FBgn0037138	166	185	211	267	160	228
FBgn0262737	228	163	182	207	190	230
FBgn0037140	2	1	4	3	3	8
FBgn0037141	77	79	110	133	94	112
FBgn0037142	104	82	113	137	104	120
FBgn0037143	0	0	0	1	0	0
FBgn0037144	59	49	94	81	96	72
FBgn0085291	0	0	0	0	0	5
FBgn0037146	2	2	1	1	2	2
FBgn0000045	5	5	4	6	3	5
FBgn0037147	1	1	0	0	0	1
FBgn0004514	1	2	0	0	0	0
FBgn0037149	48	31	38	40	43	23
FBgn0027532	173	153	194	268	208	246
FBgn0037150	37	48	37	67	44	45
FBgn0037151	39	31	35	50	34	32
FBgn0000100	4394	3454	4689	4752	4089	3739
FBgn0004414	0	0	1	0	0	0
FBgn0037153	1	1	1	1	2	4
FBgn0028500	258	237	286	321	210	271
FBgn0015075	171	126	173	168	130	150
FBgn0037156	40	43	51	77	48	41
FBgn0004179	357	279	343	404	303	359
FBgn0025702	9	10	17	20	9	19
FBgn0011771	224	199	253	263	239	298
FBgn0027086	479	440	546	702	528	721
FBgn0004449	120	122	171	225	153	236
FBgn0052450	0	0	1	2	0	0
FBgn0037163	0	0	0	0	0	2
FBgn0037166	0	1	0	0	0	0
FBgn0037170	0	0	0	0	0	1
FBgn0037179	0	0	0	0	1	0
FBgn0037181	0	0	0	0	0	1
FBgn0037182	284	240	259	349	244	287
FBgn0052452	58	43	74	60	79	90
FBgn0016034	107	92	119	120	91	128
FBgn0037183	10	10	8	14	4	6
FBgn0037184	21	18	20	21	24	21
FBgn0037185	31	34	41	51	34	34
FBgn0260481	4	3	8	7	4	6
FBgn0037186	3	3	3	4	3	2
FBgn0010830	68	58	89	80	65	79
FBgn0037188	53	51	59	72	64	75
FBgn0052451	297	305	389	468	317	382
FBgn0027339	354	297	299	332	302	362
FBgn0052462	0	1	0	3	0	1
FBgn0052459	1	1	1	0	0	0
FBgn0037197	0	0	0	1	0	0
FBgn0053169	6	4	2	12	5	7
FBgn0053170	68	69	46	70	52	69
FBgn0037199	101	71	109	98	72	87
FBgn0010348	1172	971	1219	1454	1201	1433
FBgn0037200	60	55	71	68	47	58
FBgn0044324	393	340	392	451	399	459
FBgn0037202	95	98	92	113	85	107
FBgn0037203	3	1	11	9	7	4
FBgn0037204	0	1	2	0	1	0
FBgn0037205	93	105	104	104	66	86
FBgn0037206	115	102	129	155	106	161
FBgn0037207	890	761	836	1000	744	872
FBgn0052461	0	0	0	0	1	4
FBgn0052457	0	0	0	0	1	0
FBgn0262509	18	29	8	28	21	30
FBgn0024733	4381	4001	4514	5979	4410	4788
FBgn0264492	255	235	272	340	246	264
FBgn0053217	34	28	26	54	23	55
FBgn0084017	0	0	4	0	2	0
FBgn0052350	25	32	42	44	35	34
FBgn0266347	12	12	8	15	17	15
FBgn0010215	383	382	339	458	363	444
FBgn0052230	175	184	150	184	155	211
FBgn0250816	38	35	41	64	18	38
FBgn0039977	64	62	67	83	59	85
FBgn0058298	0	0	2	1	0	2
FBgn0040056	104	97	116	151	115	122
FBgn0264699	1	1	2	2	0	4
FBgn0058470	1	3	2	4	6	2
FBgn0058045	281	247	289	339	240	341
FBgn0011288	0	0	1	1	0	0
FBgn0040045	2	2	0	1	2	3
FBgn0287187	107	133	115	127	107	155
FBgn0261640	0	0	0	0	0	0
FBgn0085810	32	16	22	36	27	34
FBgn0287186	18	24	18	32	12	29
FBgn0085736	93	135	64	92	68	117
FBgn0058002	209	192	209	246	209	243
FBgn0040022	220	212	207	315	195	288
FBgn0040020	34	37	37	60	41	43
FBgn0260008	80	68	94	118	91	104
FBgn0058354	6	6	4	5	9	15
FBgn0267429	1	2	3	4	0	1
FBgn0085734	9	6	3	8	3	7
FBgn0287184	0	1	1	3	1	0
FBgn0287183	26	26	28	29	18	43
FBgn0085612	0	0	0	3	4	0
FBgn0058160	239	213	207	262	203	254
FBgn0085599	8	19	9	24	9	10
FBgn0260997	11	7	12	8	13	14
FBgn0063670	49	53	31	42	43	51
FBgn0260987	164	185	141	205	145	214
FBgn0028697	3663	3241	3710	5441	3592	4254
FBgn0024804	36	61	47	62	36	52
FBgn0020660	251	284	263	348	264	379
FBgn0260469	1	1	1	4	2	5
FBgn0287182	300	331	412	490	353	484
FBgn0267431	0	0	0	0	0	1
FBgn0267430	0	0	1	0	0	0
FBgn0010247	38	43	55	64	35	54
FBgn0086378	96	108	112	136	100	126
FBgn0263977	234	201	219	281	236	255
FBgn0069923	11	9	13	17	9	16
FBgn0039955	128	141	140	195	133	209
FBgn0259821	20	29	20	42	27	48
FBgn0287209	3	0	7	2	1	5
FBgn0058198	8	7	1	1	5	2
FBgn0037213	93	98	103	97	79	116
FBgn0053294	1	1	3	6	3	6
FBgn0000500	0	0	0	0	0	2
FBgn0037215	1086	1002	1059	1303	1052	1380
FBgn0037217	3	2	6	13	7	7
FBgn0037218	350	333	421	479	367	391
FBgn0051516	0	3	0	3	3	2
FBgn0261436	224	169	286	296	204	210
FBgn0037220	349	258	369	358	323	326
FBgn0015331	173	152	214	257	178	169
FBgn0010225	2436	2287	2347	2674	2279	2454
FBgn0037222	75	54	64	76	44	38
FBgn0085334	0	1	1	4	3	0
FBgn0037223	0	1	0	3	1	0
FBgn0037225	10	4	10	15	3	11
FBgn0250821	12	6	10	5	5	13
FBgn0037227	2	1	2	0	0	1
FBgn0041621	0	1	0	2	1	0
FBgn0037228	1796	1637	1469	1744	1561	1714
FBgn0037229	8	1	11	19	8	13
FBgn0041605	2	3	2	3	3	5
FBgn0037230	1	2	3	2	0	4
FBgn0037231	248	222	213	276	210	249
FBgn0027930	335	301	358	396	370	399
FBgn0037232	52	54	72	78	62	63
FBgn0261086	0	4	4	2	2	4
FBgn0037234	130	113	141	169	126	174
FBgn0027866	464	390	545	670	466	623
FBgn0037236	266	215	270	311	254	301
FBgn0040687	0	0	3	2	0	0
FBgn0037235	184	143	199	249	162	188
FBgn0037238	8	3	3	2	1	6
FBgn0037239	217	187	187	198	191	205
FBgn0037240	379	373	366	576	336	475
FBgn0003882	194	169	220	264	222	233
FBgn0037241	142	120	144	202	122	142
FBgn0086608	28	12	17	25	9	9
FBgn0037242	172	148	200	255	166	195
FBgn0086605	125	95	146	148	99	107
FBgn0037244	68	53	56	61	46	63
FBgn0263594	2277	2062	2288	2895	2112	2532
FBgn0052944	31	17	35	10	41	30
FBgn0051528	2	2	0	3	0	1
FBgn0037248	546	414	649	707	695	681
FBgn0051525	9	17	11	8	10	14
FBgn0037249	1643	1369	1751	2044	1656	1607
FBgn0037250	72	49	57	84	62	73
FBgn0037251	57	39	71	87	54	45
FBgn0037252	402	333	450	468	368	430
FBgn0051522	157	118	176	165	152	194
FBgn0051523	1229	1017	1136	1387	1100	1360
FBgn0037254	1	1	0	0	0	0
FBgn0037255	270	206	264	287	208	188
FBgn0085386	12	15	17	16	10	13
FBgn0037260	0	1	1	1	1	2
FBgn0087012	0	1	0	0	0	0
FBgn0037261	493	378	507	523	422	467
FBgn0037262	161	127	163	177	160	153
FBgn0037263	2	5	4	4	2	4
FBgn0040466	36	32	39	47	34	39
FBgn0022981	1	2	0	2	0	0
FBgn0087013	1769	1406	1946	2124	1862	1838
FBgn0037265	32	46	29	42	24	35
FBgn0263346	366	316	334	426	321	375
FBgn0053927	0	0	0	0	1	0
FBgn0037270	987	717	1042	1226	956	1044
FBgn0027570	9	13	5	8	6	9
FBgn0026620	774	806	679	980	692	992
FBgn0010750	187	144	209	246	178	171
FBgn0264907	2	0	3	0	0	0
FBgn0037275	1	0	0	1	0	0
FBgn0037276	0	0	2	1	1	0
FBgn0260794	1430	1329	1633	2125	1582	2054
FBgn0026417	60	46	46	70	61	67
FBgn0037279	239	197	238	292	219	266
FBgn0037280	0	0	0	1	0	0
FBgn0037282	196	154	205	237	172	174
FBgn0004913	366	367	391	414	392	401
FBgn0265082	671	588	619	870	619	769
FBgn0004436	324	308	293	360	258	342
FBgn0037288	1	0	0	0	0	0
FBgn0037290	0	0	0	1	0	1
FBgn0010313	20	13	20	27	16	10
FBgn0037293	190	181	173	250	156	220
FBgn0040684	0	0	0	0	1	0
FBgn0037294	1	0	0	0	1	0
FBgn0259212	543	453	551	677	533	687
FBgn0037296	0	1	1	4	2	1
FBgn0037297	72	60	81	100	61	73
FBgn0037298	276	200	318	294	240	271
FBgn0040682	1	0	1	0	0	0
FBgn0037299	180	140	163	214	149	177
FBgn0040208	215	166	230	267	232	222
FBgn0037301	188	157	191	242	219	236
FBgn0087005	0	1	0	0	0	2
FBgn0260462	797	605	587	629	589	586
FBgn0053293	0	1	2	1	1	1
FBgn0037304	0	1	1	3	1	2
FBgn0037305	76	69	90	99	75	100
FBgn0264785	206	218	211	322	195	277
FBgn0037307	2	2	0	1	3	4
FBgn0266393	0	1	5	2	0	0
FBgn0013576	792	667	776	956	669	747
FBgn0051538	6	1	2	7	4	5
FBgn0037310	0	1	0	0	0	0
FBgn0037312	218	146	262	271	202	215
FBgn0037313	255	198	304	289	228	260
FBgn0250746	477	303	452	520	390	413
FBgn0037315	196	179	187	237	147	230
FBgn0003275	143	78	155	136	142	127
FBgn0086695	83	50	92	73	71	66
FBgn0037317	37	30	32	47	34	45
FBgn0001311	0	1	1	0	0	4
FBgn0264712	210	132	238	235	182	208
FBgn0037322	0	0	0	0	0	2
FBgn0037326	0	0	1	1	0	1
FBgn0037327	622	523	689	864	642	727
FBgn0037328	2425	1600	2763	2670	2340	2074
FBgn0037329	118	88	144	141	102	113
FBgn0037330	66	71	78	97	75	85
FBgn0011715	229	169	218	264	236	242
FBgn0025825	92	54	93	98	78	84
FBgn0266539	92	54	93	98	78	84
FBgn0037332	129	110	161	170	104	139
FBgn0015402	126	119	157	168	152	157
FBgn0051550	305	223	250	360	248	309
FBgn0051547	8	2	6	6	3	6
FBgn0010399	0	2	1	0	0	1
FBgn0010051	611	563	539	736	559	754
FBgn0264427	0	3	1	0	0	1
FBgn0037336	253	215	300	350	285	332
FBgn0014342	74	50	53	83	65	77
FBgn0086768	176	125	192	187	110	119
FBgn0037338	69	56	51	75	54	68
FBgn0037339	252	205	242	276	194	262
FBgn0037340	41	49	37	56	28	34
FBgn0037341	53	56	48	63	40	58
FBgn0037342	59	57	76	83	66	71
FBgn0041191	196	168	196	243	155	237
FBgn0023023	186	145	150	188	148	201
FBgn0037344	792	687	914	1034	871	1056
FBgn0037345	37	33	43	49	25	40
FBgn0014366	121	96	137	153	134	111
FBgn0283535	933	851	1010	1273	879	1036
FBgn0250753	1521	1333	1697	2005	1562	1972
FBgn0037347	79	57	69	97	73	92
FBgn0261004	238	230	237	345	237	350
FBgn0017550	568	358	526	490	390	464
FBgn0019637	277	203	308	312	248	267
FBgn0044823	44	37	43	56	48	53
FBgn0037350	21	24	30	31	20	26
FBgn0037351	6307	3891	6606	6487	5185	4450
FBgn0051551	7	11	5	11	7	6
FBgn0051549	68	77	68	101	33	63
FBgn0037354	77	55	127	94	50	44
FBgn0051546	6	8	8	13	3	2
FBgn0051548	114	90	147	157	93	87
FBgn0037356	68	48	73	89	59	57
FBgn0027951	505	378	574	595	478	574
FBgn0262125	738	560	804	843	641	751
FBgn0037358	206	192	215	260	212	211
FBgn0037359	38	35	40	59	36	45
FBgn0037360	319	289	345	403	316	396
FBgn0046222	205	155	220	215	196	217
FBgn0010772	376	310	342	424	360	416
FBgn0037363	263	216	265	308	260	316
FBgn0037364	83	74	102	119	105	112
FBgn0261261	269	224	224	270	207	285
FBgn0037365	0	0	1	2	1	0
FBgn0004878	0	0	1	1	4	1
FBgn0037368	11	13	15	25	10	7
FBgn0037369	72	68	75	110	59	63
FBgn0037370	118	116	156	142	127	95
FBgn0037371	168	145	191	248	178	188
FBgn0027497	404	291	436	475	368	389
FBgn0037372	60	52	58	64	46	66
FBgn0266672	297	264	343	422	261	363
FBgn0027608	6	2	8	9	4	6
FBgn0037374	213	198	239	307	219	245
FBgn0037375	13	5	6	12	10	9
FBgn0037376	298	230	303	356	249	331
FBgn0028690	361	334	356	381	355	384
FBgn0037377	80	68	90	100	83	89
FBgn0037378	118	91	102	109	93	110
FBgn0037379	193	201	204	378	223	311
FBgn0263353	1	1	0	2	2	0
FBgn0261561	8	6	10	8	5	8
FBgn0037382	102	111	116	133	100	145
FBgn0037383	118	129	132	194	132	172
FBgn0037384	54	48	62	68	63	62
FBgn0037385	0	1	0	0	1	0
FBgn0037386	3	4	4	3	7	4
FBgn0037387	3	1	1	1	0	2
FBgn0037388	1	0	0	0	1	0
FBgn0037389	0	1	0	1	0	0
FBgn0029088	224	223	261	342	184	211
FBgn0028436	54	35	33	57	30	45
FBgn0037391	326	249	334	415	315	407
FBgn0083949	1	0	0	1	1	0
FBgn0010403	0	1	0	0	0	0
FBgn0003261	3594	2964	3375	4181	3032	3759
FBgn0026077	0	0	0	0	1	0
FBgn0051559	0	0	3	0	0	1
FBgn0037405	23	18	20	16	16	21
FBgn0037412	0	0	0	1	0	0
FBgn0037413	0	0	0	0	0	1
FBgn0027527	0	1	0	0	0	0
FBgn0037419	0	0	0	1	0	0
FBgn0037428	0	0	0	0	1	0
FBgn0037429	11	17	6	17	16	17
FBgn0037430	1	1	0	0	1	1
FBgn0037431	1	1	2	3	3	1
FBgn0037432	2	1	2	2	0	3
FBgn0037433	6	3	3	0	1	6
FBgn0261789	273	196	265	258	251	241
FBgn0037435	26	19	31	37	39	27
FBgn0037436	0	1	0	1	1	0
FBgn0267698	522	454	542	585	458	537
FBgn0261641	477	461	546	743	467	634
FBgn0037439	249	151	291	274	319	273
FBgn0037440	63	58	61	60	40	49
FBgn0260766	3	2	4	2	1	1
FBgn0027514	84	73	105	138	88	127
FBgn0260645	0	0	0	2	2	0
FBgn0010282	260	248	292	324	269	326
FBgn0037442	515	426	520	654	487	563
FBgn0037443	245	178	189	224	157	229
FBgn0264495	689	625	685	827	655	898
FBgn0037445	276	227	322	371	311	332
FBgn0037446	228	172	248	275	202	222
FBgn0037447	0	0	1	0	0	0
FBgn0037448	1	1	1	2	0	3
FBgn0037449	0	0	1	2	0	0
FBgn0010355	533	451	525	620	500	571
FBgn0026566	184	112	270	199	210	181
FBgn0262801	284	195	339	365	307	357
FBgn0024912	69	82	96	150	68	118
FBgn0004780	0	0	0	1	0	0
FBgn0004783	0	0	0	1	0	0
FBgn0000166	4	0	0	1	1	0
FBgn0000071	2	2	1	2	0	0
FBgn0026563	0	0	0	0	1	0
FBgn0019828	1	0	0	0	0	0
FBgn0037464	1	0	0	0	0	0
FBgn0037465	111	99	96	115	116	129
FBgn0037466	148	126	191	230	159	200
FBgn0037467	165	133	202	190	152	209
FBgn0037468	732	611	745	843	713	776
FBgn0010774	470	349	464	519	382	432
FBgn0037469	68	51	79	80	73	90
FBgn0037470	356	258	296	403	282	433
FBgn0003884	6497	4809	7967	7739	7033	6268
FBgn0040670	7	9	9	7	6	6
FBgn0261238	203	113	201	204	166	190
FBgn0014863	6	1	7	2	3	7
FBgn0037472	69	45	85	86	65	70
FBgn0037473	67	53	52	64	45	48
FBgn0262149	3	1	1	5	0	0
FBgn0051248	3	1	1	3	0	0
FBgn0037475	0	0	0	0	0	1
FBgn0037477	0	0	0	0	1	0
FBgn0037478	89	57	76	102	64	70
FBgn0250732	247	188	248	290	242	204
FBgn0011020	87	72	85	109	85	97
FBgn0037481	45	42	50	38	15	19
FBgn0002306	5	4	3	6	3	4
FBgn0037482	190	156	237	243	199	280
FBgn0086372	214	178	215	228	190	251
FBgn0037483	1	6	0	3	2	4
FBgn0250845	0	1	1	1	0	3
FBgn0037485	1	0	0	0	1	1
FBgn0037486	0	1	0	0	0	1
FBgn0037487	1	0	1	1	1	3
FBgn0037489	138	113	140	185	184	215
FBgn0037490	13	10	10	15	10	16
FBgn0037491	39	24	43	45	19	32
FBgn0037492	15	14	21	19	15	29
FBgn0011282	0	1	0	0	0	0
FBgn0001112	1	0	0	0	1	0
FBgn0267337	0	2	0	0	1	1
FBgn0037503	2	0	0	0	0	0
FBgn0037504	101	73	68	103	93	121
FBgn0015569	152	139	146	217	148	234
FBgn0261508	1	0	0	0	0	1
FBgn0015577	139	118	110	117	113	101
FBgn0037506	3	1	1	1	0	1
FBgn0015576	145	117	116	111	107	123
FBgn0017456	4	3	4	1	1	1
FBgn0015575	181	117	144	170	139	148
FBgn0015574	0	0	0	1	0	0
FBgn0015831	0	1	2	0	0	0
FBgn0003885	539	401	690	604	602	498
FBgn0261393	0	1	0	1	0	2
FBgn0015572	1	0	0	0	0	1
FBgn0015571	11	4	7	7	4	6
FBgn0015570	1	0	0	0	4	2
FBgn0015568	83	76	113	134	76	78
FBgn0051146	0	0	0	1	1	3
FBgn0037513	14	14	29	31	20	20
FBgn0037514	0	0	0	1	0	0
FBgn0037515	124	69	140	126	139	127
FBgn0042104	28	21	32	33	19	29
FBgn0042102	0	1	2	1	0	1
FBgn0042103	0	0	1	0	0	0
FBgn0037517	0	0	0	0	1	0
FBgn0037518	50	56	52	63	57	58
FBgn0037519	1	1	0	0	0	0
FBgn0037521	0	0	0	0	1	0
FBgn0051472	27	24	41	47	14	21
FBgn0051473	1	0	0	1	2	0
FBgn0085413	0	0	1	1	0	0
FBgn0037525	8	7	8	11	6	9
FBgn0037526	59	54	88	91	64	70
FBgn0037529	147	110	120	142	87	105
FBgn0260005	14	10	10	24	15	16
FBgn0037530	762	586	763	845	665	792
FBgn0024909	49	52	46	84	48	55
FBgn0004901	275	189	315	310	289	263
FBgn0014930	84	78	89	94	67	74
FBgn0014931	85	88	84	87	73	110
FBgn0037531	66	73	80	97	90	77
FBgn0002542	397	338	377	480	369	444
FBgn0000504	3	3	2	3	7	1
FBgn0037533	1042	794	1039	1203	1055	1405
FBgn0037535	41	46	58	60	46	42
FBgn0266598	20	12	6	11	15	18
FBgn0037536	332	297	320	485	266	435
FBgn0037537	286	236	296	333	249	309
FBgn0037538	141	96	128	125	120	90
FBgn0037539	127	89	123	129	95	110
FBgn0037540	30	22	31	35	24	25
FBgn0037541	329	311	330	379	298	401
FBgn0001255	4	5	1	5	5	6
FBgn0037543	46	37	60	40	56	56
FBgn0037544	16	8	18	23	14	12
FBgn0288846	148	154	163	203	168	210
FBgn0037547	0	1	0	0	0	0
FBgn0037548	60	56	37	46	34	43
FBgn0243512	423	329	322	433	308	331
FBgn0037549	512	434	530	629	549	610
FBgn0037550	39	36	49	55	41	52
FBgn0037551	147	154	178	180	141	183
FBgn0001138	1	0	1	0	1	0
FBgn0037552	356	344	288	314	236	296
FBgn0037553	108	102	106	121	113	103
FBgn0037554	133	148	130	193	132	192
FBgn0037555	161	101	162	202	168	172
FBgn0037556	148	170	169	214	145	143
FBgn0042182	26	33	26	49	27	36
FBgn0064126	161	144	170	214	162	170
FBgn0040528	7	5	3	7	6	5
FBgn0260386	3	7	5	4	2	5
FBgn0037560	59	85	45	83	50	74
FBgn0010173	831	731	764	946	731	925
FBgn0014861	383	262	373	352	362	379
FBgn0037561	57	49	65	74	55	73
FBgn0037562	2	1	0	3	4	5
FBgn0037565	0	0	2	1	0	2
FBgn0037566	138	97	165	153	116	142
FBgn0265351	45	30	37	35	23	28
FBgn0265101	135	119	133	166	168	155
FBgn0037569	81	74	97	78	54	64
FBgn0037570	0	0	1	0	0	1
FBgn0037573	216	158	243	218	178	222
FBgn0037574	22	21	26	31	26	28
FBgn0062412	1	1	2	1	0	0
FBgn0040529	261	233	309	308	263	275
FBgn0004908	71	38	43	59	39	58
FBgn0037578	64	72	85	103	63	48
FBgn0037579	1	0	1	3	1	0
FBgn0037580	513	378	494	601	452	561
FBgn0037581	23	21	18	33	14	7
FBgn0261108	107	92	104	147	121	136
FBgn0020249	281	261	272	369	263	322
FBgn0037583	114	100	128	172	113	156
FBgn0037584	7	9	13	13	7	14
FBgn0266801	11	4	10	12	3	14
FBgn0037592	140	97	143	123	118	126
FBgn0051454	3	2	7	4	2	4
FBgn0051259	9	13	27	37	25	14
FBgn0051453	172	163	163	185	175	188
FBgn0051450	59	34	64	61	54	58
FBgn0051460	72	50	78	86	62	71
FBgn0266916	214	163	221	255	281	287
FBgn0037601	0	0	0	0	0	1
FBgn0024326	312	234	303	395	238	350
FBgn0037602	9	7	12	19	8	5
FBgn0000447	191	137	227	224	234	226
FBgn0037603	78	59	96	104	75	99
FBgn0259992	1	0	0	1	0	0
FBgn0263231	1446	1058	1590	1636	1292	1419
FBgn0086679	161	144	173	210	163	192
FBgn0037606	79	52	92	77	65	71
FBgn0037607	1099	776	1237	1166	1099	1067
FBgn0037608	87	60	102	95	66	74
FBgn0037609	125	92	126	188	123	147
FBgn0037610	53	43	48	60	38	45
FBgn0037611	6	4	17	13	12	13
FBgn0037613	118	115	119	122	80	158
FBgn0037612	125	84	126	143	148	104
FBgn0037614	83	70	101	135	90	123
FBgn0037616	5	3	17	13	11	7
FBgn0037617	67	46	67	76	84	68
FBgn0037618	1	0	0	2	1	1
FBgn0037619	34	22	26	30	24	35
FBgn0037620	4	1	5	8	5	8
FBgn0037621	186	137	202	204	177	180
FBgn0037622	199	159	210	286	190	241
FBgn0037623	7	4	2	3	2	2
FBgn0037624	560	456	543	624	550	670
FBgn0037625	6	7	7	3	7	4
FBgn0083971	2	7	5	4	7	4
FBgn0037626	0	1	1	2	2	1
FBgn0037627	0	1	0	0	1	0
FBgn0046874	377	411	223	330	222	315
FBgn0261015	482	548	291	439	305	439
FBgn0053191	2	2	3	1	2	3
FBgn0053189	0	3	0	3	1	1
FBgn0037630	3	8	2	2	5	5
FBgn0037632	1808	1100	1883	1936	1761	1586
FBgn0037633	264	242	263	283	253	355
FBgn0037634	22	22	20	26	19	27
FBgn0037635	20	15	14	20	21	11
FBgn0286516	1755	1727	1489	2195	1649	2034
FBgn0040532	1	1	1	3	1	1
FBgn0037637	301	273	278	391	273	354
FBgn0037638	273	240	251	324	217	276
FBgn0262614	684	539	500	626	494	579
FBgn0003015	2	3	4	2	1	9
FBgn0037643	610	529	621	690	515	679
FBgn0037644	148	127	145	192	140	143
FBgn0286204	1	0	0	1	0	1
FBgn0037646	20	25	16	19	20	31
FBgn0037647	92	99	106	141	105	123
FBgn0027503	213	160	280	298	273	283
FBgn0260243	107	97	138	133	112	149
FBgn0037648	93	87	85	97	88	92
FBgn0051100	2	2	1	2	0	1
FBgn0037650	0	0	1	1	1	1
FBgn0037652	138	122	162	188	156	177
FBgn0026380	262	191	240	302	267	267
FBgn0037653	144	80	118	162	94	101
FBgn0037654	1	6	4	3	4	7
FBgn0037655	367	275	392	417	351	400
FBgn0040534	17	20	21	28	34	23
FBgn0037656	28	33	36	52	38	53
FBgn0264075	178	113	172	168	157	170
FBgn0002932	112	89	109	102	91	74
FBgn0037657	228	208	276	268	241	250
FBgn0010222	149	78	141	114	120	119
FBgn0014018	366	313	357	432	348	454
FBgn0028708	37	41	41	43	39	30
FBgn0037659	413	354	444	515	440	525
FBgn0037660	109	83	102	123	62	81
FBgn0037661	32	26	36	37	17	16
FBgn0003165	756	626	759	751	679	756
FBgn0037662	3	2	0	2	0	1
FBgn0000412	980	719	946	963	922	900
FBgn0260935	86	57	94	114	56	84
FBgn0037664	1	0	0	0	1	2
FBgn0037666	1	0	0	0	0	0
FBgn0037667	36	43	39	44	22	35
FBgn0037668	0	2	1	5	2	0
FBgn0037669	45	59	46	53	46	66
FBgn0037670	30	29	58	44	40	49
FBgn0037671	773	659	750	990	754	787
FBgn0037672	27	14	18	26	23	38
FBgn0010803	426	316	419	584	398	527
FBgn0285911	309	258	247	377	249	319
FBgn0037678	4	2	6	5	0	2
FBgn0037679	32	22	32	28	22	40
FBgn0037680	82	69	52	81	48	110
FBgn0266410	1039	923	884	1116	947	998
FBgn0263750	17	24	13	23	8	4
FBgn0037683	53	57	43	49	27	46
FBgn0037684	5	1	4	5	7	10
FBgn0000723	386	381	351	412	342	395
FBgn0037685	2	2	2	3	0	0
FBgn0083953	45	38	42	56	31	36
FBgn0037686	4447	2721	4834	4685	4109	3348
FBgn0037687	57	48	68	74	46	54
FBgn0037688	44	47	48	52	32	50
FBgn0037689	128	124	144	174	130	140
FBgn0260237	128	124	144	174	130	140
FBgn0265201	6	4	5	8	6	3
FBgn0003889	3	2	3	1	1	3
FBgn0037690	1	2	0	0	1	2
FBgn0011740	190	148	212	271	188	216
FBgn0261552	1386	1146	1348	1567	1298	1394
FBgn0037696	24	26	21	24	22	17
FBgn0037697	2	1	0	0	0	0
FBgn0037698	6	5	3	3	7	6
FBgn0043791	2	1	3	1	0	3
FBgn0014380	256	183	201	199	199	228
FBgn0037700	215	188	204	233	166	221
FBgn0267790	946	739	999	970	909	1111
FBgn0003205	690	538	680	749	623	732
FBgn0014022	51	53	63	81	69	72
FBgn0014023	158	115	157	174	137	149
FBgn0037702	1084	812	1044	1121	997	1058
FBgn0037703	91	102	128	159	105	134
FBgn0000244	74	76	46	79	63	62
FBgn0037705	157	111	106	140	107	139
FBgn0037707	169	130	218	177	155	146
FBgn0037708	32	29	31	47	33	39
FBgn0037709	69	59	99	98	75	84
FBgn0024833	300	252	318	367	273	311
FBgn0027950	70	43	74	88	65	73
FBgn0037710	162	128	159	225	122	192
FBgn0261049	47	44	39	57	42	49
FBgn0037712	5	5	14	11	7	4
FBgn0037713	16	13	23	40	19	20
FBgn0037714	13	14	12	17	12	7
FBgn0037715	49	39	59	60	47	57
FBgn0027338	766	638	785	879	757	806
FBgn0037716	62	55	80	109	76	97
FBgn0037717	47	54	41	65	11	22
FBgn0053654	1	0	5	0	0	5
FBgn0037718	539	484	493	735	502	632
FBgn0037719	120	79	114	138	86	112
FBgn0037720	354	252	300	405	283	269
FBgn0037721	4	1	2	4	0	1
FBgn0037722	36	38	51	51	45	29
FBgn0005585	3849	3163	4170	4778	3936	4382
FBgn0037723	63	56	88	95	85	95
FBgn0003334	304	234	315	387	277	331
FBgn0012344	0	0	2	0	5	1
FBgn0287844	3	2	1	4	3	2
FBgn0037727	4	4	2	1	3	0
FBgn0037728	901	767	1021	1128	948	1170
FBgn0028997	52	42	44	64	45	50
FBgn0037730	2	1	6	4	3	3
FBgn0069242	392	259	469	404	460	391
FBgn0037731	83	81	79	129	59	103
FBgn0260463	1377	1213	1434	1791	1141	1744
FBgn0053105	910	754	887	1183	735	991
FBgn0052939	26	27	29	40	21	32
FBgn0051352	277	273	295	432	284	396
FBgn0037734	226	167	206	245	172	211
FBgn0278604	221	209	268	303	214	353
FBgn0002431	1534	1334	1648	1943	1525	1732
FBgn0003886	17	16	12	14	9	21
FBgn0037736	0	1	0	0	1	0
FBgn0037737	60	48	72	89	65	73
FBgn0085438	18	12	14	18	3	10
FBgn0051415	3	0	2	3	5	4
FBgn0037739	62	67	78	83	52	75
FBgn0005777	398	346	361	447	384	448
FBgn0037741	80	64	48	92	50	74
FBgn0037742	42	38	43	45	12	19
FBgn0037743	126	138	105	196	96	186
FBgn0286506	113	73	109	153	89	96
FBgn0266720	181	175	223	302	194	199
FBgn0037746	191	165	169	192	190	191
FBgn0024330	104	81	111	133	108	102
FBgn0037747	73	73	98	101	77	88
FBgn0037749	83	59	98	86	46	59
FBgn0037750	91	58	78	106	57	88
FBgn0037751	68	47	67	66	55	70
FBgn0261599	4876	4140	4622	6144	4265	5215
FBgn0037753	42	20	37	46	30	61
FBgn0002868	76	86	49	71	47	95
FBgn0037754	173	144	201	232	174	179
FBgn0037755	166	129	184	238	143	198
FBgn0037756	540	532	493	791	515	722
FBgn0037757	363	265	388	436	345	340
FBgn0037758	173	170	193	231	171	188
FBgn0037759	70	57	80	93	50	73
FBgn0037760	371	299	399	484	385	459
FBgn0037765	0	0	1	0	0	0
FBgn0262104	2	2	3	4	2	2
FBgn0037766	0	0	1	1	0	0
FBgn0267336	139	115	115	135	135	152
FBgn0287598	10	7	15	9	7	10
FBgn0037770	194	145	248	266	219	232
FBgn0037772	2	1	1	0	1	6
FBgn0037773	23	28	47	40	29	31
FBgn0053208	558	449	534	632	511	675
FBgn0051407	0	0	0	0	1	0
FBgn0027524	77	71	85	91	80	71
FBgn0037777	22	8	14	21	8	16
FBgn0037778	27	21	21	25	22	35
FBgn0037779	83	73	77	113	81	89
FBgn0037780	116	80	89	130	76	90
FBgn0037781	25	15	14	7	20	24
FBgn0041105	0	2	0	0	0	0
FBgn0028734	1158	829	1064	1192	1020	1177
FBgn0037788	2	1	3	2	1	3
FBgn0051477	3	4	4	4	5	8
FBgn0001321	0	0	1	3	2	1
FBgn0004889	320	284	381	404	346	407
FBgn0037792	149	113	131	164	134	144
FBgn0261817	0	0	0	0	0	2
FBgn0086359	42	39	43	62	57	43
FBgn0085332	1	0	0	0	0	0
FBgn0037794	47	59	55	60	36	47
FBgn0040238	472	355	396	459	372	484
FBgn0037796	0	0	0	1	0	1
FBgn0004575	1	1	1	0	0	3
FBgn0025879	1	0	2	0	1	0
FBgn0037797	0	0	1	0	1	0
FBgn0261928	0	1	0	0	1	0
FBgn0037801	0	0	2	0	2	1
FBgn0037802	19	11	22	22	20	22
FBgn0040078	213	156	292	288	254	231
FBgn0262617	170	113	179	170	176	186
FBgn0037807	1160	1092	1168	1587	1139	1382
FBgn0266717	1618	1556	1793	2223	1619	2051
FBgn0037809	38	19	24	30	13	22
FBgn0037810	1039	918	1124	1310	1430	1493
FBgn0037811	9	16	0	0	6	10
FBgn0037812	4	4	5	6	7	3
FBgn0051406	1	0	0	0	1	0
FBgn0015396	353	237	355	311	375	424
FBgn0020379	64	36	59	57	40	46
FBgn0259938	240	282	201	249	182	193
FBgn0045443	0	0	1	0	0	1
FBgn0037814	109	81	111	131	86	121
FBgn0024957	348	315	352	473	316	405
FBgn0037815	46	34	60	55	50	33
FBgn0037816	7	10	20	22	6	12
FBgn0037817	17	24	9	19	11	15
FBgn0037819	2	3	1	0	4	4
FBgn0262717	0	1	0	0	0	0
FBgn0020385	30	21	56	62	35	48
FBgn0037822	96	75	111	126	109	103
FBgn0287589	96	75	111	126	109	103
FBgn0051391	1	0	0	0	1	0
FBgn0051467	7	5	10	3	6	10
FBgn0037824	8	4	2	5	1	6
FBgn0051278	22	19	36	27	16	19
FBgn0004841	0	0	0	1	0	0
FBgn0051272	1	2	1	1	0	0
FBgn0051390	53	63	68	62	57	61
FBgn0037831	106	87	122	146	122	140
FBgn0010421	70	51	74	75	67	60
FBgn0266446	0	1	0	0	0	0
FBgn0261380	115	67	104	108	99	116
FBgn0260944	225	183	275	278	188	238
FBgn0037834	356	259	413	411	416	426
FBgn0017577	316	242	317	311	326	352
FBgn0037835	2	0	0	3	2	1
FBgn0037836	2	0	0	0	0	1
FBgn0037837	31	33	32	45	20	41
FBgn0037838	18	30	15	25	12	15
FBgn0261053	20	26	18	33	38	33
FBgn0259740	170	134	124	201	125	161
FBgn0037841	6	4	8	6	3	5
FBgn0037842	40	29	34	67	30	43
FBgn0037843	239	203	232	282	254	267
FBgn0037844	153	104	110	122	93	123
FBgn0037845	3	2	2	4	2	3
FBgn0037846	38	23	31	34	20	32
FBgn0267376	62	62	86	77	51	55
FBgn0037848	137	124	140	179	132	151
FBgn0011768	366	264	405	410	339	346
FBgn0037849	0	1	2	1	1	0
FBgn0022359	60	48	74	91	48	64
FBgn0037850	97	70	95	117	83	101
FBgn0037852	194	143	170	247	140	243
FBgn0037853	181	184	190	223	143	247
FBgn0037856	98	97	103	143	86	123
FBgn0042094	34	23	27	20	37	34
FBgn0037855	139	87	152	156	95	122
FBgn0083950	0	0	0	1	0	1
FBgn0040256	55	44	49	68	50	59
FBgn0040251	45	40	44	67	49	84
FBgn0040257	5	3	1	2	1	4
FBgn0040259	533	505	413	805	458	737
FBgn0027584	10	5	3	5	6	7
FBgn0040253	0	1	0	0	0	0
FBgn0040255	0	1	0	1	0	1
FBgn0026314	0	1	1	2	0	0
FBgn0026315	249	262	309	400	262	324
FBgn0040250	23	27	19	22	30	28
FBgn0040252	3	5	9	6	3	12
FBgn0037870	0	1	0	0	0	0
FBgn0261808	133	156	155	243	166	191
FBgn0037873	213	162	226	192	151	152
FBgn0037874	3190	2632	3512	4397	3160	3668
FBgn0037875	215	130	234	249	182	165
FBgn0086472	5898	4455	6007	7335	5690	6150
FBgn0037876	20	28	28	25	20	23
FBgn0037877	49	49	61	83	38	76
FBgn0037878	274	202	261	307	231	244
FBgn0020910	6208	4676	6459	7333	5979	6208
FBgn0037879	4	6	6	5	0	0
FBgn0037880	40	31	45	37	16	24
FBgn0037881	181	132	172	182	106	128
FBgn0037882	58	41	59	81	49	50
FBgn0037883	14	19	13	30	27	34
FBgn0037884	268	185	237	290	217	243
FBgn0037885	27	18	28	32	14	26
FBgn0051441	42	24	25	36	19	28
FBgn0051388	29	27	38	65	36	46
FBgn0037889	0	2	0	0	1	0
FBgn0037890	105	73	74	99	94	99
FBgn0037891	253	186	276	300	257	247
FBgn0004595	3	5	11	8	6	13
FBgn0026063	38	39	30	46	36	50
FBgn0026064	38	38	30	46	36	49
FBgn0037892	31	30	39	41	18	31
FBgn0264694	213	181	236	249	193	223
FBgn0011774	174	142	172	222	156	230
FBgn0037894	376	293	434	466	453	460
FBgn0037896	2	2	2	5	0	0
FBgn0037897	174	168	225	297	174	201
FBgn0037898	8	6	6	6	3	2
FBgn0037899	510	372	534	649	505	624
FBgn0037900	92	69	77	103	67	74
FBgn0037901	117	101	106	146	105	112
FBgn0037902	5	7	5	5	4	5
FBgn0051374	5	11	5	4	5	11
FBgn0046225	35	19	46	45	29	27
FBgn0037906	45	28	14	12	20	10
FBgn0053512	0	0	1	0	0	0
FBgn0037911	36	20	45	58	31	34
FBgn0037912	257	182	202	223	178	214
FBgn0037913	1038	658	1092	1318	918	1040
FBgn0263316	1006	894	932	1443	829	1146
FBgn0037915	8	9	4	11	6	4
FBgn0037916	5	4	6	8	2	8
FBgn0037917	109	94	110	114	83	120
FBgn0037918	212	179	294	345	235	288
FBgn0051363	1055	748	968	1071	962	908
FBgn0037920	21	21	27	37	17	32
FBgn0037921	25	41	32	52	33	52
FBgn0037922	75	52	54	54	61	58
FBgn0037923	11	10	8	13	5	7
FBgn0042205	6	7	19	9	10	10
FBgn0037924	214	206	249	291	242	260
FBgn0262081	1050	786	1106	1320	993	1134
FBgn0037926	435	377	536	659	486	677
FBgn0259227	404	279	296	289	257	219
FBgn0037930	653	442	777	732	763	772
FBgn0037931	68	58	76	81	60	76
FBgn0011290	157	127	160	180	118	163
FBgn0037933	57	48	45	73	42	52
FBgn0037934	41	29	65	106	71	116
FBgn0037935	12	17	2	17	16	23
FBgn0037936	0	1	0	2	0	0
FBgn0042110	0	0	0	1	1	0
FBgn0037937	1	0	2	0	0	3
FBgn0265271	2	6	4	4	1	6
FBgn0037939	0	1	3	2	1	1
FBgn0037941	2	0	0	1	0	2
FBgn0037942	87	69	78	106	88	107
FBgn0002906	111	91	147	136	119	129
FBgn0037943	147	116	162	194	133	168
FBgn0037944	162	135	187	216	145	184
FBgn0262364	0	1	2	2	2	1
FBgn0017581	2699	2567	2505	3792	2506	3499
FBgn0265276	3	4	3	3	4	8
FBgn0037949	69	79	83	90	58	88
FBgn0037950	2	2	5	6	0	4
FBgn0025802	305	288	288	371	273	338
FBgn0051116	27	20	3	9	8	10
FBgn0259139	837	621	795	896	676	911
FBgn0019624	512	391	573	555	538	482
FBgn0037955	143	128	183	182	147	192
FBgn0037956	2	0	0	1	1	1
FBgn0003312	0	0	2	0	0	2
FBgn0037958	98	82	103	116	93	88
FBgn0051368	161	128	192	211	148	147
FBgn0037960	51	72	60	85	52	96
FBgn0037962	0	0	0	1	0	0
FBgn0037963	193	173	224	268	205	253
FBgn0085336	0	0	0	1	0	0
FBgn0037964	0	0	1	1	1	0
FBgn0051211	426	330	382	468	344	413
FBgn0013275	3	4	4	4	5	4
FBgn0013276	143	161	121	191	161	217
FBgn0260741	30	24	26	48	16	28
FBgn0000147	111	77	85	91	100	108
FBgn0260742	390	334	408	449	348	345
FBgn0260743	53	44	51	50	38	45
FBgn0260744	85	102	83	128	86	97
FBgn0037972	2	0	1	1	3	3
FBgn0037973	44	44	68	53	43	48
FBgn0037974	46	42	47	66	32	48
FBgn0037975	44	37	60	48	28	28
FBgn0260745	803	666	702	683	714	646
FBgn0260746	170	152	111	145	107	104
FBgn0037978	93	82	88	109	74	94
FBgn0037979	171	154	165	198	150	206
FBgn0037980	40	29	36	43	29	30
FBgn0037981	26	18	42	31	18	16
FBgn0051358	2	0	0	0	0	0
FBgn0037988	0	0	0	0	1	1
FBgn0037989	2467	2257	2869	3623	2531	3099
FBgn0051361	273	192	407	435	413	411
FBgn0261714	2	0	0	0	0	1
FBgn0037998	153	147	138	160	120	144
FBgn0037997	0	0	0	0	0	0
FBgn0037999	227	152	235	248	211	212
FBgn0003651	1	0	0	0	0	0
FBgn0038012	0	0	0	1	0	0
FBgn0038013	90	88	69	101	72	88
FBgn0038014	3	6	1	2	5	3
FBgn0038016	411	336	434	519	386	489
FBgn0038017	0	0	0	0	1	0
FBgn0042206	5	3	3	7	6	17
FBgn0038020	70	63	69	78	61	130
FBgn0001149	669	500	642	703	624	624
FBgn0010038	13	11	25	34	22	13
FBgn0010039	132	128	137	133	140	107
FBgn0010040	0	3	0	1	0	5
FBgn0010041	20	12	17	14	27	23
FBgn0010042	0	1	0	0	3	2
FBgn0010043	4	7	9	2	7	1
FBgn0010044	0	0	0	0	1	0
FBgn0038029	0	1	0	0	1	0
FBgn0085431	3	4	2	5	2	4
FBgn0038032	2	1	2	4	3	6
FBgn0038033	5	1	1	4	1	2
FBgn0038034	106	115	136	181	113	183
FBgn0286075	138	120	132	187	126	188
FBgn0038037	170	162	131	183	124	197
FBgn0038038	342	232	399	403	334	353
FBgn0038039	231	200	274	299	220	270
FBgn0000455	128	115	153	164	103	139
FBgn0082831	468	384	578	630	543	629
FBgn0038042	0	2	0	3	0	1
FBgn0038043	106	64	110	102	74	75
FBgn0004103	1059	841	1196	1333	1043	1238
FBgn0038045	2	0	3	0	0	1
FBgn0038046	138	97	139	142	114	116
FBgn0038047	22	15	21	27	19	16
FBgn0086134	359	244	387	308	321	354
FBgn0029512	236	229	319	313	313	280
FBgn0038049	177	126	191	180	137	147
FBgn0043043	0	0	1	0	0	0
FBgn0038051	0	0	1	1	0	0
FBgn0286930	0	0	1	1	2	0
FBgn0086687	2170	1912	2083	2474	1884	2063
FBgn0286507	0	1	0	0	0	2
FBgn0038053	127	146	156	189	149	191
FBgn0038054	0	0	0	0	1	0
FBgn0038055	69	49	103	100	75	96
FBgn0038056	92	75	103	105	89	121
FBgn0038057	26	24	21	37	19	38
FBgn0038058	65	79	74	101	71	77
FBgn0013277	0	0	2	17	0	0
FBgn0051354	120	45	0	124	96	186
FBgn0267866	1	0	0	0	0	0
FBgn0013278	89	86	106	162	32	74
FBgn0267867	1	0	0	0	0	0
FBgn0013279	0	0	0	0	0	0
FBgn0250910	1	0	0	0	0	0
FBgn0028374	0	1	0	0	0	0
FBgn0038063	2	1	0	0	1	2
FBgn0005671	1018	778	1046	1131	878	972
FBgn0038065	634	488	649	689	617	597
FBgn0260444	101	82	123	122	105	106
FBgn0042207	2	1	2	1	1	2
FBgn0038067	1	0	2	3	1	3
FBgn0038068	0	0	0	1	1	0
FBgn0038069	0	0	0	0	1	0
FBgn0038070	1	0	0	0	0	0
FBgn0038071	0	0	0	1	0	0
FBgn0038073	1	0	0	1	1	0
FBgn0038074	8	0	1	2	4	0
FBgn0263621	0	0	0	2	0	0
FBgn0026207	110	71	131	140	128	97
FBgn0001296	19	17	14	24	14	32
FBgn0005355	150	128	172	195	117	119
FBgn0051347	8	5	8	6	4	7
FBgn0011745	385	303	386	494	355	391
FBgn0038079	0	1	0	0	0	0
FBgn0016693	1685	1198	1496	1668	1440	1452
FBgn0038080	128	62	106	82	88	79
FBgn0002905	163	128	180	243	181	224
FBgn0002719	1144	1079	539	843	612	888
FBgn0038082	1	1	0	1	0	0
FBgn0038083	6	0	5	9	14	9
FBgn0038088	19	15	9	19	14	14
FBgn0038092	6	3	8	8	4	6
FBgn0040493	565	446	609	551	480	541
FBgn0087021	67	71	74	81	74	92
FBgn0038095	4	3	0	3	1	3
FBgn0038097	0	0	1	1	2	0
FBgn0038098	178	171	192	268	190	203
FBgn0038099	337	293	366	366	280	265
FBgn0038100	157	175	145	236	142	201
FBgn0051342	544	506	639	772	531	643
FBgn0038102	10	8	18	22	18	13
FBgn0041710	1066	912	1016	1277	903	1259
FBgn0038105	155	105	154	250	123	215
FBgn0038106	148	113	157	181	133	151
FBgn0038107	187	142	218	271	183	260
FBgn0265083	187	142	218	271	183	260
FBgn0038108	1300	1073	1432	1649	1236	1220
FBgn0038110	132	123	133	176	140	115
FBgn0038109	17	10	20	27	17	14
FBgn0020496	740	579	609	943	599	723
FBgn0283438	412	346	433	435	420	404
FBgn0283439	7	4	1	2	0	6
FBgn0002354	45	43	45	46	25	46
FBgn0003308	79	47	87	117	60	59
FBgn0038113	0	2	1	0	0	1
FBgn0003450	1	0	0	0	0	0
FBgn0038114	3	1	0	0	1	0
FBgn0001217	0	0	1	0	0	1
FBgn0038115	3	3	1	0	2	1
FBgn0260962	574	522	621	756	620	688
FBgn0004666	0	1	0	0	0	0
FBgn0038118	157	120	143	144	112	125
FBgn0260793	26	17	19	17	15	11
FBgn0038123	0	0	0	0	0	1
FBgn0000024	1	1	0	0	1	0
FBgn0040551	8	5	7	6	3	6
FBgn0038128	34	20	26	35	25	31
FBgn0003598	213	198	226	257	226	269
FBgn0038129	93	63	89	103	83	93
FBgn0038130	0	0	0	0	0	1
FBgn0038135	4	2	0	4	0	1
FBgn0038136	1	0	0	0	0	0
FBgn0052473	121	103	135	148	107	138
FBgn0086371	98	94	101	121	72	75
FBgn0027610	290	255	251	312	259	306
FBgn0038142	1	0	0	0	0	0
FBgn0023495	2	0	1	2	1	2
FBgn0038143	21	15	8	21	8	24
FBgn0038144	7	7	10	17	10	12
FBgn0044511	43	35	48	75	35	42
FBgn0038145	1271	890	1273	1357	1144	1151
FBgn0038146	189	124	267	231	219	230
FBgn0038149	186	126	116	174	123	170
FBgn0053977	18	32	20	30	22	27
FBgn0000046	3	5	3	7	6	11
FBgn0004049	168	173	198	224	179	239
FBgn0038156	38	25	30	35	26	37
FBgn0038157	0	0	1	0	0	1
FBgn0051337	226	218	194	309	227	355
FBgn0038163	1	0	0	1	0	0
FBgn0263396	2286	1910	2517	2725	2390	2516
FBgn0015778	1355	1005	1674	1688	1446	1319
FBgn0010258	7	4	3	4	1	6
FBgn0004237	1333	1003	1521	1554	1358	1719
FBgn0004587	1399	951	1497	1490	1274	1387
FBgn0038165	2	0	1	2	1	1
FBgn0038166	134	82	123	113	99	109
FBgn0038167	185	135	190	195	184	161
FBgn0038168	151	141	198	234	163	206
FBgn0024555	600	498	696	730	631	658
FBgn0038170	7	8	8	6	3	3
FBgn0028487	67	67	69	96	18	37
FBgn0002937	0	0	0	1	0	0
FBgn0038172	1	0	1	0	1	2
FBgn0038173	1	0	0	0	0	0
FBgn0051469	2	2	1	2	2	3
FBgn0040076	9	6	4	6	8	9
FBgn0040077	44	29	49	64	26	37
FBgn0085412	3	2	1	0	2	3
FBgn0259721	26	29	22	34	20	28
FBgn0260464	26	29	22	34	20	28
FBgn0038183	40	39	75	68	79	72
FBgn0000454	549	459	582	608	472	609
FBgn0266464	196	186	219	280	174	217
FBgn0051495	18	15	16	23	13	11
FBgn0008646	0	1	0	0	0	0
FBgn0016672	106	81	102	135	88	89
FBgn0015270	113	99	96	96	103	111
FBgn0264493	256	215	251	267	278	303
FBgn0038194	23	21	14	58	24	31
FBgn0038195	366	339	379	540	309	482
FBgn0038196	148	109	171	182	155	179
FBgn0038197	84	93	73	110	74	90
FBgn0038198	1	0	0	2	0	2
FBgn0038199	0	0	0	0	1	0
FBgn0038201	0	0	1	0	0	0
FBgn0038202	2	0	2	1	2	5
FBgn0038203	0	0	0	6	1	0
FBgn0038204	0	2	0	0	0	0
FBgn0038205	1	0	0	0	0	0
FBgn0020510	351	245	346	403	304	313
FBgn0038206	151	120	132	165	142	159
FBgn0010340	44	42	44	37	26	37
FBgn0262955	393	325	424	538	375	503
FBgn0038207	0	0	1	1	1	0
FBgn0038208	0	0	0	1	0	0
FBgn0011582	0	0	0	1	0	0
FBgn0038211	2	0	0	0	0	0
FBgn0051326	2	2	0	0	3	1
FBgn0053109	1	2	1	0	1	0
FBgn0053329	216	167	202	279	187	199
FBgn0027563	1	1	0	0	0	2
FBgn0038213	0	0	0	0	1	0
FBgn0262983	6	5	2	5	4	5
FBgn0027083	51	45	54	60	29	37
FBgn0262808	1	0	1	1	0	1
FBgn0038219	0	0	1	0	0	1
FBgn0003862	488	534	538	701	514	774
FBgn0285913	116	93	105	123	99	83
FBgn0038221	0	4	0	2	2	2
FBgn0003567	305	291	294	323	282	316
FBgn0004855	95	79	120	141	102	95
FBgn0051321	4	1	2	3	2	0
FBgn0011474	156	181	231	279	221	274
FBgn0038223	149	109	139	210	143	178
FBgn0038224	219	188	245	271	261	266
FBgn0003480	17	5	13	15	15	17
FBgn0024321	202	189	223	210	198	201
FBgn0288976	43	45	50	70	50	50
FBgn0038225	0	0	0	1	0	0
FBgn0285955	642	587	565	728	618	871
FBgn0085417	2	3	3	1	1	2
FBgn0038233	35	26	34	45	23	25
FBgn0038234	41	24	48	33	24	41
FBgn0038235	11	15	14	20	13	25
FBgn0038237	4	3	0	2	3	2
FBgn0051313	1	1	0	1	0	3
FBgn0038243	47	46	60	66	60	46
FBgn0004629	78	43	67	78	65	54
FBgn0038244	427	341	573	559	489	555
FBgn0020299	0	0	1	2	0	1
FBgn0003169	272	210	272	334	279	307
FBgn0013981	1092	1007	935	1206	909	1167
FBgn0038248	4	5	2	1	2	5
FBgn0038247	0	0	0	1	0	4
FBgn0086686	329	332	329	410	333	427
FBgn0038250	119	112	118	136	112	63
FBgn0038251	102	61	68	60	61	77
FBgn0025808	50	43	44	55	34	45
FBgn0038252	1	0	0	0	0	0
FBgn0265140	702	531	659	803	670	726
FBgn0262127	545	390	363	418	371	424
FBgn0038256	357	225	310	295	308	284
FBgn0011217	1154	938	1054	1179	1025	1113
FBgn0263929	230	240	266	333	227	271
FBgn0038257	0	2	1	3	5	1
FBgn0038258	2	4	2	6	2	6
FBgn0038260	29	28	27	36	33	26
FBgn0038261	6	5	4	3	7	11
FBgn0038262	2	0	1	2	1	1
FBgn0266756	4	3	6	9	4	5
FBgn0038268	49	48	43	61	29	44
FBgn0038269	132	96	213	172	153	223
FBgn0067628	32	22	30	33	27	22
FBgn0067629	27	21	18	24	23	28
FBgn0004597	70	64	65	67	55	64
FBgn0038271	906	590	836	894	815	886
FBgn0038272	127	111	146	156	132	163
FBgn0038273	15	11	18	20	15	14
FBgn0038274	130	92	140	155	103	112
FBgn0038275	59	34	63	67	58	82
FBgn0038277	0	1	2	4	0	2
FBgn0028662	625	534	656	730	588	668
FBgn0038279	0	0	0	1	0	0
FBgn0038282	0	2	0	0	0	0
FBgn0038285	0	0	1	0	1	0
FBgn0038286	189	150	125	174	155	181
FBgn0261859	243	162	196	219	191	187
FBgn0038290	266	202	230	231	246	237
FBgn0038291	44	28	37	56	48	60
FBgn0038292	4	2	4	0	3	1
FBgn0266064	877	738	691	971	728	911
FBgn0038295	0	0	0	0	1	1
FBgn0038296	52	59	71	82	58	77
FBgn0260659	125	92	113	139	104	111
FBgn0028984	902	783	1075	1262	1045	1084
FBgn0038299	5	4	3	2	2	3
FBgn0038300	97	72	119	123	94	97
FBgn0038301	47	37	63	75	41	53
FBgn0038302	37	45	64	69	39	71
FBgn0038303	157	144	131	196	109	138
FBgn0038304	113	115	129	140	84	116
FBgn0051155	109	82	100	128	111	95
FBgn0051344	95	74	111	124	110	113
FBgn0263979	543	412	585	654	589	615
FBgn0038306	150	106	159	185	151	184
FBgn0038307	69	67	118	104	87	92
FBgn0085345	2	3	2	5	3	2
FBgn0045035	499	516	504	711	439	645
FBgn0266599	11104	7589	13314	13349	11304	9127
FBgn0038309	6	7	3	21	3	17
FBgn0259823	5	4	2	6	3	7
FBgn0263740	827	620	971	1060	860	930
FBgn0263755	94	85	90	99	78	108
FBgn0014879	313	284	340	368	347	336
FBgn0016691	414	276	425	407	337	344
FBgn0038311	16	12	34	29	9	16
FBgn0038312	43	12	56	42	29	27
FBgn0000283	1039	920	1096	1299	1134	1315
FBgn0038313	65	45	73	71	67	60
FBgn0027378	154	110	137	124	130	129
FBgn0011476	13	19	16	15	17	10
FBgn0003721	907	819	850	1046	813	948
FBgn0266745	12	14	11	17	6	14
FBgn0004117	3	6	3	6	3	6
FBgn0038315	0	0	0	0	0	1
FBgn0038316	81	71	105	121	74	81
FBgn0026441	222	196	285	328	245	238
FBgn0038318	666	530	569	630	500	574
FBgn0000533	1	0	0	0	0	0
FBgn0038319	61	43	67	76	72	66
FBgn0013269	592	514	823	765	830	872
FBgn0038320	997	831	1070	1306	969	1185
FBgn0038321	44	45	52	51	40	29
FBgn0021750	64	50	75	87	67	68
FBgn0019925	327	259	327	391	310	367
FBgn0051301	188	157	260	267	249	221
FBgn0261679	20	13	18	22	14	21
FBgn0261680	20	13	18	22	14	21
FBgn0266722	22	17	20	18	15	8
FBgn0038324	43	39	45	69	32	36
FBgn0038325	51	57	65	94	42	62
FBgn0038326	211	182	211	239	177	173
FBgn0026634	101	80	101	138	92	92
FBgn0038327	78	54	65	104	56	71
FBgn0026737	84	62	76	76	70	66
FBgn0085433	135	82	162	193	121	147
FBgn0038330	20	32	27	41	6	16
FBgn0038332	122	111	134	167	114	133
FBgn0038331	187	145	212	260	170	217
FBgn0262483	9	12	12	7	5	12
FBgn0038334	0	0	0	2	0	0
FBgn0038337	0	2	0	0	1	1
FBgn0041188	796	550	757	896	649	693
FBgn0038339	1	0	0	0	3	1
FBgn0000047	1	1	6	5	6	1
FBgn0286071	87	81	96	104	66	76
FBgn0038342	1	0	0	0	0	0
FBgn0019940	0	1	0	0	0	1
FBgn0038343	1	0	2	0	0	0
FBgn0038344	359	386	447	604	381	590
FBgn0038345	0	0	0	0	1	0
FBgn0264776	101	79	107	123	81	115
FBgn0264775	218	194	217	289	206	242
FBgn0051296	3	9	4	13	5	9
FBgn0267408	731	854	817	1399	759	1018
FBgn0038348	60	52	47	85	44	71
FBgn0038349	552	602	586	664	510	613
FBgn0038350	0	1	0	4	2	2
FBgn0263041	3	2	3	3	4	4
FBgn0053207	184	116	144	175	138	138
FBgn0051446	0	0	0	0	0	1
FBgn0038353	6	2	3	4	2	3
FBgn0038354	0	0	0	1	0	0
FBgn0038360	82	96	90	127	85	86
FBgn0038361	2	3	2	4	3	4
FBgn0000246	31	43	46	73	35	46
FBgn0038363	31	28	25	33	20	28
FBgn0262527	926	661	908	987	882	960
FBgn0038365	18	22	27	36	12	33
FBgn0026616	40	26	58	88	48	59
FBgn0003227	52	46	45	74	41	39
FBgn0038366	7	9	4	7	4	6
FBgn0263023	0	0	0	0	0	1
FBgn0263022	0	0	3	1	0	0
FBgn0038369	209	146	213	223	215	203
FBgn0017567	179	157	201	198	163	204
FBgn0003483	141	161	176	213	153	197
FBgn0038371	19	17	19	29	10	13
FBgn0265048	2686	2071	2507	3088	2394	2537
FBgn0038373	23	14	24	31	18	29
FBgn0038376	485	418	481	694	436	628
FBgn0051183	10	8	2	2	5	3
FBgn0038377	0	1	0	0	0	0
FBgn0038380	0	0	0	1	0	0
FBgn0027657	136	99	131	97	110	104
FBgn0051292	0	1	0	0	0	0
FBgn0038381	61	50	64	103	74	75
FBgn0266566	1	0	0	0	0	0
FBgn0038385	0	0	2	1	1	1
FBgn0038387	74	69	72	97	56	72
FBgn0013334	228	208	214	307	161	263
FBgn0051088	0	0	0	0	1	0
FBgn0286741	0	0	0	0	1	0
FBgn0038388	99	90	87	104	61	106
FBgn0038389	62	45	70	73	58	56
FBgn0052856	24	24	22	41	21	17
FBgn0038390	38	41	60	69	47	50
FBgn0002783	1098	848	1125	1200	1086	1159
FBgn0022787	1032	943	1110	1517	1084	1462
FBgn0003507	2039	1325	1851	1820	1812	1956
FBgn0038391	40	44	35	30	49	49
FBgn0003117	1302	1000	1090	1128	1001	1186
FBgn0038394	0	2	0	3	0	0
FBgn0038395	18	24	27	19	19	23
FBgn0024222	181	167	201	219	147	193
FBgn0038396	56	42	64	73	62	47
FBgn0027948	1596	1469	1486	1961	1504	1924
FBgn0038397	8	10	13	17	7	15
FBgn0026059	255	181	276	283	208	271
FBgn0052855	0	1	0	1	0	3
FBgn0038398	1	1	0	0	0	2
FBgn0010379	530	479	465	532	490	591
FBgn0003319	1	0	0	0	1	0
FBgn0038400	362	289	423	454	361	432
FBgn0038401	79	57	96	76	72	79
FBgn0038402	0	0	1	1	1	0
FBgn0063649	185	141	155	165	130	221
FBgn0038404	1	0	1	3	0	3
FBgn0038405	1	2	2	4	1	3
FBgn0024491	283	247	204	410	190	308
FBgn0086370	262	239	228	255	227	259
FBgn0038407	231	183	213	189	205	195
FBgn0051287	32	20	30	50	27	46
FBgn0010438	209	140	206	224	189	188
FBgn0040071	165	149	151	137	151	129
FBgn0287225	603	488	743	831	612	813
FBgn0020407	83	57	57	72	82	56
FBgn0020399	0	3	0	1	0	4
FBgn0261286	188	159	239	266	237	287
FBgn0250823	624	507	627	867	569	782
FBgn0038412	3	1	2	1	0	2
FBgn0040271	137	155	119	182	129	135
FBgn0038414	3	1	1	1	3	2
FBgn0038415	3	0	0	2	3	1
FBgn0038416	5	3	7	3	5	4
FBgn0283477	616	440	644	672	497	610
FBgn0038418	59	45	69	88	72	66
FBgn0038419	1	2	1	0	0	3
FBgn0027095	273	246	281	349	272	374
FBgn0038420	0	0	1	1	1	0
FBgn0038421	114	101	127	159	104	164
FBgn0038422	1	0	0	0	0	0
FBgn0003513	0	0	0	1	1	0
FBgn0051279	0	0	1	0	0	1
FBgn0038424	124	88	148	121	137	129
FBgn0038425	36	28	27	43	29	43
FBgn0038426	33	43	32	47	32	34
FBgn0038427	230	186	213	297	187	236
FBgn0038428	122	98	115	120	131	139
FBgn0038429	41	43	47	49	45	48
FBgn0044826	476	410	474	589	404	447
FBgn0038431	5	4	2	2	0	1
FBgn0038432	82	83	80	118	68	77
FBgn0250754	956	846	1049	1143	1041	1219
FBgn0027053	159	139	205	200	164	170
FBgn0038435	13	16	15	10	10	16
FBgn0038436	41	33	40	56	43	81
FBgn0004087	50	54	52	72	35	39
FBgn0038437	18	16	13	21	19	18
FBgn0038438	173	132	171	187	144	178
FBgn0038439	0	0	0	1	0	0
FBgn0028381	1	0	1	0	0	0
FBgn0259244	1	0	1	1	0	1
FBgn0038446	39	14	35	43	22	29
FBgn0038448	0	0	1	0	0	0
FBgn0022344	83	65	82	105	82	83
FBgn0285925	64	79	86	102	51	147
FBgn0015520	43	25	27	66	41	46
FBgn0038453	218	173	178	238	199	213
FBgn0038454	42	48	43	54	24	20
FBgn0015019	1306	856	1368	1345	1308	1184
FBgn0015351	39	32	51	70	47	72
FBgn0038455	175	166	225	313	213	245
FBgn0051217	15	4	6	6	4	5
FBgn0000014	1	0	1	0	0	0
FBgn0288835	0	0	0	1	0	0
FBgn0000015	2	0	2	1	0	0
FBgn0015011	1	1	0	0	0	0
FBgn0038460	1	5	1	2	1	1
FBgn0043069	0	3	1	1	1	3
FBgn0038461	276	155	293	313	264	208
FBgn0051274	3	0	0	2	0	0
FBgn0038462	152	179	204	288	112	226
FBgn0038463	108	94	99	135	90	110
FBgn0266917	275	226	282	327	227	294
FBgn0038465	1276	1319	1121	1797	1135	1344
FBgn0038466	3	2	2	3	3	3
FBgn0004577	0	0	0	1	1	0
FBgn0038467	110	74	128	108	109	101
FBgn0038468	0	0	0	1	0	0
FBgn0038469	2	0	0	0	3	3
FBgn0038470	102	106	94	154	107	143
FBgn0038471	54	43	66	77	69	54
FBgn0038472	49	49	44	69	60	82
FBgn0266053	293	269	324	408	314	364
FBgn0020493	129	121	118	126	102	142
FBgn0038473	214	177	257	268	232	268
FBgn0038474	46	44	51	71	47	60
FBgn0038475	125	112	111	144	111	156
FBgn0038476	484	341	500	469	478	480
FBgn0266465	240	150	236	232	161	197
FBgn0038478	113	107	134	149	113	135
FBgn0014141	7742	5718	6255	6672	5950	5981
FBgn0085307	0	0	0	0	1	0
FBgn0261847	0	0	0	0	0	1
FBgn0038481	0	1	0	0	0	0
FBgn0038484	3	3	1	1	2	4
FBgn0038487	0	0	0	0	1	0
FBgn0038488	92	78	91	100	80	83
FBgn0264291	67	51	69	66	67	63
FBgn0038490	18	20	23	29	12	17
FBgn0038491	84	50	88	48	85	60
FBgn0038492	0	0	0	0	1	2
FBgn0051262	2	5	2	6	6	4
FBgn0038494	1	0	0	0	0	0
FBgn0038499	172	168	210	236	175	205
FBgn0262871	131	103	126	145	121	97
FBgn0028992	152	151	154	202	130	163
FBgn0025456	12	6	6	28	3	3
FBgn0038504	635	467	525	652	513	604
FBgn0000564	0	0	0	0	1	0
FBgn0261046	0	0	0	1	0	0
FBgn0038515	112	105	127	138	88	124
FBgn0038516	35	30	40	36	22	26
FBgn0010926	108	92	139	165	144	166
FBgn0025571	425	327	500	483	400	466
FBgn0038519	126	80	136	122	124	113
FBgn0264005	0	0	0	1	1	2
FBgn0038524	103	75	94	111	101	119
FBgn0038527	0	0	1	1	0	3
FBgn0038528	11	7	8	15	11	10
FBgn0038530	3	2	5	1	3	1
FBgn0262794	89	99	59	49	74	87
FBgn0038532	88	92	76	108	64	112
FBgn0038533	246	200	224	211	242	215
FBgn0000063	94	73	113	99	90	111
FBgn0038535	1099	910	1048	1293	1082	1145
FBgn0038536	129	67	151	150	125	127
FBgn0051251	33	20	28	33	19	23
FBgn0051360	27	33	39	30	33	35
FBgn0051249	68	37	67	87	45	47
FBgn0261885	2401	1732	2452	2414	2170	2229
FBgn0261987	0	1	1	0	1	1
FBgn0016650	0	0	0	0	1	0
FBgn0038541	1	0	0	0	0	0
FBgn0038542	0	0	0	0	1	0
FBgn0262562	0	0	2	3	0	0
FBgn0038545	23	18	16	21	28	26
FBgn0038546	168	115	173	181	163	165
FBgn0038547	7	5	12	11	9	7
FBgn0038548	34	45	32	45	25	32
FBgn0038549	24	30	36	43	22	28
FBgn0038550	1	5	3	0	0	1
FBgn0038551	91	79	96	116	98	102
FBgn0038552	310	236	336	362	277	322
FBgn0261649	1	0	2	0	6	4
FBgn0053547	2	0	1	1	0	0
FBgn0263995	150	113	125	138	132	144
FBgn0000477	0	0	0	1	0	1
FBgn0038564	19	20	31	24	11	18
FBgn0038565	0	0	0	1	0	0
FBgn0010389	0	0	1	0	0	0
FBgn0003499	2	4	4	5	6	6
FBgn0038569	145	120	122	169	140	151
FBgn0022943	78	53	86	76	47	64
FBgn0038570	205	129	237	200	202	189
FBgn0038571	49	50	56	60	44	63
FBgn0042693	323	268	322	336	297	380
FBgn0261532	290	219	351	363	271	313
FBgn0038575	1	3	1	3	2	1
FBgn0038576	90	81	83	115	78	75
FBgn0038577	64	46	59	55	54	51
FBgn0038578	64	52	76	89	75	85
FBgn0038579	0	0	0	1	0	1
FBgn0011481	202	194	250	232	176	230
FBgn0028499	37	24	49	33	29	23
FBgn0038581	12	8	5	8	3	8
FBgn0038583	24	28	36	38	22	20
FBgn0038582	25	12	5	18	5	15
FBgn0038584	71	62	77	99	44	68
FBgn0038585	113	91	160	163	157	147
FBgn0038586	48	25	43	59	43	36
FBgn0262559	308	206	314	336	298	299
FBgn0011701	0	0	0	0	1	0
FBgn0038588	51	36	60	57	47	63
FBgn0020238	3464	2664	3004	3340	3088	3307
FBgn0038590	27	16	25	39	28	24
FBgn0038589	1	1	0	1	0	0
FBgn0263738	74	51	74	85	61	80
FBgn0263757	10	14	13	13	17	19
FBgn0261019	45	40	44	68	44	52
FBgn0266195	45	40	44	68	44	52
FBgn0038592	0	0	1	1	0	1
FBgn0038593	116	102	126	132	92	128
FBgn0026250	611	481	629	784	564	712
FBgn0038595	6	7	8	8	10	11
FBgn0038597	134	100	175	176	145	187
FBgn0038598	8	8	7	12	5	15
FBgn0010877	374	328	359	366	328	386
FBgn0024432	304	298	352	414	334	332
FBgn0038601	93	71	113	107	95	121
FBgn0038603	2	3	1	3	2	1
FBgn0038606	0	0	0	0	1	0
FBgn0038607	2	1	0	0	1	2
FBgn0038608	114	109	141	146	150	161
FBgn0038609	110	106	130	135	130	109
FBgn0004618	1	1	1	1	0	0
FBgn0038610	0	0	0	0	1	0
FBgn0038612	2	1	4	7	4	2
FBgn0038613	3	2	0	2	1	1
FBgn0028670	807	697	689	845	680	780
FBgn0264751	76	38	82	69	46	66
FBgn0038617	48	36	48	40	31	31
FBgn0264816	22	15	20	22	14	11
FBgn0038619	30	17	35	43	22	20
FBgn0051122	243	189	246	271	248	253
FBgn0038621	2	4	7	8	6	8
FBgn0004652	493	333	452	460	388	424
FBgn0262823	50	48	49	62	53	29
FBgn0262846	51	48	49	62	53	55
FBgn0023083	212	237	227	331	203	302
FBgn0038627	0	2	0	0	2	0
FBgn0263974	6	7	4	16	7	6
FBgn0038629	3	2	2	7	1	8
FBgn0038630	0	1	2	0	0	0
FBgn0051224	408	353	456	554	405	505
FBgn0027841	62	59	72	75	64	56
FBgn0261065	162	126	156	174	148	204
FBgn0044871	74	73	79	76	62	74
FBgn0051231	3	2	4	7	1	4
FBgn0051229	43	30	59	49	41	39
FBgn0038638	157	124	159	167	132	175
FBgn0051230	1	2	0	5	1	3
FBgn0286828	46	46	68	67	53	62
FBgn0038640	38	34	50	54	42	49
FBgn0038641	0	0	0	0	0	0
FBgn0284234	0	0	0	0	0	0
FBgn0038642	1	0	0	0	0	0
FBgn0000303	1	0	1	0	1	0
FBgn0038645	0	1	0	1	0	1
FBgn0038646	0	0	0	1	1	1
FBgn0038647	0	0	1	1	0	0
FBgn0024329	708	584	727	878	702	959
FBgn0038649	63	46	72	87	65	68
FBgn0260399	143	108	120	153	130	145
FBgn0038651	339	363	447	508	338	463
FBgn0038652	62	50	49	64	41	53
FBgn0038653	4	6	5	9	0	4
FBgn0038654	0	0	0	0	0	1
FBgn0003248	1	0	0	0	0	0
FBgn0038658	0	1	0	0	0	1
FBgn0038659	197	175	207	288	190	202
FBgn0038660	521	399	395	538	379	464
FBgn0261113	2806	2638	3083	4144	2611	3830
FBgn0038662	54	58	92	88	56	86
FBgn0261262	4	0	6	4	2	3
FBgn0263983	0	1	0	0	0	0
FBgn0038666	90	66	69	66	56	65
FBgn0022338	260	191	277	254	256	295
FBgn0261792	70	43	81	78	61	66
FBgn0026239	6	12	15	13	6	7
FBgn0038672	26	32	27	34	30	28
FBgn0038673	28	22	32	40	33	38
FBgn0038674	0	0	5	2	1	2
FBgn0260779	57	54	75	57	76	57
FBgn0027785	169	148	194	151	133	143
FBgn0015781	58	42	38	48	40	30
FBgn0027784	40	21	40	48	29	26
FBgn0038675	41	35	38	50	42	32
FBgn0038676	0	0	1	1	1	1
FBgn0004876	191	159	175	238	154	225
FBgn0038678	22	26	27	23	20	33
FBgn0016120	359	255	377	362	349	306
FBgn0038679	18	23	6	24	11	21
FBgn0038680	115	106	75	116	68	121
FBgn0038681	29	24	23	33	20	34
FBgn0261285	96	54	76	124	95	101
FBgn0038682	77	58	74	71	58	65
FBgn0038683	128	114	151	203	134	181
FBgn0002962	4	1	2	3	1	0
FBgn0259704	103	99	136	136	99	137
FBgn0259705	29	30	34	50	40	43
FBgn0010768	78	52	84	84	71	69
FBgn0038685	1	0	0	0	0	0
FBgn0038686	78	78	75	92	84	75
FBgn0051475	0	0	1	0	0	0
FBgn0025680	1	0	0	0	0	0
FBgn0267975	390	284	334	420	287	406
FBgn0038690	7	2	7	10	5	10
FBgn0038691	0	0	2	1	0	1
FBgn0038692	31	33	51	40	32	47
FBgn0038693	11	9	11	11	3	9
FBgn0000463	0	0	0	0	0	1
FBgn0289122	219	176	228	284	171	252
FBgn0051404	1	0	0	0	0	0
FBgn0038700	0	0	0	0	1	1
FBgn0038701	0	0	1	1	0	0
FBgn0038702	0	0	0	1	0	0
FBgn0051244	0	0	0	1	0	0
FBgn0038704	137	134	118	173	114	135
FBgn0038705	6	1	5	6	7	9
FBgn0051221	0	1	0	1	0	1
FBgn0260003	862	782	859	1051	859	1056
FBgn0038708	1	0	0	0	0	0
FBgn0038709	0	0	0	1	0	0
FBgn0038714	0	0	0	0	1	0
FBgn0038715	0	1	0	1	0	0
FBgn0038717	4	2	4	6	3	1
FBgn0038718	2	1	0	0	1	3
FBgn0038719	0	0	0	0	0	1
FBgn0038720	40	56	39	54	51	41
FBgn0038721	271	251	208	287	219	309
FBgn0083974	6	9	3	3	4	8
FBgn0283536	391	321	477	499	368	472
FBgn0038722	104	66	132	117	95	71
FBgn0038723	161	111	135	134	116	118
FBgn0051220	0	0	0	1	0	1
FBgn0051219	88	87	106	109	108	86
FBgn0038725	8	6	2	7	2	5
FBgn0003011	0	0	3	1	0	1
FBgn0038727	6	3	1	2	1	4
FBgn0051216	206	147	159	210	144	215
FBgn0085315	0	0	0	1	0	0
FBgn0024963	1	0	0	0	2	0
FBgn0038730	0	0	0	0	0	0
FBgn0038731	0	1	0	0	0	0
FBgn0038732	1	0	1	0	0	0
FBgn0038733	1	1	0	0	0	1
FBgn0038734	0	0	0	1	0	0
FBgn0014135	39	37	27	52	28	28
FBgn0038735	64	62	76	85	61	81
FBgn0261984	419	372	383	574	309	489
FBgn0038737	51	32	69	57	46	42
FBgn0038738	542	501	553	617	512	485
FBgn0038739	97	75	90	79	64	50
FBgn0038740	2	3	5	7	0	5
FBgn0038741	35	35	31	49	36	44
FBgn0038742	285	212	274	304	231	299
FBgn0014006	261	237	310	358	251	329
FBgn0002940	0	0	0	0	1	0
FBgn0038744	4	5	8	5	2	6
FBgn0038745	279	221	271	335	220	267
FBgn0038746	185	160	214	258	207	255
FBgn0038747	585	435	547	553	510	483
FBgn0260234	0	0	0	0	0	0
FBgn0038749	0	0	0	0	0	0
FBgn0038750	2	2	1	0	1	1
FBgn0038751	3	1	1	0	1	1
FBgn0038752	0	0	0	1	0	0
FBgn0038755	22	19	19	21	17	32
FBgn0021776	1	1	1	2	1	2
FBgn0051213	9	5	5	4	3	10
FBgn0038760	129	87	125	129	98	114
FBgn0270925	0	0	1	0	1	1
FBgn0038763	222	148	212	224	174	210
FBgn0243511	304	210	328	370	306	350
FBgn0038765	29	25	22	31	28	34
FBgn0038766	8	7	9	17	10	12
FBgn0038767	67	64	75	70	60	68
FBgn0038768	212	159	191	264	206	218
FBgn0038769	75	45	75	71	47	60
FBgn0040571	2	0	0	2	1	2
FBgn0260466	0	0	0	0	0	1
FBgn0038771	371	269	407	340	333	372
FBgn0038772	66	46	65	95	70	84
FBgn0038773	0	1	0	0	0	0
FBgn0083975	1	0	1	0	0	0
FBgn0262582	1620	1278	1457	1660	1348	1571
FBgn0038783	0	0	0	0	0	1
FBgn0038784	1	2	1	1	4	2
FBgn0261550	2403	1699	2215	2271	1891	2220
FBgn0038787	1059	799	1236	1326	1144	1203
FBgn0038788	159	149	193	220	197	231
FBgn0038789	0	0	0	1	0	0
FBgn0262146	0	0	0	1	0	1
FBgn0053192	0	1	0	0	0	0
FBgn0016917	1872	1414	1789	2020	1710	1749
FBgn0067783	46	56	43	56	43	43
FBgn0067782	0	0	12	0	0	0
FBgn0043457	67	42	52	47	53	51
FBgn0040575	4	9	3	2	4	8
FBgn0038803	79	71	101	90	73	81
FBgn0038804	9	11	9	14	8	6
FBgn0038805	181	124	221	213	171	174
FBgn0038806	66	40	65	67	54	55
FBgn0023212	261	212	257	325	229	206
FBgn0038808	66	47	71	79	61	60
FBgn0054008	11	5	8	8	7	5
FBgn0038809	356	346	357	461	332	366
FBgn0014029	726	546	632	717	616	711
FBgn0038810	146	99	157	177	153	143
FBgn0038811	91	71	71	94	84	97
FBgn0023097	311	247	411	364	349	341
FBgn0038814	3	4	2	9	6	3
FBgn0038815	40	23	42	49	15	22
FBgn0001169	227	187	233	255	216	267
FBgn0015279	392	342	394	421	361	442
FBgn0038816	146	88	93	143	111	113
FBgn0051201	2	0	3	1	0	2
FBgn0038818	0	0	0	1	0	0
FBgn0261857	0	0	2	0	0	0
FBgn0004107	102	81	114	128	95	102
FBgn0038821	0	0	0	0	2	15
FBgn0259222	1	5	1	1	1	3
FBgn0265606	0	0	0	1	0	0
FBgn0038826	353	319	345	402	380	407
FBgn0051195	183	165	160	205	138	209
FBgn0046689	1	1	3	1	1	3
FBgn0038827	102	86	101	114	93	107
FBgn0038828	0	2	0	1	1	1
FBgn0038829	74	63	86	101	70	87
FBgn0019936	2012	1364	2295	2440	2060	2230
FBgn0038830	20	17	22	40	20	21
FBgn0027493	1127	819	1028	1061	1013	982
FBgn0051223	27	34	35	45	23	33
FBgn0053094	353	287	335	346	303	374
FBgn0038832	194	147	199	194	230	262
FBgn0038833	1	0	0	0	0	0
FBgn0038834	4717	3653	4629	5508	4389	4640
FBgn0259215	4	1	1	7	4	12
FBgn0038837	1	0	2	2	2	1
FBgn0028396	4	9	2	2	6	4
FBgn0051191	0	0	1	0	0	0
FBgn0038842	417	317	396	441	328	354
FBgn0002921	3182	2545	2525	2979	2432	2733
FBgn0013995	2	0	0	1	2	0
FBgn0038845	0	0	1	0	0	0
FBgn0038846	2	2	1	4	2	6
FBgn0026056	73	54	73	88	54	56
FBgn0046763	399	341	302	414	299	359
FBgn0013812	0	2	1	1	1	4
FBgn0038849	3	0	1	1	0	0
FBgn0038850	1	0	2	0	0	0
FBgn0011672	235	204	216	263	167	229
FBgn0025865	1017	849	1110	1204	1009	1088
FBgn0000083	1685	1391	1620	1986	1376	1424
FBgn0003257	209	156	303	339	254	313
FBgn0038851	4	7	3	3	4	4
FBgn0038852	2	2	4	1	2	3
FBgn0038853	470	381	383	489	387	496
FBgn0038854	185	159	191	263	203	260
FBgn0038855	155	115	167	182	137	177
FBgn0266674	85	57	92	114	91	83
FBgn0028468	238	201	192	239	188	182
FBgn0015790	1147	853	1148	1163	1033	1124
FBgn0010770	101	91	150	151	139	128
FBgn0038857	65	56	95	100	79	90
FBgn0283468	264	214	271	336	225	300
FBgn0038858	41	37	27	55	24	60
FBgn0038860	41	22	44	55	31	29
FBgn0038861	22	20	22	24	17	16
FBgn0038862	187	141	154	172	134	160
FBgn0250820	151	94	169	216	138	160
FBgn0264357	647	512	610	854	522	731
FBgn0038865	12	10	15	13	14	15
FBgn0038866	5	4	2	5	4	9
FBgn0260004	29	27	34	51	41	49
FBgn0038868	92	60	92	96	75	66
FBgn0264706	0	0	0	1	0	1
FBgn0038869	131	106	152	148	154	165
FBgn0038870	140	99	138	179	146	126
FBgn0038871	41	53	53	58	43	56
FBgn0038872	416	300	457	433	349	485
FBgn0000527	12	9	9	18	10	45
FBgn0038873	2	0	2	6	2	3
FBgn0038874	8	14	8	15	3	18
FBgn0285937	1011	785	909	1190	782	1067
FBgn0043012	54	41	58	41	34	43
FBgn0038876	87	63	104	110	77	115
FBgn0038877	304	290	294	424	259	333
FBgn0038878	1	2	0	0	0	0
FBgn0038881	345	283	340	398	312	350
FBgn0002781	1043	696	1097	1148	1057	1075
FBgn0266178	0	0	0	5	0	57
FBgn0267648	0	0	0	0	0	6
FBgn0267649	0	0	0	0	0	0
FBgn0266173	0	53	19	0	24	0
FBgn0266174	44	1	46	32	39	42
FBgn0266175	10	18	0	0	19	0
FBgn0266176	0	1	0	7	0	2
FBgn0266177	11	1	20	32	0	20
FBgn0261837	76	69	71	77	53	78
FBgn0261838	76	69	71	77	53	78
FBgn0266170	0	0	3	0	0	26
FBgn0266171	19	29	37	34	30	10
FBgn0266172	0	0	0	19	0	0
FBgn0261839	0	0	8	0	0	0
FBgn0261840	16	17	10	14	48	24
FBgn0261841	26	23	17	41	14	31
FBgn0261842	32	24	0	17	19	17
FBgn0261843	0	0	14	20	0	7
FBgn0261844	59	44	72	64	23	56
FBgn0261845	8	0	10	10	15	7
FBgn0267650	4	11	4	6	0	10
FBgn0267651	13	0	6	10	12	31
FBgn0267652	17	33	25	38	26	13
FBgn0004110	1	0	3	0	4	6
FBgn0038889	84	86	80	107	70	117
FBgn0004863	0	0	0	0	0	1
FBgn0038890	354	417	374	574	344	583
FBgn0002941	1	0	0	0	0	0
FBgn0283499	535	483	443	641	475	789
FBgn0011766	1135	815	938	1043	866	940
FBgn0289108	45	80	72	118	99	100
FBgn0038894	3	3	3	3	1	3
FBgn0259113	258	229	323	367	326	352
FBgn0054034	1	1	1	2	1	1
FBgn0038897	1	2	2	4	2	5
FBgn0051343	0	0	0	0	0	1
FBgn0051233	0	0	0	0	1	0
FBgn0051198	0	0	1	0	0	0
FBgn0038901	1	0	0	0	0	0
FBgn0027575	10	7	26	22	17	26
FBgn0038902	3	0	2	1	0	5
FBgn0038903	27	16	38	33	29	30
FBgn0003867	0	0	0	0	1	0
FBgn0013759	655	523	573	690	565	663
FBgn0041229	2	1	2	3	0	0
FBgn0045470	6	1	6	4	4	4
FBgn0045469	9	7	6	7	5	2
FBgn0045468	4	9	6	8	7	2
FBgn0015229	109	82	68	92	72	81
FBgn0260940	73	49	63	64	34	33
FBgn0038909	23	23	32	37	43	53
FBgn0067317	7	6	13	17	6	21
FBgn0051174	3	0	4	2	4	4
FBgn0051431	441	355	547	608	488	587
FBgn0064912	3	0	3	4	2	3
FBgn0038912	90	100	96	103	82	92
FBgn0083984	7	15	5	15	5	5
FBgn0053092	2	1	3	2	0	1
FBgn0051465	1	1	2	1	0	4
FBgn0038914	0	0	0	0	0	1
FBgn0038916	1	1	0	2	0	2
FBgn0038917	69	42	46	62	43	46
FBgn0264426	2	3	0	3	1	0
FBgn0264490	60	35	39	43	47	48
FBgn0038921	2	0	0	0	0	2
FBgn0038922	175	124	169	183	152	155
FBgn0019960	269	219	297	312	277	268
FBgn0038923	20	21	22	20	17	21
FBgn0038924	64	51	80	76	62	75
FBgn0038925	132	120	158	194	148	141
FBgn0019957	245	189	252	248	219	213
FBgn0038926	8	6	10	9	2	8
FBgn0038927	84	58	86	81	58	68
FBgn0266538	84	58	86	81	58	68
FBgn0266581	250	182	274	305	266	318
FBgn0038928	57	39	60	80	48	64
FBgn0264491	160	144	181	168	151	147
FBgn0259736	26	38	17	42	19	18
FBgn0051163	2	1	0	1	1	0
FBgn0038938	0	0	0	0	1	0
FBgn0038947	505	460	506	707	498	560
FBgn0038948	107	77	137	157	130	107
FBgn0083967	24	17	10	30	15	17
FBgn0260467	45	57	51	68	52	63
FBgn0038950	110	71	122	131	92	83
FBgn0038951	32	24	52	41	35	42
FBgn0267385	1453	1010	1231	1392	1129	1083
FBgn0038952	16	25	21	39	9	48
FBgn0038953	178	167	174	288	136	277
FBgn0083985	8	6	6	11	6	12
FBgn0263047	6	9	4	9	5	9
FBgn0263048	66	75	63	83	53	73
FBgn0038956	0	0	0	0	0	1
FBgn0038957	2	0	0	1	1	0
FBgn0038958	1	0	0	0	0	0
FBgn0038960	0	0	1	1	0	0
FBgn0038961	65	62	72	77	57	80
FBgn0261279	216	180	223	272	183	227
FBgn0038964	462	312	598	579	605	595
FBgn0038965	67	81	56	89	54	62
FBgn0038966	110	102	86	92	72	81
FBgn0038967	0	0	0	2	1	0
FBgn0038968	146	115	212	219	178	164
FBgn0085317	2	1	2	2	2	1
FBgn0085405	48	41	33	40	41	35
FBgn0028688	296	223	271	281	244	242
FBgn0263351	301	190	255	325	239	258
FBgn0038972	73	55	60	109	64	77
FBgn0038973	4	3	6	4	2	2
FBgn0038974	40	26	45	28	24	22
FBgn0038975	4	4	1	6	2	10
FBgn0038976	126	101	138	143	128	139
FBgn0038977	0	2	1	4	0	6
FBgn0003676	968	647	1063	1088	969	913
FBgn0038980	2	4	4	3	2	6
FBgn0038981	418	277	285	267	255	269
FBgn0053099	5	2	5	3	4	2
FBgn0038984	204	173	213	248	186	221
FBgn0038986	0	0	0	0	1	0
FBgn0053110	0	0	0	1	0	0
FBgn0028837	93	45	90	103	75	71
FBgn0024558	137	75	182	152	164	142
FBgn0053107	32	18	28	43	28	38
FBgn0038989	116	80	112	137	120	114
FBgn0014949	0	1	1	0	0	0
FBgn0051158	522	397	494	541	434	557
FBgn0051156	44	53	56	87	45	60
FBgn0038993	2	1	1	2	1	3
FBgn0051159	34	26	43	67	33	42
FBgn0051161	4	4	6	3	5	7
FBgn0263863	87	68	106	129	85	102
FBgn0020278	440	373	418	502	353	469
FBgn0266418	87	76	81	113	94	92
FBgn0046114	90	92	119	127	104	94
FBgn0039003	114	114	129	143	102	97
FBgn0039004	174	139	181	246	158	207
FBgn0263986	0	6	0	6	1	5
FBgn0039006	92	108	107	154	115	163
FBgn0039008	0	1	1	0	1	0
FBgn0039009	2	1	0	0	0	1
FBgn0039010	0	0	1	2	0	0
FBgn0051151	671	482	869	1006	713	981
FBgn0024958	190	141	189	252	143	187
FBgn0039013	50	33	54	56	34	34
FBgn0266409	130	104	134	159	117	139
FBgn0039015	0	0	0	0	1	2
FBgn0039016	179	141	184	230	191	201
FBgn0039017	36	34	30	40	30	26
FBgn0263143	76	62	84	118	72	92
FBgn0039019	54	45	63	66	45	41
FBgn0039020	14	24	26	25	14	26
FBgn0051139	1	0	4	0	0	6
FBgn0086253	136	104	151	163	125	125
FBgn0039025	59	47	42	69	60	82
FBgn0039026	550	471	501	645	462	547
FBgn0039022	11	15	10	25	8	11
FBgn0039023	6	14	19	22	13	12
FBgn0039024	12	5	10	17	16	11
FBgn0040588	0	0	2	0	1	6
FBgn0262537	2	1	0	2	0	1
FBgn0262538	0	3	1	3	1	2
FBgn0262539	0	1	1	3	0	0
FBgn0262541	0	0	0	1	1	0
FBgn0039028	1	0	0	0	0	0
FBgn0017590	1	0	0	0	0	0
FBgn0051281	0	1	0	0	0	0
FBgn0263390	1	4	4	7	3	2
FBgn0085404	1	0	1	2	0	1
FBgn0039039	0	0	0	0	1	0
FBgn0039043	2	0	0	0	0	1
FBgn0039044	97	76	89	114	83	86
FBgn0041225	10	7	8	25	10	10
FBgn0039045	408	301	336	361	335	416
FBgn0053193	59	40	56	74	51	54
FBgn0027526	58	36	62	75	46	50
FBgn0039048	1	1	0	1	0	2
FBgn0039054	0	2	1	7	0	1
FBgn0039049	74	60	55	53	48	37
FBgn0039050	4	3	4	2	1	3
FBgn0039051	26	17	15	17	18	10
FBgn0039052	1	1	0	2	0	0
FBgn0039053	0	0	0	0	0	1
FBgn0039055	168	154	205	234	164	202
FBgn0039056	393	378	404	579	314	434
FBgn0051365	100	101	117	150	126	152
FBgn0051457	26	23	41	35	22	31
FBgn0004644	2	3	0	2	1	1
FBgn0004395	168	159	146	181	143	162
FBgn0039058	7	8	5	6	3	3
FBgn0039059	6	6	3	7	5	8
FBgn0265042	257	180	257	241	226	232
FBgn0284226	122	85	99	122	91	104
FBgn0262975	221	219	245	321	215	298
FBgn0011596	3	2	3	5	4	10
FBgn0039064	4	1	6	7	3	2
FBgn0039065	60	37	49	72	60	71
FBgn0039066	184	147	169	237	166	224
FBgn0039067	76	59	77	84	54	54
FBgn0039068	14	14	16	23	12	17
FBgn0004882	13	13	12	19	14	15
FBgn0025781	54	49	68	64	35	48
FBgn0039069	1	2	6	5	3	1
FBgn0039070	2	0	1	1	3	1
FBgn0039071	3	1	3	5	8	8
FBgn0003118	1059	787	1064	1168	974	1195
FBgn0264326	431	373	507	559	479	500
FBgn0016119	443	288	501	505	438	457
FBgn0024509	460	310	551	488	420	378
FBgn0002622	6893	4803	7370	8206	6377	6867
FBgn0039073	54	40	53	59	61	63
FBgn0039075	2	0	1	1	3	0
FBgn0039078	0	0	0	1	0	0
FBgn0039080	1	0	0	0	0	0
FBgn0039084	0	0	0	0	1	0
FBgn0039085	0	0	0	0	0	1
FBgn0039094	1	0	1	3	0	0
FBgn0051145	5	1	1	4	2	4
FBgn0039098	93	111	116	145	87	83
FBgn0039099	1	4	2	7	2	2
FBgn0040227	834	665	882	1107	773	825
FBgn0039101	55	54	37	45	43	50
FBgn0042106	3	6	3	8	5	7
FBgn0039102	2	1	2	3	1	3
FBgn0027512	154	144	211	242	164	214
FBgn0039104	0	0	0	1	0	0
FBgn0043005	0	0	0	0	0	1
FBgn0039106	0	0	0	0	0	1
FBgn0039108	5	4	3	3	4	2
FBgn0039109	95	106	86	112	91	132
FBgn0028691	294	254	290	325	229	273
FBgn0263782	62	57	79	75	47	76
FBgn0039110	198	133	226	226	182	168
FBgn0028684	259	209	232	303	246	331
FBgn0028475	287	236	310	363	287	336
FBgn0039111	55	37	46	43	31	45
FBgn0039112	100	77	125	101	79	78
FBgn0039113	115	102	111	152	86	147
FBgn0039114	50	35	40	43	35	44
FBgn0039115	46	35	40	36	36	44
FBgn0039116	78	61	81	88	74	96
FBgn0039117	119	107	137	145	98	132
FBgn0039118	4	4	10	23	5	6
FBgn0039120	1081	977	1120	1416	1140	1321
FBgn0015513	857	839	808	1132	843	1215
FBgn0053111	55	55	75	95	61	62
FBgn0085384	12	20	29	49	30	42
FBgn0260634	323	227	360	411	349	401
FBgn0025574	73	51	50	71	52	64
FBgn0013347	152	122	115	155	102	134
FBgn0039124	1	1	1	1	0	2
FBgn0016754	150	140	145	183	138	162
FBgn0051141	0	0	1	2	0	1
FBgn0039125	190	155	223	254	239	216
FBgn0039126	100	78	64	132	69	81
FBgn0264740	8	7	12	8	5	5
FBgn0264741	4	7	3	8	4	4
FBgn0047114	33	32	46	59	36	58
FBgn0015282	457	303	506	514	424	426
FBgn0039128	25	13	23	18	17	23
FBgn0039129	10	9	7	7	8	14
FBgn0039130	608	437	528	610	486	538
FBgn0001098	104	83	56	63	66	64
FBgn0039131	1	1	2	1	0	1
FBgn0005674	781	691	915	1136	837	1015
FBgn0039132	131	156	148	223	122	212
FBgn0051140	42	38	31	31	21	41
FBgn0039135	158	124	128	175	113	153
FBgn0039136	263	164	271	309	205	221
FBgn0039137	92	86	121	142	80	126
FBgn0015795	414	362	416	555	378	424
FBgn0053108	14	10	8	11	4	6
FBgn0051184	116	106	136	133	86	110
FBgn0020647	614	507	504	677	514	575
FBgn0039139	55	51	65	57	49	59
FBgn0039140	169	147	182	214	155	179
FBgn0039141	126	102	135	162	88	104
FBgn0005649	473	366	536	590	428	465
FBgn0043455	46	50	49	55	37	42
FBgn0264325	44	29	39	45	28	26
FBgn0026576	156	114	156	182	138	150
FBgn0039145	12	15	6	14	9	10
FBgn0001230	74	59	51	87	64	73
FBgn0040283	290	242	344	398	319	370
FBgn0053100	146	123	121	142	125	147
FBgn0013343	231	221	245	301	217	274
FBgn0039147	1	0	0	0	1	2
FBgn0039149	18	15	24	22	12	17
FBgn0039150	88	76	79	108	64	72
FBgn0039152	1	1	1	3	2	5
FBgn0039153	41	40	47	43	37	49
FBgn0026317	207	121	218	196	176	167
FBgn0266673	64	62	63	88	58	89
FBgn0039154	1	0	2	2	1	0
FBgn0039155	376	304	276	380	255	305
FBgn0051133	24	9	17	24	12	8
FBgn0267339	42	47	38	49	15	36
FBgn0015765	79	71	75	84	59	92
FBgn0039156	119	104	99	149	85	128
FBgn0039157	124	120	175	218	128	177
FBgn0039158	43	33	32	44	25	35
FBgn0039159	35	20	25	34	25	37
FBgn0026598	82	54	68	104	85	93
FBgn0039160	209	142	186	241	177	190
FBgn0029503	75	43	74	75	52	64
FBgn0039163	124	108	107	144	94	142
FBgn0266282	156	149	164	190	163	255
FBgn0039165	53	55	58	66	36	56
FBgn0011725	133	144	163	161	158	152
FBgn0039167	59	50	73	56	53	59
FBgn0026257	30	36	28	38	31	35
FBgn0039169	115	88	121	103	110	105
FBgn0039170	5	1	5	10	6	3
FBgn0039172	295	302	344	386	338	366
FBgn0043884	2287	1795	2518	2665	2287	2509
FBgn0039175	224	148	242	248	206	210
FBgn0011225	401	297	261	411	257	306
FBgn0086365	1224	1015	1087	1286	865	1335
FBgn0019952	433	344	397	422	367	436
FBgn0286199	0	1	1	0	0	0
FBgn0039178	1	1	1	0	1	2
FBgn0263398	80	72	92	112	72	88
FBgn0039180	1	0	0	0	1	0
FBgn0259685	39	31	65	67	38	67
FBgn0028471	135	131	147	207	136	160
FBgn0011785	610	481	614	672	605	681
FBgn0039182	239	204	328	368	347	356
FBgn0039183	237	165	229	249	236	263
FBgn0039184	1	0	0	0	0	1
FBgn0011581	0	0	0	0	0	1
FBgn0039186	368	282	435	415	338	317
FBgn0039187	249	233	312	367	242	302
FBgn0039188	78	54	63	84	71	84
FBgn0039189	28	27	73	67	55	85
FBgn0053340	0	0	0	1	0	0
FBgn0053341	0	0	0	0	1	0
FBgn0039200	0	0	1	0	0	0
FBgn0000036	0	1	1	1	0	0
FBgn0004118	9	25	12	23	6	18
FBgn0039201	15	14	18	24	2	4
FBgn0003134	258	214	247	290	242	271
FBgn0039202	0	0	0	1	1	0
FBgn0039203	0	0	1	0	0	2
FBgn0039204	86	86	110	120	101	91
FBgn0039205	17	21	11	26	17	30
FBgn0262167	178	171	177	213	182	222
FBgn0039207	503	411	542	841	522	736
FBgn0266758	1457	1236	1154	1394	1092	1210
FBgn0039209	284	245	206	325	200	290
FBgn0039210	51	49	54	55	35	53
FBgn0263490	282	189	217	252	227	276
FBgn0039212	90	67	110	116	93	111
FBgn0039213	340	291	333	406	312	402
FBgn0046685	292	208	295	299	276	276
FBgn0262858	0	0	0	1	0	0
FBgn0039214	658	588	756	963	659	844
FBgn0000139	132	103	124	142	132	140
FBgn0051125	11	6	14	12	9	7
FBgn0039215	255	203	324	349	293	298
FBgn0051126	23	19	31	33	27	18
FBgn0020018	76	70	65	73	52	53
FBgn0003429	0	0	1	1	0	1
FBgn0039217	0	1	0	0	0	0
FBgn0039218	42	44	55	70	31	90
FBgn0039219	94	77	109	98	100	101
FBgn0004885	2	1	1	2	1	0
FBgn0003719	0	1	0	0	0	2
FBgn0000140	344	267	323	361	331	435
FBgn0015591	1	1	0	1	0	0
FBgn0040600	240	168	217	214	186	218
FBgn0259233	57	63	62	87	53	45
FBgn0039223	157	113	166	247	135	206
FBgn0039224	1	0	0	0	0	0
FBgn0039226	22	21	23	31	11	18
FBgn0039227	271	193	283	329	259	273
FBgn0027539	108	95	84	87	99	112
FBgn0039228	2	0	0	1	0	1
FBgn0083986	29	21	17	26	21	26
FBgn0027617	44	47	51	68	33	52
FBgn0039229	511	377	549	556	498	546
FBgn0045980	0	3	1	2	0	2
FBgn0051118	9	11	8	9	7	13
FBgn0051357	87	72	68	96	62	62
FBgn0262962	2	11	8	6	3	2
FBgn0039232	1	1	0	0	0	0
FBgn0013953	6	5	2	4	5	1
FBgn0039233	44	40	70	67	72	76
FBgn0039234	427	326	406	508	392	429
FBgn0051119	10	9	6	7	5	6
FBgn0051105	0	0	0	1	0	1
FBgn0015625	74	53	85	78	79	65
FBgn0039240	252	214	270	313	232	265
FBgn0039241	144	79	173	153	153	170
FBgn0043799	11	10	18	20	18	13
FBgn0051121	1	1	0	2	1	0
FBgn0039244	1	0	0	0	0	0
FBgn0040601	0	0	0	1	0	0
FBgn0265190	79	79	110	135	109	84
FBgn0265189	75	62	83	72	75	81
FBgn0039249	41	40	65	64	46	61
FBgn0039250	307	279	269	299	311	363
FBgn0039251	6	4	4	9	0	2
FBgn0039252	154	143	172	202	159	171
FBgn0020626	255	183	273	305	243	266
FBgn0029157	243	202	301	279	262	282
FBgn0039254	69	50	67	71	40	70
FBgn0285912	0	2	0	1	1	3
FBgn0039257	6	3	2	2	0	6
FBgn0039258	67	56	57	72	42	56
FBgn0039259	25	21	27	34	21	17
FBgn0015240	99	90	110	116	99	109
FBgn0039260	264	225	310	376	285	354
FBgn0039261	254	211	243	294	264	281
FBgn0051115	6	5	9	9	6	7
FBgn0045866	241	228	267	300	263	287
FBgn0259178	48	54	60	76	57	57
FBgn0039264	2	0	0	4	1	2
FBgn0039265	92	80	106	162	77	130
FBgn0039266	180	180	146	203	149	188
FBgn0051109	21	29	20	16	17	15
FBgn0051111	9	8	10	9	7	6
FBgn0266719	166	185	159	233	139	229
FBgn0039269	29	40	56	54	37	41
FBgn0039270	25	11	18	28	12	14
FBgn0011336	594	479	796	806	651	737
FBgn0039271	19	21	20	29	15	24
FBgn0039272	1	2	1	4	0	0
FBgn0039273	59	42	52	65	32	57
FBgn0039274	44	47	56	64	57	55
FBgn0053095	90	77	93	142	92	123
FBgn0053096	111	98	131	172	119	150
FBgn0266534	0	0	0	3	2	0
FBgn0054027	0	0	1	0	0	0
FBgn0039277	1	1	0	0	0	1
FBgn0051108	41	41	39	51	57	53
FBgn0051510	36	47	41	79	50	50
FBgn0046214	1268	873	1518	1524	1310	1168
FBgn0039280	24	23	22	28	20	26
FBgn0260229	24	23	22	28	20	26
FBgn0259152	122	99	115	180	124	158
FBgn0039282	1	1	3	6	1	5
FBgn0039283	0	0	0	0	0	1
FBgn0039286	0	0	0	0	1	0
FBgn0022800	12	10	3	6	4	15
FBgn0039290	97	96	121	128	95	102
FBgn0039291	20	26	23	16	19	18
FBgn0039293	123	117	123	147	112	141
FBgn0039294	4	12	7	11	0	6
FBgn0039296	122	92	127	177	126	151
FBgn0039297	0	1	0	0	1	0
FBgn0039299	0	1	0	0	0	0
FBgn0000158	2	1	2	3	2	2
FBgn0039300	2784	2093	2633	3065	2457	2363
FBgn0039301	64	36	82	96	57	62
FBgn0039302	1480	1317	1552	1933	1610	1822
FBgn0039303	311	266	356	426	318	381
FBgn0039304	157	140	151	194	125	162
FBgn0039305	27	20	35	34	32	24
FBgn0027090	236	163	268	274	264	280
FBgn0039306	97	100	113	125	105	118
FBgn0039307	0	0	0	0	0	1
FBgn0039308	0	0	1	0	0	0
FBgn0039312	0	0	1	0	0	0
FBgn0039313	2	0	0	1	0	0
FBgn0051300	0	1	0	1	0	1
FBgn0051104	0	0	0	1	1	1
FBgn0039315	0	0	0	1	1	4
FBgn0039316	2	0	0	0	0	2
FBgn0051098	43	44	45	42	33	34
FBgn0051102	1	1	0	0	0	0
FBgn0051097	0	0	0	0	0	1
FBgn0051288	0	0	1	0	1	1
FBgn0039319	1	0	1	1	0	0
FBgn0051370	43	38	49	55	38	62
FBgn0051436	12	9	14	16	12	20
FBgn0039321	11	7	14	23	3	20
FBgn0051099	0	0	0	1	0	0
FBgn0051087	0	0	0	1	0	0
FBgn0039323	0	1	0	0	0	0
FBgn0039325	0	1	0	1	0	0
FBgn0045761	92	97	108	129	107	145
FBgn0039328	45	42	37	80	38	65
FBgn0039329	29	12	24	34	19	16
FBgn0028647	38	49	47	62	41	39
FBgn0261575	1	2	2	0	2	2
FBgn0004509	200	209	154	193	186	212
FBgn0039331	2	0	0	0	0	0
FBgn0039332	1	0	0	0	0	0
FBgn0051439	2	1	1	2	0	0
FBgn0039335	49	39	44	72	38	35
FBgn0039336	27	18	24	40	32	31
FBgn0039337	50	40	46	43	36	44
FBgn0039338	640	535	670	725	673	697
FBgn0039339	45	32	39	49	46	45
FBgn0259991	19	19	27	28	22	21
FBgn0040212	91	86	94	109	87	102
FBgn0039341	190	149	218	280	193	251
FBgn0053494	217	208	210	283	179	256
FBgn0039343	0	0	1	0	0	0
FBgn0011666	175	137	177	175	152	172
FBgn0039344	1	1	1	1	1	1
FBgn0261287	4	1	1	2	2	1
FBgn0039348	212	158	193	210	182	227
FBgn0039346	1	1	1	1	0	1
FBgn0039347	9	11	15	11	12	19
FBgn0039349	82	66	71	99	48	62
FBgn0039350	90	69	63	81	58	73
FBgn0027508	171	112	171	211	146	174
FBgn0261986	79	68	85	123	114	130
FBgn0039354	8	6	10	13	6	12
FBgn0039355	15	16	16	16	12	27
FBgn0039356	12	12	13	12	6	15
FBgn0039357	24	33	40	35	24	29
FBgn0039358	229	180	281	263	181	219
FBgn0039359	3444	2751	3658	4327	3360	3558
FBgn0039360	111	102	113	116	98	117
FBgn0051092	105	92	81	152	86	133
FBgn0066101	0	0	0	0	1	0
FBgn0039373	0	0	1	1	0	0
FBgn0011273	0	0	1	1	0	1
FBgn0039374	0	0	1	1	0	0
FBgn0011670	0	1	1	2	0	0
FBgn0039378	0	0	2	2	0	1
FBgn0040602	60	51	61	88	48	93
FBgn0039379	136	114	138	180	120	151
FBgn0039380	1	0	1	0	0	0
FBgn0027865	108	100	88	126	90	124
FBgn0039381	148	122	150	178	130	159
FBgn0028717	273	238	271	287	213	313
FBgn0039385	115	108	118	177	125	151
FBgn0039386	3	1	2	3	4	1
FBgn0039387	3	1	0	3	5	4
FBgn0051091	0	1	0	0	0	0
FBgn0051089	0	0	0	0	1	0
FBgn0250757	3	1	5	2	2	3
FBgn0259146	0	0	0	0	1	0
FBgn0015269	275	291	253	355	248	382
FBgn0262576	0	1	0	2	3	2
FBgn0002734	1	0	0	0	0	2
FBgn0002735	3	0	0	1	0	0
FBgn0002733	82	63	80	71	84	87
FBgn0002732	0	1	2	1	0	1
FBgn0002578	0	0	1	0	0	0
FBgn0002592	0	0	1	1	1	1
FBgn0002609	10	15	4	19	18	8
FBgn0002633	0	1	0	0	0	0
FBgn0001139	830	567	840	883	776	823
FBgn0266668	214	232	229	271	197	214
FBgn0039402	273	219	287	323	243	306
FBgn0028833	249	243	251	309	222	265
FBgn0039403	50	33	40	45	58	43
FBgn0039404	58	41	56	64	55	64
FBgn0039405	26	37	34	32	26	36
FBgn0260224	26	37	34	32	26	36
FBgn0039406	557	449	685	760	644	613
FBgn0039407	42	20	65	32	50	43
FBgn0039408	0	1	0	1	1	0
FBgn0039411	0	0	0	0	0	1
FBgn0051324	212	170	227	258	170	213
FBgn0039413	3	3	2	2	0	2
FBgn0039415	14	18	10	12	9	19
FBgn0051323	0	0	1	1	1	6
FBgn0051086	1	1	0	0	0	1
FBgn0039417	74	50	88	76	98	109
FBgn0039419	411	343	359	366	324	331
FBgn0000064	1616	1261	1687	2043	1471	1855
FBgn0039420	2	6	1	7	1	2
FBgn0053970	4	4	4	1	4	4
FBgn0039421	0	0	1	0	0	0
FBgn0039424	0	1	1	0	0	0
FBgn0039425	0	0	1	1	0	0
FBgn0288888	19	17	12	24	14	19
FBgn0042711	0	0	0	0	0	1
FBgn0039427	123	115	126	167	84	153
FBgn0262577	5	4	1	4	4	6
FBgn0023178	0	0	2	2	1	2
FBgn0039428	0	0	0	1	0	0
FBgn0039429	0	1	1	3	0	1
FBgn0039430	32	36	44	62	43	55
FBgn0039431	458	419	430	581	422	538
FBgn0263289	1096	878	1042	1141	979	1136
FBgn0051081	0	0	0	0	0	1
FBgn0039448	0	0	1	0	0	0
FBgn0023179	0	0	0	0	1	0
FBgn0039449	43	43	48	38	30	32
FBgn0288631	261	210	302	266	243	271
FBgn0039451	306	200	332	321	253	273
FBgn0039453	1	0	0	0	0	0
FBgn0039454	3	3	5	2	3	0
FBgn0262473	699	584	763	774	753	724
FBgn0051072	168	177	136	204	132	170
FBgn0039459	42	33	53	32	31	24
FBgn0027889	242	192	265	285	265	279
FBgn0001197	1072	805	1047	1191	1014	1171
FBgn0026562	6389	4057	5438	5165	4913	5024
FBgn0004903	200	163	206	221	210	177
FBgn0039461	43	34	45	50	24	39
FBgn0003267	2	4	0	0	1	1
FBgn0004359	13	9	12	8	6	3
FBgn0004510	123	83	150	143	135	153
FBgn0285963	175	191	141	198	148	216
FBgn0039462	11	20	18	28	13	27
FBgn0039464	55	59	58	119	65	100
FBgn0039465	99	94	138	158	98	125
FBgn0039466	400	309	420	488	371	409
FBgn0039467	909	804	676	697	641	673
FBgn0284229	20	13	0	0	0	0
FBgn0051075	659	521	784	808	645	734
FBgn0039470	1	0	0	1	0	0
FBgn0039471	0	0	0	0	1	0
FBgn0039474	1	0	0	0	0	0
FBgn0039478	11	21	16	16	17	22
FBgn0085321	0	0	1	0	0	1
FBgn0003495	693	562	613	788	544	762
FBgn0264563	2	1	0	0	0	1
FBgn0039479	15	10	15	20	16	19
FBgn0039480	1	0	1	0	0	0
FBgn0243514	647	665	692	853	708	737
FBgn0039485	0	0	2	3	1	2
FBgn0039486	0	1	0	0	0	0
FBgn0039487	271	173	254	219	235	232
FBgn0027574	88	83	91	151	97	95
FBgn0039488	64	61	89	96	68	83
FBgn0039489	32	33	32	43	39	22
FBgn0039490	1	2	5	3	0	0
FBgn0039491	0	1	0	1	2	1
FBgn0039492	298	243	306	308	257	361
FBgn0029155	613	485	590	556	464	511
FBgn0039494	288	236	227	280	175	171
FBgn0039495	2	0	0	0	0	0
FBgn0051065	0	1	1	0	0	0
FBgn0085322	6	3	16	10	1	6
FBgn0003482	14	8	14	10	3	6
FBgn0004197	243	159	176	212	182	262
FBgn0261995	138	81	143	145	100	105
FBgn0261996	1	3	3	1	1	3
FBgn0051064	201	123	154	203	121	135
FBgn0051068	13	7	17	23	8	8
FBgn0005696	156	120	169	152	166	147
FBgn0039498	0	0	2	3	1	3
FBgn0042111	167	156	169	195	156	210
FBgn0039500	3	4	5	11	1	2
FBgn0039501	25	16	47	50	41	27
FBgn0011289	406	298	419	449	342	432
FBgn0010441	214	171	236	258	207	224
FBgn0010328	1471	1077	1512	1584	1454	1660
FBgn0039503	4	6	13	17	12	9
FBgn0039504	9	10	14	12	7	8
FBgn0002441	425	319	540	598	517	528
FBgn0039505	91	62	93	86	59	70
FBgn0046247	125	118	119	156	99	139
FBgn0039507	239	165	234	294	207	263
FBgn0039508	402	354	388	500	333	385
FBgn0039509	85	65	78	69	66	106
FBgn0015737	786	590	876	950	827	762
FBgn0040609	116	90	121	173	81	91
FBgn0039510	18	17	5	40	14	19
FBgn0016061	0	0	2	2	0	1
FBgn0004387	398	349	373	462	392	449
FBgn0039525	52	56	60	89	28	73
FBgn0027492	1132	1078	1020	1308	1086	1433
FBgn0040080	399	282	400	451	388	368
FBgn0039527	7	5	5	5	7	10
FBgn0039528	701	548	631	695	540	656
FBgn0039530	28	34	26	41	23	49
FBgn0039529	0	0	0	0	2	0
FBgn0039531	50	51	49	49	42	49
FBgn0039532	118	78	109	138	100	132
FBgn0266579	1	0	1	0	2	1
FBgn0002772	0	1	0	0	0	0
FBgn0039536	3	0	0	1	0	1
FBgn0039537	234	137	238	243	180	197
FBgn0039538	27	44	27	41	29	36
FBgn0003330	142	92	141	146	98	111
FBgn0051055	0	0	0	1	0	0
FBgn0046258	1	1	1	1	0	0
FBgn0263025	28	22	22	30	16	25
FBgn0086346	618	552	697	876	655	842
FBgn0045862	184	156	209	225	184	172
FBgn0039543	81	79	113	100	58	83
FBgn0039544	187	158	177	225	171	211
FBgn0085382	0	0	0	0	0	1
FBgn0039554	145	101	147	154	127	123
FBgn0039555	225	187	236	295	240	257
FBgn0053213	42	36	41	49	27	34
FBgn0039557	73	62	89	90	49	48
FBgn0039558	75	47	81	83	63	52
FBgn0003279	10493	6779	12013	11521	9530	8084
FBgn0027579	372	356	328	563	308	421
FBgn0051053	1	5	2	7	5	1
FBgn0039559	550	456	559	634	495	569
FBgn0039560	252	197	279	377	255	289
FBgn0039561	314	259	343	466	284	401
FBgn0039562	2652	2073	3169	3994	2805	3234
FBgn0039563	154	123	185	180	160	165
FBgn0039564	16	18	23	17	2	1
FBgn0039565	62	62	88	89	60	67
FBgn0259990	30	27	44	55	38	34
FBgn0051253	0	0	1	0	0	0
FBgn0051054	3	11	1	8	2	14
FBgn0267108	5	0	0	0	0	3
FBgn0051131	0	0	1	0	0	0
FBgn0039566	265	219	278	264	242	237
FBgn0003890	829	550	812	798	722	628
FBgn0085391	1	0	0	0	0	0
FBgn0085383	0	0	0	0	1	1
FBgn0262588	26	27	60	67	59	72
FBgn0262587	69	52	167	192	127	159
FBgn0085465	12	5	14	9	7	16
FBgn0085466	67	54	129	160	114	151
FBgn0002865	0	0	0	0	0	1
FBgn0004171	0	0	1	0	0	0
FBgn0261618	1861	1822	2128	2896	1982	2254
FBgn0039580	448	368	506	509	409	407
FBgn0039581	618	467	701	800	604	728
FBgn0039584	0	0	0	0	0	1
FBgn0039585	0	0	0	0	1	0
FBgn0013813	4	2	7	10	3	2
FBgn0051051	1	2	4	10	5	4
FBgn0003137	516	338	818	921	762	1123
FBgn0039588	43	30	43	29	21	10
FBgn0000659	0	0	0	2	0	1
FBgn0026400	139	107	145	152	130	156
FBgn0001215	1050	845	1044	1152	960	1183
FBgn0039589	70	48	81	89	43	79
FBgn0039590	261	176	260	269	212	266
FBgn0039591	0	1	0	0	0	0
FBgn0039592	0	1	0	0	0	0
FBgn0053346	1	3	2	0	0	1
FBgn0039593	21	12	9	14	12	6
FBgn0039594	3	6	1	3	1	2
FBgn0027655	682	577	740	850	535	686
FBgn0039596	0	1	0	0	0	0
FBgn0005642	161	131	169	218	170	185
FBgn0039600	441	340	491	558	460	566
FBgn0039601	133	104	144	140	117	110
FBgn0039602	100	80	86	127	93	111
FBgn0024273	324	236	287	320	258	287
FBgn0015589	659	571	628	717	590	615
FBgn0264324	200	169	174	170	155	207
FBgn0265274	2	1	3	5	6	6
FBgn0053203	2	2	3	9	4	3
FBgn0039609	0	1	0	1	1	1
FBgn0039611	1	1	1	0	0	1
FBgn0039612	324	273	428	484	402	372
FBgn0039613	323	313	424	544	462	537
FBgn0027578	347	318	344	482	334	410
FBgn0265998	1082	851	1242	1464	1071	1371
FBgn0039616	0	0	0	3	1	3
FBgn0039620	4	9	4	4	7	7
FBgn0039621	0	2	2	0	0	1
FBgn0039622	29	26	45	40	29	32
FBgn0039623	226	189	216	287	199	287
FBgn0041780	0	0	0	0	0	2
FBgn0039625	99	78	101	125	61	92
FBgn0027873	143	112	151	199	116	140
FBgn0039626	126	109	121	119	103	113
FBgn0003093	327	261	353	374	329	405
FBgn0039627	61	44	78	91	74	84
FBgn0039628	0	0	0	0	0	2
FBgn0039629	1	1	1	4	0	1
FBgn0039630	8	5	4	4	3	1
FBgn0039631	24	28	32	35	34	31
FBgn0288875	225	188	207	236	175	236
FBgn0039633	557	449	604	745	570	765
FBgn0039634	230	190	269	342	217	267
FBgn0039635	447	276	393	409	339	327
FBgn0039636	166	124	155	204	136	155
FBgn0005596	212	233	258	293	220	278
FBgn0039637	704	615	631	807	595	696
FBgn0039638	165	135	173	194	154	195
FBgn0028671	615	513	561	697	486	665
FBgn0039639	9	3	6	11	7	10
FBgn0039640	8	10	4	7	6	4
FBgn0039641	31	29	40	34	20	33
FBgn0039642	25	24	42	48	34	38
FBgn0014869	312	259	342	397	301	346
FBgn0041588	136	128	150	217	125	135
FBgn0041186	220	138	175	212	214	167
FBgn0028692	976	766	1032	1075	864	1022
FBgn0039644	196	189	193	371	136	280
FBgn0039645	0	0	0	0	0	2
FBgn0039647	1	0	2	1	0	3
FBgn0014427	19	14	26	35	5	18
FBgn0039650	17	13	11	16	4	8
FBgn0039651	5	2	3	6	2	0
FBgn0029176	4839	3546	5819	5982	5011	4899
FBgn0062442	239	176	222	266	200	210
FBgn0039654	116	70	127	144	92	103
FBgn0039655	1	3	4	2	1	1
FBgn0028476	210	200	255	306	225	287
FBgn0039656	0	1	0	0	0	1
FBgn0051427	0	0	1	0	0	0
FBgn0051445	6	5	0	6	2	3
FBgn0263236	6	0	3	1	0	2
FBgn0003525	326	193	532	367	482	356
FBgn0039659	0	1	1	1	1	1
FBgn0015622	1116	912	1195	1576	1162	1151
FBgn0004369	163	138	123	188	145	178
FBgn0039663	70	53	71	76	68	64
FBgn0039664	112	77	99	150	108	120
FBgn0040623	199	144	200	241	193	193
FBgn0039665	383	266	406	381	354	281
FBgn0039667	1	4	2	4	0	1
FBgn0039668	444	373	539	603	367	518
FBgn0000492	0	0	0	0	1	0
FBgn0051041	0	1	0	0	0	0
FBgn0086361	589	457	638	686	594	654
FBgn0039673	7	8	8	11	6	5
FBgn0039674	163	148	147	175	107	136
FBgn0266137	2	0	0	0	0	0
FBgn0039676	1	0	0	0	0	0
FBgn0039678	1	2	1	1	0	0
FBgn0039679	1	6	6	6	3	12
FBgn0025457	360	242	385	352	358	385
FBgn0039680	381	290	359	404	398	462
FBgn0013972	0	1	0	0	0	0
FBgn0039682	13	13	10	4	4	5
FBgn0039683	2	0	2	0	2	2
FBgn0039685	0	1	0	1	0	1
FBgn0039686	0	1	0	1	1	0
FBgn0024841	170	148	168	220	144	177
FBgn0039687	138	121	146	112	110	158
FBgn0042213	57	67	72	83	51	76
FBgn0039688	5	7	2	3	5	8
FBgn0027583	160	143	153	190	131	186
FBgn0039689	84	68	93	101	50	56
FBgn0039690	50	52	61	71	45	57
FBgn0027518	222	184	210	227	207	212
FBgn0039691	525	442	532	618	434	508
FBgn0020235	1795	1330	1949	1906	1724	1603
FBgn0260990	743	663	781	1016	724	925
FBgn0001297	2127	1540	2251	2485	1989	2467
FBgn0039694	21	8	23	21	12	11
FBgn0262112	9	15	8	11	8	23
FBgn0039696	155	128	173	183	165	177
FBgn0019972	282	258	314	369	297	300
FBgn0039697	557	393	642	680	490	486
FBgn0039698	114	95	133	148	82	86
FBgn0002924	1131	812	1156	997	1238	1115
FBgn0000247	765	611	786	974	690	853
FBgn0039702	111	93	109	126	121	105
FBgn0039703	4	1	3	5	1	6
FBgn0039704	3	4	3	2	2	0
FBgn0039705	309	247	298	353	222	246
FBgn0260969	0	0	0	2	0	0
FBgn0039707	1	0	0	1	2	0
FBgn0039709	0	0	1	1	1	4
FBgn0039710	212	135	221	249	179	203
FBgn0039711	47	79	98	101	70	72
FBgn0051032	16	16	15	29	10	15
FBgn0039712	190	166	227	235	143	200
FBgn0039713	18144	11850	19246	19846	15997	14706
FBgn0039714	543	460	680	726	503	726
FBgn0083969	393	393	434	512	346	524
FBgn0051038	68	73	57	73	65	71
FBgn0051036	0	1	0	0	0	0
FBgn0003357	0	0	0	1	0	0
FBgn0003358	1	0	2	1	0	1
FBgn0051202	1	1	0	0	1	2
FBgn0051040	96	70	102	103	84	95
FBgn0260759	28	32	33	48	29	36
FBgn0260760	28	32	33	48	29	36
FBgn0039726	58	34	55	76	45	82
FBgn0039727	216	178	214	324	172	250
FBgn0004622	1	0	0	0	0	0
FBgn0039728	1	0	0	0	1	0
FBgn0000032	167	136	161	191	161	165
FBgn0039730	119	119	92	129	70	111
FBgn0039731	32	25	31	43	28	34
FBgn0039732	22	30	20	30	29	23
FBgn0039733	140	103	121	139	105	96
FBgn0039734	5	3	3	8	3	7
FBgn0039735	454	371	539	592	528	713
FBgn0016685	707	532	836	889	837	830
FBgn0039736	14	6	16	14	7	9
FBgn0039737	983	740	808	917	768	902
FBgn0039738	116	105	99	128	94	125
FBgn0026597	371	358	409	499	338	481
FBgn0039740	74	60	99	89	60	58
FBgn0001281	4	3	0	0	0	1
FBgn0001280	134	108	162	189	142	152
FBgn0003510	10	9	30	23	24	29
FBgn0003511	75	55	80	79	69	70
FBgn0003512	154	117	179	182	154	170
FBgn0002626	8624	6260	7969	8736	7270	7662
FBgn0039741	106	65	98	91	85	104
FBgn0039742	1	1	0	1	2	5
FBgn0039743	297	253	335	335	288	333
FBgn0003479	109	82	113	133	98	127
FBgn0039744	0	0	0	3	1	2
FBgn0085346	94	65	89	68	82	38
FBgn0260468	94	81	118	143	82	118
FBgn0266411	533	530	495	739	448	666
FBgn0266442	0	0	0	0	0	2
FBgn0266443	0	0	0	1	0	1
FBgn0051025	3	1	0	1	6	2
FBgn0051029	20	10	18	21	10	27
FBgn0086355	1287	964	1069	1390	889	1150
FBgn0039747	4	0	1	1	1	0
FBgn0039749	0	1	0	0	0	0
FBgn0051030	0	1	0	0	0	1
FBgn0051028	0	0	0	0	1	0
FBgn0002773	6	2	4	6	8	3
FBgn0039751	53	51	49	52	44	32
FBgn0260860	53	22	52	59	32	39
FBgn0039754	4	1	0	0	0	0
FBgn0039755	3	1	1	2	1	2
FBgn0039756	201	146	177	213	186	173
FBgn0039757	10183	7085	10777	11526	8906	9134
FBgn0000094	3	3	3	6	1	2
FBgn0000276	13	6	5	7	7	7
FBgn0000277	3	2	4	3	1	5
FBgn0000278	9	3	6	10	2	2
FBgn0000279	4	2	4	0	1	1
FBgn0039758	1	0	0	0	0	0
FBgn0039759	1	0	1	0	0	0
FBgn0039760	0	1	0	1	0	1
FBgn0010113	802	651	773	832	790	761
FBgn0085329	0	2	0	2	0	1
FBgn0015222	1649	1277	1368	1708	1365	1709
FBgn0015221	18	10	5	12	9	5
FBgn0027544	9	0	2	4	6	9
FBgn0261704	2	0	1	0	2	3
FBgn0039764	34	30	23	36	18	31
FBgn0039765	29	19	33	23	24	21
FBgn0039766	10	8	11	13	10	11
FBgn0039767	232	199	300	306	265	290
FBgn0039770	0	0	1	0	0	0
FBgn0039771	1	1	0	0	0	2
FBgn0028646	177	179	184	214	170	180
FBgn0039773	56	59	50	67	44	68
FBgn0039774	63	86	93	100	93	82
FBgn0039776	639	528	577	855	598	610
FBgn0260440	5	5	4	6	9	16
FBgn0039779	0	0	0	0	1	0
FBgn0026190	0	0	0	0	1	1
FBgn0051371	0	0	0	0	1	0
FBgn0039783	0	0	0	1	1	1
FBgn0051524	1	0	0	0	0	0
FBgn0039784	0	0	0	2	0	0
FBgn0027654	20	13	28	50	22	33
FBgn0082582	239	159	195	243	198	255
FBgn0039787	0	0	0	1	1	1
FBgn0039788	39	31	41	35	29	54
FBgn0039789	43	31	38	59	42	32
FBgn0039790	173	149	188	183	153	193
FBgn0051019	6	1	16	13	13	8
FBgn0051017	1	1	0	1	0	1
FBgn0051015	1	0	0	0	0	0
FBgn0039795	0	1	0	1	0	0
FBgn0039796	0	1	0	0	0	0
FBgn0000274	1	0	0	0	0	0
FBgn0039797	27	15	23	17	25	21
FBgn0039798	2	5	5	8	4	8
FBgn0039799	3	3	0	4	0	0
FBgn0039800	20	13	8	5	10	9
FBgn0039801	12	7	6	7	13	12
FBgn0004606	1940	1509	1909	1951	1770	1736
FBgn0011739	398	338	460	470	389	464
FBgn0039802	270	176	308	306	206	187
FBgn0027598	1400	1274	1396	1524	1336	1565
FBgn0039804	21	21	7	26	13	24
FBgn0039806	0	2	0	0	0	0
FBgn0039807	0	1	0	2	0	2
FBgn0039808	6	7	6	8	5	10
FBgn0039809	50	48	58	96	54	58
FBgn0000416	7188	6545	6199	7283	6024	6210
FBgn0004573	1	0	1	0	2	0
FBgn0053773	0	0	0	1	0	0
FBgn0010015	2	2	3	4	2	3
FBgn0053920	0	1	0	1	0	0
FBgn0016123	34	28	32	40	22	30
FBgn0010808	167	143	181	182	135	159
FBgn0002413	686	535	673	752	621	711
FBgn0024288	3	3	3	5	2	1
FBgn0039818	2	1	0	1	2	0
FBgn0039821	1	0	0	0	0	0
FBgn0013973	0	0	1	1	0	0
FBgn0086704	2	3	2	2	4	0
FBgn0051004	1	1	0	5	2	4
FBgn0039827	209	147	212	258	209	191
FBgn0267435	20	12	20	30	27	18
FBgn0061476	162	113	140	155	117	129
FBgn0039828	253	160	287	259	233	282
FBgn0039829	35	23	35	39	28	44
FBgn0039830	2271	1834	2650	2487	2384	2393
FBgn0039831	316	322	333	489	361	417
FBgn0039832	0	1	1	1	1	1
FBgn0039833	4	0	0	2	2	3
FBgn0051005	69	44	60	64	36	46
FBgn0039835	32	44	43	57	41	36
FBgn0039836	8	11	12	18	2	14
FBgn0086362	61	72	73	85	70	60
FBgn0039838	0	1	0	1	0	0
FBgn0085376	7	7	9	5	7	19
FBgn0039844	293	304	218	310	203	412
FBgn0051002	1	0	0	0	0	1
FBgn0019990	386	350	437	496	364	442
FBgn0039846	122	97	143	149	98	114
FBgn0261988	339	305	244	317	248	321
FBgn0039848	3	5	7	6	1	1
FBgn0039849	228	171	252	270	190	217
FBgn0039852	0	0	0	0	0	5
FBgn0028968	702	551	725	806	620	733
FBgn0043900	191	139	241	214	174	176
FBgn0003268	707	658	629	806	698	803
FBgn0039854	68	40	58	71	35	43
FBgn0039855	6	1	7	6	4	1
FBgn0039856	5	2	5	4	3	6
FBgn0039857	5966	4719	6676	7216	5826	5582
FBgn0039858	3627	3196	3466	4631	3172	3895
FBgn0288966	290	248	302	324	270	307
FBgn0039859	15	15	22	20	10	4
FBgn0039860	62	48	54	61	31	54
FBgn0039861	79	73	122	136	106	105
FBgn0039862	22	14	20	22	11	22
FBgn0039863	505	401	533	611	478	608
FBgn0003870	292	277	373	410	325	374
FBgn0039867	94	61	119	96	89	96
FBgn0039868	112	76	117	127	119	121
FBgn0000557	4	4	8	3	2	2
FBgn0039869	398	334	415	520	415	442
FBgn0039870	73	69	95	94	68	76
FBgn0000150	1934	1239	2649	2205	2028	1613
FBgn0261479	119	90	156	145	134	134
FBgn0022349	1242	989	1082	1173	1125	1286
FBgn0039872	3	1	1	2	3	0
FBgn0017448	1	1	0	4	1	1
FBgn0039873	1	0	0	1	2	0
FBgn0270927	215	198	245	312	206	255
FBgn0039875	415	340	425	501	374	435
FBgn0039876	55	62	63	83	54	64
FBgn0005632	2147	1964	2335	2934	2085	2898
FBgn0039877	157	141	182	209	164	185
FBgn0027620	501	406	502	559	586	687
FBgn0250755	56	59	57	52	31	48
FBgn0039879	3	0	1	0	1	2
FBgn0039881	22	19	28	36	22	12
FBgn0039882	74	64	67	91	59	63
FBgn0266268	435	338	451	599	334	566
FBgn0039883	36	27	51	64	53	59
FBgn0011224	174	172	227	224	247	264
FBgn0039886	295	232	281	253	305	258
FBgn0039887	2	1	2	0	0	2
FBgn0040206	277	232	285	319	235	310
FBgn0002780	975	876	1318	1546	1284	1538
FBgn0002645	1201	1121	1163	1527	1214	1266
