flybase_gene_id	gene_name	chromosome	start	end	gene_length
FBgn0025836	RhoGAP1A	X	127449	140340	6068
FBgn0284435	tyn	X	140318	200663	5691
FBgn0025835	CG17707	X	142731	148426	3791
FBgn0040373	CG3038	X	243954	245856	1838
FBgn0040372	G9a	X	245978	254650	7235
FBgn0259722	CG42376	X	254876	255524	649
FBgn0000316	cin	X	255674	258469	2110
FBgn0261446	CG13377	X	258335	263999	1605
FBgn0029518	CG13376	X	265724	267028	1196
FBgn0005427	ewg	X	268509	279718	6973
FBgn0024989	CG3777	X	279703	350504	4316
FBgn0040370	CG13375	X	283186	294962	4896
FBgn0040371	CG12470	X	307684	308935	1055
FBgn0029521	Or1a	X	315123	316566	1188
FBgn0052816	CG32816	X	316576	470726	2406
FBgn0262810	CG43181	X	350566	351133	568
FBgn0004034	y	X	356509	361245	2038
FBgn0010019	Cyp4g1	X	467057	469335	2279
FBgn0266572	ebo	X	471019	476579	4181
FBgn0029523	CR18275	X	476857	479309	2309
FBgn0029522	CG13373	X	476984	478191	1051
FBgn0052817	CG32817	X	479066	480166	885
FBgn0029526	CR18166	X	479864	481826	1861
FBgn0029524	CG3176	X	481862	482768	787
FBgn0029525	CG18273	X	482777	487581	4342
FBgn0023536	CG3156	X	487878	490725	2345
FBgn0023537	CG17896	X	490787	493495	2231
FBgn0023534	CG17778	X	494614	496369	1344
FBgn0004648	svr	X	496446	509072	8583
FBgn0260400	elav	X	509235	523226	10715
FBgn0023535	arg	X	509435	528028	1243
FBgn0024983	CG4293	X	527941	530291	2077
FBgn0000108	Appl	X	530501	579044	6383
FBgn0261930	vnd	X	582121	598151	4322
FBgn0025633	spdi	X	585081	620195	5538
FBgn0029529	CG13365	X	620717	621215	499
FBgn0016038	Vsp37A	X	621530	623051	1379
FBgn0025640	CG13369	X	623468	624765	1175
FBgn0026879	CG13364	X	624757	625203	387
FBgn0025635	Hinfp	X	625542	628016	2256
FBgn0002579	RpL36	X	628338	629483	686
FBgn0001341	Mybbp1A	X	629773	633633	3680
FBgn0020381	Dredd	X	633622	635545	1708
FBgn0003575	su(sable)	X	635890	643760	5047
FBgn0266102	CR44839	X	644226	644616	391
FBgn0025634	CG13367	X	644761	646386	1550
FBgn0025638	Roc1a	X	647304	648597	1229
FBgn0025639	Hmt4-20	X	648483	656033	6211
FBgn0025637	SkpA	X	656114	657899	1786
FBgn0021764	sdk	X	686834	749496	9565
FBgn0029531	CG13362	X	749241	751301	1686
FBgn0040383	CG5254	X	750347	758719	1683
FBgn0029532	CG13361	X	752011	753653	1565
FBgn0040382	CG5273	X	759594	761939	2193
FBgn0015288	RpL22	X	762560	765130	1100
FBgn0027343	fz3	X	769945	784222	3727
FBgn0086368	tw	X	784746	788215	2840
FBgn0025620	CG13360	X	787855	790089	1603
FBgn0025621	CG16989	X	793147	797061	3915
FBgn0015799	Rbf	X	797090	801479	3619
FBgn0025616	CG13359	X	801669	803470	1802
FBgn0026874	CG13358	X	803424	804921	1427
FBgn0260855	Sec22	X	806076	808200	1749
FBgn0264449	CG43867	X	808217	927975	10174
FBgn0040892	CG14634	X	862608	863200	516
FBgn0040341	CG11664	X	875732	876612	881
FBgn0040344	Lztr1	X	922889	927582	4335
FBgn0040339	MED22	X	928139	928860	602
FBgn0040345	CG3708	X	928798	930098	1301
FBgn0040342	CG3706	X	930931	932475	1545
FBgn0052815	CG32815	X	932466	939424	3540
FBgn0040340	TRAM	X	935232	937822	2503
FBgn0040346	CG3704	X	939170	940805	1515
FBgn0040347	mus81	X	941075	943229	2155
FBgn0040348	CG3703	X	942474	945773	2496
FBgn0003638	su(w[a])	X	1012779	1046040	5658
FBgn0040351	CG11638	X	1013984	1026703	2462
FBgn0052814	CG32814	X	1019795	1026700	1664
FBgn0040337	CG3021	X	1026791	1028290	1412
FBgn0026143	Cdc45	X	1028291	1030556	2214
FBgn0053082	Rpp21	X	1030758	1033119	2303
FBgn0014903	CG14630	X	1031496	1033165	1358
FBgn0266569	CG42259	X	1046224	1047009	711
FBgn0040398	CG14629	X	1051525	1052631	1107
FBgn0040397	CG3655	X	1073041	1134896	6593
FBgn0040365	CG14628	X	1145644	1146132	489
FBgn0040364	CG11378	X	1170828	1173797	2755
FBgn0040360	CG14626	X	1184778	1188585	1413
FBgn0040359	CG11380	X	1191308	1196660	2801
FBgn0040358	CG14625	X	1199546	1203157	2579
FBgn0029568	CG11381	X	1203777	1205433	1603
FBgn0040357	CG14624	X	1206737	1207555	819
FBgn0040367	CG11382	X	1209970	1211853	1884
FBgn0040366	CG11398	X	1211989	1215156	3018
FBgn0261444	CG3638	X	1215289	1236684	9056
FBgn0026876	CG11403	X	1236873	1239884	2890
FBgn0028550	Atf3	X	1242740	1275284	7025
FBgn0025642	CG32812	X	1287290	1288945	1625
FBgn0025641	DAAM	X	1289713	1322362	6227
FBgn0052811	CG32811	X	1297984	1298387	404
FBgn0004650	fs(1)N	X	1322513	1329438	6581
FBgn0024366	CG11409	X	1329518	1341587	4720
FBgn0024362	Naa30A	X	1342106	1344770	2347
FBgn0024360	MTPAP	X	1344872	1349357	2444
FBgn0024361	Tsp2A	X	1346553	1348143	1037
FBgn0024365	CG12773	X	1349623	1353981	3887
FBgn0024364	CG11417	X	1354014	1356473	2460
FBgn0000826	png	X	1356488	1357601	1114
FBgn0029573	CG14770	X	1369249	1370176	690
FBgn0024987	ssx	X	1370580	1375257	3676
FBgn0023169	AMPKalpha	X	1375536	1378896	2853
FBgn0024986	CG3719	X	1378885	1380480	831
FBgn0052813	CG32813	X	1380914	1392843	5252
FBgn0024985	Rilpl	X	1393054	1397337	3799
FBgn0259108	futsch	X	1409069	1453686	23308
FBgn0265139	Gr2a	X	1452430	1454177	1562
FBgn0027795	CG14785	X	1455215	1457054	1713
FBgn0027794	Lrpprc2	X	1457175	1460617	3382
FBgn0027793	CG14787	X	1460807	1461676	870
FBgn0266284	Ns3	X	1461844	1464220	2176
FBgn0027791	O-fut2	X	1464363	1465996	1634
FBgn0026872	CG14777	X	1466134	1468692	1705
FBgn0029580	CG14778	X	1467493	1470614	753
FBgn0052808	CG32808	X	1468693	1469817	1063
FBgn0013720	pck	X	1470666	1472325	1478
FBgn0025383	CG14780	X	1472522	1473727	1082
FBgn0025382	Rab27	X	1473884	1476974	1564
FBgn0260986	mei-38	X	1477063	1481420	1749
FBgn0025381	rush	X	1478552	1481420	2721
FBgn0003517	sta	X	1481797	1483413	1338
FBgn0025394	inc	X	1483479	1517615	4686
FBgn0053513	Nmdar2	X	1483625	1507809	8036
FBgn0025390	Mur2B	X	1523554	1668788	7661
FBgn0283451	br	X	1575132	1664869	20201
FBgn0000482	dor	X	1665052	1668451	3161
FBgn0023530	CG3740	X	1668406	1669297	829
FBgn0001189	hfw	X	1669570	1673608	3038
FBgn0023531	CG32809	X	1673110	1692768	7613
FBgn0029587	CG14797	X	1681566	1684891	3151
FBgn0024897	b6	X	1686624	1690187	2139
FBgn0029588	CR14798	X	1692824	1693843	898
FBgn0023130	a6	X	1693615	1695889	2218
FBgn0025391	Scgdelta	X	1735945	1754065	3905
FBgn0283741	prage	X	1773719	1853667	6747
FBgn0026086	Adar	X	1773725	1788065	8963
FBgn0052806	CG32806	X	1789566	1790418	803
FBgn0029589	CG14810	X	1819495	1820341	720
FBgn0029590	CG14811	X	1821469	1822381	849
FBgn0026090	Lamtor5	X	1857889	1858971	802
FBgn0028969	deltaCOP	X	1859141	1861790	2170
FBgn0023515	Gcna	X	1862009	1865835	3577
FBgn0026873	MED18	X	1865909	1866887	865
FBgn0023516	Pex5	X	1866832	1869061	2230
FBgn0023513	CG14803	X	1868870	1872408	3419
FBgn0023517	Pgam5	X	1872400	1873565	1100
FBgn0014411	Vps26	X	1873853	1876474	2543
FBgn0026089	CG14817	X	1876294	1877270	920
FBgn0023514	CG14805	X	1877317	1879077	1704
FBgn0026088	CG14818	X	1879019	1879774	620
FBgn0029594	Coa8	X	1880282	1881432	1019
FBgn0023518	trr	X	1881313	1889950	8314
FBgn0023519	mRpL16	X	1890256	1891482	1076
FBgn0000117	arm	X	1891401	1900646	3564
FBgn0052803	Ldaf1	X	1900699	1901911	905
FBgn0052801	CG32801	X	1902082	1903177	937
FBgn0023511	Edem1	X	1903704	1908827	4752
FBgn0023509	mip130	X	1908239	1920318	3459
FBgn0023510	Rbcn-3B	X	1908920	1916825	6716
FBgn0023512	eIF2Bepsilon	X	1920166	1922874	2447
FBgn0023508	Ocrl	X	1922981	1927524	3688
FBgn0023522	CG11596	X	1927683	1930517	1892
FBgn0023520	CG3857	X	1937700	1940040	2341
FBgn0023521	CG3587	X	1940307	1941536	1105
FBgn0264562	Hr4	X	1941940	2007956	13899
FBgn0023545	PIG-K	X	2007911	2009364	1203
FBgn0261954	east	X	2010860	2024647	10285
FBgn0000667	Actn	X	2023822	2042311	5272
FBgn0003964	usp	X	2038798	2042311	3038
FBgn0025632	CG4313	X	2041868	2055414	2713
FBgn0026878	CG4325	X	2042730	2043818	897
FBgn0025631	moody	X	2044292	2050120	3939
FBgn0025625	Sik2	X	2055310	2061915	5230
FBgn0025626	CG4281	X	2062313	2065142	2664
FBgn0029596	CG14054	X	2065273	2066359	920
FBgn0025628	CG4199	X	2066435	2073483	3313
FBgn0025627	CG4194	X	2068592	2069688	1097
FBgn0025630	Rtca	X	2072413	2074890	2070
FBgn0025629	CG4045	X	2074795	2075900	923
FBgn0025624	CG4025	X	2076966	2078455	1240
FBgn0040394	CG16903	X	2078343	2080405	1936
FBgn0040395	Unc-76	X	2080610	2093948	4096
FBgn0000382	csw	X	2094234	2115701	8732
FBgn0004860	ph-d	X	2115727	2123286	6126
FBgn0004861	ph-p	X	2126210	2138371	6887
FBgn0023507	D2hgdh	X	2141489	2144937	2209
FBgn0004654	Pgd	X	2145136	2148566	1895
FBgn0013432	bcn92	X	2148463	2149647	748
FBgn0004655	wapl	X	2149936	2158983	7054
FBgn0005670	Cyp4d1	X	2159145	2162180	2285
FBgn0023540	CG3630	X	2162196	2172281	2031
FBgn0025839	ND-B14.5A	X	2172526	2173432	807
FBgn0023541	Cyp4d14	X	2173415	2175315	1694
FBgn0011576	Cyp4d2	X	2176006	2178728	2467
FBgn0015036	Cyp4ae1	X	2179007	2180998	1822
FBgn0003116	pn	X	2181211	2182916	1638
FBgn0023542	Nmd3	X	2182818	2184668	1791
FBgn0040899	CG17776	X	2184725	2185258	534
FBgn0040900	CG17777	X	2186855	2187741	680
FBgn0024984	CG3457	X	2187820	2188919	1100
FBgn0023549	Mct1	X	2189188	2205373	3197
FBgn0029603	CG14053	X	2191639	2193909	1853
FBgn0023550	FarO	X	2201820	2203866	1681
FBgn0053548	SmydA-8	X	2205515	2213809	3114
FBgn0004397	Vinc	X	2214347	2222567	3933
FBgn0029606	CG14052	X	2223754	2224969	893
FBgn0003048	pcx	X	2225296	2238045	12119
FBgn0001330	kz	X	2237858	2242035	3927
FBgn0000810	fs(1)K10	X	2242138	2246041	3052
FBgn0023523	Or2a	X	2246231	2247567	1267
FBgn0000377	crn	X	2247594	2249983	2332
FBgn0023525	CG3191	X	2250145	2251993	1247
FBgn0029608	CG3091	X	2252332	2254197	1286
FBgn0023524	CG3078	X	2254403	2259863	3982
FBgn0027296	temp	X	2260207	2262515	2163
FBgn0023527	CG3071	X	2262837	2264825	1921
FBgn0023528	CG2924	X	2264657	2270761	3064
FBgn0023529	Grp170	X	2271008	2275068	3581
FBgn0085362	Vml	X	2275822	2277781	1960
FBgn0023526	CG2865	X	2278031	2293411	5574
FBgn0003079	Raf	X	2295466	2343870	4247
FBgn0040392	CG14050	X	2324748	2326217	1385
FBgn0040391	CG2854	X	2327128	2328941	1643
FBgn0044047	Ilp6	X	2331493	2334658	2413
FBgn0040389	mRpL14	X	2343997	2344649	653
FBgn0003159	CG2841	X	2344949	2366356	5650
FBgn0264598	PsGEF	X	2367121	2387664	14169
FBgn0001150	gt	X	2427113	2428967	1780
FBgn0003714	tko	X	2442313	2443976	1596
FBgn0040388	boi	X	2444167	2470043	5066
FBgn0004050	z	X	2447769	2450550	2599
FBgn0284408	trol	X	2470460	2545427	20674
FBgn0260753	Pdfr	X	2552206	2578640	4668
FBgn0040377	Vha36-3	X	2579091	2580560	1294
FBgn0040376	AANATL7	X	2580958	2583823	1212
FBgn0040375	CG13760	X	2583745	2585699	1524
FBgn0040066	wds	X	2585980	2588217	1973
FBgn0001404	egh	X	2588503	2599111	4662
FBgn0011606	Klp3A	X	2599158	2604052	4527
FBgn0004643	Zw10	X	2604197	2606824	2567
FBgn0011566	Smyd3	X	2606680	2608876	1762
FBgn0029629	eIF3g1	X	2609247	2610336	1027
FBgn0040334	Tsp3A	X	2617758	2619738	1798
FBgn0040336	Seipin	X	2619799	2622140	2045
FBgn0040333	brv3	X	2622069	2624575	2427
FBgn0267350	Pi4KIIIalpha	X	2624804	2633672	7054
FBgn0003371	sgg	X	2633952	2679553	12499
FBgn0011276	HLH3B	X	2680199	2681723	1428
FBgn0025838	CG2652	X	2681987	2682932	946
FBgn0003068	per	X	2685580	2692780	4527
FBgn0000092	dyw	X	2692732	2693886	1013
FBgn0024992	Spg7	X	2694392	2698211	3360
FBgn0024993	Lint-O	X	2698701	2701033	1765
FBgn0024994	Ugalt	X	2701124	2703852	2217
FBgn0024996	eIF2Bbeta	X	2704571	2706217	1357
FBgn0024997	CG2681	X	2708684	2711668	2283
FBgn0024998	CG2685	X	2711756	2713960	1952
FBgn0024991	CG2694	X	2714079	2717654	3152
FBgn0024973	CG2701	X	2717638	2720327	2425
FBgn0000928	fs(1)Yb	X	2720468	2724158	3502
FBgn0000927	fs(1)Ya	X	2724286	2726577	2235
FBgn0283545	vilya	X	2726678	2727568	827
FBgn0000520	dwg	X	2727698	2730042	2002
FBgn0250874	ttm50	X	2730077	2732190	1868
FBgn0024975	CG2712	X	2732469	2734402	1804
FBgn0000376	crm	X	2734248	2738773	3886
FBgn0024980	Syx4	X	2739089	2744076	1709
FBgn0028369	kirre	X	2740384	3134532	7853
FBgn0040384	CG32795	X	2782906	2790567	2365
FBgn0003996	w	X	2790599	2796466	2352
FBgn0040356	CG12498	X	2809881	2810846	966
FBgn0040354	CG14418	X	2882226	2883661	1352
FBgn0040355	CG3526	X	2890768	2894232	1200
FBgn0025643	CG3588	X	2919770	2924426	3438
FBgn0025644	CG14424	X	2925884	2927258	1046
FBgn0052793	CG32793	X	2929796	2932626	2687
FBgn0029643	CG14420	X	2938856	2940527	1570
FBgn0029648	CG3603	X	2948034	2949120	1018
FBgn0003285	rst	X	2950399	2973834	6251
FBgn0004647	N	X	3134870	3172221	10150
FBgn0028746	CG18508	X	3172268	3173140	816
FBgn0040396	CG3939	X	3175018	3176223	931
FBgn0000479	dnc	X	3176440	3343767	16683
FBgn0003374	Sgs4	X	3250089	3251040	952
FBgn0288967	CG10793	X	3314744	3316402	1659
FBgn0262656	Myc	X	3373159	3391697	9170
FBgn0029657	CG12535	X	3387944	3448943	6541
FBgn0029658	CG14269	X	3434943	3435807	865
FBgn0029659	CG16782	X	3459016	3460240	1155
FBgn0029660	CG10801	X	3460592	3462500	1758
FBgn0029661	CG16781	X	3462474	3464044	1518
FBgn0029662	CG12206	X	3465737	3474524	2732
FBgn0029663	CG10804	X	3476463	3482322	4822
FBgn0029664	CG10802	X	3482965	3484555	1472
FBgn0029665	CG14270	X	3484605	3485378	774
FBgn0029666	CG10803	X	3485650	3490915	4906
FBgn0029667	Gas8	X	3491011	3504851	2289
FBgn0052791	DIP-alpha	X	3507245	3571649	8983
FBgn0029669	CG13021	X	3514316	3515757	632
FBgn0052792	ppk8	X	3557812	3572000	2071
FBgn0029672	CG2875	X	3571456	3573622	1978
FBgn0266429	AstA-R1	X	3574536	3666724	3704
FBgn0044046	Ilp7	X	3667621	3668845	1044
FBgn0023216	Parg	X	3668837	3671502	2599
FBgn0023215	Mnt	X	3671801	3701672	4556
FBgn0015286	Rala	X	3704610	3719635	2751
FBgn0283657	Tlk	X	3720007	3789770	11568
FBgn0029676	HIP-R	X	3789969	3792477	2138
FBgn0021738	Crg-1	X	3793223	3797339	1230
FBgn0053221	CR33221	X	3797497	3799028	1532
FBgn0260484	HIP	X	3799150	3801570	2050
FBgn0264954	fd3F	X	3802316	3811040	3007
FBgn0000542	ec	X	3811698	3857621	8400
FBgn0029679	CG2901	X	3828197	3831546	2721
FBgn0265575	yin	X	3862966	3871939	3278
FBgn0028491	CG2930	X	3868973	3880379	4990
FBgn0285910	VhaAC39-1	X	3880748	3882967	1792
FBgn0029681	CG15239	X	3884168	3890486	1997
FBgn0260658	CG42541	X	3891497	3930578	9707
FBgn0029685	CG2938	X	3932000	3936469	3915
FBgn0029686	Glos	X	3936517	3940582	3954
FBgn0052783	Gem4c	X	3945043	3948460	3306
FBgn0029687	Vap33	X	3948975	3955442	3897
FBgn0029688	lva	X	3955543	3965327	9245
FBgn0029689	CG6428	X	3965435	3968655	2699
FBgn0029690	CG6414	X	3968788	3971350	2081
FBgn0263772	CG43689	X	4075743	4092237	7756
FBgn0029693	Cmtr1	X	4097592	4101031	3339
FBgn0029694	CG15375	X	4101318	4102995	1232
FBgn0004832	Xpac	X	4102955	4104197	1178
FBgn0000221	brn	X	4104342	4105791	1450
FBgn0026084	cib	X	4106113	4110981	1771
FBgn0026079	Nsun2	X	4111156	4113734	2444
FBgn0026085	dgt4	X	4113701	4114929	1101
FBgn0026080	Tip60	X	4114800	4117487	2413
FBgn0026083	tyf	X	4117020	4130016	11456
FBgn0066114	GlcAT-I	X	4131211	4132833	1560
FBgn0000635	Fas2	X	4132887	4206093	7306
FBgn0029697	CG15570	X	4218170	4223331	4278
FBgn0052774	Muc4B	X	4244095	4246139	1987
FBgn0029701	CG12691	X	4266097	4266669	573
FBgn0029702	CG15572	X	4268701	4271083	2383
FBgn0040904	CG15577	X	4276493	4277000	508
FBgn0040905	CG15578	X	4277547	4277961	415
FBgn0040906	CG15579	X	4311279	4311799	521
FBgn0002707	mei-9	X	4314230	4318801	3606
FBgn0266570	NO66	X	4319438	4321745	2246
FBgn0040907	mRpL33	X	4321764	4322231	349
FBgn0262738	norpA	X	4322626	4365408	8296
FBgn0029705	CG12693	X	4327080	4329457	1643
FBgn0029706	CG3626	X	4366417	4371136	3785
FBgn0000179	bi	X	4412856	4485647	6095
FBgn0029708	CG3556	X	4530231	4535464	4050
FBgn0003210	rb	X	4535635	4540626	4813
FBgn0029709	CHOp24	X	4540908	4542506	1172
FBgn0029710	CG3568	X	4542630	4544497	1693
FBgn0029711	Usf	X	4544617	4548794	3617
FBgn0029712	CG15912	X	4549070	4549957	888
FBgn0029713	CG11436	X	4549883	4551878	1996
FBgn0029714	CG3527	X	4551973	4553006	970
FBgn0029715	CG11444	X	4553117	4554398	1282
FBgn0003053	peb	X	4617564	4627206	7446
FBgn0025387	Alms1b	X	4627380	4630936	3310
FBgn0025388	Alms1a	X	4631052	4636004	4689
FBgn0025739	pon	X	4636318	4639112	2601
FBgn0029718	mRpL30	X	4647871	4648646	696
FBgn0025615	Torsin	X	4648592	4650032	1383
FBgn0022942	Cbp80	X	4650015	4658259	3271
FBgn0029719	CG15473	X	4651955	4654497	2292
FBgn0029720	CG3009	X	4658158	4666700	2475
FBgn0262699	fzr	X	4667290	4679537	2789
FBgn0022768	Pp2C1	X	4679988	4686903	5675
FBgn0011760	ctp	X	4687800	4702034	4645
FBgn0028325	Pdha	X	4702284	4705265	2151
FBgn0029722	CG7024	X	4705309	4707504	1878
FBgn0029723	Proc-R	X	4707916	4729487	3780
FBgn0029728	CG2861	X	4797231	4804862	6027
FBgn0260971	CG42594	X	4840833	4906575	5127
FBgn0029733	CG6927	X	4906900	4908821	1868
FBgn0052772	CG32772	X	4909102	4915161	3368
FBgn0029736	CG4041	X	4915280	4918447	2723
FBgn0029737	Hgsnat	X	4918730	4921648	2313
FBgn0266000	CG44774	X	4926664	4938105	4213
FBgn0004368	Ptp4E	X	4939128	4955916	7229
FBgn0061196	CG15468	X	4959929	4961128	1200
FBgn0003028	ovo	X	5048273	5070929	7400
FBgn0052767	CG32767	X	5071027	5084768	11634
FBgn0029746	CG15465	X	5085759	5254864	19353
FBgn0266098	rg	X	5085759	5254864	20508
FBgn0029745	Rpn13R	X	5131898	5132985	1088
FBgn0029747	CG5062	X	5180182	5182369	2124
FBgn0261803	CG42749	X	5296066	5306288	1812
FBgn0029750	CG3323	X	5302988	5305691	2628
FBgn0263237	Cdk7	X	5307465	5308983	1448
FBgn0003449	snf	X	5309242	5310501	835
FBgn0029752	TrxT	X	5310581	5311888	1108
FBgn0029754	CG15930	X	5315130	5317295	1883
FBgn0029755	Sas10	X	5317409	5319071	1663
FBgn0014024	Rnp4F	X	5318928	5322696	3323
FBgn0284442	Mcm3	X	5323855	5326738	2747
FBgn0029756	CG3309	X	5326675	5329347	2614
FBgn0026751	XRCC1	X	5329876	5332435	2319
FBgn0010014	CanB	X	5332499	5334449	1234
FBgn0029761	SK	X	5340236	5405138	10891
FBgn0029762	NAAT1	X	5405238	5410849	2485
FBgn0263987	spoon	X	5412386	5420867	5705
FBgn0029763	Usp16-45	X	5421533	5427219	4784
FBgn0029765	CG16756	X	5427517	5428217	521
FBgn0029766	CG15784	X	5429571	5432526	2956
FBgn0029768	SPR	X	5446656	5494012	3730
FBgn0029771	CG12730	X	5516608	5518771	1892
FBgn0250904	CG34434	X	5614554	5616370	1691
FBgn0029778	RhoGAP5A	X	5616572	5618806	1933
FBgn0004687	Mlc-c	X	5619136	5622539	1399
FBgn0026702	Pop1	X	5622648	5625493	2779
FBgn0259994	OtopLa	X	5625676	5648487	7548
FBgn0259150	OtopLc	X	5650567	5662861	8159
FBgn0029783	Sirt4	X	5664628	5665940	1253
FBgn0028474	CG4119	X	5666052	5670652	3857
FBgn0015794	Rab18	X	5670827	5671812	833
FBgn0029785	RpL35	X	5672401	5673547	732
FBgn0046687	Tre1	X	5673830	5679977	1838
FBgn0003747	Gr5a	X	5680617	5682488	1490
FBgn0259926	CG42449	X	5683240	5684456	1217
FBgn0029789	PGAP1	X	5685253	5689473	3674
FBgn0000394	cv	X	5690002	5693084	2053
FBgn0027564	CG3149	X	5692945	5695205	2020
FBgn0029791	AdamTS-B	X	5698557	5708633	3992
FBgn0053080	CG33080	X	5708559	5717778	3705
FBgn0052758	Snx27	X	5719374	5738031	4568
FBgn0029795	CG15773	X	5732740	5734614	1786
FBgn0261383	IntS6	X	5738663	5747254	6250
FBgn0029798	Rtel1	X	5747747	5752077	3603
FBgn0029799	CG15772	X	5752249	5754041	1691
FBgn0029800	lin-52	X	5753390	5754958	1360
FBgn0029801	CG15771	X	5755574	5759751	2923
FBgn0013987	MAPk-Ak2	X	5759908	5764203	2198
FBgn0261610	CG42699	X	5764553	5789576	4296
FBgn0029804	CG3097	X	5765855	5770780	1983
FBgn0259149	CG42264	X	5773023	5776647	2087
FBgn0029807	CG3108	X	5777195	5781620	3578
FBgn0029809	CG15767	X	5789487	5790919	1433
FBgn0029810	CG12239	X	5792140	5794543	2343
FBgn0029813	AgmNAT	X	5814864	5815820	957
FBgn0029814	CG15765	X	5818559	5840823	4388
FBgn0029817	CG15764	X	5869095	5870266	1172
FBgn0029818	GAA1	X	5870841	5873357	2388
FBgn0014340	mof	X	5873840	5876853	3014
FBgn0029819	Usp30	X	5877000	5879787	2436
FBgn0029820	CG16721	X	5879869	5883391	2697
FBgn0000042	Act5C	X	5900861	5905399	2978
FBgn0029821	CG4020	X	5905746	5908001	1886
FBgn0029822	CG12236	X	5908135	5913079	3692
FBgn0029823	Shmt	X	5913067	5916797	2518
FBgn0029824	CG3726	X	5917097	5941852	3152
FBgn0029825	CG12728	X	5942606	5945250	2374
FBgn0052756	CG32756	X	5945682	5948353	2397
FBgn0029826	CG6041	X	5948160	5950208	1109
FBgn0052755	CG32755	X	5950251	5951711	1347
FBgn0029827	CG6048	X	5952565	5954046	1158
FBgn0029830	Grip	X	5966279	5986699	3764
FBgn0029831	CG5966	X	5988791	5992640	3751
FBgn0029003	mab-21	X	6008183	6013181	2082
FBgn0003302	rux	X	6035753	6037800	1463
FBgn0029833	MCTS1	X	6037892	6039576	1245
FBgn0029834	CG5937	X	6040005	6050381	8374
FBgn0029835	CG5921	X	6050828	6065646	4668
FBgn0029838	CG4666	X	6076072	6077786	1363
FBgn0029839	CG4660	X	6078708	6081372	1275
FBgn0029840	raptor	X	6082634	6090201	7097
FBgn0026060	Mipp2	X	6082709	6091471	2458
FBgn0029843	Nep1	X	6091205	6103971	4793
FBgn0264386	Ca-alpha1T	X	6104085	6192483	13140
FBgn0029848	Btnd	X	6217268	6219327	1907
FBgn0029849	Efr	X	6219957	6222719	1896
FBgn0003514	sqh	X	6223061	6225140	1578
FBgn0262730	dtn	X	6225647	6236218	9655
FBgn0029851	CG14445	X	6237315	6240558	1686
FBgn0023458	Rbcn-3A	X	6240745	6255487	11139
FBgn0015818	Spx	X	6255822	6257596	1643
FBgn0040918	schlank	X	6257668	6267228	2487
FBgn0029853	Josd	X	6261169	6262119	951
FBgn0028982	Spt6	X	6267797	6274984	6166
FBgn0029854	CG3566	X	6274972	6276724	1607
FBgn0086558	Ubi-p5E	X	6276876	6279647	2390
FBgn0052745	CR32745	X	6280233	6280752	471
FBgn0029856	CG11700	X	6282037	6283575	1362
FBgn0026015	Top3beta	X	6284138	6287990	3296
FBgn0029857	wuho	X	6288100	6289562	1463
FBgn0028685	Rpt4	X	6289470	6291245	1465
FBgn0029858	mldr	X	6291303	6294177	2809
FBgn0029859	CG15892	X	6293106	6294343	1173
FBgn0029860	CG15891	X	6294517	6295345	829
FBgn0029861	CG3815	X	6295389	6298970	3232
FBgn0043796	CG12219	X	6299054	6301285	2018
FBgn0029864	CG15894	X	6309212	6329828	7435
FBgn0250869	CG42240	X	6330842	6333028	2187
FBgn0029866	CG3842	X	6337762	6343731	2751
FBgn0029867	CG3847	X	6347103	6349236	2134
FBgn0029868	ND-B16.6	X	6349016	6350401	1265
FBgn0261955	kdn	X	6350629	6361323	2836
FBgn0016974	swaPsi	X	6361496	6363310	1547
FBgn0003655	swa	X	6363418	6365708	2022
FBgn0029870	Marf	X	6365949	6370924	3617
FBgn0003139	PpV	X	6371065	6372915	1675
FBgn0259242	CG42340	X	6423123	6524323	6885
FBgn0029873	CG3918	X	6524464	6526342	1808
FBgn0029874	CG3342	X	6526106	6527888	1709
FBgn0014031	Agxt	X	6528948	6530726	1410
FBgn0014026	RpL7A	X	6530897	6533348	1315
FBgn0000524	dx	X	6533999	6538575	3828
FBgn0085446	CG34417	X	6540771	6589173	20162
FBgn0029877	CG17717	X	6589290	6590646	1092
FBgn0029878	Pat1	X	6590776	6596954	3716
FBgn0029879	APC7	X	6597088	6599699	2312
FBgn0029881	pigs	X	6600062	6653015	6721
FBgn0029880	CG14443	X	6633959	6636169	2211
FBgn0029882	CG3226	X	6653113	6654248	894
FBgn0028360	Cdc7	X	6654541	6659709	3103
FBgn0029885	CG3224	X	6660552	6661462	851
FBgn0062413	Ctr1A	X	6661647	6668258	2333
FBgn0029887	CG3198	X	6668539	6673973	4996
FBgn0025815	Mcm6	X	6674387	6677176	2790
FBgn0029888	ND-ASHI	X	6677262	6679118	1384
FBgn0286222	Fum1	X	6678424	6681845	1861
FBgn0029890	Fum2	X	6681767	6683696	1647
FBgn0029891	Pink1	X	6683798	6687302	3239
FBgn0265362	CG44303	X	6686963	6687420	398
FBgn0029892	CG3184	X	6687596	6688774	1179
FBgn0029893	CG14442	X	6689296	6695007	5042
FBgn0029894	CG14440	X	6695866	6698567	2702
FBgn0029895	CG14441	X	6699508	6719389	7236
FBgn0029896	CG3168	X	6720004	6739986	5171
FBgn0029897	RpL17	X	6741537	6744238	1119
FBgn0287725	sov	X	6756322	6770712	10926
FBgn0029502	Coq7	X	6771225	6773039	899
FBgn0003390	shf	X	6771463	6779659	1796
FBgn0259228	C3G	X	6780790	6803593	8829
FBgn0029903	pod1	X	6803684	6813830	6691
FBgn0086693	iav	X	6813978	6818156	3512
FBgn0029905	Nf-YC	X	6818178	6820919	2522
FBgn0029906	xit	X	6821016	6822840	1640
FBgn0029907	Atx-1	X	6823204	6824203	890
FBgn0263968	nonC	X	6824496	6838122	10621
FBgn0029909	mAChR-C	X	6831397	6832684	1218
FBgn0029911	CG14435	X	6838174	6843921	3831
FBgn0029912	Tmf	X	6844341	6847847	3240
FBgn0029913	Cht11	X	6847877	6849517	1576
FBgn0029914	CG4558	X	6849770	6851884	2115
FBgn0029915	CG14434	X	6851909	6867194	1507
FBgn0263993	CG43736	X	6863888	6881580	9085
FBgn0029922	CG14431	X	6908277	6968829	7343
FBgn0052732	Setd3	X	6958032	6968750	2189
FBgn0029924	CG4586	X	6969918	6972265	2240
FBgn0029925	CG3040	X	6972324	6973393	1070
FBgn0004646	ogre	X	6973620	6991318	3940
FBgn0261284	bou	X	6986486	6987188	703
FBgn0027106	Inx7	X	6991612	6993612	1634
FBgn0027108	Inx2	X	6998672	7004151	5480
FBgn0000330	cm	X	7009006	7011145	1774
FBgn0052736	sloth1	X	7011357	7012137	692
FBgn0259204	sloth2	X	7011357	7012137	692
FBgn0029928	CG3032	X	7012239	7013881	1643
FBgn0029929	CG4593	X	7013887	7015009	1123
FBgn0264270	Sxl	X	7074550	7098053	9192
FBgn0029935	CG4615	X	7098578	7102300	1973
FBgn0029936	CG4617	X	7102555	7104491	1819
FBgn0029937	CG8300	X	7104885	7106345	1060
FBgn0027342	fz4	X	7106272	7110321	3927
FBgn0029941	CG1677	X	7281089	7405797	4847
FBgn0029942	CG2059	X	7286358	7288117	1256
FBgn0025549	unc-119	X	7288367	7291298	2344
FBgn0024250	brk	X	7307939	7311132	3194
FBgn0029943	Atg5	X	7314622	7323770	1418
FBgn0029944	Dok	X	7324214	7328806	3487
FBgn0029945	Acsf3	X	7329046	7331255	2047
FBgn0026144	CBP	X	7337352	7342731	2579
FBgn0029946	CG15034	X	7346259	7347506	1248
FBgn0029948	CheA7a	X	7378140	7378953	721
FBgn0029949	CG15035	X	7401698	7403174	1477
FBgn0052719	CG32719	X	7508651	7547992	4045
FBgn0262612	CG43138	X	7528304	7528796	493
FBgn0052720	CG32720	X	7535625	7536959	1335
FBgn0029951	CG11369	X	7574290	7576767	2478
FBgn0029952	CG12689	X	7585303	7586131	769
FBgn0004198	ct	X	7608428	7678859	12443
FBgn0029504	CHES-1-like	X	7682338	7709385	8323
FBgn0029955	CG15478	X	7712783	7717932	1997
FBgn0022786	Hira	X	7722119	7725917	3420
FBgn0027553	NELF-B	X	7725996	7728361	2226
FBgn0029957	CG12155	X	7728755	7731729	2688
FBgn0029958	Pdp	X	7731779	7734651	2170
FBgn0029959	Rab39	X	7734923	7736756	1406
FBgn0016041	Tom40	X	7736893	7739978	2395
FBgn0000427	dec	X	7867161	7873222	5748
FBgn0259188	Ir7f	X	7881939	7884026	1983
FBgn0029968	Ir7g	X	7884660	7886976	1824
FBgn0029969	Acat1	X	7887130	7888785	1656
FBgn0029970	Nek2	X	7889066	7891646	2581
FBgn0029971	ND-MNLL	X	7893053	7893798	720
FBgn0266490	CG45089	X	7893053	7893798	720
FBgn0040087	p115	X	7894031	7896991	2961
FBgn0260447	CR11386	X	7897250	7897987	539
FBgn0053222	CR33222	X	7898438	7901302	601
FBgn0261592	RpS6	X	7899624	7901331	1195
FBgn0010292	bys	X	7901880	7903643	1518
FBgn0029974	dpr14	X	7903704	7908286	3912
FBgn0029975	spidey	X	7908931	7911885	1705
FBgn0029976	snz	X	7912089	7918444	5250
FBgn0029977	hdm	X	7918517	7920131	1461
FBgn0260858	Ykt6	X	7920409	7921966	1469
FBgn0029979	mahe	X	7922158	7931382	8365
FBgn0029980	Dhdds	X	7931745	7933351	1365
FBgn0004403	RpS14a	X	7933742	7934677	877
FBgn0004404	RpS14b	X	7934898	7935792	597
FBgn0260970	Ubr3	X	7935896	7953883	9371
FBgn0027280	orion	X	7941478	7946908	3385
FBgn0029986	CG15332	X	7953852	7955990	2003
FBgn0029987	CG15330	X	7956064	7956702	639
FBgn0003656	sws	X	7956820	7968236	5963
FBgn0003447	sn	X	7964024	7986601	3507
FBgn0010329	Tbh	X	7995697	8027394	3868
FBgn0029989	CG15333	X	8019523	8021345	1823
FBgn0029990	CG2233	X	8035741	8037517	1480
FBgn0004656	fs(1)h	X	8037808	8061436	15685
FBgn0004657	mys	X	8061645	8070237	4482
FBgn0029992	Upf2	X	8070244	8075466	5078
FBgn0029993	CG1571	X	8075877	8078240	2301
FBgn0029994	Ldsdh1	X	8078350	8081605	1404
FBgn0029995	CG2256	X	8084018	8087213	1146
FBgn0029996	UbcE2H	X	8087544	8094064	3083
FBgn0029997	CG2258	X	8094250	8102095	6281
FBgn0040319	Gclc	X	8102181	8116147	4402
FBgn0029999	CG1575	X	8117012	8119130	2119
FBgn0030000	CG2260	X	8119082	8121147	2004
FBgn0030001	cyr	X	8121280	8135713	2884
FBgn0030003	CG2116	X	8129812	8131783	1972
FBgn0030004	CG10958	X	8132285	8134967	2683
FBgn0030005	CG2120	X	8135824	8137046	1155
FBgn0025800	Smox	X	8137041	8142279	4521
FBgn0030006	CG17982	X	8142550	8143835	1286
FBgn0030007	alpha-PheRS	X	8143904	8145602	1699
FBgn0030008	CG2129	X	8145839	8147855	2017
FBgn0030010	CG10959	X	8148783	8150686	1836
FBgn0030011	Gbeta5	X	8150731	8152275	1545
FBgn0030012	CG18262	X	8152948	8154533	1586
FBgn0265464	Traf6	X	8154599	8157386	2788
FBgn0030013	GIIIspla2	X	8157628	8159348	1543
FBgn0030016	Or7a	X	8164266	8165708	1242
FBgn0030017	CG2278	X	8165833	8170266	4294
FBgn0030018	slpr	X	8170229	8177185	5615
FBgn0261873	sdt	X	8178549	8240474	11042
FBgn0030025	CG2147	X	8240684	8241483	746
FBgn0030026	sni	X	8241501	8244016	1761
FBgn0020653	Trxr1	X	8242528	8248033	3147
FBgn0017566	ND-75	X	8248651	8251687	2634
FBgn0030027	CG1632	X	8252670	8272462	4268
FBgn0030028	Corp	X	8269898	8271409	1216
FBgn0030029	CG15343	X	8272324	8273806	948
FBgn0030030	CG1636	X	8273412	8276450	2373
FBgn0015519	nAChRalpha3	X	8276200	8367169	10506
FBgn0040928	CR15345	X	8397157	8398298	1085
FBgn0030034	CG10555	X	8398940	8404516	5188
FBgn0030035	PIG-T	X	8404535	8407263	2521
FBgn0262976	lawc	X	8408008	8411658	3430
FBgn0261793	Trf2	X	8409272	8433011	10332
FBgn0052712	CG32712	X	8433087	8433809	600
FBgn0030037	Miga	X	8433923	8437820	3773
FBgn0030038	CG1440	X	8437057	8441264	2606
FBgn0030039	CG12123	X	8441247	8442348	1044
FBgn0021767	org-1	X	8447691	8455069	3417
FBgn0052713	CG32713	X	8456837	8457632	796
FBgn0030040	CG15347	X	8458494	8460898	968
FBgn0023506	Es2	X	8461479	8463349	1729
FBgn0014032	Sptr	X	8463296	8464438	1143
FBgn0053223	CG33223	X	8465690	8483885	1114
FBgn0030041	CG12116	X	8467443	8469012	1570
FBgn0014466	Cp7Fc	X	8477117	8478320	1132
FBgn0000359	Cp36	X	8479319	8480523	1116
FBgn0003023	otu	X	8485008	8489535	3420
FBgn0053181	CG33181	X	8489348	8517029	5315
FBgn0264975	Nrg	X	8517373	8555170	9991
FBgn0024943	PIP82	X	8525387	8529698	4089
FBgn0026679	IntS4	X	8555239	8558781	3466
FBgn0030048	CG12112	X	8558879	8560192	1117
FBgn0030049	Trf4-1	X	8560322	8570159	7452
FBgn0030050	CG12111	X	8570208	8570948	675
FBgn0030051	spirit	X	8571099	8573593	1656
FBgn0030052	CG12065	X	8574306	8588528	2853
FBgn0030053	CG12081	X	8588811	8590774	1964
FBgn0040929	CG12659	X	8590775	8591729	896
FBgn0025864	Crag	X	8592031	8602036	7001
FBgn0030054	Caf1-180	X	8602137	8606304	4043
FBgn0030055	Rubicon	X	8677063	8680912	3278
FBgn0030056	CAH3	X	8681252	8688760	2543
FBgn0030057	Ppt1	X	8688627	8690227	1314
FBgn0027864	Ogg1	X	8690327	8691811	1307
FBgn0041629	Hexo2	X	8709652	8712478	2140
FBgn0030060	CG2004	X	8712472	8714924	2028
FBgn0030061	CG1785	X	8714936	8717065	1885
FBgn0027330	l(1)G0020	X	8716713	8720277	3250
FBgn0030063	CG1789	X	8720520	8721503	860
FBgn0026411	Lim1	X	8756539	8805804	3972
FBgn0030065	CG12075	X	8838323	8872774	4917
FBgn0011661	Moe	X	8873012	8898332	4558
FBgn0030066	Uros1	X	8898554	8900264	1711
FBgn0030067	Rbm13	X	8901699	8903761	1535
FBgn0011586	e(r)	X	8904144	8906248	1687
FBgn0261549	rdgA	X	8907068	9029476	13764
FBgn0030071	CG12661	X	8922888	8923687	800
FBgn0262900	CG43255	X	8923960	8924449	490
FBgn0030073	CG10962	X	8972908	8974255	1074
FBgn0259734	Nost	X	9030205	9054575	6329
FBgn0030077	CG15365	X	9054698	9067983	3481
FBgn0030078	CG10970	X	9069599	9071408	1810
FBgn0265413	CG44325	X	9070318	9078499	2751
FBgn0030081	CG7246	X	9078823	9081057	2043
FBgn0030082	HP1b	X	9081063	9082746	1598
FBgn0052707	APC4	X	9082931	9085867	2617
FBgn0052708	CG32708	X	9085932	9086864	855
FBgn0030085	CG6999	X	9088367	9089314	875
FBgn0030086	CCT2	X	9089513	9092826	2121
FBgn0030087	CG7766	X	9093612	9103739	5177
FBgn0004856	Bx42	X	9103870	9106604	2403
FBgn0030088	Arfrp1	X	9107069	9108354	1101
FBgn0030089	AP-1gamma	X	9108691	9117744	5497
FBgn0030090	fend	X	9121973	9135099	5133
FBgn0030091	CG7065	X	9142493	9147894	4267
FBgn0030092	fh	X	9148080	9149071	923
FBgn0030093	Bap111	X	9149309	9151976	2668
FBgn0004828	His3.3B	X	9152523	9156669	2552
FBgn0014868	Ost48	X	9156929	9158515	1513
FBgn0040467	Dlip1	X	9158622	9159375	694
FBgn0040931	NdufA3	X	9159514	9160052	481
FBgn0030096	Zpr1	X	9160124	9162090	1853
FBgn0265725	CG44532	X	9162092	9163153	963
FBgn0026206	mei-P26	X	9163255	9189309	23228
FBgn0030099	CG12056	X	9192669	9193620	952
FBgn0030100	CG12106	X	9193898	9195333	1372
FBgn0030101	CG12118	X	9194750	9196414	1277
FBgn0086450	su(r)	X	9196808	9201820	3399
FBgn0086367	t	X	9217655	9223257	1975
FBgn0030108	Gr8a	X	9227137	9228827	1509
FBgn0030109	CG12121	X	9228796	9232378	2954
FBgn0052704	Ir8a	X	9232726	9236585	2811
FBgn0260789	mxc	X	9236801	9243467	6237
FBgn0260771	Larp7	X	9243817	9245925	2049
FBgn0000077	amx	X	9245915	9247336	1422
FBgn0010269	Dsor1	X	9247342	9250037	1799
FBgn0030114	CG17754	X	9250420	9255953	3415
FBgn0028292	ric8a	X	9256168	9259202	2970
FBgn0030116	CR17438	X	9259218	9260522	1305
FBgn0030117	ric8b	X	9260697	9261332	636
FBgn0052703	Erk7	X	9261376	9267698	4014
FBgn0030120	CG17440	X	9268438	9269925	1300
FBgn0030121	Cfp1	X	9270434	9272960	2404
FBgn0030122	Aladin	X	9273413	9275653	1888
FBgn0040236	c11.1	X	9275318	9283117	6204
FBgn0002576	lz	X	9284649	9303636	3468
FBgn0040235	c12.1	X	9317915	9319223	1246
FBgn0040234	c12.2	X	9319359	9324458	4444
FBgn0085478	Zdhhc8	X	9324508	9356227	6965
FBgn0085479	CG34450	X	9329016	9330487	1472
FBgn0026149	BCL7-like	X	9356634	9358594	1664
FBgn0261260	mgl	X	9358496	9500129	17674
FBgn0267253	CG32700	X	9502826	9550838	4208
FBgn0054028	CG34028	X	9511524	9512162	570
FBgn0028327	l(1)G0320	X	9551140	9553750	1943
FBgn0030136	RpS28b	X	9554623	9555661	972
FBgn0030137	CG15317	X	9555607	9556544	825
FBgn0052702	Cubn	X	9558665	9571308	11349
FBgn0052699	LPCAT	X	9571537	9579987	3378
FBgn0259741	CG42395	X	9575126	9576247	851
FBgn0001186	Hex-A	X	9585675	9589813	4139
FBgn0030141	Gga	X	9601030	9604280	2360
FBgn0264691	Lst8	X	9604154	9605969	1760
FBgn0027084	LysRS	X	9606363	9608884	2266
FBgn0261931	Hecw	X	9608946	9623243	6958
FBgn0028341	Ptpmeg2	X	9626294	9659145	7118
FBgn0030148	CG3106	X	9659095	9662903	2589
FBgn0261617	nej	X	9665442	9687066	15932
FBgn0000233	btd	X	9694186	9697558	2934
FBgn0020378	Sp1	X	9729648	9756369	4399
FBgn0030151	CG1354	X	9778742	9782094	1852
FBgn0052698	CARPB	X	9783223	9855449	8793
FBgn0266431	CG45061	X	9871098	9871702	493
FBgn0052695	CG32695	X	9872382	9874057	1613
FBgn0030158	CG9686	X	9879870	9880535	666
FBgn0030160	CG9691	X	9884442	9885044	603
FBgn0030162	CG1986	X	9908663	9911126	2167
FBgn0026415	Idgf4	X	9927973	9930948	1834
FBgn0052694	CG32694	X	9989690	10006882	5996
FBgn0288690	Dna2	X	10010481	10014279	3683
FBgn0263132	Cht6	X	10016845	10050803	16205
FBgn0005391	Yp2	X	10050951	10052636	1618
FBgn0004045	Yp1	X	10053811	10055498	1611
FBgn0030174	CG15312	X	10055629	10070868	3725
FBgn0052685	ZAP3	X	10071858	10082492	6581
FBgn0030177	CG2972	X	10083154	10085050	1838
FBgn0030178	Naxe	X	10084914	10086171	1200
FBgn0083940	RhoU	X	10086527	10148876	3114
FBgn0030183	Ypel	X	10205292	10212374	3758
FBgn0028342	ATPsyndelta	X	10212970	10217393	3817
FBgn0085437	CG34408	X	10220110	10230088	6751
FBgn0030187	CG2961	X	10231002	10233080	1938
FBgn0263220	Hk	X	10233347	10263485	10725
FBgn0040942	CG12643	X	10264233	10265263	1031
FBgn0259170	alpha-Man-Ia	X	10266792	10325958	6827
FBgn0030189	CG2909	X	10326464	10328946	2018
FBgn0011770	Gip	X	10328877	10329872	996
FBgn0028331	l(1)G0289	X	10348680	10366273	3502
FBgn0028480	CG17841	X	10368052	10384183	3091
FBgn0052686	CG32686	X	10371717	10375316	3600
FBgn0030195	CG2898	X	10375374	10376628	1255
FBgn0052681	CG32681	X	10376651	10381352	4702
FBgn0030196	Psf3	X	10383353	10385861	2380
FBgn0000711	flw	X	10385960	10409817	4276
FBgn0083167	Neb-cGP	X	10460736	10461878	987
FBgn0261710	nocte	X	10461865	10474675	10734
FBgn0030206	CG2889	X	10473938	10477201	2246
FBgn0030207	CG2887	X	10477260	10478493	1234
FBgn0030208	PPP4R2r	X	10478838	10481943	2576
FBgn0052687	CG32687	X	10482028	10487205	2803
FBgn0085443	spri	X	10490069	10585422	11001
FBgn0001206	Hmr	X	10590920	10595855	4696
FBgn0030217	CG2124	X	10596122	10599169	2782
FBgn0030218	CG1628	X	10598146	10602714	2029
FBgn0030222	CG9806	X	10623725	10627112	2914
FBgn0052677	X11Lbeta	X	10627737	10710947	10158
FBgn0030223	CG2111	X	10657680	10660671	2805
FBgn0030224	CG12637	X	10672433	10673466	1034
FBgn0052676	stx	X	10711163	10744943	7399
FBgn0003204	ras	X	10744502	10749097	2866
FBgn0030230	Rph	X	10749077	10757666	3997
FBgn0052675	Tango5	X	10760048	10764413	3578
FBgn0052672	Atg8a	X	10764878	10768338	1695
FBgn0030228	BTBD9	X	10768537	10772154	3435
FBgn0030234	CG15211	X	10772541	10778981	1424
FBgn0025111	Ant2	X	10778954	10786907	1437
FBgn0003360	sesB	X	10780893	10786958	2006
FBgn0285926	Imp	X	10787869	10824277	13650
FBgn0003321	sbr	X	10832752	10847092	3545
FBgn0040850	CG15210	X	10839230	10839895	609
FBgn0030237	CG15209	X	10842205	10842995	791
FBgn0052669	CG32669	X	10842697	10845081	2385
FBgn0030239	Pgls	X	10847438	10848534	847
FBgn0030240	CG2202	X	10848757	10852327	3363
FBgn0030241	feo	X	10852446	10854869	2424
FBgn0030242	sofe	X	10855000	10857413	2414
FBgn0030243	CG2186	X	10857655	10866246	7312
FBgn0030244	CG2157	X	10869284	10870705	1004
FBgn0030245	CG1637	X	10870594	10877893	5007
FBgn0030246	CG1582	X	10894747	10899302	4243
FBgn0264502	CG43901	X	10905767	10923436	10303
FBgn0030251	CG2145	X	10927399	10929712	2045
FBgn0263705	Myo10A	X	10930840	10964046	13273
FBgn0030257	SmydA-4	X	11044756	11049540	2446
FBgn0003366	sev	X	11071441	11086299	8171
FBgn0030262	Vago	X	11089290	11090219	796
FBgn0030263	CG2076	X	11090210	11092098	1491
FBgn0027498	CG2061	X	11092492	11094947	2339
FBgn0259101	CG42249	X	11096273	11108148	2648
FBgn0015245	Hsp60A	X	11108482	11112308	2480
FBgn0030266	CG11122	X	11112395	11124726	12204
FBgn0028686	Rpt3	X	11125101	11126785	1553
FBgn0010391	SrpRalpha	X	11126877	11129087	2056
FBgn0030268	Klp10A	X	11129362	11137118	5150
FBgn0265535	CG44385	X	11131340	11132412	1073
FBgn0030269	CDK2AP1	X	11137859	11139689	1831
FBgn0052667	ssp7	X	11139762	11140263	368
FBgn0030270	CG15199	X	11140474	11141835	664
FBgn0030271	CG15202	X	11142541	11143755	863
FBgn0030272	CG15201	X	11144120	11144809	489
FBgn0020255	Ran	X	11144852	11148716	1898
FBgn0030274	Lint-1	X	11149323	11152592	2656
FBgn0261277	rtv	X	11152484	11153990	1273
FBgn0030276	Dlic	X	11154421	11164670	3811
FBgn0052668	CG32668	X	11156676	11159760	2676
FBgn0026268	Antdh	X	11168030	11169058	950
FBgn0265595	CG44422	X	11219379	11302783	8383
FBgn0001491	l(1)10Bb	X	11324294	11325308	934
FBgn0030286	Gapvd1	X	11325385	11334071	5830
FBgn0028421	Kap3	X	11334187	11340084	4162
FBgn0085377	CG34348	X	11339873	11344734	2190
FBgn0030289	GCS1	X	11344506	11348001	3430
FBgn0030291	CG1738	X	11349049	11349847	799
FBgn0030292	NdufV3	X	11349998	11350474	477
FBgn0030293	CG1737	X	11350608	11355539	4519
FBgn0000499	dsh	X	11355881	11358724	2844
FBgn0287454	Pa1	X	11359236	11360929	1628
FBgn0004864	hop	X	11360930	11368098	5055
FBgn0027359	Tim8	X	11368445	11369283	761
FBgn0001624	dlg1	X	11369665	11409776	11505
FBgn0030296	CG15196	X	11409947	11411667	1587
FBgn0030297	Gr10b	X	11411783	11413190	1251
FBgn0030298	Or10a	X	11413467	11417422	2819
FBgn0045502	Gr10a	X	11413467	11417422	2819
FBgn0001145	Gs2	X	11422832	11430197	2231
FBgn0262740	Evi5	X	11430523	11454386	6299
FBgn0030300	Sk1	X	11442539	11446012	2852
FBgn0030301	HP5	X	11454786	11459227	3887
FBgn0262685	CG43155	X	11459786	11476504	1762
FBgn0030305	Uba5	X	11483518	11485060	1432
FBgn0030306	Spase25	X	11485250	11486566	1188
FBgn0052666	Drak	X	11493135	11555045	4847
FBgn0030309	CG1572	X	11555050	11558654	1291
FBgn0030310	PGRP-SA	X	11561643	11562779	1018
FBgn0003277	Polr2A	X	11562800	11570326	6736
FBgn0030311	CG11699	X	11570621	11571718	760
FBgn0027259	Kmn1	X	11571383	11572442	1002
FBgn0030313	Reepl1	X	11572707	11573640	934
FBgn0030314	CG11696	X	11573731	11576152	2235
FBgn0000618	e(y)2	X	11576118	11576620	503
FBgn0030316	CG11695	X	11576883	11578806	1800
FBgn0002948	nod	X	11580772	11585750	2449
FBgn0030317	pkm	X	11581957	11584175	2160
FBgn0262853	CR43217	X	11586228	11586944	651
FBgn0262852	CR43216	X	11587283	11589173	1188
FBgn0262851	CR43215	X	11589376	11591266	1188
FBgn0262850	CR43214	X	11591469	11593359	1188
FBgn0262849	CR43213	X	11593562	11595452	1188
FBgn0262848	CR43212	X	11595655	11597545	1188
FBgn0262847	CR43211	X	11597748	11599638	1188
FBgn0030318	rho-4	X	11599838	11606288	2345
FBgn0030319	CG2533	X	11603243	11604194	772
FBgn0030320	CG2247	X	11606290	11611652	3767
FBgn0030321	CG1703	X	11611927	11615128	3059
FBgn0288833	RPA3	X	11615097	11615840	673
FBgn0002723	Met	X	11616124	11621280	5088
FBgn0004370	Ptp10D	X	11622015	11677338	8708
FBgn0030323	Vlet	X	11677344	11678589	1246
FBgn0014133	bif	X	11678970	11694740	8842
FBgn0011754	PhKgamma	X	11695137	11704394	3300
FBgn0030326	CG2444	X	11704310	11705300	913
FBgn0030327	FucT6	X	11706575	11709951	2795
FBgn0030328	Amun	X	11710120	11715565	4444
FBgn0030329	prtp	X	11716756	11719894	2073
FBgn0030330	Tango10	X	11720245	11723854	3247
FBgn0030331	CG15221	X	11724246	11736617	2494
FBgn0259918	inaF-B	X	11724668	11732770	3113
FBgn0085350	inaF-C	X	11726390	11731765	1590
FBgn0085351	inaF-A	X	11726390	11733895	1274
FBgn0002577	m	X	11754273	11769508	3405
FBgn0030332	CG9360	X	11763474	11764590	1035
FBgn0004511	dy	X	11769769	11778784	4075
FBgn0030334	Karl	X	11787381	11792253	2730
FBgn0000259	CkIIbeta	X	11792533	11801587	5705
FBgn0001218	Hsc70-3	X	11801696	11807117	3589
FBgn0030336	CG1578	X	11808506	11816551	4720
FBgn0266019	rudhira	X	11816898	11837460	12060
FBgn0030338	CG15741	X	11837543	11838026	484
FBgn0030339	Cyp28c1	X	11839608	11841503	1665
FBgn0030340	CG15740	X	11842662	11846099	3265
FBgn0030341	p24-1	X	11850909	11852530	1541
FBgn0030342	CG10347	X	11852692	11854931	2117
FBgn0030343	ATP7	X	11855022	11864754	5157
FBgn0030344	Nrd1	X	11864651	11868893	4054
FBgn0030345	CG1847	X	11869170	11871168	1776
FBgn0030346	BORCS5	X	11871299	11872779	1481
FBgn0030347	CG15739	X	11873319	11875346	1529
FBgn0030348	CG10352	X	11875306	11877168	1491
FBgn0030349	CG10353	X	11877737	11887162	5037
FBgn0030350	SelG	X	11887284	11888240	827
FBgn0030351	CG1840	X	11888352	11889186	719
FBgn0030352	sicily	X	11891732	11893745	1385
FBgn0260780	wisp	X	11893943	11899920	5320
FBgn0030354	Upf1	X	11899996	11905371	5187
FBgn0250871	pot	X	11907409	11917260	4354
FBgn0030357	Sclp	X	11920004	11924662	2076
FBgn0030358	Pdzd8	X	11926424	11930850	3776
FBgn0263111	cac	X	11931280	11985087	11923
FBgn0000808	gd	X	11985154	11987764	2261
FBgn0003865	tsg	X	11988062	11988948	887
FBgn0030359	CG18130	X	11990118	11992768	2344
FBgn0001083	fw	X	11992915	12003914	4698
FBgn0030360	CG1806	X	12007176	12009904	1648
FBgn0030361	CG1492	X	12009711	12012211	2289
FBgn0030362	regucalcin	X	12012377	12017375	1708
FBgn0043001	Chrac-16	X	12017225	12017961	737
FBgn0030364	Lsm12a	X	12018640	12020719	1251
FBgn0030365	Tango4	X	12021068	12022746	1620
FBgn0030366	Usp7	X	12022837	12029032	5642
FBgn0030367	Cyp311a1	X	12029754	12031465	1523
FBgn0030369	Cyp318a1	X	12032632	12035283	1885
FBgn0267001	Ten-a	X	12043698	12335214	17049
FBgn0052656	Muc11A	X	12059795	12065144	4865
FBgn0085352	CG34323	X	12070437	12071263	772
FBgn0030373	moon	X	12072008	12072818	811
FBgn0030377	CG1924	X	12176440	12178626	2187
FBgn0052655	CG32655	X	12234562	12235877	1250
FBgn0287828	Pkcdelta	X	12432224	12453650	8063
FBgn0030390	CG15731	X	12456409	12457763	1180
FBgn0030391	Rab40	X	12459796	12463112	1725
FBgn0259143	CG42258	X	12463528	12478431	4159
FBgn0030394	Cpr11A	X	12486970	12489448	1326
FBgn0030396	mdu	X	12497188	12516565	2304
FBgn0264542	hwt	X	12516634	12568452	9735
FBgn0030400	Pits	X	12569169	12583193	5853
FBgn0283712	LIMK1	X	12584385	12592193	5814
FBgn0030403	CG1824	X	12592555	12595624	2509
FBgn0052654	Sec16	X	12596047	12609910	9707
FBgn0030406	CG1463	X	12609977	12611667	1585
FBgn0030407	Fpgs1	X	12611867	12615530	2123
FBgn0030410	Aven	X	12628370	12629640	1207
FBgn0030411	CG2540	X	12629878	12631111	1234
FBgn0030412	Tomosyn	X	12631605	12653442	6345
FBgn0015024	CkIalpha	X	12653626	12657834	3369
FBgn0011837	Tis11	X	12659415	12682560	5015
FBgn0265523	Smr	X	12684203	12742618	15579
FBgn0030417	CG15725	X	12705854	12708841	2853
FBgn0030418	CG4004	X	12744212	12749785	4610
FBgn0020513	Paics	X	12757036	12760617	2550
FBgn0030420	pira	X	12760642	12763611	2970
FBgn0030421	Agpat1	X	12765266	12772851	3904
FBgn0052647	CG32647	X	12771844	12784958	6004
FBgn0259171	Pde9	X	12785563	12897327	12700
FBgn0030425	Nep6	X	12801661	12804232	2572
FBgn0052650	CG32650	X	12897503	12898669	1167
FBgn0052649	Coq8	X	12898768	12901114	2280
FBgn0030431	Flad1	X	12901353	12903516	1423
FBgn0030432	CG4404	X	12903745	12906018	1696
FBgn0030433	mRpL49	X	12907105	12907942	774
FBgn0030434	Brms1	X	12907986	12909622	1323
FBgn0030435	CG4645	X	12909953	12912070	1694
FBgn0086675	fne	X	12917477	12950417	9561
FBgn0030438	CG15721	X	12970711	12973967	2804
FBgn0265597	rsh	X	12988615	13079070	10101
FBgn0010303	hep	X	13079205	13090434	6215
FBgn0261524	lic	X	13091145	13093986	1951
FBgn0030447	CG2200	X	13094299	13095732	1224
FBgn0263005	Chpf	X	13095571	13112462	4326
FBgn0250862	CG42237	X	13115131	13123066	1512
FBgn0052638	CG32638	X	13122876	13128794	1573
FBgn0030451	CG15717	X	13128952	13134565	3649
FBgn0030452	MFS10	X	13129018	13134839	3789
FBgn0052645	CG32645	X	13139199	13153462	3537
FBgn0030456	CG4332	X	13155038	13157372	2256
FBgn0025463	Bap60	X	13157445	13159508	1936
FBgn0030457	CG12096	X	13159604	13162854	3195
FBgn0085440	Lgr4	X	13161714	13189164	2975
FBgn0052640	CG32640	X	13178005	13178523	466
FBgn0052641	CG32641	X	13184478	13184996	466
FBgn0030459	CG12723	X	13189643	13191883	2113
FBgn0030460	Coq5	X	13193094	13194551	1347
FBgn0265630	sno	X	13195499	13211674	6315
FBgn0265629	CG44437	X	13201170	13202262	1093
FBgn0029133	REG	X	13212325	13214408	1830
FBgn0004456	mew	X	13214409	13258490	5204
FBgn0052639	CG32639	X	13235925	13236566	642
FBgn0030462	CG15742	X	13257392	13258495	1069
FBgn0000346	comt	X	13259021	13262488	3087
FBgn0041210	HDAC4	X	13262687	13285632	7219
FBgn0030465	CG15743	X	13285707	13287741	1959
FBgn0030466	Remo	X	13288051	13294433	6261
FBgn0030467	CG1764	X	13294473	13302415	1780
FBgn0030468	CG1622	X	13297082	13299910	1998
FBgn0283680	IP3K2	X	13303633	13329303	5424
FBgn0040309	Prx2	X	13329824	13331994	1464
FBgn0010198	RpS15Aa	X	13335637	13337705	944
FBgn0030474	CG15747	X	13338318	13341009	2626
FBgn0261085	Syt12	X	13359248	13368179	4823
FBgn0030477	dmrt11E	X	13368191	13370472	1282
FBgn0030478	CG1640	X	13370606	13380160	3058
FBgn0030479	Rbp1-like	X	13380166	13384877	3330
FBgn0030480	Tim9a	X	13385210	13385893	516
FBgn0288857	Ype	X	13385914	13387417	1293
FBgn0030481	CG1662	X	13387563	13389332	1770
FBgn0030482	Bcat	X	13396899	13401224	2510
FBgn0030483	CG12725	X	13401839	13402863	1025
FBgn0030484	GstT4	X	13404749	13409323	1220
FBgn0030485	CG1998	X	13409369	13413074	1933
FBgn0030486	Set2	X	13413242	13421024	7583
FBgn0265416	Neto	X	13445903	13527282	8256
FBgn0085353	CG34324	X	13456534	13457663	1035
FBgn0086674	Tpst	X	13563823	13593224	6230
FBgn0284227	CG46311	X	13563823	13590570	3344
FBgn0004169	up	X	13593474	13602578	2530
FBgn0030499	CG11178	X	13605681	13609529	3279
FBgn0030500	Ndc80	X	13609671	13612062	2200
FBgn0030501	BthD	X	13612131	13613228	977
FBgn0030502	tth	X	13613193	13616586	3138
FBgn0030503	Tango2	X	13616989	13619207	1622
FBgn0030504	CG2691	X	13619276	13624408	4545
FBgn0030505	NFAT	X	13624745	13664568	10064
FBgn0030506	DNAlig4	X	13664584	13667811	3040
FBgn0030507	CG11164	X	13668014	13669573	1488
FBgn0030508	CG15760	X	13669699	13676232	4588
FBgn0030509	CG11162	X	13676894	13677882	919
FBgn0030510	CG12177	X	13677899	13680500	1907
FBgn0030511	CG11158	X	13682952	13684616	1608
FBgn0030512	Nadsyn	X	13684380	13718285	4612
FBgn0265726	Nna1	X	13692292	13717835	8748
FBgn0030514	Mrgn1	X	13718734	13721977	3113
FBgn0002878	mus101	X	13722246	13727113	4868
FBgn0001087	g	X	13727204	13736278	4404
FBgn0001612	Grip91	X	13736570	13744683	3571
FBgn0030518	CG11134	X	13737942	13739177	948
FBgn0030519	CG11151	X	13739744	13741952	1104
FBgn0030520	Pdcd4	X	13745577	13755406	3431
FBgn0052625	CG32625	X	13756164	13756826	595
FBgn0020909	Rtc1	X	13757179	13758598	1301
FBgn0004047	Yp3	X	13759546	13761547	1868
FBgn0003218	rdgB	X	13762752	13779488	9281
FBgn0030521	CtsB	X	13779847	13782170	1594
FBgn0030522	amrt	X	13782459	13783381	923
FBgn0261244	inaE	X	13783714	13811493	7128
FBgn0030524	CG10993	X	13790338	13791111	715
FBgn0030525	CG10996	X	13796389	13797638	1250
FBgn0030528	CG11095	X	13811684	13812870	1121
FBgn0030529	Clic	X	13812971	13822307	1839
FBgn0027537	Nup93-1	X	13822826	13825910	2786
FBgn0030530	jub	X	13826041	13830317	2938
FBgn0052626	AMPdeam	X	13830741	13845866	6364
FBgn0267033	mamo	X	13846116	13990527	29476
FBgn0030536	CG11068	X	13955236	13956574	1270
FBgn0000173	ben	X	13996345	13999805	2072
FBgn0044817	Ste12DOR	X	14000210	14000889	563
FBgn0053247	Ste:CG33247	X	14046772	14047495	607
FBgn0053245	Ste:CG33245	X	14049280	14050003	607
FBgn0053244	Ste:CG33244	X	14050549	14051272	607
FBgn0053243	Ste:CG33243	X	14051818	14052541	607
FBgn0053242	Ste:CG33242	X	14053087	14053811	604
FBgn0053241	Ste:CG33241	X	14054357	14055080	607
FBgn0053240	Ste:CG33240	X	14055626	14056349	607
FBgn0053239	Ste:CG33239	X	14056895	14057618	607
FBgn0053238	Ste:CG33238	X	14058164	14058889	608
FBgn0053237	Ste:CG33237	X	14059434	14060157	607
FBgn0053236	Ste:CG33236	X	14060702	14061817	999
FBgn0030544	CG13403	X	14191220	14192018	645
FBgn0030545	CG11590	X	14200178	14200907	730
FBgn0026713	Prp16	X	14201362	14224732	4063
FBgn0040153	l(1)G0469	X	14203961	14211457	3709
FBgn0030551	CG11674	X	14224647	14225879	1172
FBgn0030552	mRpL38	X	14226289	14227949	1399
FBgn0259166	CG42271	X	14228060	14234066	4862
FBgn0030555	Fbxl4	X	14234413	14237923	2894
FBgn0030554	Dus2	X	14237988	14240152	2037
FBgn0030556	mRNA-cap	X	14240266	14242822	2243
FBgn0260482	CG32599	X	14243686	14246514	1233
FBgn0002873	mud	X	14247732	14258595	8895
FBgn0030558	Tat	X	14261223	14265379	2509
FBgn0284233	CG46317	X	14261223	14264844	1974
FBgn0030559	CG13404	X	14264737	14266250	1367
FBgn0002917	na	X	14266367	14277416	7875
FBgn0052602	Muc12Ea	X	14277735	14288161	10181
FBgn0030562	CG9400	X	14288084	14289393	1156
FBgn0030569	CG9411	X	14472408	14480086	3684
FBgn0030571	CG14414	X	14580600	14582174	911
FBgn0030572	mRpS25	X	14582136	14582982	641
FBgn0030573	nmdyn-D6	X	14583677	14584616	864
FBgn0030574	sbm	X	14584733	14602580	3574
FBgn0030575	CG5321	X	14679568	14681418	1780
FBgn0015774	NetB	X	14686038	14749376	8168
FBgn0262534	CG43088	X	14702358	14703654	1185
FBgn0266710	hog	X	14718273	14718942	611
FBgn0030576	CG15890	X	14757531	14765787	2705
FBgn0030577	CG5334	X	14775308	14776299	992
FBgn0015010	Ag5r	X	14784664	14786551	1760
FBgn0003301	rut	X	14787478	14826073	9618
FBgn0030581	CG14408	X	14826867	14832033	3702
FBgn0030582	CG14411	X	14832647	14836262	3433
FBgn0030583	CG14410	X	14836725	14837330	606
FBgn0030584	Grx5	X	14837471	14838198	668
FBgn0052590	CG32590	X	14838352	14839106	699
FBgn0264078	Flo2	X	14839376	14933946	5053
FBgn0030586	CG12539	X	14842617	14844757	2085
FBgn0030587	CG9522	X	14846472	14848808	2191
FBgn0030588	CG9521	X	14851005	14853269	2265
FBgn0030589	CG9519	X	14854328	14856361	2034
FBgn0030590	CG9518	X	14862989	14871181	3952
FBgn0266434	CG45064	X	14875370	14882586	3359
FBgn0266435	CG45065	X	14875370	14882586	3359
FBgn0030592	CG9514	X	14885952	14896891	3099
FBgn0030593	CG9512	X	14901844	14905549	2221
FBgn0030594	fiz	X	14906334	14909708	2980
FBgn0030595	CG14406	X	14909873	14910845	667
FBgn0030596	CG12398	X	14911781	14913812	1979
FBgn0030597	Eo	X	14916756	14918800	2045
FBgn0030598	CG9503	X	14919252	14923493	2524
FBgn0052591	CG32591	X	14927202	14928944	1743
FBgn0027601	pdgy	X	14933670	14953532	3474
FBgn0030599	CG9030	X	14954123	14955100	815
FBgn0000535	eag	X	14955477	15009989	10636
FBgn0030600	hiw	X	15010137	15063429	16734
FBgn0052594	be	X	15024436	15042060	4288
FBgn0030603	CG5541	X	15044123	15051842	2514
FBgn0030605	ND-B18	X	15063733	15064926	1129
FBgn0264389	opm	X	15064836	15066432	1533
FBgn0030607	dob	X	15067007	15069091	1855
FBgn0053177	CG33177	X	15081367	15082369	862
FBgn0053178	CG33178	X	15082827	15084017	861
FBgn0030610	Cox17	X	15084029	15084699	521
FBgn0030611	CG15027	X	15085159	15085827	602
FBgn0030612	Dbct	X	15086125	15088629	1872
FBgn0030613	Rab3-GEF	X	15089682	15113762	8719
FBgn0030615	Cyp4s3	X	15113302	15116542	2288
FBgn0260006	drd	X	15125753	15137311	3280
FBgn0030616	RpL37-1	X	15137870	15139367	1296
FBgn0263994	CG43737	X	15175441	15189931	8126
FBgn0030625	CG5877	X	15293031	15297169	3838
FBgn0261703	gce	X	15297766	15319074	5809
FBgn0004924	Top1	X	15319479	15328029	6250
FBgn0015926	dah	X	15328342	15331002	2353
FBgn0030628	CG9114	X	15330784	15333154	2315
FBgn0026428	HDAC6	X	15333310	15340360	5251
FBgn0030629	CG9123	X	15340373	15342117	1592
FBgn0030630	CG12608	X	15342857	15344625	1616
FBgn0030631	Prp5	X	15345169	15350021	4251
FBgn0000028	acj6	X	15350239	15379064	4433
FBgn0030634	CG9164	X	15380371	15385441	4688
FBgn0263257	Cngl	X	15386038	15441252	14670
FBgn0040285	Scamp	X	15446179	15449883	2813
FBgn0014455	Ahcy	X	15450261	15453167	2119
FBgn0030638	CG11655	X	15453471	15455551	1720
FBgn0004391	shtd	X	15455544	15462441	6481
FBgn0030640	CG6294	X	15462722	15466812	3153
FBgn0030641	CG6299	X	15462722	15466812	3018
FBgn0030642	CG15642	X	15466184	15467757	1489
FBgn0030643	CG15641	X	15467891	15468303	413
FBgn0026433	Grip128	X	15468281	15472119	3484
FBgn0030645	Alg14	X	15472164	15472859	696
FBgn0267977	mh	X	15472804	15475400	2349
FBgn0030647	CG6324	X	15476091	15481722	3584
FBgn0030648	CG6340	X	15482374	15486612	3154
FBgn0027287	Gmap	X	15486922	15511223	6109
FBgn0022710	Ac13E	X	15510877	15554278	8129
FBgn0259196	CG42300	X	15555253	15556045	726
FBgn0030653	CG7860	X	15568993	15570369	1377
FBgn0030654	CG15643	X	15570380	15572149	1692
FBgn0030655	CG9213	X	15572076	15574535	2342
FBgn0259195	CG42299	X	15574947	15575683	679
FBgn0262163	betaNACtes5	X	15576355	15576964	610
FBgn0030657	cerv	X	15576986	15578171	1141
FBgn0030658	CG7872	X	15578205	15579857	1653
FBgn0030659	CG9215	X	15580930	15582874	1945
FBgn0030660	CG8097	X	15583159	15585249	1903
FBgn0030662	Chsy	X	15585289	15593534	3912
FBgn0030661	Alp11	X	15587733	15589365	1569
FBgn0003463	sog	X	15603283	15633434	6442
FBgn0030663	CG8117	X	15644222	15644991	770
FBgn0030664	CG8119	X	15662585	15663319	735
FBgn0030665	CG15646	X	15667885	15671029	2044
FBgn0030666	CG12708	X	15675476	15677737	1702
FBgn0030667	CG15599	X	15684947	15688857	3692
FBgn0030668	CG8128	X	15697494	15700034	1820
FBgn0030669	CG9240	X	15700172	15701259	991
FBgn0030670	Pis	X	15701451	15703770	1652
FBgn0030671	Hap40	X	15704125	15705806	1496
FBgn0030672	CG9281	X	15705806	15710539	3267
FBgn0030673	CG15601	X	15710647	15712309	1611
FBgn0030674	HUWE1	X	15712628	15731935	16799
FBgn0030675	CG8191	X	15732178	15733663	1486
FBgn0030676	CG12379	X	15733222	15733996	618
FBgn0026666	MagR	X	15734270	15735780	783
FBgn0011741	Arp6	X	15735774	15737120	1347
FBgn0030678	CG11679	X	15737493	15738954	1462
FBgn0030679	CG8206	X	15739230	15740417	1188
FBgn0030680	CG8944	X	15741343	15746231	4350
FBgn0027329	CCT6	X	15746648	15748971	1924
FBgn0030683	Mvd	X	15749166	15751737	2055
FBgn0030685	Graf	X	15751674	15760733	4485
FBgn0030684	CG8260	X	15756318	15757767	1367
FBgn0030686	mRpL3	X	15761248	15762663	1243
FBgn0030687	Polr3A	X	15762956	15769514	4420
FBgn0030688	CG8952	X	15765470	15766445	902
FBgn0053172	CG33172	X	15769664	15772985	3205
FBgn0263747	CG43672	X	15772963	15778774	5174
FBgn0263748	CG43673	X	15779146	15780214	881
FBgn0030691	Efhc1.1	X	15780398	15783710	2559
FBgn0025809	Paf-AHalpha	X	15784009	15785583	1507
FBgn0030692	mRpS30	X	15786047	15788288	2078
FBgn0026374	Rhp	X	15788897	15793632	2536
FBgn0030693	sordd1	X	15793721	15796028	1817
FBgn0052581	sordd2	X	15796908	15799162	1428
FBgn0030694	CG15602	X	15799426	15800961	1342
FBgn0030695	PGRP-LE	X	15801153	15803880	2073
FBgn0003345	sd	X	15804370	15827682	8766
FBgn0030696	CG8509	X	15809555	15810947	1393
FBgn0000319	Chc	X	15827986	15835490	6008
FBgn0030697	CG8565	X	15837830	15841160	2646
FBgn0027093	ArgRS	X	15841769	15844145	2135
FBgn0030699	CG8578	X	15844476	15847858	1883
FBgn0014391	sun	X	15847859	15849258	450
FBgn0026076	UBL3	X	15849731	15853175	2261
FBgn0030700	CG15914	X	15853421	15854970	1422
FBgn0002914	Myb	X	15854832	15857823	2928
FBgn0287210	CG46440	X	15854857	15857823	2903
FBgn0065035	AlkB	X	15858134	15859487	1241
FBgn0001105	Gbeta13F	X	15860115	15866175	5605
FBgn0001092	Gapdh2	X	15868145	15869661	1443
FBgn0030701	CG16952	X	15870183	15875607	4117
FBgn0260938	tay	X	15876368	15887311	8676
FBgn0030703	MSBP	X	15887567	15890109	1503
FBgn0030704	CG15916	X	15890589	15891547	959
FBgn0003392	shi	X	15892116	15906716	5989
FBgn0010315	CycD	X	15906822	15909676	2453
FBgn0030706	Lrp4	X	15910870	15921013	7733
FBgn0010240	Lcch3	X	15925105	15928529	1903
FBgn0053180	Ranbp16	X	15927185	15933867	4743
FBgn0045073	Stim	X	15934495	15940451	2973
FBgn0030710	CG8924	X	15941077	15944449	2575
FBgn0030711	Rrp47	X	15944897	15946249	1285
FBgn0259110	mmd	X	15946936	15973159	7792
FBgn0030715	Or13a	X	15974425	15976706	1257
FBgn0261834	CG42766	X	15976868	15977660	732
FBgn0030716	Cep164	X	15977967	15982944	4399
FBgn0030717	Slc25A46a	X	15983772	15985405	1454
FBgn0030718	ND-20	X	15985473	15986808	1336
FBgn0030719	eIF5	X	15987008	15991974	3203
FBgn0284228	CG46312	X	15987166	15991974	2588
FBgn0000611	exd	X	15992468	15996509	3302
FBgn0030720	CG8939	X	15997016	15999698	2622
FBgn0003969	vap	X	15999951	16005812	4457
FBgn0030721	CG12698	X	16006147	16008721	1906
FBgn0052580	Muc14A	X	16009114	16061722	48733
FBgn0030722	CG12395	X	16061902	16062898	997
FBgn0030723	dpr18	X	16063738	16070304	2630
FBgn0030724	Nipsnap	X	16070365	16073568	1543
FBgn0028397	Tob	X	16074717	16091495	8222
FBgn0030725	CG8958	X	16083232	16085751	2006
FBgn0259699	CG42353	X	16093059	16104946	6153
FBgn0259700	CG42354	X	16093059	16104946	6350
FBgn0285879	disco-r	X	16118067	16148977	7442
FBgn0040207	kat80	X	16267007	16276180	3350
FBgn0030731	Mfe2	X	16270951	16273815	2262
FBgn0004066	Prosalpha4	X	16276270	16277587	1176
FBgn0000536	eas	X	16278328	16285618	4627
FBgn0052576	CG32576	X	16285953	16288533	1709
FBgn0030733	UQCR-14	X	16286288	16286988	523
FBgn0285954	caz	X	16288810	16293520	1666
FBgn0030734	ERp44	X	16293853	16297718	1745
FBgn0030735	CG3632	X	16296671	16303308	4355
FBgn0027521	CG3679	X	16303870	16307377	3215
FBgn0286508	Had1	X	16306912	16308667	1445
FBgn0030738	CG9915	X	16309817	16313138	3003
FBgn0030739	SWIP	X	16313709	16317750	3558
FBgn0004432	Cyp1	X	16317673	16320370	1227
FBgn0030740	CG9917	X	16321431	16323231	1801
FBgn0052579	CG32579	X	16323286	16325768	1474
FBgn0260450	CalpC	X	16325763	16328523	2687
FBgn0030742	CG9919	X	16328437	16330759	1647
FBgn0030743	CG9921	X	16331281	16333600	985
FBgn0278608	Dsp1	X	16333612	16340624	4860
FBgn0003416	sl	X	16350315	16356482	5678
FBgn0005411	U2af50	X	16356696	16359039	1646
FBgn0086448	PIG-Q	X	16359143	16361275	1704
FBgn0004227	nonA	X	16361569	16371547	8029
FBgn0004598	Fur2	X	16373086	16381782	6474
FBgn0030744	CG9992	X	16381954	16384908	1768
FBgn0030745	CG4239	X	16385278	16388702	2236
FBgn0010416	TH1	X	16388820	16391438	2297
FBgn0004367	mei-41	X	16391698	16399850	7899
FBgn0030746	CG9981	X	16399782	16405122	4100
FBgn0030747	CG4301	X	16405509	16414651	6107
FBgn0030748	Traf-like	X	16415046	16417585	2356
FBgn0030749	AnxB11	X	16416958	16422265	2976
FBgn0026575	hang	X	16422831	16438454	8763
FBgn0030752	Cdc50	X	16438680	16441296	1820
FBgn0030753	rngo	X	16441433	16445367	2336
FBgn0261609	eIF2alpha	X	16445176	16446993	1519
FBgn0054015	CG34015	X	16447568	16448302	594
FBgn0262734	eIF4H1	X	16448665	16454972	4430
FBgn0285944	para	X	16455027	16533096	16309
FBgn0264077	Cnx14D	X	16522967	16525415	2449
FBgn0030756	CG9903	X	16539153	16540852	1628
FBgn0030757	CG9902	X	16542124	16547520	5059
FBgn0011742	Arp2	X	16548290	16553968	2729
FBgn0011826	Pp2B-14D	X	16554627	16560016	5390
FBgn0267912	CanA-14F	X	16560684	16587172	8258
FBgn0030759	CG13014	X	16587873	16588930	1058
FBgn0015615	SMC3	X	16588996	16593439	4020
FBgn0267384	Ubc7	X	16593677	16595867	1886
FBgn0030761	CG9784	X	16595136	16599215	3424
FBgn0061200	Nup153	X	16599241	16610459	8065
FBgn0025743	mbt	X	16610685	16614856	3269
FBgn0030763	CG9782	X	16615028	16621589	1406
FBgn0026181	Rok	X	16624012	16637414	7385
FBgn0030764	CG9777	X	16630673	16632235	1499
FBgn0010412	RpS19a	X	16637894	16639249	1254
FBgn0261791	SNRPG	X	16639810	16640419	483
FBgn0030766	mthl1	X	16640968	16650309	5083
FBgn0052573	CG32573	X	16651376	16653275	1782
FBgn0260238	CG42512	X	16651376	16653275	1814
FBgn0030768	Nemp	X	16653220	16655015	1729
FBgn0003189	r	X	16655359	16668712	7126
FBgn0015336	CG15865	X	16660898	16664455	3429
FBgn0030769	CG13012	X	16668818	16676753	1358
FBgn0030770	CG13010	X	16678265	16678945	681
FBgn0261245	sing	X	16679297	16681784	2271
FBgn0000152	Axs	X	16680089	16683895	2575
FBgn0259923	Septin4	X	16684216	16695173	3370
FBgn0030778	CG4678	X	16696131	16711145	2325
FBgn0085354	CG34325	X	16714449	16721411	1252
FBgn0052572	CG32572	X	16721183	16726948	2264
FBgn0001250	if	X	16752189	16783434	6011
FBgn0030786	mRpL22	X	16783933	16785092	973
FBgn0030787	CG9609	X	16785115	16787008	1834
FBgn0030788	Sap30	X	16787283	16789644	1994
FBgn0030789	Rrp45	X	16789405	16791266	1647
FBgn0030790	CG4768	X	16792119	16797742	3669
FBgn0030791	CG9132	X	16796902	16800710	2747
FBgn0030792	CG4789	X	16800930	16802000	942
FBgn0030793	Rai1	X	16801929	16803344	1329
FBgn0030794	CG13005	X	16803650	16805754	2027
FBgn0030795	ppk28	X	16806068	16808515	2190
FBgn0030796	CG4829	X	16811699	16826494	3457
FBgn0030797	CG13004	X	16826681	16835520	2394
FBgn0284222	CG46306	X	16826681	16835520	2234
FBgn0024941	RSG7	X	16838173	16844433	5496
FBgn0030798	CG13003	X	16844807	16876544	6193
FBgn0030799	CG4872	X	16881347	16882790	1283
FBgn0030800	Nprl2	X	16882509	16884365	1707
FBgn0030801	Polr3I	X	16884581	16886612	1393
FBgn0030802	DENR	X	16885546	16886560	761
FBgn0030803	CG4880	X	16886818	16888729	1700
FBgn0027556	CG4928	X	16913180	16938209	4520
FBgn0030805	wus	X	16938244	16940873	2118
FBgn0030806	CG13001	X	16941086	16942871	1786
FBgn0030808	RhoGAP15B	X	16943290	16956234	6046
FBgn0030807	CG13000	X	16947964	16948471	508
FBgn0030809	Ubr1	X	16956232	16968679	7096
FBgn0266354	CG45002	X	16969069	17066732	8250
FBgn0030812	wcy	X	17068717	17077897	5734
FBgn0030813	CG4949	X	17078836	17081237	2343
FBgn0030815	CG8945	X	17080423	17087675	4356
FBgn0030814	CG4955	X	17081447	17083356	1838
FBgn0030816	CG16700	X	17091854	17098488	2433
FBgn0065032	Arpc3B	X	17104571	17105852	786
FBgn0260748	CG5004	X	17107582	17135988	5665
FBgn0002709	mei-218	X	17135985	17142990	6310
FBgn0028581	mei-217	X	17136578	17142990	5005
FBgn0002590	RpS5a	X	17143588	17148264	1386
FBgn0260747	Chchd2	X	17149001	17150647	1290
FBgn0286809	xmas	X	17151231	17159306	7764
FBgn0000163	baz	X	17160006	17200728	10881
FBgn0030826	CG12995	X	17209368	17209997	630
FBgn0030828	CG5162	X	17215304	17217365	1533
FBgn0262111	f	X	17232942	17280964	9191
FBgn0030833	CG8915	X	17240468	17245001	4371
FBgn0262101	CG42854	X	17245353	17247016	1477
FBgn0030834	CG8675	X	17248372	17249502	1071
FBgn0030838	CG5445	X	17282496	17305475	2416
FBgn0030837	CG8661	X	17283762	17284500	677
FBgn0024238	Fim	X	17285704	17301929	4258
FBgn0004854	B-H2	X	17314581	17324175	3142
FBgn0027602	CG8611	X	17413267	17422145	4445
FBgn0030839	ENGase	X	17423591	17428735	2235
FBgn0030841	CG8568	X	17448990	17452543	2647
FBgn0263706	CG43658	X	17456169	17561180	12257
FBgn0028343	Ankle2	X	17571854	17579229	4080
FBgn0030847	CG12991	X	17579861	17599314	2872
FBgn0030846	CG12992	X	17588865	17591706	1875
FBgn0026313	X11L	X	17599608	17606879	5719
FBgn0030850	stas	X	17623221	17627895	3148
FBgn0030851	CG8326	X	17628164	17629492	1260
FBgn0267967	corolla	X	17629791	17632047	1984
FBgn0030853	ND-24	X	17632089	17633509	1064
FBgn0030854	CG8289	X	17633691	17636044	1770
FBgn0030855	CG5800	X	17636281	17639003	2647
FBgn0026375	RhoGAPp190	X	17639147	17652562	8125
FBgn0030858	IntS2	X	17652761	17656818	3668
FBgn0250788	beta-Spec	X	17657372	17669371	7896
FBgn0030859	CG12990	X	17669208	17671888	2330
FBgn0263258	chas	X	17672458	17698730	7304
FBgn0030863	CG8188	X	17698917	17703024	3544
FBgn0026192	par-6	X	17703352	17707096	3032
FBgn0030864	CG8173	X	17707401	17709653	1643
FBgn0261570	raskol	X	17710144	17752007	9647
FBgn0030869	Socs16D	X	17820764	17827564	4906
FBgn0030870	CG6398	X	17830828	17841705	1972
FBgn0000617	Taf9	X	17842161	17843348	1124
FBgn0030871	CG8142	X	17843343	17844704	1224
FBgn0030872	Ucp4A	X	17844949	17848223	2082
FBgn0030873	CG15814	X	17848110	17850342	1922
FBgn0030874	Spt7	X	17850460	17851889	1309
FBgn0052554	CG32554	X	17851869	17852685	817
FBgn0052557	Mco4	X	17852958	17856129	2131
FBgn0030876	Srx	X	17856974	17858610	1140
FBgn0030877	Arp8	X	17858379	17860800	2289
FBgn0030878	CG6769	X	17861002	17862775	1543
FBgn0259168	mnb	X	17862697	17887222	6945
FBgn0030881	CG12985	X	17883718	17885238	1357
FBgn0030880	CG6788	X	17888177	17889404	1150
FBgn0030882	Gss1	X	17889547	17898603	2838
FBgn0052496	CR32496	X	17898643	17899498	778
FBgn0052495	Gss2	X	17899702	17906025	2838
FBgn0030883	CG7772	X	17906031	17907261	843
FBgn0283469	Vps4	X	17907692	17911097	2411
FBgn0030884	CG6847	X	17911462	17924163	4182
FBgn0003380	Sh	X	17924307	18063247	22801
FBgn0030886	CG12672	X	18005897	18007606	1710
FBgn0283476	Dhc16F	X	18064483	18078472	12442
FBgn0030890	CG7536	X	18078491	18088532	4131
FBgn0030891	Ada3	X	18085761	18088418	2658
FBgn0030892	Swt1	X	18088725	18090509	1643
FBgn0021765	scu	X	18091259	18092853	1134
FBgn0030893	RhoGAP16F	X	18093145	18097413	3324
FBgn0030894	Mvb12	X	18097558	18101314	2347
FBgn0022724	Taf8	X	18101970	18103482	1341
FBgn0030895	CG7135	X	18103653	18105393	1518
FBgn0283471	wupA	X	18105568	18116922	1978
FBgn0017418	ari-1	X	18130392	18137784	4815
FBgn0030897	Frq1	X	18155369	18174744	5732
FBgn0030904	upd2	X	18240654	18243284	1980
FBgn0053542	upd3	X	18277233	18284596	2221
FBgn0004956	upd1	X	18305354	18309291	3125
FBgn0030912	CG6023	X	18314124	18321193	1745
FBgn0265784	CrebB	X	18366357	18377864	4995
FBgn0004957	por	X	18377521	18379854	2334
FBgn0030915	CG6179	X	18380082	18381479	1276
FBgn0008635	betaCOP	X	18381549	18385242	3203
FBgn0022355	Tsf1	X	18387084	18390344	2854
FBgn0052549	Nt5b	X	18390498	18410144	3465
FBgn0085357	CG34328	X	18399569	18400065	497
FBgn0052548	CG32548	X	18435719	18440581	1774
FBgn0052547	CG32547	X	18443027	18479487	4570
FBgn0030925	Hayan	X	18479983	18483772	2408
FBgn0030926	psh	X	18484487	18486921	1645
FBgn0030927	CG15046	X	18487450	18489620	1817
FBgn0030928	CG15044	X	18491185	18492006	822
FBgn0030929	CG15043	X	18493193	18494168	903
FBgn0030930	Pgant7	X	18495067	18499986	3668
FBgn0030931	Xrcc2	X	18500127	18501258	1132
FBgn0010194	Wnt5	X	18501401	18505405	4005
FBgn0030932	Ggt-1	X	18505883	18512521	2396
FBgn0030933	CG6470	X	18512829	18514867	1532
FBgn0027087	HisRS	X	18515428	18520445	2862
FBgn0265598	Bx	X	18515428	18572809	4473
FBgn0030936	CG6481	X	18521074	18522445	1372
FBgn0030937	CG15042	X	18526862	18528266	1405
FBgn0030938	CG15047	X	18528683	18529593	911
FBgn0030940	CG15040	X	18606610	18617589	6138
FBgn0030941	wgn	X	18624042	18634908	2594
FBgn0027335	Rip11	X	18635642	18647648	3889
FBgn0030943	Nup35	X	18648182	18649489	1249
FBgn0030944	Hou	X	18649396	18650444	989
FBgn0030945	Ing3	X	18650718	18653091	2298
FBgn0030946	CG6659	X	18653392	18657286	3478
FBgn0001079	fu	X	18657755	18661204	3251
FBgn0030947	CG6696	X	18660472	18662153	997
FBgn0010383	Cyp18a1	X	18688538	18693042	3049
FBgn0030954	CCKLR-17D3	X	18764483	18774027	2230
FBgn0030955	CG6891	X	18775228	18781345	1565
FBgn0030956	CG18259	X	18781265	18783494	2055
FBgn0030958	CR6900	X	18785805	18786210	333
FBgn0030959	CG6961	X	18786142	18788210	1894
FBgn0283473	S6KL	X	18788464	18806057	2277
FBgn0030960	Atg101	X	18791668	18793517	1850
FBgn0001090	bnb	X	18794246	18797687	2726
FBgn0030961	CG7058	X	18806694	18812002	4548
FBgn0259927	CG42450	X	18813297	18830406	8896
FBgn0030963	CG7101	X	18830591	18832123	1454
FBgn0030964	Pvf1	X	18832682	18842901	2783
FBgn0085451	htk	X	18843663	18855858	8223
FBgn0030966	shop	X	18846389	18848566	2115
FBgn0030968	CG7322	X	18855873	18857757	1250
FBgn0030969	Usp39	X	18858203	18860072	1695
FBgn0052544	CG32544	X	18860284	18861964	1630
FBgn0030970	CG7326	X	18861197	18863776	2580
FBgn0085430	Dora	X	18863950	18884075	13756
FBgn0030973	CG7332	X	18884513	18888860	3401
FBgn0030974	Flacc	X	18888978	18893636	4147
FBgn0030975	SdhBL	X	18894446	18896581	1949
FBgn0030976	CG7378	X	18900410	18911843	3832
FBgn0264090	CG43759	X	18930335	19028629	6340
FBgn0085359	CG34330	X	19068275	19068973	699
FBgn0030980	CG7406	X	19077720	19078592	812
FBgn0030981	CG14191	X	19081665	19082566	787
FBgn0030983	CG15882	X	19123755	19124388	634
FBgn0030984	tgy	X	19125003	19127316	1590
FBgn0030985	Obp18a	X	19135081	19135868	734
FBgn0261461	RhoGAP18B	X	19136107	19167082	7478
FBgn0030989	Inx5	X	19168777	19170883	1814
FBgn0047095	CG33939	X	19171077	19174900	553
FBgn0030990	CG7556	X	19176109	19179830	2893
FBgn0030991	CG7453	X	19180173	19182024	1852
FBgn0030992	CG33253	X	19183421	19187278	2715
FBgn0030993	Mec2	X	19188035	19190193	1238
FBgn0030994	HP1D3csd	X	19190214	19191029	816
FBgn0030995	CG7914	X	19192219	19193448	1230
FBgn0030996	CG14194	X	19193555	19196037	1940
FBgn0030997	CG7990	X	19196058	19201979	3583
FBgn0027603	Ulp1	X	19202103	19208187	5498
FBgn0031000	Muc18B	X	19215515	19216660	1146
FBgn0031001	CG7884	X	19220622	19235910	3960
FBgn0031002	CG14196	X	19236059	19241840	2455
FBgn0031003	CG7889	X	19243631	19245224	1468
FBgn0031005	Hs3st-B	X	19248639	19252045	2441
FBgn0031006	rictor	X	19252111	19261240	6739
FBgn0040068	Vav	X	19261820	19273280	5227
FBgn0031008	CG8010	X	19266656	19268896	1633
FBgn0052537	CG32537	X	19273349	19276539	2442
FBgn0052536	CG32536	X	19275004	19276898	887
FBgn0031010	CG8028	X	19277176	19280349	2031
FBgn0031011	CG8034	X	19281232	19298162	4405
FBgn0031012	CG8051	X	19301330	19307925	2565
FBgn0259834	out	X	19310513	19322106	3414
FBgn0086778	nAChRalpha7	X	19327075	19348447	5778
FBgn0031016	kek5	X	19353181	19471914	6417
FBgn0052533	CG32533	X	19474156	19479411	3600
FBgn0031018	narya	X	19475063	19476055	993
FBgn0044030	mRpS14	X	19479382	19480238	797
FBgn0031020	Naa15-16	X	19479984	19484643	4013
FBgn0020261	pcm	X	19485759	19492011	5384
FBgn0031021	ND-18	X	19492421	19493337	768
FBgn0031022	CG12204	X	19493292	19494401	1110
FBgn0040890	ksh	X	19494420	19494992	435
FBgn0027621	Pfrx	X	19495505	19509350	4250
FBgn0031023	CG14200	X	19495505	19518402	8141
FBgn0027291	Idh3a	X	19518428	19521810	2104
FBgn0261573	CoRest	X	19521929	19530896	5742
FBgn0052532	CG32532	X	19531851	19547482	4689
FBgn0026430	Grip84	X	19559431	19565764	6125
FBgn0000257	car	X	19566019	19569401	3205
FBgn0031030	Tao	X	19569721	19579800	7414
FBgn0031031	CG14218	X	19580350	19581981	1571
FBgn0031032	CG14204	X	19583617	19587057	2768
FBgn0031033	CG14219	X	19587348	19590170	2308
FBgn0031034	CG14205	X	19592609	19595548	2338
FBgn0285947	RpS10b	X	19598031	19599806	1557
FBgn0031036	CG14220	X	19599803	19601851	1817
FBgn0031037	CG14207	X	19605199	19611413	1524
FBgn0031038	Tyler	X	19611526	19615617	3334
FBgn0031039	Shawn	X	19611526	19615617	3334
FBgn0031040	CG14210	X	19616196	19616825	567
FBgn0027358	Tim9b	X	19616663	19618537	1754
FBgn0031041	Pstk	X	19616663	19618537	1754
FBgn0031042	CG14221	X	19618819	19621245	2068
FBgn0031043	Naa20A	X	19621451	19623074	1256
FBgn0031044	MKP-4	X	19623114	19625729	2358
FBgn0031045	CG14212	X	19625705	19626601	897
FBgn0087008	e(y)3	X	19626548	19638369	9155
FBgn0031047	Rcd-1	X	19638767	19640746	1734
FBgn0031048	CG12237	X	19641191	19642869	1679
FBgn0031049	Sec61gamma	X	19643327	19644518	798
FBgn0031050	Arp10	X	19644531	19646176	1536
FBgn0031051	Ranbp21	X	19646306	19652269	5879
FBgn0031052	Elys	X	19652305	19659407	6649
FBgn0031053	CG14223	X	19659442	19663971	3444
FBgn0031054	Ssu72	X	19664561	19666866	2186
FBgn0004057	Zw	X	19667252	19672353	2512
FBgn0031055	et	X	19672312	19675891	2411
FBgn0043903	dome	X	19676061	19683518	4875
FBgn0031057	Ubqn	X	19683808	19687658	3429
FBgn0031058	CG14227	X	19687791	19688948	956
FBgn0086384	Mer	X	19689697	19693500	3400
FBgn0031059	CG14229	X	19693977	19695250	1210
FBgn0010341	Cdc42	X	19697091	19699938	2078
FBgn0031060	Tcs4	X	19699820	19701755	1881
FBgn0031061	CG14232	X	19701927	19704259	2011
FBgn0031062	CG14230	X	19704176	19706417	2053
FBgn0040089	meso18E	X	19706418	19713045	3096
FBgn0031064	CG12531	X	19718923	19730199	6764
FBgn0010380	AP-1-2beta	X	19731004	19734581	3228
FBgn0031065	CG14234	X	19735570	19740456	3638
FBgn0031066	COX6B	X	19740537	19744335	789
FBgn0042132	CG18809	X	19741224	19744335	2557
FBgn0066303	CG33932	X	19744431	19745898	1395
FBgn0066304	Rpp20	X	19744431	19745898	1395
FBgn0052528	parvin	X	19746041	19748458	1840
FBgn0031068	Alr	X	19748314	19750167	1362
FBgn0031069	Abcd3	X	19750770	19759280	3659
FBgn0031070	CG12702	X	19759173	19764874	3517
FBgn0259789	zld	X	19766465	19783548	10605
FBgn0026175	SkpC	X	19816072	19816700	629
FBgn0031074	SkpE	X	19823368	19824080	713
FBgn0261811	pico	X	19830215	19852059	8245
FBgn0031078	Nup205	X	19852214	19859379	6470
FBgn0031077	THADA	X	19859743	19865524	5361
FBgn0052529	Hers	X	19866146	19908108	13107
FBgn0086782	amn	X	19886108	19890060	3953
FBgn0052821	CR32821	X	19910168	19910521	354
FBgn0263207	CR43377	X	19915332	19915685	354
FBgn0267044	CG45488	X	19919641	19920435	641
FBgn0267046	CG45490	X	19933541	19934294	600
FBgn0267048	CG45492	X	19943357	19944147	637
FBgn0267049	CG45493	X	19948079	19948873	641
FBgn0267050	CG45494	X	19952814	19953608	641
FBgn0264309	CG43784	X	19957548	19958342	641
FBgn0031080	CG12655	X	19958393	19959403	611
FBgn0031081	Nep3	X	19961297	19969323	4851
FBgn0053517	Dop2R	X	20004680	20062706	6530
FBgn0031086	fd19B	X	20091428	20092408	981
FBgn0062565	Or19b	X	20094398	20095767	1164
FBgn0040784	karr	X	20110110	20110575	466
FBgn0085360	CG34331	X	20122453	20125271	985
FBgn0031088	CG15322	X	20133579	20138878	3140
FBgn0041626	Or19a	X	20141819	20143188	1164
FBgn0031089	aspr	X	20148124	20155514	1667
FBgn0031090	Rab35	X	20155766	20159872	3538
FBgn0031091	Phf7	X	20160355	20165830	2505
FBgn0031092	CG9577	X	20166673	20168080	1131
FBgn0031093	CG9581	X	20168042	20169981	1883
FBgn0031094	CG9578	X	20170222	20171526	1094
FBgn0000084	AnxB10	X	20171445	20173514	1247
FBgn0067861	Sdic1	X	20174217	20178638	2082
FBgn0053491	CR33491	X	20178755	20179729	501
FBgn0053497	Sdic2	X	20181590	20186487	2477
FBgn0052823	Sdic3	X	20189440	20194227	2361
FBgn0283432	SdicA	X	20197319	20201933	2188
FBgn0283429	CR46272	X	20202076	20203054	501
FBgn0283430	CR46273	X	20209746	20210724	501
FBgn0003654	sw	X	20227961	20236382	3304
FBgn0031097	obst-A	X	20239855	20243209	1905
FBgn0022770	Peritrophin-A	X	20244647	20248203	1516
FBgn0031098	CG17068	X	20248309	20251093	2785
FBgn0015789	Rab10	X	20251338	20254691	2336
FBgn0031099	CG17065	X	20254692	20257199	1666
FBgn0027334	l(1)G0004	X	20391447	20392401	955
FBgn0031106	Syx16	X	20392334	20393751	1282
FBgn0031107	HERC2	X	20394395	20412247	15917
FBgn0031108	CG15459	X	20412341	20413581	1072
FBgn0031111	Obp19c	X	20417921	20418964	978
FBgn0011280	Obp19d	X	20419613	20420979	1101
FBgn0023177	Pp4-19C	X	20421087	20424002	2213
FBgn0031114	cactin	X	20424069	20426402	2334
FBgn0040650	CG15456	X	20426431	20427042	546
FBgn0031115	CG11710	X	20427411	20429673	1903
FBgn0002641	mal	X	20429675	20433210	3209
FBgn0031116	CG1695	X	20433950	20445599	6238
FBgn0052506	tbc	X	20449331	20467065	5559
FBgn0031117	GstT3	X	20467455	20469796	1369
FBgn0031118	RhoGAP19D	X	20469955	20510694	9502
FBgn0040649	CG15461	X	20486180	20486588	332
FBgn0031119	CG1812	X	20511544	20515828	3229
FBgn0026323	Tak1	X	20515908	20524928	3941
FBgn0083981	RunxA	X	20590252	20623773	4831
FBgn0031126	Cyp6v1	X	20657122	20661425	3026
FBgn0031127	CG1835	X	20661917	20669669	735
FBgn0031128	hydra	X	20670832	20677063	2381
FBgn0003300	run	X	20690670	20697321	3145
FBgn0085387	shakB	X	20761071	20927050	18308
FBgn0031142	r-cup	X	21023390	21025888	2140
FBgn0031143	CG1532	X	21026125	21028361	1236
FBgn0031144	CG1529	X	21028652	21031950	3246
FBgn0031145	Ntf-2	X	21035469	21041467	3723
FBgn0031146	CG15449	X	21039514	21040605	765
FBgn0025814	Mgstl	X	21042125	21044107	1183
FBgn0031148	Cbs	X	21045138	21049096	2202
FBgn0031149	Stt3A	X	21049885	21053937	2755
FBgn0031150	bves	X	21053963	21082391	5794
FBgn0052512	CG32512	X	21062277	21067540	2507
FBgn0288700	stg1	X	21093844	21111417	3438
FBgn0031155	CG15446	X	21095680	21102206	1526
FBgn0031157	CG1503	X	21104695	21106369	1405
FBgn0003950	unc	X	21111414	21116914	4775
FBgn0031161	CG15445	X	21117159	21120444	2380
FBgn0083956	ldd	X	21123634	21140951	7569
FBgn0052511	CR32511	X	21156259	21156621	363
FBgn0287645	ccb	X	21193253	21194521	1156
FBgn0031164	CG1724	X	21202499	21203341	843
FBgn0052521	Mnr	X	21205310	21281171	4555
FBgn0052523	CG32523	X	21217878	21218835	891
FBgn0031168	CG1722	X	21249976	21251148	1173
FBgn0031169	CG1494	X	21285301	21292458	5469
FBgn0031170	Abca3	X	21292308	21306665	7210
FBgn0031171	CG1801	X	21307586	21317522	5303
FBgn0020369	Rpt6	X	21316052	21317663	1404
FBgn0064116	anox	X	21317936	21319296	1352
FBgn0064117	SLIRP1	X	21317936	21319296	1352
FBgn0029067	Dd	X	21319791	21324009	3043
FBgn0031174	CG1486	X	21324046	21328150	3721
FBgn0015558	tty	X	21328613	21339676	7616
FBgn0000709	fliI	X	21339741	21345088	4827
FBgn0015379	dod	X	21345358	21346858	1021
FBgn0015527	peng	X	21346503	21349843	2367
FBgn0003464	sol	X	21350280	21357912	5724
FBgn0011710	Septin1	X	21358286	21361688	2026
FBgn0024182	waw	X	21363028	21373145	5450
FBgn0024251	bbx	X	21363028	21373145	5935
FBgn0003423	slgA	X	21374002	21385159	4305
FBgn0001565	Ddx56	X	21385518	21387946	2116
FBgn0020272	mst	X	21388977	21391533	2443
FBgn0028583	lcs	X	21396727	21397316	590
FBgn0259245	DIP-beta	X	21422115	21457738	5281
FBgn0031181	Ir20a	X	21477254	21478945	1692
FBgn0031182	Cyp6t1	X	21517434	21519218	1785
FBgn0027588	GCS2alpha	X	21600502	21605264	3637
FBgn0040028	CG17450	X	21605884	21608920	2311
FBgn0053502	CG33502	X	21609357	21611526	1060
FBgn0052820	CG32820	X	21611797	21615239	2650
FBgn0052857	CG32857	X	21615449	21617617	1059
FBgn0052819	CG32819	X	21617889	21621104	2423
FBgn0285970	CG32500	X	21621541	21623750	1084
FBgn0024807	DIP1	X	21624796	21630148	3823
FBgn0085521	CG40813	X	22143058	22143933	803
FBgn0288729	CG46504	X	22147789	22148664	803
FBgn0288731	CG46506	X	22157887	22158762	803
FBgn0288732	CG46507	X	22162923	22163798	803
FBgn0288733	CG46508	X	22167655	22168530	803
FBgn0288734	CG46509	X	22172641	22173516	803
FBgn0288735	CG46510	X	22177505	22178380	803
FBgn0288736	CG46511	X	22182493	22183368	803
FBgn0288737	CG46512	X	22187370	22188245	803
FBgn0288738	CG46513	X	22192273	22193148	803
FBgn0288739	CG46514	X	22197174	22198049	803
FBgn0288740	CG46515	X	22202183	22203058	803
FBgn0288741	CG46516	X	22212328	22213203	803
FBgn0288742	CG46517	X	22217379	22218254	803
FBgn0288743	CG46518	X	22226573	22227448	803
FBgn0288744	CG46519	X	22231570	22232445	803
FBgn0288745	CG46520	X	22236565	22237440	803
FBgn0288746	CG46521	X	22241572	22242446	802
FBgn0288747	CG46522	X	22246600	22247475	803
FBgn0085693	CG41562	X	22251582	22252414	760
FBgn0031183	CG14621	X	22444227	22447808	2695
FBgn0031184	CG14615	X	22447183	22449491	1914
FBgn0014395	tilB	X	22449737	22451463	1358
FBgn0266848	wap	X	22451445	22455422	3580
FBgn0031187	Usp2	X	22455803	22470146	7489
FBgn0031188	CG14613	X	22469981	22472021	1817
FBgn0031189	CG14618	X	22473698	22474998	1210
FBgn0031190	CG12576	X	22474851	22482357	2773
FBgn0031191	Cp110	X	22482082	22487458	3382
FBgn0027279	l(1)G0196	X	22487180	22508129	9476
FBgn0031195	CG17600	X	22515197	22542024	2621
FBgn0262866	S6kII	X	22529964	22536371	6055
FBgn0031194	CG17598	X	22534831	22540383	4272
FBgn0031196	Cluap1	X	22542386	22544322	1756
FBgn0031197	CG17601	X	22547097	22548056	960
FBgn0052499	Cda4	X	22583634	22632710	1934
FBgn0031201	CG12446	X	22809292	22811935	2644
FBgn0000719	fog	X	22824317	22855194	6564
FBgn0259677	CG42346	X	22832399	22885541	9156
FBgn0263829	CG34334	X	22872812	22875367	2556
FBgn0069973	CG40485	X	22960609	22962360	1752
FBgn0016975	stnB	X	22980722	23004648	8332
FBgn0016976	stnA	X	22980722	23004648	8332
FBgn0044872	FucTC	X	23008766	23011303	2001
FBgn0039966	Rab21	X	23012140	23013409	1240
FBgn0039965	Coa7	X	23013495	23016586	2769
FBgn0265767	zyd	X	23022898	23035550	4412
FBgn0039941	CG17167	X	23068301	23081144	2973
FBgn0039942	CG17163	X	23080759	23082709	1828
FBgn0039943	CG17168	X	23082738	23084576	1516
FBgn0040514	CG17169	X	23084672	23085536	532
FBgn0039944	CG17162	X	23084960	23096735	4896
FBgn0039945	CG17159	X	23084960	23092631	4590
FBgn0003559	su(f)	X	23096771	23101431	3014
FBgn0286928	CR46425	X	23101576	23102262	564
FBgn0039946	ATbp	X	23106003	23108331	2269
FBgn0267513	28SrRNA-Psi:CR45853	X	23200802	23201056	255
FBgn0267515	28SrRNA-Psi:CR45855	X	23205822	23206525	704
FBgn0085813	18SrRNA-Psi:CR41602	X	23211192	23213166	1975
FBgn0267519	28SrRNA-Psi:CR45859	X	23214452	23217140	2689
FBgn0085771	28SrRNA-Psi:CR40741	X	23239718	23240975	1258
FBgn0085819	28SrRNA-Psi:CR41609	X	23261772	23262666	895
FBgn0267520	28SrRNA-Psi:CR45860	X	23270802	23271158	357
FBgn0267522	28SrRNA-Psi:CR45862	X	23278007	23280010	2004
FBgn0267521	18SrRNA-Psi:CR45861	X	23280998	23282931	1934
FBgn0031208	CR11023	2L	7529	9484	1880
FBgn0002121	l(2)gl	2L	9839	21376	5986
FBgn0051973	Cda5	2L	25402	65404	10793
FBgn0067779	dbr	2L	66482	71390	4499
FBgn0031213	galectin	2L	71757	76211	2751
FBgn0031214	CG11374	2L	76348	77783	1378
FBgn0002931	net	2L	82421	87387	2225
FBgn0031216	Zir	2L	94739	102086	6476
FBgn0031217	Creld	2L	102380	104142	1583
FBgn0026787	Nhe1	2L	103962	106732	2551
FBgn0005278	Sam-S	2L	106903	114432	3559
FBgn0031228	ND-15	2L	114726	156030	1135
FBgn0031219	CG13694	2L	115365	116488	1124
FBgn0031220	CG4822	2L	116970	121754	4224
FBgn0288229	CG3164	2L	122624	130791	3148
FBgn0001142	Gs1	2L	132077	134472	2396
FBgn0051975	CG31975	2L	138384	140992	2206
FBgn0051976	ovm	2L	138384	140992	2206
FBgn0051974	CG31974	2L	141077	143091	1908
FBgn0031224	CG11454	2L	143323	144227	905
FBgn0259818	CG42399	2L	144231	153300	5305
FBgn0031227	Pus10	2L	153539	155305	1699
FBgn0031229	CG3436	2L	156029	157666	1381
FBgn0053635	CG33635	2L	157836	158664	769
FBgn0016977	spen	2L	159032	203397	23035
FBgn0031231	mRpL10	2L	203779	204782	903
FBgn0031232	CG11617	2L	204743	207297	1357
FBgn0031233	Tbc1d15-17	2L	207179	210725	3348
FBgn0266557	kis	2L	210735	250823	19229
FBgn0031235	CG13693	2L	232487	234208	1660
FBgn0283652	Rpp30	2L	251039	252373	1105
FBgn0031238	Dus1	2L	252589	271744	1942
FBgn0031239	CG17075	2L	259949	267505	7557
FBgn0031240	CG3345	2L	269088	271626	2417
FBgn0086912	mbm	2L	271912	273715	1756
FBgn0086856	CG11555	2L	273836	274766	931
FBgn0086855	CG17078	2L	274740	278234	3132
FBgn0003444	smo	2L	277582	282167	4008
FBgn0031244	CG11601	2L	281670	283269	1452
FBgn0031245	CG3625	2L	283385	291795	1974
FBgn0025686	Amnionless	2L	287252	289144	1893
FBgn0031247	CG11562	2L	292419	293222	748
FBgn0017457	U2af38	2L	292959	294681	1655
FBgn0024352	Stip1	2L	295122	297449	2023
FBgn0020622	Pi3K21B	2L	297880	305233	4938
FBgn0004611	Plc21C	2L	305935	355566	7774
FBgn0053127	CG33127	2L	322101	323091	991
FBgn0264086	CG43755	2L	325522	329761	2873
FBgn0051921	CG31921	2L	329910	332335	2426
FBgn0031250	Ent1	2L	355565	357874	1972
FBgn0000061	al	2L	378112	387439	1806
FBgn0031251	CG4213	2L	396595	402198	4436
FBgn0003278	Polr1B	2L	404285	407969	3564
FBgn0264855	AP-2alpha	2L	408030	414777	4872
FBgn0263933	ebi	2L	415067	418536	3327
FBgn0031252	CG13690	2L	418434	419652	1219
FBgn0002593	RpLP1	2L	419952	420864	768
FBgn0031253	CG11885	2L	420895	421450	556
FBgn0031254	CG13692	2L	421771	422489	665
FBgn0031255	BBS8	2L	422873	425321	2259
FBgn0004583	ex	2L	431227	448701	6672
FBgn0015924	crq	2L	448254	453024	2848
FBgn0031256	shv	2L	453108	454654	1488
FBgn0262510	CR43080	2L	454754	455313	501
FBgn0031257	CG4133	2L	455531	458745	2642
FBgn0031258	CG4297	2L	458876	472200	6869
FBgn0027592	MED15	2L	473013	476170	2592
FBgn0003963	ush	2L	476220	540560	6706
FBgn0043364	cbt	2L	476446	479688	3243
FBgn0010602	lwr	2L	540599	542580	1864
FBgn0031260	Spp	2L	542786	544653	1736
FBgn0005660	Ets21C	2L	544925	552923	5407
FBgn0031261	nAChRbeta3	2L	545129	547096	1532
FBgn0260933	rempA	2L	553742	560310	5772
FBgn0031263	Tspo	2L	559612	560523	853
FBgn0031264	uncNacbeta	2L	560568	563819	3252
FBgn0031265	CG2794	2L	564163	566472	2310
FBgn0021874	Nle	2L	566366	568121	1584
FBgn0031266	Sf3b1	2L	568340	572907	4346
FBgn0031267	Ipk2	2L	573033	574264	1232
FBgn0031268	cold	2L	574291	575734	1158
FBgn0013323	Ptth	2L	575711	576896	1128
FBgn0023489	Pph13	2L	577486	579549	1880
FBgn0010323	Gsc	2L	583540	594685	2584
FBgn0031270	CG13689	2L	602813	604430	1551
FBgn0284247	ds	2L	640013	714983	12427
FBgn0031275	GABA-B-R3	2L	749945	762399	7035
FBgn0031279	CG3544	2L	784336	788776	4359
FBgn0000442	Pkg21D	2L	786153	790798	2583
FBgn0051658	Nnf1b	2L	810577	811531	783
FBgn0086130	Dbp21E2	2L	811584	813380	1732
FBgn0031281	Saf6	2L	813314	815950	2416
FBgn0031282	Pex12	2L	815993	818096	2104
FBgn0031284	PGAP2	2L	818079	819508	1370
FBgn0015621	Clp	2L	819964	821209	1246
FBgn0031285	CG3662	2L	821289	824337	2982
FBgn0031286	CG3862	2L	824329	825861	1533
FBgn0010583	dock	2L	825969	833241	3735
FBgn0020304	drongo	2L	833584	851071	4423
FBgn0031287	CG4291	2L	851251	852730	1310
FBgn0020545	kraken	2L	852768	854539	1320
FBgn0031288	CG13949	2L	855337	856639	1183
FBgn0031289	CG13950	2L	860197	861806	1185
FBgn0029095	aru	2L	861849	868354	3445
FBgn0020305	dbe	2L	868673	869857	1185
FBgn0053526	PNUTS	2L	870465	877038	5428
FBgn0031292	CG15824	2L	877172	885141	7072
FBgn0002936	ninaA	2L	877302	878270	871
FBgn0002563	Lsp1beta	2L	898500	901316	2749
FBgn0028481	Tmtc2	2L	922793	958098	4160
FBgn0031294	IA-2	2L	1008378	1048053	10257
FBgn0031296	gNacalpha	2L	1037246	1038685	1395
FBgn0003310	S	2L	1049674	1077815	5206
FBgn0015905	ast	2L	1077948	1080803	2745
FBgn0031298	Atg4a	2L	1080911	1085380	4078
FBgn0031299	CG4629	2L	1083091	1102504	3115
FBgn0261938	PolrMT	2L	1103254	1108373	4718
FBgn0031301	CG14339	2L	1108540	1112694	3266
FBgn0031302	CG14340	2L	1112941	1114138	1030
FBgn0016926	Pino	2L	1114654	1128953	2497
FBgn0031304	TBC1D23	2L	1129316	1132411	2701
FBgn0031305	Iris	2L	1132332	1134098	1767
FBgn0031306	CG4577	2L	1134693	1141156	2707
FBgn0031307	MFS3	2L	1143201	1147395	2029
FBgn0283525	l(2)10685	2L	1147822	1149449	1628
FBgn0031309	Tfb4	2L	1149445	1150677	999
FBgn0031310	Vps29	2L	1150766	1151764	999
FBgn0261458	capt	2L	1151678	1158262	3233
FBgn0031312	Tango14	2L	1158661	1160220	1272
FBgn0031313	CG5080	2L	1160290	1163886	2617
FBgn0031314	IntS14	2L	1164443	1166425	1925
FBgn0031315	CG14341	2L	1166506	1167211	646
FBgn0024314	Plap	2L	1167172	1170365	2867
FBgn0051922	CG31922	2L	1170181	1170789	497
FBgn0031317	Charon	2L	1170753	1172805	1801
FBgn0031318	CG4887	2L	1173009	1177589	3424
FBgn0031319	CG4896	2L	1177690	1182454	3956
FBgn0031320	CG5126	2L	1182297	1184020	1667
FBgn0031321	Tgt	2L	1184065	1185698	1566
FBgn0031322	CG5001	2L	1185757	1196807	2096
FBgn0040723	CG5011	2L	1200671	1201220	550
FBgn0031327	CG5397	2L	1240036	1243018	2903
FBgn0041097	robo3	2L	1256417	1296596	7118
FBgn0053126	NLaz	2L	1359837	1361821	1149
FBgn0002543	robo2	2L	1380086	1420453	6206
FBgn0263321	CG43402	2L	1442627	1443832	1206
FBgn0031343	CG18131	2L	1498455	1500608	1828
FBgn0031344	CG7420	2L	1500784	1502904	1575
FBgn0261509	haf	2L	1555129	1609389	7054
FBgn0031347	nis	2L	1584866	1587155	2227
FBgn0051935	Rab3GAP1	2L	1594822	1611157	3058
FBgn0031351	CG14352	2L	1611410	1612576	1030
FBgn0021906	RFeSP	2L	1612429	1614160	1118
FBgn0086758	chinmo	2L	1651258	1704682	12618
FBgn0011570	cpb	2L	1704902	1706962	1926
FBgn0031356	CG17660	2L	1707132	1710421	2357
FBgn0031357	mRpL48	2L	1710462	1711465	790
FBgn0086698	frtz	2L	1711302	1715851	3601
FBgn0031359	Rim2	2L	1716244	1724388	2417
FBgn0000579	Eno	2L	1724768	1729636	3718
FBgn0260648	Rrp40	2L	1728732	1729762	1031
FBgn0031360	CG31937	2L	1729887	1731070	1184
FBgn0031361	CG17652	2L	1731033	1732356	1198
FBgn0264494	CG17646	2L	1732524	1750612	3552
FBgn0027597	CG17712	2L	1750687	1752122	1436
FBgn0031365	CG17650	2L	1758286	1759093	534
FBgn0045498	Gr22d	2L	1789141	1790361	1163
FBgn0051665	wry	2L	1836538	1858550	5666
FBgn0051663	CG31663	2L	1858609	1881480	3847
FBgn0031374	Wdr62	2L	1884622	1944289	11222
FBgn0267972	Der-1	2L	1973957	1975413	1243
FBgn0031377	CG15356	2L	1975463	1980755	4294
FBgn0031378	CG15362	2L	1981176	1982099	813
FBgn0031379	CG7289	2L	1982217	1984514	2130
FBgn0001125	Got2	2L	1984512	1987758	1734
FBgn0031381	Npc2a	2L	1988290	1988940	651
FBgn0043539	Obp22a	2L	1991381	1992160	727
FBgn0053543	CG33543	2L	1997102	2006313	2777
FBgn0040718	CG15353	2L	2006763	2007193	350
FBgn0031384	CG4238	2L	2009859	2030788	4668
FBgn0259192	CG42296	2L	2032519	2036041	3206
FBgn0003557	Su(dx)	2L	2037714	2044372	4798
FBgn0028952	Kebab	2L	2045494	2048054	2240
FBgn0026396	Or22c	2L	2054589	2057967	1209
FBgn0053516	dpr3	2L	2058790	2109878	3160
FBgn0031388	CG12674	2L	2079919	2081286	1219
FBgn0031389	CG4259	2L	2127309	2129237	1867
FBgn0004507	Glyp	2L	2130813	2137296	3144
FBgn0031390	tho2	2L	2137350	2145187	5404
FBgn0031391	CG11723	2L	2145297	2147275	1907
FBgn0027509	Tbcd	2L	2147518	2151664	3910
FBgn0031392	AIF	2L	2151754	2155389	2993
FBgn0031393	CG15382	2L	2155753	2156790	1038
FBgn0000097	aop	2L	2156484	2178754	5454
FBgn0031395	CG10874	2L	2189914	2192386	1586
FBgn0085201	COX7AL2	2L	2192525	2197912	943
FBgn0051668	CG31668	2L	2203721	2206166	1963
FBgn0053124	CG33124	2L	2206525	2209102	2094
FBgn0031397	CG15385	2L	2209574	2212571	2635
FBgn0010288	Uch	2L	2212738	2214211	1196
FBgn0085203	CG34174	2L	2214266	2215167	720
FBgn0031398	daed	2L	2214972	2216311	1285
FBgn0040715	CG15386	2L	2216503	2217246	691
FBgn0259717	CG42371	2L	2216503	2217246	691
FBgn0031399	mio	2L	2217290	2220625	2956
FBgn0031401	papi	2L	2220748	2225544	2692
FBgn0031403	CG15387	2L	2225545	2226294	693
FBgn0267378	sau	2L	2226342	2231099	2585
FBgn0262126	Sec24CD	2L	2231106	2236844	4827
FBgn0051682	Tengl1	2L	2239414	2240593	1108
FBgn0264979	CG4267	2L	2242378	2245274	2182
FBgn0031409	CG4271	2L	2285163	2285926	764
FBgn0031410	CG17237	2L	2288503	2289416	914
FBgn0051949	CG31949	2L	2300103	2300888	786
FBgn0031412	CG16995	2L	2307948	2308872	721
FBgn0031413	CG9967	2L	2308761	2357356	1783
FBgn0031414	eys	2L	2311680	2358944	8481
FBgn0014010	Rab5	2L	2359142	2365273	3146
FBgn0261647	Axud1	2L	2365345	2370137	4318
FBgn0031417	CG3597	2L	2370152	2371524	1229
FBgn0031418	CG3609	2L	2372455	2374627	1364
FBgn0031419	CG15390	2L	2374713	2375697	929
FBgn0031420	Atxn7	2L	2375841	2380506	4078
FBgn0264672	Eogt	2L	2381097	2383073	1869
FBgn0031422	PIG-Wa	2L	2383202	2384747	1493
FBgn0031423	CG3557	2L	2384761	2385792	977
FBgn0031424	VGlut	2L	2400295	2410662	5716
FBgn0031428	CG9886	2L	2420830	2424647	3762
FBgn0000490	dpp	2L	2428372	2459823	5214
FBgn0264978	Slh	2L	2488197	2492671	4220
FBgn0011818	oaf	2L	2492955	2498846	3223
FBgn0031432	Cyp309a1	2L	2562483	2564830	1997
FBgn0041337	Cyp309a2	2L	2564886	2573037	1844
FBgn0026778	Rad1	2L	2573436	2575052	1484
FBgn0085343	Sws1	2L	2573436	2575052	1484
FBgn0031434	insv	2L	2575280	2576997	1654
FBgn0031435	Elba2	2L	2577687	2579179	1493
FBgn0031436	ND-B17.2	2L	2579201	2580172	733
FBgn0031437	Arpc5	2L	2580292	2581423	1070
FBgn0026479	Drp1	2L	2581281	2585430	2868
FBgn0031449	CG31689	2L	2725674	2739830	3301
FBgn0031450	Hrs	2L	2739986	2743377	2820
FBgn0031451	CG9961	2L	2743375	2744934	1440
FBgn0031452	Cwc25	2L	2745098	2746944	1730
FBgn0250906	Pgk	2L	2746880	2753068	2112
FBgn0031453	Bacc	2L	2752445	2757975	2718
FBgn0031454	HemK2	2L	2758427	2759677	1251
FBgn0031455	Snapin	2L	2758427	2759677	1251
FBgn0031456	Tnpo-SR	2L	2759924	2763889	3586
FBgn0031457	Snx21	2L	2763416	2765665	2034
FBgn0031458	aph-1	2L	2766233	2767281	990
FBgn0026324	Taf10b	2L	2767286	2767845	560
FBgn0028398	Taf10	2L	2767890	2768612	664
FBgn0019830	colt	2L	2768590	2770069	1480
FBgn0031459	HINT1	2L	2770135	2770904	709
FBgn0031460	CG15399	2L	2770884	2771776	824
FBgn0004242	Syt1	2L	2772327	2799979	7190
FBgn0031461	daw	2L	2805261	2812376	3265
FBgn0031462	CG2964	2L	2812437	2814429	1930
FBgn0031463	G6P	2L	2814336	2815760	1194
FBgn0283531	Duox	2L	2815970	2830248	5336
FBgn0031467	Cpr23B	2L	2838411	2839547	1066
FBgn0031468	CG2975	2L	2840124	2842638	1884
FBgn0031469	CG18558	2L	2842589	2844513	1813
FBgn0031470	CG18557	2L	2844601	2845734	1073
FBgn0031471	CG3117	2L	2845926	2847212	1217
FBgn0031473	CG3104	2L	2848989	2855778	2799
FBgn0015521	RpS21	2L	2856070	2857029	842
FBgn0031474	CG2991	2L	2857164	2868548	3392
FBgn0051694	Ifrd1	2L	2868627	2874489	2639
FBgn0031476	CG8813	2L	2869652	2870649	998
FBgn0031478	CG8814	2L	2874890	2877168	1785
FBgn0031479	Prx6a	2L	2877091	2878232	861
FBgn0051950	Sbat	2L	2878344	2879001	658
FBgn0028970	RabGGTb	2L	2879112	2880708	1433
FBgn0024947	NTPase	2L	2880704	2885850	2802
FBgn0041111	lilli	2L	2885929	2954406	10614
FBgn0010263	Rbp9	2L	2954762	2968434	8054
FBgn0024920	Ts	2L	2968293	2969638	1346
FBgn0004584	Rrp1	2L	2969773	2972508	2551
FBgn0260639	gammaTub23C	2L	2972891	2974858	1850
FBgn0031483	CG9641	2L	2974859	2976862	1933
FBgn0031484	CG3165	2L	2977122	2978500	1323
FBgn0031485	CG9643	2L	2978411	2979288	878
FBgn0250786	Chd1	2L	2979562	2987723	6565
FBgn0025109	Bem46	2L	2988116	2990075	1710
FBgn0002989	okr	2L	2989594	2992759	2878
FBgn0025681	CG3558	2L	2992870	2998726	4333
FBgn0031488	Ccdc85	2L	2999286	3016069	3261
FBgn0031489	CG17224	2L	3016441	3018308	1577
FBgn0031490	CG17264	2L	3018508	3021506	2794
FBgn0031491	alpha4GT1	2L	3021309	3023141	1714
FBgn0031492	Prp40	2L	3023226	3026439	2906
FBgn0031493	Sf3b2	2L	3026252	3029168	2684
FBgn0031494	CG17219	2L	3029253	3030616	1253
FBgn0031495	GABPI	2L	3030539	3032300	1702
FBgn0031496	CG17258	2L	3032210	3035348	2863
FBgn0031497	SerRS	2L	3035493	3037403	1911
FBgn0031498	CG17260	2L	3037230	3038793	1425
FBgn0243513	cnir	2L	3038826	3039812	871
FBgn0031500	CG17221	2L	3039976	3041890	1709
FBgn0031501	CG17261	2L	3042551	3043593	869
FBgn0042627	FASN2	2L	3043947	3056143	8161
FBgn0283427	FASN1	2L	3056598	3068177	8744
FBgn0015600	toc	2L	3068345	3144786	11265
FBgn0031505	ND-B14.5B	2L	3144953	3145848	762
FBgn0011648	Mad	2L	3146056	3159643	3412
FBgn0260817	gkt	2L	3159950	3162399	2221
FBgn0051953	CR31953	2L	3162515	3163289	715
FBgn0014906	Hydr2	2L	3163645	3169462	2857
FBgn0264744	CG44002	2L	3169820	3171092	1273
FBgn0264745	CR44003	2L	3171035	3172799	1709
FBgn0085422	CG34393	2L	3175112	3200496	2982
FBgn0031513	CG3347	2L	3269437	3271806	2192
FBgn0031514	OtopLb	2L	3275800	3280534	2883
FBgn0031515	CG9664	2L	3291245	3294706	3135
FBgn0031516	CG9663	2L	3294926	3303130	3062
FBgn0031518	CG3277	2L	3304100	3317418	3475
FBgn0031517	CG15406	2L	3309222	3311682	1646
FBgn0031519	Fign	2L	3316794	3319872	2364
FBgn0020445	E23	2L	3334875	3354829	5149
FBgn0031526	CG8838	2L	3357646	3358618	973
FBgn0085423	GramD1B	2L	3358640	3373372	7122
FBgn0031528	CG15412	2L	3373567	3375711	1889
FBgn0031529	CG9662	2L	3375832	3376737	846
FBgn0016698	Ptpa	2L	3377002	3378590	1393
FBgn0031530	Pgant2	2L	3404460	3426719	3575
FBgn0031534	Snx1	2L	3449683	3452106	2028
FBgn0031535	CG12795	2L	3452466	3453755	1072
FBgn0031536	Cog3	2L	3453697	3457064	2973
FBgn0266670	Sec5	2L	3457302	3460367	2885
FBgn0031538	CG3246	2L	3460322	3461952	1511
FBgn0005616	msl-2	2L	3462218	3466112	3843
FBgn0021967	ND-PDSW	2L	3466157	3467334	738
FBgn0031540	Pif1	2L	3467342	3470004	2611
FBgn0051776	CG31776	2L	3470182	3472364	1964
FBgn0051956	Pgant4	2L	3472603	3475338	2543
FBgn0261560	Thor	2L	3478434	3479612	755
FBgn0031542	CG15414	2L	3480755	3491071	1402
FBgn0014396	tim	2L	3493986	3508119	7039
FBgn0284253	LeuRS	2L	3510328	3514656	3934
FBgn0031544	CG17593	2L	3514872	3517264	1832
FBgn0031545	CG3213	2L	3517273	3519651	2379
FBgn0031546	CG8851	2L	3519677	3522555	2547
FBgn0031547	Sr-CIV	2L	3522521	3524056	1390
FBgn0031548	CG8852	2L	3525131	3527588	2398
FBgn0031549	Spindly	2L	3527387	3530317	2543
FBgn0002985	odd	2L	3604224	3606756	2347
FBgn0015663	Ugt36A1	2L	3619097	3621573	2303
FBgn0031554	CG15418	2L	3621110	3621704	531
FBgn0000721	for	2L	3622074	3656953	6929
FBgn0262721	CG43165	2L	3694431	3695020	532
FBgn0031560	CG16713	2L	3695032	3695411	325
FBgn0031561	IM33	2L	3696218	3696658	381
FBgn0051778	CG31778	2L	3704106	3705488	1137
FBgn0051777	CG31777	2L	3706551	3707063	383
FBgn0015376	cutlet	2L	3707230	3711748	3236
FBgn0051955	CG31955	2L	3711881	3713105	1088
FBgn0031566	CG2818	2L	3713360	3716810	2896
FBgn0040104	lectin-24A	2L	3716800	3717773	974
FBgn0003386	Shaw	2L	3718185	3729145	5000
FBgn0031568	CG10019	2L	3730466	3754617	6532
FBgn0263846	CG43707	2L	3757256	3769525	8942
FBgn0004893	bowl	2L	3771700	3784121	4280
FBgn0031571	bark	2L	3787167	3802726	10223
FBgn0021800	Reph	2L	3803545	3810671	4890
FBgn0031573	CG3407	2L	3810801	3813410	2418
FBgn0031574	TTLL4B	2L	3862668	3867507	3758
FBgn0031575	Cep97	2L	3867697	3871425	2977
FBgn0051957	CG31957	2L	3871271	3872458	885
FBgn0000256	capu	2L	3872646	3902860	6240
FBgn0051774	fred	2L	3902928	3991713	7521
FBgn0051773	Fpgs2	2L	3911796	3914288	2493
FBgn0264341	CG43797	2L	4000018	4000806	789
FBgn0085205	CG34176	2L	4004080	4004480	401
FBgn0031579	CG15422	2L	4004984	4005670	687
FBgn0031580	CG15423	2L	4006041	4006606	566
FBgn0264295	CG43773	2L	4007690	4007984	295
FBgn0264296	CG43774	2L	4008653	4009090	438
FBgn0000547	ed	2L	4031377	4115749	6425
FBgn0020376	Sr-CIII	2L	4120343	4121627	1168
FBgn0014033	Sr-CI	2L	4121702	4124153	2202
FBgn0051961	Tbcc	2L	4186250	4187793	1477
FBgn0040102	lectin-24Db	2L	4188123	4189284	1162
FBgn0031589	Naprt	2L	4189340	4198071	3472
FBgn0001075	ft	2L	4198404	4221796	16852
FBgn0031590	CG3702	2L	4224650	4227097	2369
FBgn0003941	RpL40	2L	4227699	4228561	659
FBgn0265269	CG15425	2L	4257572	4258425	795
FBgn0010473	tutl	2L	4283148	4323781	9888
FBgn0028482	bdl	2L	4324554	4331830	2730
FBgn0020762	Atet	2L	4333913	4345776	5244
FBgn0026319	Traf4	2L	4361925	4380716	3225
FBgn0031597	CG17612	2L	4380722	4382735	1979
FBgn0031598	Vps53	2L	4382925	4386062	2960
FBgn0261976	Psf2	2L	4386182	4387356	868
FBgn0027560	Tps1	2L	4388327	4392778	2920
FBgn0031600	CG3652	2L	4392770	4393876	867
FBgn0022153	l(2)k05819	2L	4394196	4400487	5246
FBgn0031601	Dim1	2L	4403251	4403955	606
FBgn0031602	CG15431	2L	4403992	4441282	6408
FBgn0085206	CG34177	2L	4433908	4435057	882
FBgn0085207	CG34178	2L	4433908	4435057	940
FBgn0259958	Sfp24F	2L	4441429	4442060	578
FBgn0031603	CG15432	2L	4442320	4442985	634
FBgn0027609	morgue	2L	4442870	4444680	1749
FBgn0031604	Elp3	2L	4444732	4446765	1863
FBgn0025684	MFS18	2L	4446670	4448635	1846
FBgn0031606	CG15439	2L	4449295	4453038	3335
FBgn0031607	Secp43	2L	4453169	4454453	1224
FBgn0040705	ND-B8	2L	4454626	4455207	460
FBgn0019982	Gs1l	2L	4455137	4456807	1259
FBgn0285948	RpL27A	2L	4457186	4458364	633
FBgn0053002	mRpL27	2L	4458595	4459638	932
FBgn0031608	CG15435	2L	4459729	4461746	1948
FBgn0031609	CG15443	2L	4461657	4463447	1731
FBgn0031610	Paris	2L	4463611	4465075	1411
FBgn0031611	FIG4	2L	4465174	4468022	2729
FBgn0011603	ine	2L	4468000	4477022	3965
FBgn0053196	dpy	2L	4477462	4614300	71820
FBgn0031617	CG15635	2L	4642972	4646562	3532
FBgn0031620	CG11929	2L	4682677	4687232	3034
FBgn0031622	CG3251	2L	4688965	4690702	1685
FBgn0031623	Taf12L	2L	4700835	4701485	591
FBgn0031628	CG3294	2L	4794549	4796581	1541
FBgn0031630	CG15629	2L	4813009	4815891	1432
FBgn0031631	CG3225	2L	4815613	4818245	2387
FBgn0031632	CG15628	2L	4821774	4828945	3932
FBgn0031633	Fnta	2L	4829214	4830693	1352
FBgn0031634	Ir25a	2L	4830846	4835300	3587
FBgn0031635	tank	2L	4835335	4837999	2217
FBgn0031636	CG12194	2L	4838347	4841465	2326
FBgn0031637	mxt	2L	4841482	4847295	4096
FBgn0031638	CG11927	2L	4847766	4849499	1734
FBgn0031639	mRpS2	2L	4849439	4850419	924
FBgn0031640	Mon1	2L	4850641	4852640	1882
FBgn0051660	smog	2L	4852864	4876792	6121
FBgn0000286	Cf2	2L	4876891	4883107	4315
FBgn0031643	CG3008	2L	4883298	4885669	2263
FBgn0031644	CG15625	2L	4889995	4891277	1222
FBgn0267280	CR45716	2L	4891327	4891845	519
FBgn0031645	CG3036	2L	4892112	4903889	2731
FBgn0031646	snsl	2L	4903865	4906762	1294
FBgn0041150	hoe1	2L	4908581	4932384	4630
FBgn0031649	hoe2	2L	4933047	4936450	2888
FBgn0003372	Sgs1	2L	4937409	4941423	3950
FBgn0031650	synr	2L	4942742	4944305	1318
FBgn0031651	mRpL24	2L	4944256	4945361	875
FBgn0015000	betaggt-I	2L	4945579	4948324	1784
FBgn0031652	jet	2L	4948206	4949784	1453
FBgn0031655	Marcal1	2L	4955509	4958292	2411
FBgn0083960	CG34124	2L	4958411	4965430	6234
FBgn0083961	CG34125	2L	4965673	4966399	668
FBgn0015834	eIF3i	2L	4966367	4967775	1177
FBgn0262467	Scox	2L	4967832	4968935	1041
FBgn0031657	Polr1C	2L	4969004	4970216	1153
FBgn0010607	l(2)05714	2L	4970135	4973921	1285
FBgn0031659	CG14043	2L	4971702	4973687	1986
FBgn0031660	mRpL28	2L	4973976	4975316	1170
FBgn0031661	Gmd	2L	4975300	4977023	1561
FBgn0031662	CG3792	2L	4977312	4978567	1194
FBgn0031663	CG8891	2L	4978484	4979379	769
FBgn0031664	CG8892	2L	4979513	4981592	2080
FBgn0083962	CG34126	2L	4981614	4992702	6094
FBgn0053113	Rtnl1	2L	4992808	5009720	4841
FBgn0031668	CG31917	2L	5009931	5010834	846
FBgn0265968	Tfb5	2L	5009931	5010834	846
FBgn0031670	SelT	2L	5010922	5012127	1130
FBgn0016075	vkg	2L	5012144	5028191	6503
FBgn0000299	Col4a1	2L	5029609	5037279	6165
FBgn0260451	CG14042	2L	5037709	5040818	3042
FBgn0260470	SP555	2L	5037709	5040818	3042
FBgn0031673	CG31650	2L	5040648	5044712	2019
FBgn0053995	CG33995	2L	5043270	5048365	2691
FBgn0264742	CG44000	2L	5043270	5048365	2778
FBgn0264743	CG44001	2L	5043270	5048365	2778
FBgn0031675	CG9121	2L	5047818	5051062	2717
FBgn0022023	eIF3h	2L	5051193	5053094	1496
FBgn0031676	senju	2L	5052843	5054575	1605
FBgn0031677	CG14036	2L	5054579	5055016	438
FBgn0014857	His3.3A	2L	5055058	5056149	1002
FBgn0031678	Nepl3	2L	5055982	5058248	2267
FBgn0028694	Rpn11	2L	5058404	5059790	1208
FBgn0028572	qtc	2L	5060815	5070750	3566
FBgn0261608	RpL37A	2L	5070957	5072055	777
FBgn0031681	Pgant5	2L	5072170	5093592	4545
FBgn0031682	CG5828	2L	5093976	5095910	1935
FBgn0031683	CG4230	2L	5096227	5099294	2318
FBgn0031684	ND-13A	2L	5099177	5100288	953
FBgn0261836	Msp300	2L	5100877	5207002	69810
FBgn0031688	Cyp28d2	2L	5207267	5209345	1673
FBgn0031689	Cyp28d1	2L	5210460	5212445	1617
FBgn0031690	CG7742	2L	5212395	5215081	2194
FBgn0250847	CG14034	2L	5215189	5216542	1139
FBgn0031692	TpnC25D	2L	5216701	5219053	1250
FBgn0003716	tkv	2L	5219000	5271384	4433
FBgn0046776	CR14033	2L	5242699	5244239	1541
FBgn0031693	Cyp4ac1	2L	5264001	5265899	1666
FBgn0031694	Cyp4ac2	2L	5266392	5268455	1709
FBgn0031695	Cyp4ac3	2L	5268498	5270329	1606
FBgn0000228	Nin	2L	5271728	5278548	4953
FBgn0031696	Bub1	2L	5278865	5283283	4279
FBgn0016076	vri	2L	5288944	5311223	4739
FBgn0031697	CG14024	2L	5311311	5314895	2616
FBgn0031698	Ncoa6	2L	5315290	5326683	10041
FBgn0015031	cype	2L	5327227	5327969	522
FBgn0031700	CG14022	2L	5327975	5328879	652
FBgn0031702	fusl	2L	5330470	5338073	3231
FBgn0031703	Acsf2	2L	5339132	5342234	2054
FBgn0016920	nompC	2L	5346200	5365760	6886
FBgn0016660	H15	2L	5404280	5416593	3282
FBgn0261963	mid	2L	5461639	5467610	2920
FBgn0031707	CG14020	2L	5517737	5518949	1213
FBgn0031708	CG7382	2L	5518893	5519896	888
FBgn0000318	cl	2L	5520135	5521382	716
FBgn0031710	Vps52	2L	5521281	5523898	2168
FBgn0031711	Elp4	2L	5524139	5525809	1671
FBgn0051989	Cap-D3	2L	5525905	5535958	4049
FBgn0051648	Cox11	2L	5526957	5527854	898
FBgn0051915	CG31915	2L	5528123	5530682	2487
FBgn0031713	Coq6	2L	5530620	5532223	1604
FBgn0031715	tomb	2L	5535861	5536758	836
FBgn0014189	Hel25E	2L	5539326	5542314	2460
FBgn0002525	Lam	2L	5542480	5546642	3737
FBgn0031717	Oscillin	2L	5547086	5549614	2281
FBgn0031719	CG18269	2L	5551838	5552756	919
FBgn0031720	CG14013	2L	5552843	5553850	955
FBgn0004620	GluRIIA	2L	5555072	5558994	3253
FBgn0024191	sip1	2L	5721051	5723944	2780
FBgn0031736	CG11030	2L	5724656	5762420	4173
FBgn0031733	CG14006	2L	5726415	5728811	2397
FBgn0031734	CG11147	2L	5733675	5741244	3030
FBgn0031735	CG11029	2L	5746157	5747961	1805
FBgn0031737	obst-E	2L	5762553	5766142	1810
FBgn0031738	CG9171	2L	5767002	5800253	5434
FBgn0051913	CG31913	2L	5784031	5784893	863
FBgn0031739	CG14005	2L	5800517	5801975	1396
FBgn0031740	CG7239	2L	5802220	5804030	1752
FBgn0031741	CG11034	2L	5805395	5809063	2550
FBgn0031745	rau	2L	5859769	5879498	2268
FBgn0031747	CG9021	2L	5903178	5904689	1382
FBgn0043362	bchs	2L	5907169	5922776	12155
FBgn0031749	CG14000	2L	5908927	5910289	1363
FBgn0015381	dsf	2L	5925937	5939261	3537
FBgn0001128	Gpdh1	2L	5943643	5948968	3152
FBgn0031752	CG9044	2L	5949450	5955235	4425
FBgn0086265	psd	2L	5963087	5964951	1543
FBgn0031756	CG13992	2L	5965391	5967752	2313
FBgn0031757	Ucp4C	2L	5968566	5969761	1196
FBgn0031758	Ucp4B	2L	5969859	5971025	1167
FBgn0000308	chic	2L	5972115	5981018	2632
FBgn0001942	eIF4A	2L	5981764	5985909	2480
FBgn0001941	ifc	2L	5986348	5988854	2201
FBgn0031759	Kdm5	2L	5989400	5999501	7158
FBgn0031760	Tsp26A	2L	6000228	6003738	3030
FBgn0001089	Gal	2L	6003574	6006827	2345
FBgn0031762	CG9098	2L	6007364	6012338	3750
FBgn0031764	CG9107	2L	6022951	6024539	1534
FBgn0031765	CG9109	2L	6025870	6034423	1842
FBgn0025742	mtm	2L	6034731	6037015	2230
FBgn0000052	Pfas	2L	6041181	6046050	4434
FBgn0029161	slmo	2L	6046516	6048706	2191
FBgn0085208	CG34179	2L	6046651	6048706	2056
FBgn0031768	IPIP	2L	6048002	6050474	1842
FBgn0031769	CG9135	2L	6050800	6053877	2412
FBgn0031770	CG13995	2L	6054302	6060169	3379
FBgn0085209	CG34180	2L	6060510	6060938	376
FBgn0031771	ND-51	2L	6060842	6062757	1590
FBgn0031772	CG13994	2L	6062989	6063671	631
FBgn0031773	Fbw5	2L	6063562	6065953	2285
FBgn0031774	CG9147	2L	6065997	6067635	1498
FBgn0031775	CG9150	2L	6067668	6068594	870
FBgn0031776	Pfdn1	2L	6069079	6069838	595
FBgn0031777	CG9154	2L	6069790	6070686	787
FBgn0266449	Kr-h2	2L	6070990	6073961	1771
FBgn0266450	Kr-h1	2L	6082603	6096498	5306
FBgn0266445	CG45075	2L	6091412	6096498	4168
FBgn0031779	CG9175	2L	6096698	6098966	2078
FBgn0266521	stai	2L	6100377	6124653	3792
FBgn0051642	CG31642	2L	6118512	6120522	1950
FBgn0284255	Arpc4	2L	6125132	6125911	712
FBgn0031782	WDR79	2L	6125879	6127775	1724
FBgn0031784	CG9222	2L	6131023	6132484	1290
FBgn0040950	Muc26B	2L	6151969	6153701	1670
FBgn0031786	CG13989	2L	6160400	6161309	855
FBgn0085409	smal	2L	6179133	6211114	5506
FBgn0053531	Ddr	2L	6253123	6323466	5076
FBgn0031791	AANATL2	2L	6255859	6256822	964
FBgn0265778	PDZ-GEF	2L	6323767	6332789	7106
FBgn0031799	Pez	2L	6332881	6338671	4546
FBgn0015623	Cpr	2L	6338836	6346280	3344
FBgn0031800	CG9497	2L	6346430	6348427	1774
FBgn0031801	CG9498	2L	6349393	6351034	1514
FBgn0031803	ppk14	2L	6354956	6356672	1515
FBgn0031805	Nepl4	2L	6367882	6370190	2309
FBgn0043854	slam	2L	6372388	6377284	4117
FBgn0259714	DIP-epsilon	2L	6377771	6411326	3150
FBgn0031808	Nepl5	2L	6381266	6383419	2154
FBgn0259716	Nepl6	2L	6383435	6385512	2078
FBgn0259715	CG42369	2L	6395853	6397249	1397
FBgn0031811	CG13982	2L	6412315	6415335	2643
FBgn0011722	Tig	2L	6415179	6423310	7018
FBgn0263278	Fic	2L	6424336	6426371	1918
FBgn0031813	Acox3	2L	6426724	6448403	2887
FBgn0031814	retm	2L	6448464	6455929	3700
FBgn0031815	frj	2L	6456052	6459008	2254
FBgn0031816	Rchy1	2L	6459015	6465669	2252
FBgn0031817	HemK1	2L	6466217	6467698	1369
FBgn0259749	mmy	2L	6468538	6473904	2195
FBgn0031818	CG9536	2L	6474438	6476975	1944
FBgn0086357	Sec61alpha	2L	6477182	6480575	2128
FBgn0031820	Daxx	2L	6480929	6487576	5718
FBgn0027496	epsilonCOP	2L	6489090	6490194	1105
FBgn0031822	Phf5a	2L	6490155	6490843	483
FBgn0051638	CG31638	2L	6491061	6496988	3212
FBgn0031824	CG9547	2L	6492974	6494532	1441
FBgn0031826	CG9550	2L	6497053	6498466	1298
FBgn0051637	CG31637	2L	6498647	6526996	2672
FBgn0000320	eya	2L	6527447	6546976	3690
FBgn0031829	IFT52	2L	6555717	6557502	1470
FBgn0031830	COX5B	2L	6557800	6559308	729
FBgn0031832	Trmt6	2L	6559426	6562289	2343
FBgn0263916	Ent2	2L	6562325	6564709	2385
FBgn0031834	CG13766	2L	6564112	6566181	2070
FBgn0031835	Dpp10	2L	6568400	6601068	8072
FBgn0031836	CG11050	2L	6611011	6617117	2405
FBgn0031837	DIP-iota	2L	6617134	6621700	1327
FBgn0085374	CG34345	2L	6623112	6625359	1777
FBgn0051634	Oatp26F	2L	6625138	6632407	2418
FBgn0051635	CG31635	2L	6632798	6649114	9511
FBgn0286898	Tango1	2L	6649388	6654574	4679
FBgn0051633	CG31633	2L	6654760	6656321	1452
FBgn0051636	CG31636	2L	6656459	6658152	1567
FBgn0028467	Ube4A	2L	6658517	6662033	3391
FBgn0031844	CG13771	2L	6662061	6663612	1431
FBgn0000392	cup	2L	6663664	6674780	4306
FBgn0085339	CG34310	2L	6663664	6674780	4571
FBgn0263200	Galt	2L	6666264	6668033	1484
FBgn0028990	Spn27A	2L	6671065	6673347	2283
FBgn0000351	cort	2L	6674682	6676635	1655
FBgn0031848	Nse1	2L	6676649	6677625	977
FBgn0028703	Nhe3	2L	6677835	6684364	4553
FBgn0031849	CG11327	2L	6684842	6686712	1808
FBgn0031850	Tsp	2L	6686791	6709086	5017
FBgn0025595	AkhR	2L	6711286	6716186	3182
FBgn0031851	Aatf	2L	6717625	6719389	1703
FBgn0025777	homer	2L	6719394	6723359	3066
FBgn0046704	Liprin-alpha	2L	6723903	6732766	6208
FBgn0031853	TTLL3B	2L	6732866	6736149	3017
FBgn0031856	CG11322	2L	6757864	6759628	1765
FBgn0031857	LUBEL	2L	6759829	6772755	9867
FBgn0031858	CG17378	2L	6774041	6778444	3254
FBgn0015776	nrv1	2L	6778555	6786861	2195
FBgn0015777	nrv2	2L	6789770	6798862	3568
FBgn0017551	Rca1	2L	6852315	6853866	1552
FBgn0086451	l(2)k09022	2L	6854142	6860849	6472
FBgn0031865	Nha1	2L	6860905	6870389	2745
FBgn0031866	Nlg2	2L	6874900	6906656	5645
FBgn0042092	Polr1F	2L	6906666	6907844	1081
FBgn0031868	Rat1	2L	6908083	6911423	3341
FBgn0011737	Wee1	2L	6911090	6914138	2652
FBgn0028554	x16	2L	6914301	6920210	1787
FBgn0052829	CG32829	2L	6915581	6916445	865
FBgn0026196	nop5	2L	6916753	6918743	1813
FBgn0004838	Hrb27C	2L	6920704	6932057	8693
FBgn0031869	CG18304	2L	6932545	6942814	6641
FBgn0031871	Fgop2	2L	6943178	6945289	2048
FBgn0031872	ihog	2L	6945464	6948808	3276
FBgn0031873	Gas41	2L	6949310	6950207	840
FBgn0020616	SA1	2L	6950421	6954586	3634
FBgn0031874	CG13775	2L	6954357	6956950	2178
FBgn0031875	CG3430	2L	6957008	6959104	1973
FBgn0031876	Atac1	2L	6959099	6960328	1230
FBgn0031877	Hmgcl	2L	6960377	6961653	1218
FBgn0031878	sip2	2L	6961516	6964074	2345
FBgn0021944	Coprox	2L	6964421	6965887	1467
FBgn0264922	Sumo	2L	6966780	6967644	743
FBgn0016978	snRNP-U1-70K	2L	6968711	6971737	2948
FBgn0031879	uif	2L	6972828	7010359	11820
FBgn0263027	CG43322	2L	7013396	7014737	1272
FBgn0000053	Gart	2L	7014623	7023898	4780
FBgn0003046	Pcp	2L	7021682	7022470	718
FBgn0051908	CG31908	2L	7024829	7027389	2135
FBgn0031881	MME1	2L	7027526	7028959	1245
FBgn0031882	Rab30	2L	7030493	7032606	2055
FBgn0031883	Caper	2L	7032721	7037878	3222
FBgn0262872	milt	2L	7037823	7056010	7667
FBgn0031885	Mnn1	2L	7056301	7063586	5292
FBgn0051907	Mst27D	2L	7059214	7060851	1574
FBgn0266666	Sem1	2L	7063986	7064467	427
FBgn0031886	Nuf2	2L	7064431	7065837	1290
FBgn0031887	Ugt307A1	2L	7067983	7069546	1513
FBgn0031888	Pvf2	2L	7069536	7084635	2102
FBgn0085407	Pvf3	2L	7098188	7157695	6237
FBgn0031893	MICU1	2L	7182234	7185529	2088
FBgn0031894	CG4496	2L	7185461	7190010	2764
FBgn0031895	CG4497	2L	7190431	7194588	2741
FBgn0031896	CG4502	2L	7194908	7204264	2082
FBgn0031897	CG13784	2L	7204538	7220033	5455
FBgn0263133	mEFG1	2L	7220369	7223081	2503
FBgn0259111	Ndae1	2L	7223328	7249343	7054
FBgn0264343	CG43799	2L	7227734	7228641	854
FBgn0264344	CG43800	2L	7232165	7232813	590
FBgn0031900	CG13786	2L	7250607	7252982	2185
FBgn0010453	Wnt4	2L	7255419	7277171	3367
FBgn0284084	wg	2L	7307159	7316265	2919
FBgn0031902	Wnt6	2L	7333714	7352542	2855
FBgn0031903	Wnt10	2L	7363379	7377528	2375
FBgn0002938	ninaC	2L	7377702	7384344	5425
FBgn0031904	CG5149	2L	7384486	7388253	1898
FBgn0031905	gudu	2L	7388508	7390902	2252
FBgn0031906	CG5160	2L	7390984	7398750	1686
FBgn0031907	CG5171	2L	7401335	7404727	1730
FBgn0031908	CG5177	2L	7405227	7408600	1123
FBgn0031909	CG5181	2L	7408533	7409809	1214
FBgn0028387	chm	2L	7412417	7422736	3569
FBgn0283658	muc	2L	7426866	7430329	2451
FBgn0031913	CG5958	2L	7430530	7433516	1174
FBgn0031914	CG5973	2L	7437492	7445882	3186
FBgn0025697	santa-maria	2L	7445355	7451244	5563
FBgn0041247	Gr28a	2L	7452520	7454212	1417
FBgn0045495	Gr28b	2L	7454826	7462247	4264
FBgn0031918	CG6055	2L	7466543	7472493	1163
FBgn0260486	Ziz	2L	7472513	7496307	8696
FBgn0031920	CG6441	2L	7474704	7476952	2042
FBgn0264895	RapGAP1	2L	7497805	7578980	7387
FBgn0083141	Spn28B	2L	7581924	7583333	1248
FBgn0031926	CG6739	2L	7608389	7616533	2718
FBgn0264087	Slob	2L	7642005	7675078	7358
FBgn0040299	Myo28B1	2L	7666047	7689459	7433
FBgn0031929	CG18585	2L	7689311	7691061	1423
FBgn0262880	CG43235	2L	7693030	7693821	678
FBgn0041182	Tep2	2L	7693727	7701601	5288
FBgn0041181	Tep3	2L	7702805	7710690	4928
FBgn0031937	CG13795	2L	7723045	7726298	2499
FBgn0031939	CG13796	2L	7727157	7732670	2765
FBgn0260479	CG31904	2L	7734415	7738809	3572
FBgn0031940	CG7214	2L	7743682	7744839	1041
FBgn0267689	CG46025	2L	7754174	7765915	2855
FBgn0031945	CG7191	2L	7767628	7775033	1643
FBgn0020880	CG7179	2L	7775804	7778029	2226
FBgn0003961	Uro	2L	7780085	7781415	1262
FBgn0031947	Brd7-9	2L	7782865	7786061	2834
FBgn0031948	CG7149	2L	7786160	7790557	2467
FBgn0286198	LKRSDH	2L	7791175	7795959	3495
FBgn0031950	Herp	2L	7796314	7800058	2560
FBgn0031951	r2d2	2L	7800147	7802098	1879
FBgn0031952	Cdc14	2L	7801668	7810703	5381
FBgn0261800	LanB1	2L	7811438	7820771	6282
FBgn0027515	CG7115	2L	7821151	7825350	2804
FBgn0020618	Rack1	2L	7825347	7827315	1693
FBgn0004177	mts	2L	7827650	7833576	3102
FBgn0031955	CG14535	2L	7844905	7855475	5826
FBgn0040099	lectin-28C	2L	7857077	7860120	3044
FBgn0031957	TwdlE	2L	7857957	7860839	1346
FBgn0031959	spz3	2L	7873495	7879552	2552
FBgn0031961	CG7102	2L	7883282	7887513	2264
FBgn0261790	SmE	2L	7884930	7885450	521
FBgn0083968	CG34132	2L	7885503	7886109	535
FBgn0051902	Spn28Da	2L	7887693	7889129	1270
FBgn0053121	Spn28Db	2L	7889288	7890704	1229
FBgn0085450	Snoo	2L	7891187	7984196	8413
FBgn0031968	CG7231	2L	7983946	7986785	1896
FBgn0031969	pes	2L	7986786	7994184	3846
FBgn0031970	CG7227	2L	7994388	7998151	2720
FBgn0031971	Sirup	2L	7998869	7999676	727
FBgn0031972	Wwox	2L	7999670	8004286	1502
FBgn0031973	Spn28Dc	2L	8004548	8007210	1792
FBgn0031974	CG12560	2L	8008302	8009477	995
FBgn0054010	Glyat	2L	8009603	8010652	876
FBgn0031975	Tg	2L	8011405	8026898	3129
FBgn0031976	CG7367	2L	8026914	8039788	1635
FBgn0031977	baf	2L	8029462	8030565	1022
FBgn0044323	Cka	2L	8030721	8040826	5928
FBgn0031979	CCDC53	2L	8041106	8041879	655
FBgn0031980	RpL36A	2L	8041873	8042909	514
FBgn0031981	Megf8	2L	8043471	8054326	10201
FBgn0011230	poe	2L	8054322	8071624	16216
FBgn0013531	MED20	2L	8071812	8072848	1037
FBgn0010287	Trf	2L	8072895	8073948	983
FBgn0267488	Mcr	2L	8074117	8082982	6296
FBgn0261822	Bsg	2L	8083420	8116531	11657
FBgn0031985	mon2	2L	8116965	8124010	5806
FBgn0031986	CG8673	2L	8124329	8125799	1404
FBgn0031987	CG12375	2L	8125668	8126890	1165
FBgn0031988	CG8668	2L	8127001	8133989	3215
FBgn0031990	PAPLA1	2L	8134247	8159638	6996
FBgn0261830	CG42762	2L	8143401	8144047	593
FBgn0261831	CG42763	2L	8144391	8145107	660
FBgn0263256	CG43394	2L	8145758	8158786	4619
FBgn0261064	Rbsn-5	2L	8159832	8161800	1846
FBgn0031992	Acbp1	2L	8161796	8162452	525
FBgn0264953	Piezo	2L	8163073	8190137	10908
FBgn0083970	CG34134	2L	8190297	8190781	485
FBgn0031995	CG8475	2L	8190808	8196918	5507
FBgn0031996	CG8460	2L	8197193	8198813	1368
FBgn0031997	PGAP5	2L	8198882	8200652	1636
FBgn0031998	SLC5A11	2L	8200465	8205132	2660
FBgn0031999	CG8419	2L	8206171	8209637	3240
FBgn0003607	Su(var)205	2L	8209626	8211122	1109
FBgn0015299	Ssb-c31a	2L	8211347	8211938	536
FBgn0032000	CG8372	2L	8212039	8212902	864
FBgn0032001	CG8360	2L	8212959	8214135	787
FBgn0032002	CG8353	2L	8214045	8215239	1011
FBgn0032003	CG8349	2L	8215915	8216901	928
FBgn0032004	CG8292	2L	8216851	8218017	1105
FBgn0032005	Snx6	2L	8218071	8220741	1821
FBgn0032006	Pvr	2L	8220980	8239878	6653
FBgn0032010	CG8086	2L	8244160	8257502	6129
FBgn0003502	Btk	2L	8258373	8301079	9022
FBgn0261020	wol	2L	8301345	8302985	1335
FBgn0032013	Scgalpha	2L	8303429	8305376	1657
FBgn0032014	CG7840	2L	8305586	8306741	1156
FBgn0032015	Ostgamma	2L	8306696	8308192	1245
FBgn0032016	Mettl14	2L	8308427	8309961	1407
FBgn0032017	CG7810	2L	8309876	8311195	1320
FBgn0032018	CG7806	2L	8311399	8317011	4972
FBgn0262598	mtsh	2L	8316889	8319908	2528
FBgn0032020	strat	2L	8320328	8321285	888
FBgn0032021	CG7781	2L	8321280	8325409	1981
FBgn0032022	CG14275	2L	8327456	8332911	976
FBgn0032024	CG14273	2L	8342695	8344378	1061
FBgn0032025	CG7778	2L	8346620	8351112	2152
FBgn0051901	Mur29B	2L	8352187	8355172	1884
FBgn0032026	CG7627	2L	8355678	8362469	4778
FBgn0010265	RpS13	2L	8363477	8364662	899
FBgn0261437	CSN8	2L	8364855	8365663	641
FBgn0260439	Pp2A-29B	2L	8366038	8370090	2757
FBgn0032029	CG17292	2L	8370454	8374250	2079
FBgn0032030	Wdr82	2L	8374461	8375549	1089
FBgn0032031	CG13390	2L	8375502	8376797	1230
FBgn0032032	CG17294	2L	8377035	8378206	1012
FBgn0027094	AlaRS	2L	8378262	8381764	3289
FBgn0032033	CG13392	2L	8381821	8382807	922
FBgn0032034	Rcd4	2L	8382861	8383657	733
FBgn0263852	Dad1	2L	8383612	8384137	526
FBgn0032036	CG13384	2L	8384455	8388804	2881
FBgn0262001	CG42819	2L	8388728	8389331	604
FBgn0262002	CG42820	2L	8389881	8392398	2377
FBgn0040098	lectin-29Ca	2L	8393489	8394280	792
FBgn0040959	Peritrophin-15a	2L	8395665	8396096	361
FBgn0032039	CG13385	2L	8396649	8397886	1238
FBgn0032040	CG13386	2L	8399021	8400078	984
FBgn0051898	CG31898	2L	8400421	8401592	1172
FBgn0001084	fy	2L	8401476	8403280	1688
FBgn0020497	emb	2L	8403573	8408853	4492
FBgn0014417	Naglu	2L	8408888	8411868	2902
FBgn0032042	CG13398	2L	8412144	8415256	3041
FBgn0027932	Akap200	2L	8415690	8431297	3972
FBgn0001137	grk	2L	8431086	8433598	1718
FBgn0027490	D12	2L	8434058	8437365	3251
FBgn0043002	Chrac-14	2L	8437405	8437996	592
FBgn0002887	mus201	2L	8438169	8442342	3950
FBgn0051897	CG31897	2L	8442447	8445815	3369
FBgn0027780	Aasdh	2L	8445861	8449576	3433
FBgn0026718	Agpat2	2L	8449691	8463994	2151
FBgn0285971	prg	2L	8464488	8466694	2149
FBgn0262029	dachs	2L	8466817	8488671	6113
FBgn0032047	CG13088	2L	8488981	8490546	1454
FBgn0032048	Dh31	2L	8491868	8506845	1295
FBgn0032049	Bace	2L	8494893	8496307	1415
FBgn0032050	CG13096	2L	8509069	8511866	2450
FBgn0032051	CG13097	2L	8512174	8514868	2522
FBgn0032052	PIG-U	2L	8515096	8516755	1478
FBgn0032053	mRpL51	2L	8516753	8517380	628
FBgn0032054	Uba4	2L	8517411	8519176	1710
FBgn0032055	Sgp	2L	8519690	8521809	1796
FBgn0016122	Acer	2L	8521933	8525740	3198
FBgn0085470	lmgB	2L	8524999	8528618	3620
FBgn0250903	lmgA	2L	8524999	8528618	3620
FBgn0028394	CG17834	2L	8529141	8541439	2635
FBgn0011259	Sema1a	2L	8542147	8672041	10190
FBgn0001114	Glt	2L	8672698	8676804	3373
FBgn0032058	CG9289	2L	8681325	8684376	2129
FBgn0032059	PrBP	2L	8684823	8685955	1133
FBgn0260861	Trs23	2L	8686231	8687052	765
FBgn0004914	Hnf4	2L	8687226	8709611	5377
FBgn0032061	CatB	2L	8705572	8707527	1893
FBgn0003209	raw	2L	8709880	8740660	5011
FBgn0032068	LManV	2L	8772946	8776263	3074
FBgn0029123	SoxN	2L	8825645	8829670	4026
FBgn0052986	CG32986	2L	8862776	8863743	968
FBgn0052988	CG32988	2L	8864864	8865692	829
FBgn0032072	CG9483	2L	8866767	8867686	920
FBgn0085427	CG34398	2L	8898786	8933594	8746
FBgn0032074	Tsp29Fa	2L	8933962	8936096	1391
FBgn0032075	Tsp29Fb	2L	8937390	8939743	1230
FBgn0032076	Argl	2L	8939725	8942105	1982
FBgn0032077	CG9515	2L	8941945	8943257	1029
FBgn0032078	C1GalTA	2L	8943455	8951216	2378
FBgn0286875	CG46397	2L	8947266	8947871	548
FBgn0032079	CG31886	2L	8953481	8959051	3002
FBgn0032080	CG9525	2L	8959255	8962354	3100
FBgn0052985	CG32985	2L	8962533	8964620	1962
FBgn0052984	CG32984	2L	8964957	8967035	1960
FBgn0032082	CG18088	2L	8967535	8970627	2628
FBgn0032083	CG9541	2L	8970520	8975428	2719
FBgn0032084	CG13101	2L	8977834	8984872	1589
FBgn0040963	CG18662	2L	8980659	8981432	646
FBgn0011705	rost	2L	8985936	8989539	1671
FBgn0032085	CG9555	2L	8991735	8993632	1478
FBgn0013746	alien	2L	8993818	8997379	3235
FBgn0032086	CG17906	2L	8994391	8995617	971
FBgn0040964	CG18661	2L	8997605	8998544	886
FBgn0015316	Try29F	2L	8998537	8999816	1280
FBgn0032088	CG13102	2L	9012188	9014149	1835
FBgn0032089	Rcd-1r	2L	9012885	9014068	1184
FBgn0051708	DIP-zeta	2L	9051631	9071164	3562
FBgn0032095	Toll-4	2L	9084107	9089440	3378
FBgn0051609	CG31609	2L	9097563	9098175	555
FBgn0032096	Or30a	2L	9111814	9113285	1134
FBgn0052982	CG32982	2L	9125737	9163721	3648
FBgn0032100	CG13108	2L	9164235	9165426	1021
FBgn0032101	CG9586	2L	9165421	9166514	966
FBgn0041092	tai	2L	9166778	9250211	11910
FBgn0032104	aust	2L	9250048	9251042	929
FBgn0032105	borr	2L	9251472	9253118	1298
FBgn0267252	Ggamma30A	2L	9256563	9302494	12543
FBgn0010314	Cks30A	2L	9330763	9331981	1147
FBgn0026439	Eaat1	2L	9333567	9341925	3139
FBgn0032111	CG13110	2L	9350470	9350996	527
FBgn0085395	Shawl	2L	9370309	9415156	6288
FBgn0012036	Aldh	2L	9387389	9391567	2070
FBgn0032117	FucTB	2L	9428669	9431052	2029
FBgn0011232	scat	2L	9431405	9435341	3558
FBgn0032119	CG3769	2L	9435399	9436842	1333
FBgn0002973	numb	2L	9437469	9464184	4916
FBgn0004868	Gdi	2L	9491176	9494876	2501
FBgn0032120	CG33298	2L	9495474	9520696	6463
FBgn0032123	Oatp30B	2L	9521210	9540060	5581
FBgn0032129	jp	2L	9547720	9566750	7454
FBgn0032130	brwl	2L	9568890	9573572	3400
FBgn0028479	Mtpalpha	2L	9573563	9576769	2886
FBgn0040070	Trx2	2L	9613166	9616404	1357
FBgn0032135	GlcAT-S	2L	9616469	9623109	2682
FBgn0032136	Apoltp	2L	9634179	9656026	13330
FBgn0000273	Pka-C1	2L	9682315	9699297	5725
FBgn0286786	hoip	2L	9699791	9700459	607
FBgn0011207	pelo	2L	9700810	9708883	2045
FBgn0051710	CG31710	2L	9702442	9705954	1495
FBgn0032138	CG4364	2L	9708921	9711271	2124
FBgn0028704	Nckx30C	2L	9711512	9746495	9704
FBgn0032139	CG13116	2L	9729940	9730945	1006
FBgn0032140	CG13117	2L	9736645	9737949	1305
FBgn0015035	Cyp4e3	2L	9747839	9750071	1805
FBgn0270924	zf30C	2L	9758342	9762375	2976
FBgn0011291	Taf11	2L	9762424	9763262	777
FBgn0283478	und	2L	9763369	9765338	1748
FBgn0265001	ppk18	2L	9765357	9770996	1662
FBgn0032143	CG4017	2L	9767058	9768727	1616
FBgn0065108	ppk16	2L	9771155	9775030	3212
FBgn0065109	ppk11	2L	9771155	9775030	3212
FBgn0032147	IP3K1	2L	9782384	9788499	2097
FBgn0032149	CG4036	2L	9790882	9791958	1017
FBgn0032150	CG13123	2L	9791961	9793107	1094
FBgn0032151	nAChRalpha6	2L	9793317	9886250	7779
FBgn0029174	Fkbp59	2L	9888005	9890119	1587
FBgn0085212	CG34183	2L	9890061	9890772	533
FBgn0032153	CG4537	2L	9890885	9891336	393
FBgn0032154	mtDNA-helicase	2L	9891255	9893446	1965
FBgn0010520	Bka	2L	9895287	9896104	758
FBgn0004867	RpS2	2L	9896265	9897552	1208
FBgn0053300	Muc30E	2L	9897820	9903128	5253
FBgn0032156	CG13124	2L	9903279	9908633	3343
FBgn0032157	Etl1	2L	9908830	9912608	3076
FBgn0024285	Srp54	2L	9912911	9915044	2134
FBgn0040064	yip2	2L	9915253	9917220	1391
FBgn0025700	CG5885	2L	9917221	9918330	1044
FBgn0032160	CG4598	2L	9918618	9920120	1216
FBgn0032161	CG4594	2L	9920160	9921459	1103
FBgn0032162	CG4592	2L	9921633	9922860	1105
FBgn0032163	TbCMF46	2L	9922737	9924865	1763
FBgn0259712	CG42366	2L	9925161	9930378	2717
FBgn0051876	Cpr30F	2L	9932272	9933163	827
FBgn0051712	Arglu1	2L	9934767	9938134	3159
FBgn0287788	Datp	2L	9938178	9938790	555
FBgn0032166	CG4619	2L	9938863	9943058	4136
FBgn0032167	CG5853	2L	9940773	9947648	2623
FBgn0032168	CG13126	2L	9952072	9954181	1989
FBgn0032169	CG4709	2L	9954325	9956176	1731
FBgn0032171	CG5846	2L	9956175	9957237	989
FBgn0032170	CG4658	2L	9957132	9960168	2735
FBgn0032172	CG5850	2L	9959248	9963949	4251
FBgn0015664	Dref	2L	9964147	9967229	2872
FBgn0011272	RpL13	2L	9967313	9968645	1203
FBgn0000180	bib	2L	9984645	9995538	3276
FBgn0051875	CG31875	2L	9995561	10002736	1443
FBgn0051755	SoYb	2L	9996706	10002736	4909
FBgn0043456	Ndf	2L	10003832	10008889	3150
FBgn0011584	Trp1	2L	10009381	10013170	2459
FBgn0032175	CG13131	2L	10013227	10017463	4130
FBgn0027600	obst-B	2L	10032690	10038954	1149
FBgn0053301	CG33301	2L	10049580	10051201	1563
FBgn0053302	Cpr31A	2L	10054213	10055935	1229
FBgn0287720	Pen	2L	10056900	10060095	2577
FBgn0032178	Spn31A	2L	10060816	10063925	1428
FBgn0265002	CG44153	2L	10064121	10180256	7309
FBgn0032187	CG4839	2L	10144776	10156407	6512
FBgn0028675	Sur	2L	10182557	10199117	7393
FBgn0051874	Fum4	2L	10189820	10191496	1623
FBgn0032189	Ripalpha	2L	10199401	10200974	1259
FBgn0005593	RpL7	2L	10201004	10202321	1167
FBgn0085188	CG34159	2L	10202520	10204317	936
FBgn0032191	Snx17	2L	10204757	10206961	2205
FBgn0032192	CG5731	2L	10207085	10209744	1761
FBgn0032193	CG5727	2L	10209853	10210681	772
FBgn0032194	ath	2L	10211143	10213721	2331
FBgn0024320	Npc1a	2L	10213812	10221216	5198
FBgn0250843	Prosalpha6	2L	10221351	10222546	1070
FBgn0032195	Bcs1	2L	10222657	10224447	1710
FBgn0032196	CG5708	2L	10224457	10226808	1326
FBgn0032197	ova	2L	10227760	10231692	2388
FBgn0032198	eEF1delta	2L	10232507	10234450	928
FBgn0051720	mthl15	2L	10234585	10238317	2836
FBgn0004419	me31B	2L	10239341	10242172	1845
FBgn0024248	chico	2L	10242512	10247078	3578
FBgn0000229	bsk	2L	10247502	10250501	2018
FBgn0051717	CG31717	2L	10250737	10251714	910
FBgn0010407	Ror	2L	10251843	10254686	2271
FBgn0032200	CG5676	2L	10254610	10255891	769
FBgn0026379	Pten	2L	10256319	10261049	3134
FBgn0011305	Rsf1	2L	10261795	10263554	1760
FBgn0032202	REPTOR-BP	2L	10264125	10265229	634
FBgn0259482	Mob3	2L	10265336	10266570	912
FBgn0032204	CG4953	2L	10266703	10268748	1746
FBgn0032205	CG4957	2L	10268872	10269904	861
FBgn0260750	Mulk	2L	10270051	10271465	1300
FBgn0003751	trk	2L	10271443	10272324	882
FBgn0260749	Utx	2L	10272325	10278811	4418
FBgn0054043	CG34043	2L	10278951	10280872	1227
FBgn0032208	Ufd4	2L	10281943	10292365	8431
FBgn0032210	CYLD	2L	10295859	10299847	2340
FBgn0032211	CG13138	2L	10299977	10302018	1958
FBgn0005322	nmd	2L	10302173	10303947	1719
FBgn0032213	CG5390	2L	10304069	10306594	1401
FBgn0032214	CG4968	2L	10306922	10308045	986
FBgn0027491	Cdk5alpha	2L	10308131	10310956	2040
FBgn0267365	l(2)SH0834	2L	10311050	10312099	936
FBgn0032216	Usp14	2L	10312265	10314396	1632
FBgn0032217	CG4972	2L	10314792	10317569	2080
FBgn0032218	CG5381	2L	10317497	10323102	2788
FBgn0032219	CG4995	2L	10322476	10324990	1507
FBgn0011703	RnrL	2L	10325026	10327943	2577
FBgn0032221	Schip1	2L	10328200	10331116	2063
FBgn0032222	Cox10	2L	10331471	10333129	1473
FBgn0032223	GATAd	2L	10333734	10339185	3647
FBgn0019932	SamDC	2L	10339457	10341503	1224
FBgn0051715	CG31715	2L	10341616	10342523	580
FBgn0032224	Sps2	2L	10342594	10344223	1460
FBgn0032225	Frmd5	2L	10344442	10347706	2086
FBgn0085396	CG34367	2L	10347851	10353905	1769
FBgn0032228	CtsL4	2L	10354743	10356597	1405
FBgn0032229	ClpP	2L	10356795	10358078	1175
FBgn0027568	Cand1	2L	10358134	10362707	4120
FBgn0003087	pim	2L	10362989	10364092	978
FBgn0032230	lft	2L	10364471	10366410	1281
FBgn0032231	CG5056	2L	10366692	10367946	1255
FBgn0041723	rho-5	2L	10368025	10373900	4685
FBgn0053303	CG33303	2L	10373369	10375757	2333
FBgn0032233	dpr19	2L	10376168	10379905	2684
FBgn0032234	gny	2L	10380103	10382864	2557
FBgn0032235	CG5096	2L	10382263	10384723	1649
FBgn0004106	Cdk1	2L	10384739	10386262	1082
FBgn0032236	mRpS7	2L	10386662	10387652	917
FBgn0267821	da	2L	10388105	10393228	3603
FBgn0262782	Mdh1	2L	10393774	10396332	1289
FBgn0051716	Cnot4	2L	10396716	10403206	4475
FBgn0032240	CG17768	2L	10403197	10405203	1578
FBgn0067622	LSm-4	2L	10403197	10405203	1578
FBgn0003942	RpS27A	2L	10408352	10410456	592
FBgn0025366	Ip259	2L	10408352	10409610	1142
FBgn0032242	CG5355	2L	10410537	10413463	2404
FBgn0032243	Klp31E	2L	10414017	10418991	3850
FBgn0032244	RfC3	2L	10419190	10420612	1134
FBgn0005683	pie	2L	10420625	10422780	2089
FBgn0032246	Wdfy2	2L	10423291	10425482	1666
FBgn0262601	SmB	2L	10425483	10426627	776
FBgn0267330	KdelR	2L	10426887	10428632	1746
FBgn0032247	CG5188	2L	10428829	10429988	1050
FBgn0032248	Bug22	2L	10429920	10430918	943
FBgn0004915	TfIIB	2L	10431338	10433116	1604
FBgn0032249	TBC1D16	2L	10432687	10435656	2896
FBgn0032250	holn1	2L	10435995	10437316	1198
FBgn0027052	STUB1	2L	10437548	10439240	1277
FBgn0032251	Nse4	2L	10439440	10441047	1383
FBgn0032252	loh	2L	10442534	10450080	3374
FBgn0065110	ppk10	2L	10450134	10452396	1653
FBgn0032253	LManI	2L	10452677	10457241	3248
FBgn0027611	LManII	2L	10457658	10462472	3633
FBgn0051719	RluA-1	2L	10463340	10474349	3207
FBgn0032256	RluA-2	2L	10477073	10482975	2013
FBgn0026431	Grip75	2L	10483295	10485857	2141
FBgn0032258	Cog4	2L	10485538	10488622	2666
FBgn0032259	CG6144	2L	10488694	10490461	1705
FBgn0032260	CG13144	2L	10489900	10491454	1555
FBgn0086347	Myo31DF	2L	10491814	10506779	4318
FBgn0032261	CG6094	2L	10507081	10508032	889
FBgn0032262	CG7384	2L	10507859	10510453	2261
FBgn0267828	Fatp1	2L	10510672	10517218	3401
FBgn0010398	Lrr47	2L	10517335	10519269	1874
FBgn0032264	Lip4	2L	10527572	10531778	2370
FBgn0051721	Trim9	2L	10544883	10628054	3816
FBgn0043825	CG18284	2L	10643971	10645891	1539
FBgn0032287	CG6415	2L	10703621	10704930	1254
FBgn0032290	CG6443	2L	10728978	10730302	1184
FBgn0032291	CG17118	2L	10730255	10731356	979
FBgn0032292	EMC3	2L	10731400	10732423	964
FBgn0032293	Dpy-30L1	2L	10732653	10733307	655
FBgn0027868	Nup107	2L	10733293	10736071	2715
FBgn0032294	Vha16-5	2L	10736319	10737043	725
FBgn0032295	CG12299	2L	10737345	10740762	3310
FBgn0032296	CG6729	2L	10740782	10743935	2993
FBgn0032297	CG17124	2L	10744075	10756325	2989
FBgn0027550	CG6495	2L	10761116	10764971	2581
FBgn0015320	Ubc2	2L	10765010	10768006	2252
FBgn0032298	CG6724	2L	10768234	10769952	1535
FBgn0051869	CG31869	2L	10772038	10801109	3860
FBgn0011676	Nos	2L	10804274	10837511	5224
FBgn0032303	CG6508	2L	10819107	10820485	1379
FBgn0032304	CG17134	2L	10820705	10821967	1263
FBgn0032305	CG6700	2L	10837732	10842597	4511
FBgn0260453	CG17140	2L	10843014	10845664	2398
FBgn0260454	CG17139	2L	10843014	10845664	2398
FBgn0069354	Porin2	2L	10845788	10847044	1128
FBgn0004363	porin	2L	10847227	10850848	2858
FBgn0262599	SmydA-3	2L	10850141	10854604	2417
FBgn0027453	Dnz1	2L	10854435	10856644	1949
FBgn0024227	aurB	2L	10856797	10858094	1183
FBgn0027363	Stam	2L	10858536	10862006	2854
FBgn0053129	Tmem214	2L	10964905	10970275	3508
FBgn0032321	YL-1	2L	10970443	10972093	1456
FBgn0032322	CG16743	2L	10972280	10973408	1013
FBgn0000018	abo	2L	10973443	10975293	1794
FBgn0010612	ATPsynG	2L	10975522	10976399	789
FBgn0041781	SCAR	2L	10976772	10982395	3118
FBgn0004872	piwi	2L	10982205	10987420	3073
FBgn0026148	CG12253	2L	10987806	10989241	1240
FBgn0026147	TTLL4A	2L	10989401	10997897	7646
FBgn0000146	aub	2L	10997819	11001476	3015
FBgn0040096	lectin-33A	2L	11002072	11002738	612
FBgn0015756	RpL9	2L	11002758	11004189	916
FBgn0021761	Nup154	2L	11004820	11010921	5420
FBgn0032329	Art8	2L	11009821	11011086	1210
FBgn0250837	dUTPase	2L	11011312	11012135	824
FBgn0032330	Samuel	2L	11013206	11066998	5666
FBgn0023415	Acp32CD	2L	11015620	11016571	886
FBgn0032331	CG14913	2L	11016995	11018778	1716
FBgn0040967	CG18666	2L	11034795	11035308	514
FBgn0032338	CG16854	2L	11086721	11090973	3075
FBgn0032339	Wdr59	2L	11091444	11095096	3292
FBgn0283682	Ge-1	2L	11095150	11100888	4932
FBgn0032341	Reps	2L	11100963	11106645	4820
FBgn0261983	l(2)gd1	2L	11106943	11110851	3043
FBgn0032343	Idua	2L	11110557	11113061	2308
FBgn0041246	Gr32a	2L	11114014	11115823	1623
FBgn0027582	CG6230	2L	11115635	11120319	4327
FBgn0032345	Dnaaf4	2L	11120642	11121714	953
FBgn0032346	Csl4	2L	11122574	11123567	940
FBgn0262647	Nup160	2L	11123777	11129335	4747
FBgn0028700	RfC38	2L	11128932	11130645	1604
FBgn0032348	CG4751	2L	11130737	11136003	4883
FBgn0040211	hgo	2L	11136393	11138565	1445
FBgn0010197	Gyc32E	2L	11138759	11149101	3845
FBgn0032350	CG6287	2L	11151506	11155721	1284
FBgn0032354	Boh2	2L	11179032	11180430	1399
FBgn0264442	ab	2L	11210678	11261080	7279
FBgn0040232	cmet	2L	11261026	11269002	7008
FBgn0040233	cana	2L	11269780	11277846	6970
FBgn0052831	CG33695	2L	11278021	11279982	1772
FBgn0032358	Ppt2	2L	11280298	11281920	1191
FBgn0020270	mre11	2L	11282090	11284335	2013
FBgn0283678	Osi21	2L	11284327	11285706	1211
FBgn0032360	CG14926	2L	11342301	11343318	853
FBgn0261648	salm	2L	11434311	11445614	6118
FBgn0287204	Cog8	2L	11496804	11498948	1876
FBgn0032362	spz4	2L	11501715	11508649	2954
FBgn0032363	Dlg5	2L	11508399	11517081	7385
FBgn0032364	CG4970	2L	11517391	11519783	2227
FBgn0032365	CG14929	2L	11519832	11521444	1574
FBgn0262683	CG43153	2L	11521765	11522776	729
FBgn0028490	CG31705	2L	11523021	11528205	2760
FBgn0015400	kek2	2L	11581937	11626883	6939
FBgn0032373	Vha100-5	2L	11738948	11744524	2918
FBgn0032374	CG14931	2L	11788334	11789475	1024
FBgn0032375	CG14932	2L	11789919	11791011	808
FBgn0032376	Tsp33B	2L	11791025	11792365	1111
FBgn0032377	CG14937	2L	11792412	11794086	1596
FBgn0020309	crol	2L	11794327	11809438	7421
FBgn0032378	CycY	2L	11810092	11813780	2553
FBgn0264815	Pde1c	2L	11814156	11928572	7968
FBgn0000588	esc	2L	11827204	11829405	1704
FBgn0264750	CG44008	2L	11841502	11842445	944
FBgn0040968	CG14933	2L	11842828	11844012	1185
FBgn0286929	CG46426	2L	11842828	11843661	834
FBgn0259989	CG42486	2L	11843137	11844063	927
FBgn0032381	Mal-B1	2L	11847226	11849169	1814
FBgn0032382	Mal-B2	2L	11849958	11852881	2328
FBgn0261805	CG42751	2L	11853430	11853925	422
FBgn0032387	CG16965	2L	11981591	11984380	2300
FBgn0032388	CG6686	2L	11984327	11988039	3210
FBgn0085192	CG34163	2L	11988270	11988801	478
FBgn0261266	zuc	2L	11988735	11989882	1148
FBgn0032390	dgt2	2L	11989936	11990979	987
FBgn0032391	escl	2L	11990927	11992848	1809
FBgn0051866	Ada1-2	2L	11992902	11994054	1089
FBgn0042127	CG18789	2L	11993989	11995432	1389
FBgn0051864	Qtzl	2L	11995740	11996723	926
FBgn0051865	Ada1-1	2L	11996809	11997965	1093
FBgn0042125	CG18787	2L	11997900	11999340	1386
FBgn0032393	Nfs1	2L	11999654	12001244	1533
FBgn0032394	Hacd1	2L	12001234	12002266	1033
FBgn0032395	Wdr81	2L	12014304	12020960	6470
FBgn0010497	dmGlut	2L	12027438	12034122	2426
FBgn0042126	CG18788	2L	12034190	12036131	1804
FBgn0032397	Tom70	2L	12035984	12038511	2438
FBgn0032398	CG6766	2L	12038631	12040689	1882
FBgn0032399	CG6785	2L	12041054	12045200	3980
FBgn0032400	CG6770	2L	12045343	12046118	776
FBgn0032401	Plzf	2L	12046711	12048918	2152
FBgn0032402	PLCXD	2L	12049418	12052049	2486
FBgn0028425	JhI-21	2L	12051755	12056042	2368
FBgn0032404	RpL7-like	2L	12056326	12058251	1793
FBgn0085193	CG34164	2L	12056348	12058251	1771
FBgn0027505	Rab3-GAP	2L	12058304	12063184	4340
FBgn0032405	firl	2L	12063457	12066775	2590
FBgn0032407	Pex19	2L	12091822	12095250	1596
FBgn0032408	CG6712	2L	12095176	12096511	1336
FBgn0028707	Mt2	2L	12096525	12097687	1114
FBgn0032409	Ced-12	2L	12097838	12100839	2586
FBgn0029137	Patsas	2L	12100765	12103285	2466
FBgn0027081	ThrRS	2L	12103751	12107170	2896
FBgn0015797	Rab6	2L	12107221	12109116	1896
FBgn0263235	Phae2	2L	12111110	12112256	1147
FBgn0032414	CG17211	2L	12114360	12129896	5159
FBgn0032420	CG6583	2L	12171204	12172586	1071
FBgn0032421	crok	2L	12172981	12174091	1033
FBgn0000114	bru1	2L	12175004	12313438	7791
FBgn0032422	atilla	2L	12175451	12177886	834
FBgn0051759	CG31759	2L	12207709	12210110	2402
FBgn0262475	bru2	2L	12344219	12397528	6095
FBgn0041195	Pkd2	2L	12398274	12402023	3271
FBgn0043841	vir-1	2L	12403270	12423439	2118
FBgn0032428	Fam92	2L	12424904	12426440	1326
FBgn0032429	CG5446	2L	12426631	12427709	998
FBgn0032430	Trm1	2L	12428028	12430021	1815
FBgn0032431	CG5435	2L	12429827	12430892	929
FBgn0265298	SC35	2L	12431075	12434665	1987
FBgn0020443	eRF3	2L	12434452	12441279	4409
FBgn0032433	Oatp33Ea	2L	12441401	12445924	3025
FBgn0032434	CG5421	2L	12446080	12448132	1623
FBgn0032435	Oatp33Eb	2L	12448484	12452047	2743
FBgn0032436	CG5418	2L	12451945	12453242	1196
FBgn0032437	CR17024	2L	12453664	12454951	1288
FBgn0259176	bun	2L	12455540	12546611	12590
FBgn0262353	CG43051	2L	12507939	12508504	566
FBgn0085424	nub	2L	12587625	12628135	5278
FBgn0032439	Ref2	2L	12610517	12646356	1749
FBgn0004394	pdm2	2L	12657165	12686306	4624
FBgn0032444	CCT4	2L	12690336	12692934	1916
FBgn0032445	CG6153	2L	12692993	12693939	821
FBgn0032446	IFT43	2L	12693872	12694988	881
FBgn0032447	PICK1	2L	12695033	12698917	2293
FBgn0032448	CG5781	2L	12696426	12697323	898
FBgn0032449	CG17036	2L	12698918	12700746	1765
FBgn0032450	CG5776	2L	12700949	12704451	3392
FBgn0032451	spict	2L	12704725	12706683	1461
FBgn0032452	CG15484	2L	12706799	12707711	913
FBgn0032453	CG6180	2L	12707661	12708680	1020
FBgn0032454	CG5787	2L	12708792	12712952	3637
FBgn0032455	Pih1D1	2L	12713276	12721843	4389
FBgn0032456	MRP	2L	12719045	12766546	7649
FBgn0032457	CG15483	2L	12760346	12761840	1382
FBgn0015399	kek1	2L	12817000	12822787	5788
FBgn0040510	ACXA	2L	12921091	12925453	3567
FBgn0040506	ACXE	2L	12925611	12929823	3448
FBgn0263598	Vha68-2	2L	12974322	12978607	2759
FBgn0032464	Vha68-3	2L	12978786	12981293	2445
FBgn0032465	Yip1d1	2L	12993757	13000635	1207
FBgn0265262	Vha68-1	2L	13000770	13004107	2677
FBgn0021796	mTor	2L	13004480	13013197	7987
FBgn0032467	Ube4B	2L	13013276	13019434	4759
FBgn0028965	CG9933	2L	13019575	13021312	1366
FBgn0262160	CG9932	2L	13021868	13060140	8998
FBgn0032470	Ttc30	2L	13106807	13109468	2105
FBgn0262352	CG43050	2L	13119294	13120767	1119
FBgn0032471	CG5122	2L	13130591	13134804	4007
FBgn0032472	CG9928	2L	13142445	13142903	459
FBgn0032473	kmg	2L	13160527	13163153	2364
FBgn0032474	DnaJ-H	2L	13163209	13166072	2233
FBgn0024291	Sirt1	2L	13165564	13169551	3809
FBgn0032475	Sfmbt	2L	13169649	13176785	5006
FBgn0032476	CG5439	2L	13177150	13178978	1829
FBgn0032477	Alg7	2L	13179247	13183495	1557
FBgn0051849	Mgat3	2L	13180398	13182596	2199
FBgn0032478	Rsph1	2L	13183450	13184875	1262
FBgn0032479	CG16974	2L	13183849	13191979	5528
FBgn0032480	Edem2	2L	13192201	13197281	4085
FBgn0032481	CG16972	2L	13197102	13203295	5882
FBgn0032482	Pect	2L	13203762	13210828	2210
FBgn0032483	CG15482	2L	13210773	13211814	1042
FBgn0032484	kek4	2L	13212335	13215350	2703
FBgn0032485	CG9426	2L	13216290	13219923	3184
FBgn0032486	mRF1	2L	13219979	13221398	1420
FBgn0032487	Ski6	2L	13221397	13222429	980
FBgn0032488	CG16812	2L	13222587	13224545	1721
FBgn0032489	CG15480	2L	13224620	13225275	656
FBgn0032492	Prosalpha6T	2L	13232039	13233058	1020
FBgn0027586	Jhbp14	2L	13236494	13239297	1044
FBgn0264894	CG44085	2L	13261008	13284043	10317
FBgn0028406	Drep4	2L	13283912	13286462	2146
FBgn0032499	Uvrag	2L	13286777	13289556	2520
FBgn0051729	CG31729	2L	13289997	13301668	5656
FBgn0040973	CG16824	2L	13293009	13293415	407
FBgn0264308	hbt	2L	13301814	13331121	6554
FBgn0032503	CG16825	2L	13304788	13307807	3020
FBgn0032506	CG9395	2L	13349823	13355073	4191
FBgn0022069	Nnp-1	2L	13363308	13366189	2882
FBgn0032509	Grx3	2L	13366447	13367410	837
FBgn0051852	Tap42	2L	13367617	13369021	1335
FBgn0051855	CG31855	2L	13369204	13370329	1126
FBgn0032511	ND-B22	2L	13370103	13371110	871
FBgn0032512	Bdp1	2L	13371427	13373890	2352
FBgn0032513	CG6565	2L	13374019	13376404	2327
FBgn0032514	CG9302	2L	13376455	13378538	1972
FBgn0025724	beta'COP	2L	13378902	13382382	3066
FBgn0032515	loqs	2L	13382652	13385671	2290
FBgn0032516	Ing5	2L	13385848	13387312	1044
FBgn0032517	CG7099	2L	13387571	13393959	6023
FBgn0032518	RpL24	2L	13393687	13395131	1265
FBgn0032519	CG16957	2L	13395360	13396184	825
FBgn0032520	CG10859	2L	13396392	13398664	2209
FBgn0032521	CG7110	2L	13398991	13411047	3041
FBgn0003983	Vm34Ca	2L	13411141	13411631	491
FBgn0263354	CG42784	2L	13415431	13500427	9436
FBgn0264432	CG43850	2L	13415431	13420645	1204
FBgn0026760	Tehao	2L	13435622	13439930	3181
FBgn0032524	Hacd2	2L	13444103	13445651	1335
FBgn0284224	CG46308	2L	13461774	13500427	5345
FBgn0023407	B4	2L	13500624	13549328	8114
FBgn0053640	CG33640	2L	13527841	13528537	537
FBgn0053641	CG33641	2L	13529042	13529821	721
FBgn0053642	CG33642	2L	13529975	13530736	702
FBgn0053643	CG33643	2L	13531074	13531662	537
FBgn0053644	CG33644	2L	13532085	13532636	477
FBgn0053645	CG33645	2L	13532824	13533454	570
FBgn0028943	CG15638	2L	13535291	13535778	488
FBgn0028942	CG16852	2L	13540751	13541646	835
FBgn0032530	CG9263	2L	13541638	13542576	751
FBgn0028941	CG16853	2L	13542268	13543633	1366
FBgn0259984	kuz	2L	13550139	13639411	7100
FBgn0028513	CG9254	2L	13595503	13597186	1684
FBgn0028546	ics	2L	13639447	13642602	1718
FBgn0051814	DIP-kappa	2L	13676860	13717320	3986
FBgn0028541	TM9SF4	2L	13746952	13773905	2669
FBgn0028540	CG9008	2L	13774340	13780165	2194
FBgn0024846	p38b	2L	13780689	13782611	1821
FBgn0028932	CG16890	2L	13782231	13784338	1232
FBgn0028539	Eato	2L	13784084	13790562	5211
FBgn0028931	CG16863	2L	13790959	13793264	2237
FBgn0028538	Sec71	2L	13793521	13799674	5818
FBgn0027844	CAH1	2L	13803626	13809994	1456
FBgn0028658	Adat1	2L	13808360	13811474	3003
FBgn0028919	CG16865	2L	13811522	13813316	1549
FBgn0032533	CG16888	2L	13812700	13813256	557
FBgn0001965	Sos	2L	13813816	13819824	5635
FBgn0000153	b	2L	13821248	13823979	2135
FBgn0004406	PolG1	2L	13823980	13827772	3679
FBgn0001961	Arpc1	2L	13827941	13829741	1732
FBgn0015271	Orc5	2L	13829837	13831576	1687
FBgn0004407	PolG2	2L	13831482	13833105	1570
FBgn0064115	GatC	2L	13831482	13833105	1570
FBgn0026373	Polr2C	2L	13833337	13834306	970
FBgn0260407	mRpS23	2L	13834250	13835072	707
FBgn0028509	CenG1A	2L	13835564	13898712	5368
FBgn0053307	CG33307	2L	13839262	13841520	1832
FBgn0053306	CG33306	2L	13842888	13843742	800
FBgn0028920	CG8997	2L	13843915	13845325	1347
FBgn0028534	CG7916	2L	13846752	13847799	923
FBgn0028533	CG7953	2L	13847925	13849223	1154
FBgn0028532	CG7968	2L	13849400	13850329	867
FBgn0019890	Smg5	2L	13898828	13904661	5096
FBgn0012037	Ance	2L	13905645	13909212	2183
FBgn0032535	Ance-2	2L	13909333	13911719	2222
FBgn0032536	Ance-3	2L	13914725	13956188	3426
FBgn0028938	Vajk1	2L	13920707	13923553	2433
FBgn0261628	CG42711	2L	13930322	13931362	983
FBgn0032538	Vajk2	2L	13932559	13934692	1333
FBgn0028544	Vajk3	2L	13944756	13947476	1413
FBgn0027929	NimB1	2L	13963507	13965088	1289
FBgn0028543	NimB2	2L	13965012	13967018	1435
FBgn0054003	NimB3	2L	13967464	13967985	466
FBgn0028542	NimB4	2L	13968280	13969976	1478
FBgn0028936	NimB5	2L	13970177	13972173	1395
FBgn0028430	He	2L	13972096	13972947	673
FBgn0259896	NimC1	2L	13973158	13976769	3292
FBgn0028940	Cyp28a5	2L	13977302	13979569	1766
FBgn0028939	NimC2	2L	13980126	13983269	2819
FBgn0003255	rk	2L	13982743	14001248	5386
FBgn0027348	bgm	2L	14013004	14019328	2636
FBgn0001967	NimC3	2L	14019357	14020208	852
FBgn0286723	hll	2L	14027001	14029368	2206
FBgn0028875	nAChRalpha5	2L	14040170	14094401	9373
FBgn0260011	NimC4	2L	14047582	14048863	1282
FBgn0283651	CG46301	2L	14104090	14160587	6643
FBgn0028526	CG15293	2L	14108057	14109447	1337
FBgn0051769	CG31769	2L	14109597	14110739	1086
FBgn0263037	CG43332	2L	14161144	14163222	2025
FBgn0263038	CG43333	2L	14163508	14180686	4314
FBgn0016930	Dyrk2	2L	14184478	14234126	4955
FBgn0261563	wb	2L	14263027	14328262	13907
FBgn0052971	CG32971	2L	14274821	14278002	912
FBgn0261529	ms(2)34Fe	2L	14328429	14333860	4826
FBgn0028916	CG33090	2L	14334158	14345795	4075
FBgn0028531	CG15286	2L	14338240	14340080	1841
FBgn0264253	Send2	2L	14345915	14346688	774
FBgn0028530	mTTF	2L	14347239	14348790	1433
FBgn0262354	CG43052	2L	14352077	14352619	491
FBgn0261535	l(2)34Fd	2L	14352594	14355085	2321
FBgn0015791	Rab14	2L	14355145	14358764	1857
FBgn0001970	Pgant35A	2L	14359252	14361411	2160
FBgn0015546	spel1	2L	14362069	14366840	4433
FBgn0020258	ppk	2L	14378218	14381172	2462
FBgn0004858	elB	2L	14390628	14409549	3326
FBgn0264810	Pburs	2L	14416729	14417331	545
FBgn0028871	Cpr35B	2L	14424315	14425189	813
FBgn0028844	CG15283	2L	14450282	14450922	641
FBgn0005771	noc	2L	14490859	14494019	2859
FBgn0003016	osp	2L	14599196	14689340	6846
FBgn0000055	Adh	2L	14615552	14618902	2254
FBgn0000056	Adhr	2L	14615552	14618902	2116
FBgn0085194	CG34165	2L	14713750	14714526	686
FBgn0028537	CG31775	2L	14737090	14737769	613
FBgn0260954	CG42586	2L	14741161	14741840	613
FBgn0267014	CR45458	2L	14746807	14747080	274
FBgn0032549	CG4650	2L	14773814	14774981	964
FBgn0261568	CG42682	2L	14842358	14843108	669
FBgn0028886	CG15279	2L	14844993	14851749	2828
FBgn0032554	CG15278	2L	14874376	14876333	1733
FBgn0259213	side-II	2L	14907489	14972300	5307
FBgn0086711	mol	2L	14975747	14997559	3012
FBgn0040228	DCTN5-p25	2L	15005733	15006607	730
FBgn0261881	Ankrd49	2L	15006583	15007431	800
FBgn0028926	NC2beta	2L	15007813	15008538	726
FBgn0283659	THG	2L	15008489	15009724	1170
FBgn0286027	Rnmt	2L	15009939	15011764	1769
FBgn0260446	GABA-B-R1	2L	15016331	15034704	5642
FBgn0053310	CG33310	2L	15026882	15029513	2632
FBgn0051832	CG31832	2L	15030928	15031750	762
FBgn0041713	yellow-c	2L	15035394	15037841	1600
FBgn0001977	CIAPIN1	2L	15036293	15038861	2358
FBgn0004837	Su(H)	2L	15039488	15043334	2950
FBgn0000317	ck	2L	15044963	15057862	7404
FBgn0053679	CG33679	2L	15058303	15059120	755
FBgn0010422	TfIIS	2L	15058919	15060757	1773
FBgn0283442	vas	2L	15061656	15074311	2285
FBgn0024183	vig	2L	15062931	15070316	3372
FBgn0028879	wwk	2L	15074776	15096915	6138
FBgn0001978	stc	2L	15113480	15118069	4145
FBgn0028888	CG4168	2L	15161882	15200459	6080
FBgn0028862	dao	2L	15248879	15254715	4459
FBgn0283467	PolD3	2L	15254819	15256304	1486
FBgn0259982	Uxt	2L	15256581	15257642	1011
FBgn0045842	yuri	2L	15257267	15264692	4821
FBgn0261268	Cul3	2L	15265245	15272024	5403
FBgn0086691	UK114	2L	15274181	15275091	610
FBgn0287768	esg	2L	15333866	15336138	2273
FBgn0032563	CG15258	2L	15360921	15361627	707
FBgn0002524	lace	2L	15499127	15505018	2991
FBgn0028370	kek3	2L	15552723	15583978	4760
FBgn0028518	CG18480	2L	15630002	15634987	4737
FBgn0028863	stol	2L	15644183	15718272	9362
FBgn0028864	CG18477	2L	15661041	15662753	1483
FBgn0028517	CG18478	2L	15670174	15671223	950
FBgn0051780	CG31780	2L	15696038	15697750	1483
FBgn0051827	CG31827	2L	15705171	15706220	950
FBgn0010382	CycE	2L	15727581	15748150	5047
FBgn0001989	ND-B17	2L	15749319	15751078	992
FBgn0001986	Mtr4	2L	15752263	15755900	3585
FBgn0001987	Gli	2L	15756002	15762758	4468
FBgn0028507	CG3793	2L	15764220	15766267	1738
FBgn0001990	wek	2L	15766133	15768349	2033
FBgn0041627	Ku80	2L	15768630	15771159	2304
FBgn0051826	CG31826	2L	15771263	15773113	1228
FBgn0028903	CG13243	2L	15852592	15854110	1467
FBgn0028902	Tektin-A	2L	15854126	15856450	2169
FBgn0041183	Tep1	2L	15888640	15893811	4219
FBgn0028645	beat-Ib	2L	15905134	15962435	2611
FBgn0028514	CG4793	2L	15923395	15926287	2832
FBgn0028857	CG12448	2L	15941441	15942854	1293
FBgn0028644	beat-Ic	2L	16000291	16041703	4924
FBgn0045827	CG13245	2L	16004325	16005461	1065
FBgn0264364	CG43816	2L	16004325	16005461	1065
FBgn0000182	BicC	2L	16042047	16048757	4547
FBgn0001991	Ca-alpha1D	2L	16165831	16190540	10481
FBgn0261999	Ca-Ma2d	2L	16231475	16241527	5851
FBgn0262000	CG42818	2L	16241939	16245559	3500
FBgn0024734	PRL-1	2L	16245835	16257606	3790
FBgn0284225	CG46309	2L	16245835	16251788	2770
FBgn0028515	EndoGI	2L	16257688	16259511	1516
FBgn0002673	twe	2L	16259414	16261877	2379
FBgn0028897	CG4935	2L	16262141	16263483	1083
FBgn0001994	crp	2L	16263556	16287730	4402
FBgn0040079	pkaap	2L	16288290	16291195	2439
FBgn0028896	CG17329	2L	16291284	16291948	665
FBgn0032582	CG13258	2L	16292010	16293025	811
FBgn0001992	Cyp303a1	2L	16294183	16296969	2787
FBgn0028375	heix	2L	16296051	16299858	3130
FBgn0028895	CG17328	2L	16299943	16301765	1569
FBgn0028894	GMF	2L	16301656	16302954	1019
FBgn0028525	c(2)M	2L	16303264	16305940	2262
FBgn0015338	CG5861	2L	16305801	16307298	1126
FBgn0011708	Syx5	2L	16307346	16309274	1861
FBgn0000339	cni	2L	16309292	16310726	1182
FBgn0001086	fzy	2L	16310956	16313097	1996
FBgn0000250	cact	2L	16313036	16326207	3324
FBgn0014092	CG4278	2L	16327069	16328131	1063
FBgn0001995	mRpL4	2L	16328059	16329132	1012
FBgn0028899	CG31817	2L	16330560	16337885	7203
FBgn0259151	CG42266	2L	16337989	16340368	1949
FBgn0265578	CG44405	2L	16340392	16342324	1933
FBgn0000307	chif	2L	16342430	16352628	7747
FBgn0087041	Hyls1	2L	16342430	16352628	1507
FBgn0028506	CG4455	2L	16352934	16354539	1528
FBgn0025678	CaBP1	2L	16354886	16356735	1781
FBgn0028523	CG5888	2L	16400175	16448469	1883
FBgn0020416	Idgf1	2L	16445278	16446793	1445
FBgn0020415	Idgf2	2L	16447330	16450508	1796
FBgn0020414	Idgf3	2L	16450907	16455194	3954
FBgn0005677	dac	2L	16466512	16485998	4982
FBgn0032586	Tpr2	2L	16491540	16507621	3043
FBgn0032587	CG5953	2L	16508078	16532877	5046
FBgn0051816	CG31816	2L	16542546	16543263	509
FBgn0259735	mtgo	2L	16545016	16663218	10530
FBgn0051815	CG31815	2L	16605822	16607321	1500
FBgn0032590	CG4631	2L	16607370	16610037	2668
FBgn0032593	Trpgamma	2L	16663454	16676701	5320
FBgn0001185	her	2L	16677185	16679691	2378
FBgn0261278	grp	2L	16680054	16699926	3049
FBgn0267347	squ	2L	16680054	16681653	1372
FBgn0051807	CG31807	2L	16681819	16684008	983
FBgn0053552	CG33552	2L	16682503	16683290	788
FBgn0263744	CR43669	2L	16699921	16700825	845
FBgn0263745	CR43670	2L	16700940	16703197	2132
FBgn0062978	CG31808	2L	16704286	16716195	1929
FBgn0086907	Cyt-c-d	2L	16715891	16719635	837
FBgn0284248	Cyt-c-p	2L	16719932	16722644	681
FBgn0027779	VhaSFD	2L	16722883	16727826	2829
FBgn0263746	CR43671	2L	16728035	16729681	1647
FBgn0051812	Tsen2	2L	16729777	16731199	1369
FBgn0032595	CG17996	2L	16730458	16731039	529
FBgn0032596	Prosbeta4	2L	16731180	16732133	815
FBgn0032597	Nubp1	2L	16732550	16733624	1075
FBgn0015391	glu	2L	16733617	16738388	4521
FBgn0032598	ChLD3	2L	16738850	16742610	2265
FBgn0261068	LSm7	2L	16742315	16743100	727
FBgn0032600	BuGZ	2L	16743405	16753704	8738
FBgn0032601	yellow-b	2L	16754336	16758283	1839
FBgn0032602	ppk17	2L	16758184	16760554	1903
FBgn0264695	Mhc	2L	16766566	16788766	9058
FBgn0000406	Cyt-b5-r	2L	16788774	16790721	1557
FBgn0032603	CG17928	2L	16791568	16793444	1651
FBgn0040262	Ugt37C2	2L	16794211	16796009	1799
FBgn0040261	Ugt37E1	2L	16796595	16798273	1620
FBgn0040260	Ugt37D1	2L	16799025	16801584	1954
FBgn0032609	CG13280	2L	16802026	16821093	1745
FBgn0086673	CG13272	2L	16804884	16816069	3715
FBgn0004797	mdy	2L	16816660	16826964	2689
FBgn0022213	Cse1	2L	16821156	16825207	3237
FBgn0051739	AspRS-m	2L	16827078	16832093	4422
FBgn0032612	CG13282	2L	16832065	16834502	1844
FBgn0032613	Nepl9	2L	16835136	16837258	2123
FBgn0266491	SclA	2L	16837972	16841884	1027
FBgn0032614	CG13284	2L	16842300	16848716	2818
FBgn0051810	CG31810	2L	16849018	16852368	1138
FBgn0032615	CG6012	2L	16860029	16861489	1041
FBgn0052832	CG32832	2L	16878326	16879290	772
FBgn0032618	CG31743	2L	16879517	16886319	2239
FBgn0085342	CG34313	2L	16879517	16886319	2239
FBgn0040985	osi	2L	16887109	16887966	743
FBgn0261671	tweek	2L	16888490	16917052	16466
FBgn0260758	CG42556	2L	16889908	16891239	1332
FBgn0051805	CG31805	2L	16898175	16900473	2071
FBgn0032620	CG12288	2L	16900535	16902218	1562
FBgn0026150	ApepP	2L	16908229	16910418	2190
FBgn0032629	beat-IIIc	2L	17187637	17260734	3902
FBgn0051804	CG31804	2L	17363496	17364351	856
FBgn0032633	Lrch	2L	17367511	17384115	6528
FBgn0020503	CLIP-190	2L	17384700	17409698	8430
FBgn0032634	Polr2J	2L	17409698	17410406	516
FBgn0032635	CG15141	2L	17410641	17413499	1683
FBgn0051803	Rsph9	2L	17411649	17412633	929
FBgn0011274	Dif	2L	17413248	17433161	5695
FBgn0032636	CG5043	2L	17433862	17435800	1758
FBgn0260632	dl	2L	17436830	17450364	6432
FBgn0032637	CG5050	2L	17452924	17458775	1314
FBgn0032638	SPH93	2L	17454263	17455923	1587
FBgn0032639	CG18563	2L	17456670	17458044	1251
FBgn0000183	BicD	2L	17459605	17473215	5498
FBgn0032640	Sgt	2L	17471603	17474773	1534
FBgn0286781	cass	2L	17474912	17477888	2458
FBgn0024689	fws	2L	17478442	17481029	2477
FBgn0032642	Lamtor3	2L	17481231	17482037	729
FBgn0032643	GCS2beta	2L	17481988	17484307	2255
FBgn0032644	CG5131	2L	17484501	17485624	1051
FBgn0262857	CG43221	2L	17485757	17486365	422
FBgn0263654	CG43645	2L	17485757	17486365	422
FBgn0003187	qua	2L	17486806	17497208	3792
FBgn0032645	CG15142	2L	17497994	17498821	773
FBgn0032646	mEFTs	2L	17499268	17501106	1526
FBgn0013810	Dhc36C	2L	17501401	17525515	12325
FBgn0032647	CG15143	2L	17520892	17524549	3513
FBgn0032648	CG15144	2L	17525585	17529122	3362
FBgn0032649	CG15145	2L	17529311	17532234	2787
FBgn0032651	Oli	2L	17589184	17591267	2024
FBgn0261089	Sytalpha	2L	17592260	17604387	3190
FBgn0015609	CadN	2L	17647053	17778340	14396
FBgn0262018	CadN2	2L	17786971	17875247	7989
FBgn0023096	btv	2L	17962625	17982472	12821
FBgn0032656	CG5674	2L	17963379	17974868	3371
FBgn0032658	CG5681	2L	17986399	17988619	2168
FBgn0002939	ninaD	2L	18081628	18083608	1788
FBgn0032664	Slc25A46b	2L	18096568	18098120	1553
FBgn0032666	CG5758	2L	18119995	18129862	3655
FBgn0051785	Grl36b	2L	18124098	18125749	1487
FBgn0001301	kel	2L	18129884	18138083	5476
FBgn0041184	Socs36E	2L	18138675	18152417	3503
FBgn0032668	CG17681	2L	18153123	18154516	1282
FBgn0032670	CG5783	2L	18156043	18157162	953
FBgn0032671	JMJD4	2L	18157110	18159272	2041
FBgn0261804	CG42750	2L	18159811	18275770	6916
FBgn0000636	Fas3	2L	18320102	18393441	6612
FBgn0011559	Acp36DE	2L	18356047	18359028	2923
FBgn0261597	RpS26	2L	18441335	18443277	1864
FBgn0086707	ncm	2L	18444507	18448957	4231
FBgn0284256	bsf	2L	18449517	18454587	4457
FBgn0032680	Ntf-2r	2L	18454649	18455419	771
FBgn0032681	CG10283	2L	18472964	18484513	3046
FBgn0032682	grnd	2L	18485417	18488021	2100
FBgn0032683	kon	2L	18487747	18503978	8276
FBgn0032684	Ugt301D1	2L	18509560	18513512	1987
FBgn0032685	CG10211	2L	18517487	18531967	5187
FBgn0085370	Pde11	2L	18532025	18590342	7703
FBgn0032688	CG15160	2L	18590891	18595429	4012
FBgn0032689	CG10413	2L	18599755	18605249	4010
FBgn0051789	CG31789	2L	18605928	18606684	695
FBgn0032690	CG10333	2L	18606832	18609550	2656
FBgn0032691	Atac2	2L	18609576	18612249	2427
FBgn0032694	MESR3	2L	18617256	18661776	2099
FBgn0032693	Cyp310a1	2L	18651058	18653010	1658
FBgn0086200	CR42490	2L	18665132	18667548	1916
FBgn0263079	CG43338	2L	18666892	18671246	2846
FBgn0263078	CG43339	2L	18671604	18673285	1469
FBgn0261349	Mst36Fb	2L	18673363	18675094	1558
FBgn0086681	Mst36Fa	2L	18675183	18676998	1643
FBgn0086909	CG31751	2L	18677221	18683715	2094
FBgn0015553	tos	2L	18679631	18682075	2390
FBgn0005617	msl-1	2L	18683720	18688800	5021
FBgn0032698	CG10336	2L	18689528	18690906	1379
FBgn0032699	CG10383	2L	18690904	18695602	3046
FBgn0032700	CG10338	2L	18695664	18698571	2418
FBgn0032701	CG10341	2L	18698714	18700645	1873
FBgn0032702	CG10376	2L	18700606	18703105	2500
FBgn0032703	CG10343	2L	18703473	18704454	843
FBgn0032704	Jwa	2L	18704570	18705703	1134
FBgn0025608	Faf2	2L	18706010	18708688	2368
FBgn0032705	Grip71	2L	18708846	18711297	2276
FBgn0032706	Irk3	2L	18711071	18713748	2096
FBgn0032707	CG10348	2L	18714453	18732524	3878
FBgn0045852	ham	2L	18762874	18792906	5394
FBgn0040992	CG10570	2L	18808694	18811252	2425
FBgn0260228	CG42502	2L	18808694	18811252	2425
FBgn0040993	CG17325	2L	18812648	18813941	1140
FBgn0259201	CG42305	2L	18812648	18813941	1140
FBgn0032713	Ugt36D1	2L	18823548	18826716	2275
FBgn0027070	Ugt36E1	2L	18826770	18829059	1903
FBgn0032715	CG17597	2L	18829012	18831153	1758
FBgn0015808	ScpX	2L	18831229	18833630	1883
FBgn0032717	CG10600	2L	18833710	18839679	5295
FBgn0053120	CG33120	2L	18841400	18844579	2301
FBgn0032719	CG17321	2L	18845184	18855110	2624
FBgn0032721	CG10602	2L	18855126	18859248	2408
FBgn0032720	mRpL13	2L	18858028	18859248	671
FBgn0003896	tup	2L	18859507	18881261	3314
FBgn0032723	ssp3	2L	18916347	18943960	6324
FBgn0032724	CG10428	2L	18948884	18950973	1921
FBgn0032725	Nedd8	2L	18951006	18951837	612
FBgn0032726	CG10621	2L	18952206	18954431	1519
FBgn0032727	Bhmt	2L	18955481	18957311	1725
FBgn0015772	Nak	2L	18957732	18968744	7322
FBgn0032728	Tango6	2L	18969028	18972004	2859
FBgn0032729	L2HGDH	2L	18971993	18974448	1945
FBgn0032730	CG10431	2L	18974710	18978187	3355
FBgn0032731	Swip-1	2L	18977519	18987280	1860
FBgn0032732	EMC5	2L	18987707	18988331	492
FBgn0032733	CG15170	2L	18988268	18990233	1718
FBgn0287596	CG46465	2L	18992496	18993357	862
FBgn0046302	CG10650	2L	18993360	18995934	1784
FBgn0051792	CG31792	2L	18997448	19002713	4390
FBgn0051793	CG31793	2L	19003367	19008234	4550
FBgn0086710	RpL30	2L	19008031	19009306	804
FBgn0032741	Sidpn	2L	19027710	19030780	2188
FBgn0001202	hook	2L	19030844	19033498	2317
FBgn0051800	CG31800	2L	19033657	19034576	751
FBgn0086442	mib2	2L	19034444	19041541	4362
FBgn0002022	Catsup	2L	19041862	19043614	1698
FBgn0032744	Ttc19	2L	19043535	19045148	1440
FBgn0263198	Acn	2L	19045355	19048817	3153
FBgn0032746	CG10470	2L	19049076	19049884	701
FBgn0002021	l(2)37Bb	2L	19049843	19051612	1708
FBgn0261396	Rpn3	2L	19051790	19053681	1831
FBgn0032748	CG10492	2L	19054078	19058821	4507
FBgn0032749	Phlpp	2L	19059129	19063132	3466
FBgn0032750	Dus4	2L	19063295	19064726	1371
FBgn0032752	CG10702	2L	19064832	19069851	4585
FBgn0032751	CG17343	2L	19064929	19069673	571
FBgn0032753	CG17572	2L	19071131	19074149	1344
FBgn0032754	CG10700	2L	19077276	19079028	1753
FBgn0002023	Lim3	2L	19079256	19108427	4281
FBgn0000075	amd	2L	19110154	19114110	2224
FBgn0002036	CG10561	2L	19114401	19116570	2052
FBgn0000422	Ddc	2L	19116483	19120306	2797
FBgn0002031	Phb1	2L	19121345	19123869	2119
FBgn0086444	l(2)37Cb	2L	19123998	19126976	2791
FBgn0086445	l(2)37Cd	2L	19127260	19129326	1821
FBgn0086443	AsnRS	2L	19129469	19131954	2375
FBgn0086446	DCTN6-p27	2L	19132323	19133097	708
FBgn0086447	Polr1D	2L	19133023	19135233	756
FBgn0010300	brat	2L	19133816	19179758	12788
FBgn0032763	CG17568	2L	19179749	19181702	1839
FBgn0010097	gammaTub37C	2L	19183863	19185726	1628
FBgn0010309	pigeon	2L	19186043	19189938	3334
FBgn0015380	drl	2L	19190342	19208621	3104
FBgn0024245	dnt	2L	19338669	19363227	2639
FBgn0032770	CG13086	2L	19364375	19365470	690
FBgn0032772	CG17350	2L	19380930	19383093	1115
FBgn0032773	fon	2L	19383138	19386205	2276
FBgn0032774	CG17549	2L	19387050	19390075	1203
FBgn0032775	CG17544	2L	19390370	19398493	2633
FBgn0051798	CG31798	2L	19394160	19396190	1913
FBgn0041789	Pax	2L	19400753	19426596	4199
FBgn0016675	Lectin-galC1	2L	19417447	19418274	759
FBgn0053532	lectin-37Da	2L	19418317	19419029	651
FBgn0053533	lectin-37Db	2L	19419075	19419767	562
FBgn0032779	Alp12	2L	19424050	19429224	3351
FBgn0032780	CG13085	2L	19424050	19430270	1433
FBgn0032781	RtcB	2L	19430643	19432444	1742
FBgn0032782	Rab9	2L	19432574	19435841	1604
FBgn0032783	CG10237	2L	19435850	19442727	2769
FBgn0003346	RanGAP	2L	19441959	19447317	2401
FBgn0024230	Hs2st	2L	19442833	19444750	1652
FBgn0284220	Top2	2L	19447365	19453490	5242
FBgn0032785	CG10026	2L	19454256	19457723	2091
FBgn0000964	tj	2L	19464267	19467758	3492
FBgn0032787	CG10195	2L	19482232	19484705	2118
FBgn0032789	CG13083	2L	19487490	19488691	1145
FBgn0032790	CG10194	2L	19488682	19490104	1215
FBgn0032791	CG18094	2L	19490262	19491679	1357
FBgn0032793	Ctu2	2L	19491647	19493253	1404
FBgn0002044	swm	2L	19493251	19497978	4249
FBgn0040268	Top3alpha	2L	19498168	19502268	3925
FBgn0032796	cyst	2L	19502335	19508764	5302
FBgn0032797	Hasp	2L	19508953	19517204	6466
FBgn0032798	CG10132	2L	19518824	19525453	4685
FBgn0032799	Dpm1	2L	19525434	19526368	810
FBgn0032800	CG10137	2L	19526686	19532985	3227
FBgn0032801	CG10165	2L	19526910	19530305	1811
FBgn0053116	CG33116	2L	19533479	19537363	2512
FBgn0051697	CG31697	2L	19535448	19536104	657
FBgn0032803	CG13082	2L	19538425	19539740	1316
FBgn0032804	CG13081	2L	19540607	19541540	817
FBgn0003231	ref(2)P	2L	19542468	19545548	2395
FBgn0032805	CG10337	2L	19545376	19546959	1297
FBgn0041180	Tep4	2L	19548507	19556451	4889
FBgn0264845	Tep5Psi	2L	19558916	19563049	3921
FBgn0032809	CG13078	2L	19563930	19565158	910
FBgn0032810	CG13077	2L	19565863	19567359	1146
FBgn0005672	spi	2L	19567900	19577315	1817
FBgn0027949	msb1l	2L	19577701	19579131	1366
FBgn0032811	Pmvk	2L	19579093	19580351	1156
FBgn0032812	Hakai	2L	19580612	19582474	1760
FBgn0032813	PCNA2	2L	19582823	19583990	1034
FBgn0032814	CG10366	2L	19584235	19586440	2062
FBgn0000464	Lar	2L	19586623	19732069	10337
FBgn0267964	CG46244	2L	19606569	19731561	8637
FBgn0005590	scw	2L	19699379	19700968	1590
FBgn0032815	CG10462	2L	19732080	19735980	3287
FBgn0032816	Nf-YB	2L	19736044	19737088	928
FBgn0266211	CR44906	2L	19740839	19742506	1668
FBgn0032817	CG10631	2L	19742817	19756904	12133
FBgn0032818	CG10628	2L	19757245	19758615	1254
FBgn0032819	Dus3	2L	19758879	19760986	1921
FBgn0032820	fbp	2L	19761587	19764136	1202
FBgn0032821	CdGAPr	2L	19774874	19791882	7824
FBgn0032822	CG10466	2L	19792104	19792782	621
FBgn0004811	fs(2)ltoPP43	2L	19792773	19795851	2435
FBgn0263873	sick	2L	19796365	19958424	14459
FBgn0032827	CG10481	2L	19890201	19892550	2008
FBgn0032833	COX4	2L	19958713	19960065	1231
FBgn0054051	CG34051	2L	19960069	19961030	771
FBgn0032835	CG16772	2L	19962679	19963844	1095
FBgn0042129	OS9	2L	19965664	19966510	788
FBgn0014127	barr	2L	20058163	20061370	2908
FBgn0019686	lok	2L	20061422	20064381	2439
FBgn0003978	vls	2L	20064261	20065679	1310
FBgn0045064	bwa	2L	20066391	20073719	2269
FBgn0032843	CG10730	2L	20070081	20072195	2000
FBgn0003141	pr	2L	20073719	20075458	1073
FBgn0004374	neb	2L	20075757	20089698	3592
FBgn0263773	fok	2L	20079270	20085070	2297
FBgn0032845	CG10747	2L	20089636	20091348	1634
FBgn0032846	Pyroxd1	2L	20091435	20093152	1612
FBgn0032847	Taf13	2L	20093088	20093849	628
FBgn0032848	nesd	2L	20093972	20096253	2134
FBgn0032849	mRpS18B	2L	20096329	20097253	863
FBgn0032850	Kua	2L	20097581	20103375	2487
FBgn0259998	CG17571	2L	20255988	20257192	1205
FBgn0260000	CG17570	2L	20263419	20264424	1006
FBgn0003475	spir	2L	20311219	20348386	6505
FBgn0011638	La	2L	20348393	20350012	1549
FBgn0015803	RtGEF	2L	20350434	20365254	8609
FBgn0026756	Ugt37A1	2L	20372409	20374104	1644
FBgn0032856	CG16798	2L	20376981	20382356	2512
FBgn0032857	CG10947	2L	20385293	20414800	3072
FBgn0032858	CG10949	2L	20415173	20416918	1689
FBgn0032859	Arpc2	2L	20417057	20423027	1974
FBgn0032860	CG15130	2L	20423106	20424660	624
FBgn0263355	CG31688	2L	20426199	20447905	8619
FBgn0051683	CG31683	2L	20447734	20449964	2031
FBgn0051687	CG31687	2L	20450225	20456978	6696
FBgn0042175	CG18858	2L	20456847	20459075	2029
FBgn0032863	Cdc23	2L	20459342	20461729	2270
FBgn0032864	CG2493	2L	20461585	20463444	1860
FBgn0032868	CG17472	2L	20634515	20635167	582
FBgn0051680	CG31680	2L	20640121	20640718	527
FBgn0032869	CG17470	2L	20642306	20643244	939
FBgn0016054	phr6-4	2L	20643351	20645791	2167
FBgn0032870	CG2608	2L	20645822	20647381	1477
FBgn0042133	CG18810	2L	20648912	20650079	1168
FBgn0032871	CG2611	2L	20650189	20650898	634
FBgn0261787	brun	2L	20650755	20656178	4892
FBgn0032873	CG2614	2L	20656426	20659218	2246
FBgn0051678	CG31678	2L	20659132	20675941	5676
FBgn0086657	IKKepsilon	2L	20676045	20678979	2551
FBgn0032876	Cen	2L	20678921	20681846	2926
FBgn0032877	CG2617	2L	20682368	20683629	1262
FBgn0014859	Hr38	2L	20683462	20714588	7704
FBgn0032878	CG9316	2L	20724209	20726551	2170
FBgn0032879	CarT	2L	20727151	20730282	2523
FBgn0032880	TM9SF2	2L	20730416	20734309	2810
FBgn0262743	Fs(2)Ket	2L	20734609	20750941	7157
FBgn0032881	Amacr	2L	20750934	20752341	1335
FBgn0032882	Ns4	2L	20752476	20754655	1961
FBgn0032883	Rhau	2L	20754579	20757985	3125
FBgn0011202	dia	2L	20758144	20768053	6718
FBgn0000251	cad	2L	20770731	20783135	2570
FBgn0032884	Pomp	2L	20787656	20789098	1092
FBgn0250785	vari	2L	20788662	20797042	2867
FBgn0032886	CG9328	2L	20797715	20814331	2301
FBgn0053322	CG33322	2L	20814337	20816240	1599
FBgn0032888	CheB38c	2L	20820089	20820867	659
FBgn0032889	CG9331	2L	20822828	20827744	2673
FBgn0051673	CG31673	2L	20829609	20831161	1224
FBgn0051674	CG31674	2L	20831262	20832859	1276
FBgn0032891	Oseg5	2L	20832849	20835840	2570
FBgn0028986	Spn38F	2L	20836621	20837985	1198
FBgn0051676	CG31676	2L	20840750	20849182	1107
FBgn0032895	twit	2L	20852578	20857113	1150
FBgn0032897	bero	2L	20858695	20861014	804
FBgn0032899	CG9338	2L	20865215	20867709	1087
FBgn0051675	CG31675	2L	20867755	20869650	1151
FBgn0032900	CG14401	2L	20869854	20871565	1399
FBgn0032901	sky	2L	20871335	20918931	6439
FBgn0263996	CG43739	2L	20871335	20918931	4863
FBgn0053317	CR33317	2L	20901134	20901524	351
FBgn0266369	Mtp	2L	20919094	20922876	2930
FBgn0053318	CR33318	2L	20923955	20924534	523
FBgn0288834	RPA2	2L	20924975	20926147	963
FBgn0032907	Nthl1	2L	20926319	20927860	1357
FBgn0032908	CG9270	2L	20929456	20934113	4143
FBgn0250867	CG42238	2L	20965520	21052164	3923
FBgn0010395	Itgbn	2L	21053033	21058044	3340
FBgn0032910	CG9265	2L	21057706	21071502	3125
FBgn0032911	tadr	2L	21075405	21081053	2656
FBgn0053511	CG33511	2L	21081127	21082494	1248
FBgn0053510	CG33510	2L	21082643	21084326	1566
FBgn0053509	CG33509	2L	21084605	21086506	1405
FBgn0053508	ppk13	2L	21086790	21088751	1514
FBgn0032913	CG9259	2L	21089375	21090999	1566
FBgn0284251	l(2)05287	2L	21094966	21102429	3471
FBgn0083972	CG34136	2L	21096922	21098932	706
FBgn0032916	CG9257	2L	21102743	21104321	1579
FBgn0040297	Nhe2	2L	21104568	21134255	9080
FBgn0284223	CG46307	2L	21104568	21132909	4602
FBgn0023388	Dap160	2L	21134439	21142347	6395
FBgn0032919	pths	2L	21143229	21145146	1669
FBgn0086251	del	2L	21145137	21148546	3292
FBgn0024371	E2f2	2L	21154293	21156749	2002
FBgn0032921	Mpp6	2L	21156288	21157685	1335
FBgn0032922	Coq3	2L	21157433	21158611	1065
FBgn0032923	Pld3	2L	21158847	21160903	1980
FBgn0032924	Nbr	2L	21160636	21163083	2335
FBgn0032925	Noc2	2L	21163641	21166090	2391
FBgn0263050	CG43345	2L	21166046	21168581	2482
FBgn0263051	CG43346	2L	21166046	21168581	2482
FBgn0010100	mAcon1	2L	21168570	21173185	3103
FBgn0051627	CG31627	2L	21173222	21174179	902
FBgn0000239	bur	2L	21174182	21179683	3116
FBgn0032929	Mcm10	2L	21179933	21182812	2820
FBgn0011829	Ret	2L	21182446	21198762	4912
FBgn0051624	CG31624	2L	21199045	21200375	1150
FBgn0051988	CG31988	2L	21201493	21202802	1149
FBgn0026255	clumsy	2L	21206493	21211818	3421
FBgn0032935	Atg18b	2L	21212322	21220572	2435
FBgn0032934	CG8679	2L	21216004	21218544	2541
FBgn0026577	CG8677	2L	21221312	21232059	9183
FBgn0051626	CG31626	2L	21232495	21236733	1363
FBgn0261239	Hr39	2L	21237250	21259675	4984
FBgn0021856	l(2)k14505	2L	21261168	21262411	1055
FBgn0032938	CG8671	2L	21262956	21282790	5112
FBgn0041336	Cyp6t2Psi	2L	21282811	21284273	1463
FBgn0032940	Mondo	2L	21286078	21310050	5170
FBgn0264556	Gr39a	2L	21290734	21297686	3807
FBgn0000370	crc	2L	21310866	21319527	3423
FBgn0284230	CG46314	2L	21314360	21319527	2515
FBgn0023091	dimm	2L	21331756	21342155	3295
FBgn0032943	Tsp39D	2L	21344607	21358271	2359
FBgn0023090	dtr	2L	21361216	21367288	4704
FBgn0032946	nrv3	2L	21380000	21393319	4770
FBgn0051616	His-Psi:CR31616	2L	21404181	21404495	315
FBgn0051615	His-Psi:CR31615	2L	21404963	21405277	315
FBgn0051754	His-Psi:CR31754	2L	21405668	21405970	303
FBgn0053801	His1:CG33801	2L	21416953	21417975	1023
FBgn0053910	His2B:CG33910	2L	21418112	21418706	595
FBgn0053802	His-Psi:CR33802	2L	21418835	21419167	333
FBgn0053909	His4:CG33909	2L	21419531	21419943	413
FBgn0053803	His3:CG33803	2L	21420129	21420657	529
FBgn0051617	His1:CG31617	2L	21421855	21422877	1023
FBgn0061209	His2B:CG17949	2L	21423014	21423608	595
FBgn0051618	His2A:CG31618	2L	21423737	21424229	493
FBgn0051611	His4:CG31611	2L	21424593	21425005	413
FBgn0051613	His3:CG31613	2L	21425193	21425721	529
FBgn0053804	His1:CG33804	2L	21426916	21427938	1023
FBgn0053908	His2B:CG33908	2L	21428075	21428669	595
FBgn0053806	His3:CG33806	2L	21430255	21430783	529
FBgn0053807	His1:CG33807	2L	21431963	21432985	1023
FBgn0053906	His2B:CG33906	2L	21433122	21433716	595
FBgn0053808	His2A:CG33808	2L	21433862	21434337	476
FBgn0053905	His4:CG33905	2L	21434703	21435115	413
FBgn0053809	His3:CG33809	2L	21435299	21435827	529
FBgn0053810	His1:CG33810	2L	21437011	21438033	1023
FBgn0053904	His2B:CG33904	2L	21438170	21438764	595
FBgn0053811	His-Psi:CR33811	2L	21438893	21439225	333
FBgn0053903	His4:CG33903	2L	21439589	21440001	413
FBgn0053812	His3:CG33812	2L	21440187	21440715	529
FBgn0053813	His1:CG33813	2L	21451052	21452074	1023
FBgn0053902	His2B:CG33902	2L	21452211	21452805	595
FBgn0053814	His2A:CG33814	2L	21452934	21453426	493
FBgn0053901	His4:CG33901	2L	21453790	21454202	413
FBgn0053815	His3:CG33815	2L	21454388	21454916	529
FBgn0053816	His1:CG33816	2L	21456113	21457135	1023
FBgn0053900	His2B:CG33900	2L	21457272	21457866	595
FBgn0053817	His2A:CG33817	2L	21457995	21458487	493
FBgn0053818	His3:CG33818	2L	21459447	21459975	529
FBgn0053819	His1:CG33819	2L	21461173	21462195	1023
FBgn0053898	His2B:CG33898	2L	21462332	21462926	595
FBgn0053820	His2A:CG33820	2L	21463055	21463547	493
FBgn0053821	His3:CG33821	2L	21464507	21465035	529
FBgn0053822	His1:CG33822	2L	21466216	21467238	1023
FBgn0053896	His2B:CG33896	2L	21467375	21467969	595
FBgn0053823	His2A:CG33823	2L	21468098	21468590	493
FBgn0053824	His3:CG33824	2L	21469550	21470078	529
FBgn0053825	His1:CG33825	2L	21471259	21472281	1023
FBgn0053894	His2B:CG33894	2L	21472418	21473012	595
FBgn0053826	His2A:CG33826	2L	21473141	21473633	493
FBgn0053827	His3:CG33827	2L	21474593	21475121	529
FBgn0053828	His1:CG33828	2L	21476302	21477324	1023
FBgn0053892	His2B:CG33892	2L	21477461	21478055	595
FBgn0053829	His2A:CG33829	2L	21478184	21478676	493
FBgn0053830	His3:CG33830	2L	21479636	21480164	529
FBgn0053831	His1:CG33831	2L	21481345	21482367	1023
FBgn0053890	His2B:CG33890	2L	21482504	21483098	595
FBgn0053832	His2A:CG33832	2L	21483227	21483719	493
FBgn0053889	His4:CG33889	2L	21484085	21484497	413
FBgn0053833	His3:CG33833	2L	21484681	21485209	529
FBgn0053834	His1:CG33834	2L	21486496	21487518	1023
FBgn0053888	His2B:CG33888	2L	21487655	21488249	595
FBgn0053835	His2A:CG33835	2L	21488378	21488870	493
FBgn0053887	His4:CG33887	2L	21489234	21489646	413
FBgn0053836	His3:CG33836	2L	21489830	21490358	529
FBgn0053837	His1:CG33837	2L	21491541	21492563	1023
FBgn0053886	His2B:CG33886	2L	21492700	21493294	595
FBgn0053838	His2A:CG33838	2L	21493423	21493915	493
FBgn0053885	His4:CG33885	2L	21494279	21494691	413
FBgn0053839	His3:CG33839	2L	21494875	21495403	529
FBgn0053840	His1:CG33840	2L	21496586	21497608	1023
FBgn0053884	His2B:CG33884	2L	21497745	21498339	595
FBgn0053841	His2A:CG33841	2L	21498468	21498960	493
FBgn0053883	His4:CG33883	2L	21499324	21499736	413
FBgn0053842	His3:CG33842	2L	21499920	21500448	529
FBgn0053843	His1:CG33843	2L	21501633	21502655	1023
FBgn0053882	His2B:CG33882	2L	21502798	21503392	595
FBgn0053844	His2A:CG33844	2L	21503521	21504013	493
FBgn0053845	His3:CG33845	2L	21504973	21505501	529
FBgn0053846	His1:CG33846	2L	21506684	21507706	1023
FBgn0053880	His2B:CG33880	2L	21507843	21508437	595
FBgn0053847	His2A:CG33847	2L	21508566	21509058	493
FBgn0053848	His3:CG33848	2L	21510018	21510546	529
FBgn0053849	His1:CG33849	2L	21511728	21512750	1023
FBgn0053878	His2B:CG33878	2L	21512887	21513481	595
FBgn0053850	His2A:CG33850	2L	21513610	21514102	493
FBgn0053851	His3:CG33851	2L	21515062	21515590	529
FBgn0053852	His1:CG33852	2L	21516773	21517795	1023
FBgn0053876	His2B:CG33876	2L	21517932	21518526	595
FBgn0053875	His4:CG33875	2L	21519556	21520083	528
FBgn0053854	His3:CG33854	2L	21520109	21520637	529
FBgn0053855	His1:CG33855	2L	21521616	21522638	1023
FBgn0053874	His2B:CG33874	2L	21522775	21523369	595
FBgn0053873	His4:CG33873	2L	21524399	21524926	528
FBgn0053857	His3:CG33857	2L	21524952	21525480	529
FBgn0053858	His1:CG33858	2L	21526459	21527481	1023
FBgn0053872	His2B:CG33872	2L	21527618	21528212	595
FBgn0053871	His4:CG33871	2L	21529242	21529769	528
FBgn0053860	His3:CG33860	2L	21529795	21530323	529
FBgn0053861	His1:CG33861	2L	21531302	21532324	1023
FBgn0053870	His2B:CG33870	2L	21532461	21533055	595
FBgn0053862	His2A:CG33862	2L	21533184	21533676	493
FBgn0053863	His3:CG33863	2L	21534636	21535164	529
FBgn0053864	His1:CG33864	2L	21536346	21537368	1023
FBgn0053868	His2B:CG33868	2L	21537505	21538099	595
FBgn0053865	His2A:CG33865	2L	21538228	21538720	493
FBgn0053867	His-Psi:CR33867	2L	21539129	21541127	526
FBgn0053866	His3:CG33866	2L	21541153	21541681	529
FBgn0051614	His-Psi:CR31614	2L	21542864	21543688	825
FBgn0032949	Lamp1	2L	21573389	21577103	1583
FBgn0260718	CR42545	2L	21577205	21577676	416
FBgn0016919	nompB	2L	21578292	21589423	2794
FBgn0260719	CR42546	2L	21589784	21590593	759
FBgn0032955	CG2201	2L	21614232	21624080	3885
FBgn0022893	Df31	2L	21626309	21629932	2083
FBgn0023416	Ac3	2L	21632587	21647964	5172
FBgn0032956	Cul2	2L	21658735	21663698	3426
FBgn0032957	CG2225	2L	21663806	21677530	6270
FBgn0000559	eEF2	2L	21677913	21682164	3056
FBgn0051619	nolo	2L	21684106	21729051	5836
FBgn0086779	step	2L	21740041	21757466	4776
FBgn0032961	CG1416	2L	21758010	21761000	1644
FBgn0051612	CG31612	2L	21762314	21795447	3433
FBgn0032964	CG11630	2L	21782046	21784065	2020
FBgn0003866	tsh	2L	21828593	21837011	4732
FBgn0032965	CG11629	2L	21896666	21898289	1624
FBgn0032967	CG1428	2L	21906289	21908319	2031
FBgn0283728	CG31600	2L	21914269	21915358	929
FBgn0032968	CG11634	2L	21916300	21920324	1947
FBgn0051693	CG31693	2L	22015190	22017334	2145
FBgn0028979	tio	2L	22019208	22025734	5708
FBgn0084001	Grl40a	2L	22037860	22039772	1838
FBgn0051601	CG31601	2L	22040727	22043877	2434
FBgn0040519	CG15219	2L	22104891	22105512	521
FBgn0032972	CG10834	2L	22106862	22107304	443
FBgn0032973	CG6675	2L	22108964	22110449	1425
FBgn0032974	CG3651	2L	22121338	22126614	4096
FBgn0025674	CycK	2L	22124285	22130142	5858
FBgn0261802	CG42748	2L	22131221	22166221	14224
FBgn0083973	dunk	2L	22151623	22152640	892
FBgn0032979	Clamp	2L	22165720	22169143	2897
FBgn0032981	CG3635	2L	22175415	22183991	1381
FBgn0259683	Ir40a	2L	22189526	22214376	2963
FBgn0042701	CR12628	2L	22226152	22226771	620
FBgn0032986	Nubpl	2L	22239916	22246988	7023
FBgn0032987	RpL21	2L	22247111	22247875	704
FBgn0032988	Tif-IA	2L	22249876	22258260	2140
FBgn0039972	Marf1	2L	22308755	22368796	5366
FBgn0064225	RpL5	2L	22532279	22536884	3835
FBgn0040009	CG17490	2L	22537668	22540597	2877
FBgn0040010	CG17493	2L	22550064	22556295	6173
FBgn0040011	Slmap	2L	22579072	22585843	3228
FBgn0058006	CG40006	2L	22622417	22756349	2590
FBgn0058439	CG40439	2L	22797519	22798276	707
FBgn0041004	CG17715	2L	22844220	22854541	6035
FBgn0002566	lt	2L	22924795	22943135	5368
FBgn0000384	cta	2L	22981816	22992951	2764
FBgn0250907	Cht10	2L	22999574	23025915	7373
FBgn0086683	Spf45	2L	23066874	23068386	1444
FBgn0039958	CG12567	2L	23161122	23174484	2330
FBgn0063368	Gpb5	2L	23311700	23312464	765
FBgn0267976	Tim23	2L	23312465	23313578	893
FBgn0260435	CR42530	2L	23320508	23324192	402
FBgn0085664	CR41519	2L	23415916	23416153	238
FBgn0267428	DIP-lambda	2R	326768	705848	2461
FBgn0284080	CG46302	2R	854814	855571	707
FBgn0069969	CG40498	2R	924636	951252	3416
FBgn0003256	rl	2R	1071462	1125927	7591
FBgn0261505	CR42653	2R	1207416	1209312	1396
FBgn0085732	CR40190	2R	1211067	1213666	1791
FBgn0058191	CG40191	2R	1264140	1267747	3281
FBgn0267398	Yeti	2R	1343403	1345119	1576
FBgn0262123	l(2)41Ab	2R	1349392	1443935	2971
FBgn0267861	Maf1	2R	1512810	1527095	4606
FBgn0039993	BckdhB	2R	1590484	1596457	1394
FBgn0058068	CR40068	2R	1618172	1618585	414
FBgn0087011	CG41520	2R	1649061	1778937	3074
FBgn0263780	CG17684	2R	1866080	2262115	3398
FBgn0058100	CR40100	2R	2374631	2375134	394
FBgn0058263	MFS17	2R	2494742	2565385	3406
FBgn0085638	CG41378	2R	2770380	2846708	859
FBgn0020908	Scp1	2R	2932595	2968052	1226
FBgn0260995	dpr21	2R	3066499	3191011	993
FBgn0085570	CR41243	2R	3334854	3336160	1307
FBgn0085569	CG41242	2R	3363857	3364402	483
FBgn0266762	CR45227	2R	3468952	3470223	1272
FBgn0085786	CR41501	2R	3524536	3526047	1512
FBgn0058461	CR40461	2R	3590030	3590420	391
FBgn0085512	RYa	2R	3647346	3647765	420
FBgn0262124	uex	2R	3900285	3949425	4520
FBgn0046706	Haspin	2R	4014111	4049342	1815
FBgn0262115	CG17683	2R	4130974	4133484	2454
FBgn0262116	RNASEK	2R	4186835	4188127	1160
FBgn0262117	IntS3	2R	4235779	4242934	3382
FBgn0260798	Gprk1	2R	4322295	4471060	2519
FBgn0040007	RpL38	2R	4515388	4516458	1013
FBgn0046692	Stlk	2R	4546691	4565281	1878
FBgn0260799	p120ctn	2R	4595288	4609492	2685
FBgn0032997	CG17486	2R	4619030	4620833	1804
FBgn0040005	CG17883	2R	4671853	4673639	1680
FBgn0026401	Nipped-B	2R	4691672	4729017	6711
FBgn0039979	CR40282	2R	4730439	4731241	803
FBgn0084049	CR41440	2R	4731514	4732343	531
FBgn0039994	conu	2R	4744348	4758048	2596
FBgn0262970	CR43281	2R	4780311	4783646	1265
FBgn0250830	CG12547	2R	4785855	4788965	2877
FBgn0261387	CG17528	2R	4815426	4824319	4686
FBgn0033000	CG14464	2R	4829246	4830587	1289
FBgn0264911	CG44102	2R	4895730	4907685	934
FBgn0040849	Ir41a	2R	4917519	5021955	2345
FBgn0013348	TpnC41C	2R	5065237	5070210	1880
FBgn0033005	CG3107	2R	5090581	5095090	4128
FBgn0026238	gus	2R	5116990	5128321	2252
FBgn0033010	Atf6	2R	5144733	5154756	4085
FBgn0053554	Nipped-A	2R	5177965	5251022	11519
FBgn0033015	d4	2R	5259004	5295965	2409
FBgn0261403	sxc	2R	5307288	5329555	3678
FBgn0033017	CG10465	2R	5339706	5340995	1241
FBgn0033019	CG10395	2R	5350477	5351972	1438
FBgn0050441	IFT20	2R	5351717	5352122	406
FBgn0033020	COX4L	2R	5353994	5354723	730
FBgn0033021	CG10417	2R	5360331	5363104	2538
FBgn0286203	stw	2R	5413744	5456095	6490
FBgn0050440	CG30440	2R	5468319	5495861	3443
FBgn0050438	Ugt50B3	2R	5496674	5549543	3316
FBgn0039969	Fis1	2R	5603587	5604834	928
FBgn0039970	CG17508	2R	5608635	5611586	1733
FBgn0033028	hrm	2R	5640915	5652815	3393
FBgn0027507	CG1344	2R	5653676	5656778	3051
FBgn0033029	Not3	2R	5656406	5663222	3919
FBgn0033032	kune	2R	5671741	5672800	1060
FBgn0033033	scaf	2R	5676750	5691723	3462
FBgn0287767	Cndp2	2R	5697872	5700212	1661
FBgn0259978	vlc	2R	5702112	5705439	2818
FBgn0022288	l(2)09851	2R	5754517	5756327	1811
FBgn0085229	CG34200	2R	5757662	5758067	321
FBgn0033038	CG7791	2R	5758065	5760407	2226
FBgn0266580	Gp210	2R	5760862	5774324	7801
FBgn0025693	ZnT41F	2R	5774776	5782858	2461
FBgn0033043	Or42b	2R	5797195	5798512	1200
FBgn0033047	CG7882	2R	5957621	5960183	2266
FBgn0033048	CG7881	2R	5960275	5966856	2807
FBgn0263855	BubR1	2R	5969099	5974385	4626
FBgn0002774	mle	2R	5974857	5980778	4641
FBgn0264959	Src42A	2R	5981844	6012795	7385
FBgn0000043	Act42A	2R	6013910	6015689	1626
FBgn0033050	Pngl	2R	6017739	6020695	2670
FBgn0033051	Strica	2R	6020311	6023144	2720
FBgn0033052	SCAP	2R	6026273	6036388	5110
FBgn0033054	CG14591	2R	6036557	6040647	1893
FBgn0033055	Tbce	2R	6042532	6044964	2198
FBgn0033058	CCHa2-R	2R	6050949	6068680	2935
FBgn0033056	CG7856	2R	6057357	6059558	2202
FBgn0284246	l(2)k09848	2R	6074471	6076367	1778
FBgn0033060	CG7849	2R	6076910	6078088	1075
FBgn0033061	SmydA-5	2R	6078641	6080572	1877
FBgn0033062	Ars2	2R	6080828	6085625	3847
FBgn0000546	EcR	2R	6087873	6169087	9934
FBgn0033063	CG14589	2R	6137303	6138411	882
FBgn0033065	Cyp6w1	2R	6173684	6176195	2392
FBgn0040502	CG8343	2R	6179726	6180356	631
FBgn0262867	Ptr	2R	6181748	6196320	5956
FBgn0033072	CG17994	2R	6207219	6209468	1762
FBgn0021847	Ttc7	2R	6209782	6214122	3079
FBgn0263144	bin3	2R	6214568	6240602	5942
FBgn0033074	tomboy40	2R	6225634	6226884	1251
FBgn0286511	Pld	2R	6242004	6255266	5400
FBgn0086655	jing	2R	6502006	6621792	9322
FBgn0053919	CG33919	2R	6623832	6624577	576
FBgn0262736	Vha16-1	2R	6625242	6633090	3077
FBgn0026761	Trap1	2R	6633647	6636262	2478
FBgn0042085	Bap170	2R	6636512	6642358	5316
FBgn0033079	Fmo-2	2R	6642418	6645098	1663
FBgn0029131	Debcl	2R	6648654	6652842	1724
FBgn0050443	Opbp	2R	6653217	6655267	1829
FBgn0033081	geminin	2R	6655463	6656594	1061
FBgn0013732	sced	2R	6657326	6660624	3299
FBgn0266518	Dpit47	2R	6660645	6662118	1417
FBgn0284249	Adf1	2R	6662265	6668085	1800
FBgn0033085	CG15908	2R	6668150	6668738	537
FBgn0033086	CG9410	2R	6669024	6670076	996
FBgn0033087	Hsepi	2R	6670154	6673372	3054
FBgn0033088	PGAP3	2R	6673604	6675061	1332
FBgn0033089	CG17266	2R	6675028	6676001	908
FBgn0033092	Rpp25	2R	6675822	6693162	1973
FBgn0259977	Tdc1	2R	6677001	6680391	2281
FBgn0033090	CG15909	2R	6683186	6684710	1465
FBgn0050446	Tdc2	2R	6684745	6689974	2303
FBgn0033093	CG3270	2R	6693430	6695187	1449
FBgn0259483	Mob4	2R	6695114	6696661	1426
FBgn0014009	Rab2	2R	6696739	6699469	1712
FBgn0033095	chk	2R	6699695	6715892	6143
FBgn0266525	CG45092	2R	6699695	6715892	6143
FBgn0033096	Zip42C.1	2R	6716342	6717707	1290
FBgn0010482	hlk	2R	6721101	6740672	9515
FBgn0028579	phtf	2R	6741899	6746141	3336
FBgn0042083	Mccc2	2R	6746381	6748954	2141
FBgn0027066	Eb1	2R	6749227	6756300	2715
FBgn0033100	CG3420	2R	6756296	6757209	715
FBgn0033101	CG9436	2R	6757601	6758903	1303
FBgn0085421	Epac	2R	6759715	6798941	8047
FBgn0000473	Cyp6a2	2R	6779749	6781491	1674
FBgn0014028	SdhB	2R	6807626	6809172	1219
FBgn0033104	CG15237	2R	6809044	6809766	598
FBgn0022224	ubl	2R	6810011	6810530	396
FBgn0265003	koi	2R	6811019	6818199	5329
FBgn0033108	CG15236	2R	6828356	6838360	4817
FBgn0040674	CG9445	2R	6838074	6839055	982
FBgn0265935	coro	2R	6862001	6872718	3345
FBgn0033110	CG9447	2R	6872996	6875819	2198
FBgn0265137	Spn42Da	2R	6875906	6878927	2665
FBgn0033112	Spn42Db	2R	6879285	6880770	1486
FBgn0033113	Spn42Dc	2R	6880995	6883407	1704
FBgn0028988	Spn42Dd	2R	6883280	6884873	1195
FBgn0033115	Spn42De	2R	6885552	6888262	1419
FBgn0050158	CG30158	2R	6891760	6922613	3657
FBgn0033117	CG3358	2R	6923366	6924929	1250
FBgn0053558	mim	2R	6924687	6971637	8677
FBgn0066293	CheB42b	2R	6943096	6943995	674
FBgn0066292	CheB42c	2R	6944614	6971637	1649
FBgn0053348	CheB42a	2R	6949482	6950284	693
FBgn0053349	ppk25	2R	6950385	6952158	1362
FBgn0033121	Cyp6u1	2R	6971996	6975026	2027
FBgn0050157	Ufsp1	2R	6974038	6975133	1034
FBgn0022960	vimar	2R	6975285	6985712	3470
FBgn0050156	CG30156	2R	6981446	6985712	1726
FBgn0033122	CG17002	2R	6986043	6988922	1722
FBgn0029508	Tsp42Ea	2R	6992676	7004259	2022
FBgn0050159	CG30159	2R	6992681	6994306	1566
FBgn0261856	CR42785	2R	7000154	7001696	450
FBgn0050160	CG30160	2R	7005157	7006136	844
FBgn0033124	Tsp42Ec	2R	7006442	7008622	1025
FBgn0029507	Tsp42Ed	2R	7009498	7011739	1248
FBgn0029506	Tsp42Ee	2R	7012254	7018362	1463
FBgn0263655	CG43646	2R	7018760	7019390	447
FBgn0263656	CG43647	2R	7020133	7020746	441
FBgn0033127	Tsp42Ef	2R	7025010	7028082	1347
FBgn0033128	Tsp42Eg	2R	7028911	7033233	1188
FBgn0033129	Tsp42Eh	2R	7033562	7034920	1010
FBgn0033130	Tsp42Ei	2R	7035125	7036949	1304
FBgn0053914	CG33914	2R	7036768	7039050	2115
FBgn0033131	CR12842	2R	7039130	7039813	626
FBgn0033132	Tsp42Ej	2R	7040136	7042762	1116
FBgn0033133	Tsp42Ek	2R	7042656	7044710	1203
FBgn0033134	Tsp42El	2R	7045769	7048538	1062
FBgn0016032	lbm	2R	7049238	7051964	1098
FBgn0033135	Tsp42En	2R	7052747	7054399	1326
FBgn0033137	Tsp42Ep	2R	7054405	7057548	2892
FBgn0033136	Tsp42Eo	2R	7054717	7056576	889
FBgn0027558	Pgant3	2R	7057654	7061732	2884
FBgn0033141	CG12831	2R	7070495	7074152	3601
FBgn0015038	Cyp9b1	2R	7127838	7129808	1752
FBgn0015039	Cyp9b2	2R	7130277	7132139	1667
FBgn0003090	pk	2R	7150703	7223378	6748
FBgn0002930	nec	2R	7156477	7158241	1633
FBgn0026602	Adk3	2R	7243024	7245776	2203
FBgn0033153	Gadd45	2R	7249161	7250655	1495
FBgn0033155	Br140	2R	7272275	7278101	5509
FBgn0260991	Incenp	2R	7278467	7281795	2838
FBgn0003174	pwn	2R	7282572	7300806	5810
FBgn0033159	Dscam1	2R	7317924	7381899	26496
FBgn0000352	cos	2R	7382176	7387115	4763
FBgn0033160	Dhx15	2R	7387187	7391023	2747
FBgn0041243	Gr43a	2R	7390869	7393161	1527
FBgn0283450	Glo1	2R	7393546	7395932	720
FBgn0033166	Eaf	2R	7396850	7407819	4548
FBgn0262583	CG43123	2R	7402757	7403870	989
FBgn0003460	so	2R	7419350	7434872	2786
FBgn0033169	CG11123	2R	7440706	7442885	2122
FBgn0033170	sPLA2	2R	7442864	7443827	904
FBgn0040513	kappaB-Ras	2R	7443824	7445792	1905
FBgn0050503	CG30503	2R	7443824	7445792	1842
FBgn0050502	Fa2h	2R	7446189	7451553	1399
FBgn0033174	CG11125	2R	7447473	7449995	2177
FBgn0025885	Inos	2R	7454922	7458874	1986
FBgn0033177	CG11141	2R	7459685	7463395	3499
FBgn0033178	CG11127	2R	7463504	7464987	1484
FBgn0033179	p47	2R	7465018	7466759	1432
FBgn0010548	Aldh-III	2R	7466879	7477162	3593
FBgn0259745	wech	2R	7478853	7489823	7991
FBgn0263240	Coop	2R	7490836	7492589	1690
FBgn0033183	CG1620	2R	7493806	7496466	2597
FBgn0015929	dpa	2R	7496702	7500145	3071
FBgn0261397	didum	2R	7500147	7508625	6502
FBgn0033184	mEFTu2	2R	7508527	7510357	1711
FBgn0025185	az2	2R	7510622	7512749	2006
FBgn0033185	CG1603	2R	7513846	7516390	2368
FBgn0033186	CG1602	2R	7516923	7518936	1901
FBgn0033187	PIG-G	2R	7519280	7522541	2909
FBgn0286788	Orc1	2R	7522437	7525716	3152
FBgn0033188	Drat	2R	7526118	7532981	2594
FBgn0264294	Cyt-b5	2R	7533506	7535936	917
FBgn0033190	Gpo2	2R	7535919	7538297	2379
FBgn0033191	CG1598	2R	7538232	7539696	1259
FBgn0033192	Corin	2R	7540111	7564435	8926
FBgn0050499	Rpe	2R	7564434	7565751	1060
FBgn0004132	boca	2R	7565873	7566738	704
FBgn0033194	Vps13	2R	7566809	7580675	10480
FBgn0004133	blow	2R	7580488	7587079	2848
FBgn0033195	CG1360	2R	7587773	7590109	1757
FBgn0261385	scra	2R	7590119	7595242	4447
FBgn0033196	HisT	2R	7595265	7620711	4058
FBgn0263077	M7BP	2R	7623242	7651787	13854
FBgn0263046	CG43341	2R	7632841	7633880	1040
FBgn0033199	CG17985	2R	7651625	7655302	1479
FBgn0028687	Rpt1	2R	7652440	7653954	1515
FBgn0050491	CG30491	2R	7655072	7656770	1414
FBgn0050495	CG30495	2R	7656895	7659061	1939
FBgn0033202	Grl43a	2R	7659104	7660588	1415
FBgn0033203	CG2070	2R	7661855	7663408	1381
FBgn0033204	CG2065	2R	7663786	7665269	1233
FBgn0033205	Rdh1	2R	7665828	7667343	1210
FBgn0033206	DCTN4-p62	2R	7667248	7669029	1782
FBgn0033207	CG12826	2R	7670327	7671103	717
FBgn0033208	mRpL52	2R	7673721	7674400	558
FBgn0033209	CG12107	2R	7674450	7675362	782
FBgn0033210	U2A	2R	7675362	7676362	1001
FBgn0033212	LRR	2R	7676540	7698902	7222
FBgn0050493	Coq9	2R	7699253	7703501	1577
FBgn0050496	CG30496	2R	7699500	7701878	2379
FBgn0085245	CG34216	2R	7703506	7705095	1590
FBgn0003733	tor	2R	7705183	7709184	3131
FBgn0033214	CG1941	2R	7709873	7711981	1682
FBgn0033215	Dgat2	2R	7712578	7714182	1305
FBgn0042135	Gdap2	2R	7716807	7735622	5449
FBgn0286778	CG46385	2R	7737019	7782637	8656
FBgn0000337	cn	2R	7782797	7785067	1790
FBgn0015614	CanB2	2R	7786010	7789053	2061
FBgn0033221	CG12825	2R	7789206	7789988	585
FBgn0033222	CG12824	2R	7790368	7791170	692
FBgn0001091	Gapdh1	2R	7791901	7793380	1480
FBgn0002891	PolZ1	2R	7793625	7801044	6750
FBgn0033224	Nop17l	2R	7800785	7806385	3991
FBgn0003317	sax	2R	7806484	7810067	2865
FBgn0033225	TTLL12	2R	7810068	7812028	1961
FBgn0033226	puml	2R	7812504	7815486	2898
FBgn0029093	cathD	2R	7815339	7823569	1784
FBgn0050383	CG30383	2R	7823943	7825141	966
FBgn0003082	phr	2R	7825289	7827319	1969
FBgn0263121	Prosalpha1	2R	7827303	7828678	969
FBgn0042173	CG18853	2R	7829062	7830429	1157
FBgn0050382	Prosalpha1R	2R	7830413	7831771	952
FBgn0033229	CG12822	2R	7832171	7833841	1522
FBgn0040780	Atg10	2R	7832171	7835518	1516
FBgn0085390	Dgk	2R	7834812	7885982	6968
FBgn0050377	CG30377	2R	7890025	7915032	4078
FBgn0033232	CG12159	2R	7915027	7916478	1045
FBgn0015509	Cul1	2R	7916856	7921579	4141
FBgn0026393	Or43b	2R	7920835	7922604	1412
FBgn0033233	Kdm4A	2R	7922775	7924988	2022
FBgn0033234	MFS12	2R	7926653	7929922	2420
FBgn0050381	PIG-X	2R	7929658	7931016	1195
FBgn0023171	rnh1	2R	7931054	7932380	1108
FBgn0026722	drosha	2R	7932429	7936840	4290
FBgn0033235	CG8728	2R	7936866	7939114	1935
FBgn0050380	CG30380	2R	7939201	7939659	459
FBgn0033236	CG14764	2R	7942043	7955882	3155
FBgn0085459	CG34430	2R	7943442	7944475	795
FBgn0085460	CG34431	2R	7944526	7947076	2551
FBgn0033238	azot	2R	7949839	7950465	627
FBgn0050378	CG30378	2R	7950339	7951492	1154
FBgn0033240	CG2906	2R	7956150	7958254	1591
FBgn0033241	CG2915	2R	7958207	7960015	1750
FBgn0026361	Septin5	2R	7960133	7961921	1789
FBgn0027548	nito	2R	7962463	7969805	4475
FBgn0033243	CG14763	2R	7966029	7968024	1093
FBgn0033244	CG8726	2R	7968129	7972003	3470
FBgn0027054	CSN4	2R	7972175	7974099	1703
FBgn0033246	ACC	2R	7974115	7991862	9067
FBgn0033247	Nup44A	2R	7988462	7991283	1379
FBgn0027788	Hey	2R	7995438	7998278	1687
FBgn0033250	CG14762	2R	8009119	8013755	3801
FBgn0033252	CG12769	2R	8052080	8065554	5960
FBgn0040778	CG17977	2R	8066274	8067655	966
FBgn0020279	lig	2R	8067977	8078815	6258
FBgn0021814	Vps28	2R	8078869	8080041	1173
FBgn0025469	slv	2R	8080559	8083357	1464
FBgn0028563	sut1	2R	8082976	8087151	2412
FBgn0028562	sut2	2R	8087396	8089297	1608
FBgn0028561	sut3	2R	8089482	8091297	1592
FBgn0033257	sand	2R	8091696	8096948	1978
FBgn0033258	uno	2R	8096792	8098484	1693
FBgn0033259	Tmem63	2R	8098684	8102306	2863
FBgn0033260	Cul4	2R	8102260	8106318	3409
FBgn0033261	udd	2R	8106385	8107373	989
FBgn0050372	Asap	2R	8114286	8123001	5112
FBgn0033264	Nup50	2R	8123036	8125058	1907
FBgn0033265	coil	2R	8124981	8127242	2037
FBgn0033266	Socs44A	2R	8127575	8129476	1840
FBgn0260390	CG42516	2R	8129354	8131323	1970
FBgn0260398	Pbp49	2R	8129354	8131323	1970
FBgn0005648	Pabp2	2R	8131431	8134374	2138
FBgn0033268	Obp44a	2R	8134170	8135315	1076
FBgn0263593	Lpin	2R	8136986	8156654	5511
FBgn0010504	kermit	2R	8146918	8156654	2633
FBgn0050374	CR30374	2R	8157257	8157914	600
FBgn0033271	CG8708	2R	8159406	8161565	1862
FBgn0033272	RagC-D	2R	8161679	8163500	1558
FBgn0021995	Rs1	2R	8163564	8167769	2731
FBgn0050373	CG30373	2R	8164000	8164869	720
FBgn0033273	Gasz	2R	8167948	8170089	1908
FBgn0011659	Mlh1	2R	8170274	8172401	2075
FBgn0033274	CG14757	2R	8172364	8173613	739
FBgn0053087	LRP1	2R	8174165	8226438	15786
FBgn0033275	CG14756	2R	8204888	8205706	819
FBgn0010109	dpn	2R	8228971	8232330	2036
FBgn0013726	pnut	2R	8237271	8240297	3027
FBgn0265632	CG44439	2R	8249096	8249595	500
FBgn0033277	CG14760	2R	8254223	8256931	1818
FBgn0261588	pdm3	2R	8327490	8396280	5381
FBgn0033283	CG11635	2R	8358538	8359472	935
FBgn0050364	hubl	2R	8359466	8362156	2691
FBgn0050365	spaw	2R	8359466	8362156	2691
FBgn0250827	whip	2R	8362359	8363218	860
FBgn0050363	cola	2R	8363272	8365345	2074
FBgn0050366	swif	2R	8363272	8365345	2074
FBgn0050362	boly	2R	8365550	8366688	1139
FBgn0033285	CG18449	2R	8367163	8367927	765
FBgn0033286	CG2127	2R	8368344	8370038	1695
FBgn0033287	CG8701	2R	8371073	8372142	1070
FBgn0028836	CSN7	2R	8421033	8428577	1186
FBgn0002531	Lcp1	2R	8430115	8431243	1065
FBgn0002534	Lcp3	2R	8435310	8436095	730
FBgn0033292	Cyp4ad1	2R	8439395	8442806	1903
FBgn0014469	Cyp4e2	2R	8444560	8447164	1897
FBgn0015034	Cyp4e1	2R	8447451	8449745	1772
FBgn0002570	Mal-A1	2R	8449664	8451904	1826
FBgn0002569	Mal-A2	2R	8453627	8455782	2036
FBgn0050359	Mal-A5	2R	8462753	8465092	2102
FBgn0050360	Mal-A6	2R	8465158	8467595	2291
FBgn0033296	Mal-A7	2R	8468646	8471663	2717
FBgn0050361	mtt	2R	8473956	8532294	7539
FBgn0033302	Cyp6a14	2R	8564187	8567202	2959
FBgn0033303	Cyp6a15Psi	2R	8569137	8570306	1056
FBgn0033304	Cyp6a13	2R	8570499	8572147	1649
FBgn0259226	CG42326	2R	8573368	8584779	5611
FBgn0033307	CG14752	2R	8590497	8591948	540
FBgn0033308	CG8736	2R	8594031	8595001	764
FBgn0033309	Lnpk	2R	8596972	8599962	2004
FBgn0267792	rgr	2R	8600415	8612295	4244
FBgn0033312	CG8642	2R	8611379	8614155	1803
FBgn0033313	Cirl	2R	8614722	8625203	8942
FBgn0022027	Vps25	2R	8625451	8626180	678
FBgn0033315	beta3GalTII	2R	8626181	8627611	1431
FBgn0033316	Gle1	2R	8627900	8630186	2287
FBgn0033317	CG8635	2R	8630207	8631962	1572
FBgn0003892	ptc	2R	8649649	8665223	5521
FBgn0263120	Acsl	2R	8665813	8683022	4902
FBgn0050354	UQCR-11L	2R	8677219	8677661	443
FBgn0050355	CG30355	2R	8679146	8679953	751
FBgn0001285	Jon44E	2R	8691448	8692844	1397
FBgn0033320	CG8586	2R	8692796	8696245	2651
FBgn0033321	CG8738	2R	8696428	8698583	1629
FBgn0033324	CG14744	2R	8706388	8709486	2675
FBgn0033326	CG14743	2R	8710398	8712913	1836
FBgn0043575	PGRP-SC2	2R	8716950	8717695	746
FBgn0040777	CG14767	2R	8718017	8723839	2177
FBgn0050357	CG30357	2R	8720100	8721624	1525
FBgn0005695	gcl	2R	8724258	8728999	2509
FBgn0050356	CG30356	2R	8728964	8729501	538
FBgn0086784	stmA	2R	8729502	8734304	3714
FBgn0289556	blo	2R	8735810	8759590	5075
FBgn0024189	sns	2R	8798489	8856091	8694
FBgn0011286	RyR	2R	8860364	8888097	16405
FBgn0033337	CG8272	2R	8888404	8891401	2804
FBgn0021825	DCTN2-p50	2R	8891832	8893339	1358
FBgn0033339	Sec31	2R	8893613	8898798	4148
FBgn0027513	ana2	2R	8898729	8900211	1432
FBgn0033340	CG13751	2R	8900241	8900617	377
FBgn0033341	MrgBP	2R	8900566	8901375	758
FBgn0004921	Ggamma1	2R	8901404	8904791	2773
FBgn0284436	CCT8	2R	8904844	8906990	1904
FBgn0050349	CG30349	2R	8907518	8910885	2014
FBgn0033344	CG8252	2R	8909432	8910349	918
FBgn0003074	Pgi	2R	8910900	8914069	2460
FBgn0002552	lin	2R	8914524	8918234	3654
FBgn0085248	CG34219	2R	8917708	8918877	1111
FBgn0033347	CG8248	2R	8918940	8920368	1372
FBgn0033348	Spt	2R	8920270	8922755	2119
FBgn0033349	CG8243	2R	8922785	8925346	2410
FBgn0033350	CG8237	2R	8925671	8926890	1220
FBgn0033351	AIMP1	2R	8927014	8928105	1036
FBgn0033352	PAN2	2R	8928169	8933103	4051
FBgn0033353	BaraB	2R	8933423	8934445	897
FBgn0033354	FANCI	2R	8934576	8939789	4523
FBgn0033355	CG13748	2R	8940415	8941136	722
FBgn0027607	CG8230	2R	8944298	8947344	2781
FBgn0053199	CG33199	2R	8947681	8951086	1523
FBgn0033356	CG8229	2R	8948113	8951086	2288
FBgn0033357	Tom7	2R	8951595	8952242	539
FBgn0011300	babo	2R	8952339	8962796	5113
FBgn0033358	spab	2R	8963164	8968184	1203
FBgn0286782	flz	2R	8969346	8985900	6637
FBgn0265011	Np	2R	8992945	9006587	4195
FBgn0033362	CG8172	2R	9007234	9013526	3146
FBgn0033363	CG13744	2R	9014368	9017195	1824
FBgn0033364	CG13747	2R	9017815	9019032	979
FBgn0033365	CG8170	2R	9019032	9031045	3903
FBgn0033366	Ance-4	2R	9039728	9042142	2008
FBgn0033367	PPO2	2R	9042261	9044709	2280
FBgn0033368	CG13743	2R	9044850	9060608	3543
FBgn0011746	ana	2R	9062295	9077554	2611
FBgn0025709	CNT2	2R	9078721	9082374	2115
FBgn0033371	CNT1	2R	9082395	9085717	2819
FBgn0033372	CG13742	2R	9084598	9087808	2527
FBgn0010220	Dbp45A	2R	9087834	9089802	1670
FBgn0033373	Nadk2	2R	9089774	9092893	1864
FBgn0033374	Boot	2R	9092506	9094658	1933
FBgn0033375	Ctu1	2R	9096931	9098525	1487
FBgn0033376	CG8777	2R	9098539	9103153	3791
FBgn0015838	Vang	2R	9103238	9106796	3492
FBgn0033377	Pgm2a	2R	9107151	9109718	2443
FBgn0033378	tsu	2R	9110799	9111578	691
FBgn0033379	Mys45A	2R	9111505	9113951	2385
FBgn0033380	Phax	2R	9114274	9116030	1591
FBgn0003612	Su(var)2-10	2R	9116122	9122000	5039
FBgn0033381	GstE13	2R	9122125	9123309	1061
FBgn0027561	CG18659	2R	9123304	9132030	4122
FBgn0033382	Hydr1	2R	9132480	9135453	2742
FBgn0260972	alc	2R	9135375	9137933	1544
FBgn0028955	CG8788	2R	9138486	9141981	1905
FBgn0265313	CG44286	2R	9138486	9141981	2471
FBgn0086656	shrb	2R	9142146	9143914	1267
FBgn0050342	Prp38	2R	9143956	9145151	1196
FBgn0050344	CG30344	2R	9145260	9148512	2147
FBgn0050345	CG30345	2R	9148689	9151892	2217
FBgn0033387	CG8008	2R	9157907	9161436	2748
FBgn0033388	CG8046	2R	9162037	9164967	2325
FBgn0033389	Rad51D	2R	9165632	9167670	1918
FBgn0259728	CG42382	2R	9166566	9167508	885
FBgn0015477	Rme-8	2R	9167763	9177261	7771
FBgn0002567	Rab32	2R	9177864	9186342	4081
FBgn0033391	CG8026	2R	9186670	9192096	3003
FBgn0266486	CG45085	2R	9186670	9192096	2926
FBgn0015561	unpg	2R	9195205	9199870	1690
FBgn0033392	Gnptab	2R	9204410	9207124	2597
FBgn0262515	VhaAC45	2R	9207561	9209774	2013
FBgn0010114	hig	2R	9227785	9247249	4332
FBgn0033395	Cyp4p2	2R	9237512	9239831	1777
FBgn0015037	Cyp4p1	2R	9240041	9242139	1680
FBgn0033397	Cyp4p3	2R	9242320	9244410	1667
FBgn0050343	Tsen15	2R	9252021	9253255	1235
FBgn0020621	Pkn	2R	9252310	9285097	8540
FBgn0083977	CG34141	2R	9260278	9263971	2934
FBgn0033400	CG2063	2R	9285310	9286634	1195
FBgn0033401	Cog6	2R	9286827	9289026	2087
FBgn0026326	Mad1	2R	9288957	9291565	2439
FBgn0028408	Drep2	2R	9291856	9302821	6902
FBgn0033402	Myd88	2R	9302823	9308722	3613
FBgn0033403	CG13739	2R	9309296	9351655	8117
FBgn0033405	CG13954	2R	9309296	9389467	7700
FBgn0033404	Or45a	2R	9345349	9348863	3461
FBgn0010549	l(2)03659	2R	9390165	9395281	4499
FBgn0033408	ODA-Dnal1	2R	9395330	9396206	759
FBgn0028473	Non1	2R	9396265	9398734	2276
FBgn0016970	l(2)k10201	2R	9399080	9399899	820
FBgn0053774	CG33774	2R	9399753	9400329	310
FBgn0016078	wun	2R	9400531	9413463	2181
FBgn0041087	wun2	2R	9414342	9417846	2211
FBgn0033412	CG13955	2R	9421972	9423688	1493
FBgn0033413	prel	2R	9424087	9426107	1550
FBgn0017558	Pdk	2R	9426439	9434638	3164
FBgn0029092	ced-6	2R	9434669	9444937	3022
FBgn0287478	Camta	2R	9446046	9480076	10086
FBgn0053758	CG33758	2R	9453409	9454055	537
FBgn0053757	CG33757	2R	9454297	9454948	537
FBgn0259246	brp	2R	9503765	9541565	13371
FBgn0033421	CG1888	2R	9541947	9548135	5704
FBgn0033422	Or45b	2R	9559598	9561068	1191
FBgn0033423	Alp6	2R	9561638	9563871	1686
FBgn0085436	Not1	2R	9566146	9579007	10916
FBgn0033426	Nt5c	2R	9577427	9581847	2060
FBgn0033427	Smyd4-1	2R	9581761	9584545	2439
FBgn0033428	Urod	2R	9584643	9586126	1299
FBgn0033429	CG12929	2R	9586110	9586714	551
FBgn0285949	RpL31	2R	9587193	9587989	613
FBgn0261016	clos	2R	9587953	9599732	5621
FBgn0033431	CG1827	2R	9589050	9590443	1341
FBgn0010342	Map60	2R	9590867	9592744	1814
FBgn0033434	CG1902	2R	9594045	9605624	1897
FBgn0050338	CG30338	2R	9594045	9599505	1039
FBgn0050340	CG30340	2R	9599909	9601252	1232
FBgn0050339	CG30339	2R	9601431	9602901	1023
FBgn0050000	GstT1	2R	9605988	9607184	997
FBgn0050005	GstT2	2R	9607292	9608350	887
FBgn0033437	CG12926	2R	9608128	9610290	1347
FBgn0033438	Mmp2	2R	9611139	9683858	5065
FBgn0023143	Uba1	2R	9688289	9693328	4343
FBgn0260474	CG30002	2R	9704384	9706147	1572
FBgn0010316	dap	2R	9712321	9716256	2530
FBgn0259678	sqa	2R	9716348	9748121	6458
FBgn0005614	trpl	2R	9753697	9765518	3893
FBgn0033442	CG1690	2R	9756293	9758068	1708
FBgn0033443	CG1698	2R	9793326	9798006	4106
FBgn0033446	CG1648	2R	9810974	9820053	1443
FBgn0040092	lectin-46Cb	2R	9815510	9816600	1039
FBgn0040093	lectin-46Ca	2R	9817300	9818535	1105
FBgn0050001	CG30001	2R	9821168	9822955	1327
FBgn0033447	dila	2R	9823082	9827206	3632
FBgn0033448	hebe	2R	9828104	9836642	2119
FBgn0033449	CG1663	2R	9836985	9838481	1439
FBgn0033450	Lsm11	2R	9838434	9839500	1067
FBgn0033451	Marc	2R	9839776	9841163	1189
FBgn0266186	Vamp7	2R	9841080	9842502	1148
FBgn0033453	Sting	2R	9842686	9845512	1576
FBgn0023180	Orc6	2R	9845458	9846485	972
FBgn0023175	Prosalpha7	2R	9846636	9847836	976
FBgn0033454	CG1671	2R	9848061	9850642	2523
FBgn0027580	PCB	2R	9850703	9861543	4739
FBgn0050010	CG30010	2R	9863564	9864576	960
FBgn0288856	peo	2R	9864510	9875072	1231
FBgn0033457	Ntmt	2R	9865632	9867051	1420
FBgn0033458	Lime	2R	9871470	9873646	2115
FBgn0033459	CG12744	2R	9874889	9876242	1298
FBgn0033460	Sec24AB	2R	9876232	9882357	4951
FBgn0033463	CG1513	2R	9882572	9891689	4178
FBgn0033461	CG12923	2R	9887648	9889485	1838
FBgn0050008	CG30008	2R	9889878	9891141	965
FBgn0285892	tea	2R	9891955	9898513	5951
FBgn0000715	FMRFa	2R	9906294	9910457	1427
FBgn0286783	Etf-QO	2R	9910893	9913488	2300
FBgn0011656	Mef2	2R	9913496	9958858	9188
FBgn0033467	Pdrg1	2R	9959119	9959732	562
FBgn0283510	Pal1	2R	9959549	9963853	2992
FBgn0033468	CG1418	2R	9963835	9965067	1128
FBgn0033469	CG12133	2R	9967231	9968388	1094
FBgn0027619	eIF3j	2R	9968929	9970897	1363
FBgn0033471	CG12134	2R	9971143	9972780	1526
FBgn0286784	TER94	2R	9989159	9993559	3457
FBgn0022382	Pka-R2	2R	9993890	10026042	4855
FBgn0033473	CG12128	2R	10026839	10030668	3766
FBgn0033474	CG1407	2R	10028443	10032893	3013
FBgn0033475	CG12129	2R	10033304	10034698	1239
FBgn0033476	oys	2R	10034595	10048619	4866
FBgn0085249	CG34220	2R	10041065	10043507	2387
FBgn0040773	COX7C	2R	10048353	10050066	853
FBgn0265342	COX7CL	2R	10050348	10050874	410
FBgn0263260	sel	2R	10050862	10052167	1012
FBgn0262169	magu	2R	10052541	10063712	3217
FBgn0033479	PIG-N	2R	10063385	10066514	3072
FBgn0033480	mRpL42	2R	10066650	10067242	593
FBgn0013435	Cdc2rk	2R	10067217	10068702	1251
FBgn0033481	CG12920	2R	10069106	10071067	1307
FBgn0033482	CG1371	2R	10070981	10075645	3870
FBgn0033483	egr	2R	10078366	10084210	2166
FBgn0033484	CG2269	2R	10085169	10096416	4037
FBgn0001291	Jra	2R	10096480	10098556	1642
FBgn0033485	RpLP0-like	2R	10098518	10099590	948
FBgn0004907	14-3-3zeta	2R	10099677	10109687	3637
FBgn0003071	Pfk	2R	10109740	10117457	4377
FBgn0033486	dmpd	2R	10117694	10121451	2513
FBgn0010531	Ccs	2R	10121486	10122574	977
FBgn0050011	gem	2R	10124293	10137472	6251
FBgn0284235	CG46319	2R	10124293	10137472	6172
FBgn0033490	CG12917	2R	10137656	10139267	1490
FBgn0026388	Or46a	2R	10139264	10142074	2450
FBgn0033491	CG18011	2R	10142338	10146206	3329
FBgn0033494	KCNQ	2R	10145897	10192394	3875
FBgn0265512	mlt	2R	10155916	10158931	3016
FBgn0000448	Hr3	2R	10203995	10237348	10465
FBgn0284237	CG46321	2R	10205454	10227957	6071
FBgn0005619	Hdc	2R	10237988	10246077	3826
FBgn0033498	CG12209	2R	10246071	10247560	1268
FBgn0033500	Csgalnact	2R	10249220	10255495	2523
FBgn0003660	Syb	2R	10249435	10252417	1237
FBgn0033501	CG12911	2R	10256686	10261276	1639
FBgn0033502	CG12910	2R	10265057	10269205	2662
FBgn0033504	CAP	2R	10269016	10307024	18441
FBgn0028426	RNaseZ	2R	10307030	10309794	2707
FBgn0033507	CG12909	2R	10310113	10311143	1031
FBgn0033508	Obp46a	2R	10311172	10312023	597
FBgn0026403	Ndg	2R	10313891	10322104	4816
FBgn0033518	Prx6c	2R	10418718	10419761	856
FBgn0033519	CG11825	2R	10420414	10423650	1291
FBgn0053474	CG33474	2R	10421706	10422989	1284
FBgn0033520	Prx6b	2R	10424436	10425471	848
FBgn0262114	RanBPM	2R	10429708	10436581	4457
FBgn0033523	CG12895	2R	10436598	10437382	667
FBgn0001122	Galphao	2R	10437985	10465701	6415
FBgn0033524	Cyp49a1	2R	10449350	10458892	2833
FBgn0033526	Caf1-105	2R	10466001	10468540	2481
FBgn0033527	CG11777	2R	10468616	10469643	701
FBgn0261862	whd	2R	10469473	10478567	3175
FBgn0033528	trsn	2R	10479011	10480111	864
FBgn0033529	Pef	2R	10480163	10481886	989
FBgn0264817	pre-lola-G	2R	10481894	10485252	3359
FBgn0283521	lola	2R	10481894	10543291	24895
FBgn0263102	psq	2R	10557888	10617280	7602
FBgn0033538	CG11883	2R	10617662	10641807	3970
FBgn0033539	Git	2R	10641818	10645427	2503
FBgn0033540	Elp2	2R	10645735	10648634	2538
FBgn0033541	CG12934	2R	10648888	10649830	943
FBgn0024836	stan	2R	10673345	10721138	13535
FBgn0005586	Rab3	2R	10721335	10729203	3757
FBgn0033542	CAH13	2R	10725270	10727272	2003
FBgn0033543	Daao1	2R	10729578	10731528	1357
FBgn0033544	CG7220	2R	10731335	10738370	2663
FBgn0024956	Mat1	2R	10738617	10739829	1213
FBgn0053144	CG33144	2R	10740054	10798709	5611
FBgn0027499	wde	2R	10800420	10808938	4856
FBgn0033547	CG12935	2R	10809397	10810655	1200
FBgn0033548	Nop10	2R	10810556	10810936	316
FBgn0033549	mms4	2R	10811078	10812215	1138
FBgn0033550	CG12341	2R	10812157	10813310	1100
FBgn0033551	CG7222	2R	10813405	10815781	1583
FBgn0086898	dgo	2R	10816037	10819884	3539
FBgn0029134	Prosbeta5	2R	10819978	10821178	1139
FBgn0033554	Lsm10	2R	10821098	10821640	543
FBgn0033555	RpS15Ab	2R	10821676	10822399	724
FBgn0033556	CG12343	2R	10822400	10823372	973
FBgn0033557	CG12325	2R	10823405	10827644	3410
FBgn0033558	alka	2R	10827430	10835709	2905
FBgn0027525	LTV1	2R	10836570	10838727	2099
FBgn0050015	CG30015	2R	10839102	10874771	7491
FBgn0050016	CG30016	2R	10874892	10875392	446
FBgn0263510	nclb	2R	10875748	10877296	1549
FBgn0010356	Taf5	2R	10877312	10879673	2362
FBgn0033564	Pex6	2R	10879974	10883202	2953
FBgn0061356	Hao	2R	10883547	10884936	1322
FBgn0033566	CG18004	2R	10885019	10886375	1242
FBgn0050020	CG30020	2R	10886810	10893191	4730
FBgn0017414	cag	2R	10893034	10894414	1324
FBgn0033569	CG12942	2R	10894459	10897222	2481
FBgn0033570	ND-B14	2R	10897144	10897885	612
FBgn0033571	Polr2E	2R	10898031	10899060	1030
FBgn0040765	luna	2R	10977956	11116378	8785
FBgn0262817	CG43188	2R	11085586	11088300	795
FBgn0050489	Cyp12d1-p	2R	11117225	11121884	4482
FBgn0286920	CR46420	2R	11122387	11123389	873
FBgn0053503	Cyp12d1-d	2R	11123658	11125647	1812
FBgn0286921	CR46421	2R	11126156	11127155	895
FBgn0033578	BBS4	2R	11135923	11139315	1520
FBgn0033579	CG13229	2R	11139304	11172206	2611
FBgn0033581	CG12391	2R	11147602	11150068	2378
FBgn0003396	shn	2R	11159086	11217394	10997
FBgn0033582	CG9084	2R	11217416	11219771	1433
FBgn0037084	Syx6	2R	11219539	11222480	2261
FBgn0033584	CG7737	2R	11222871	11226746	2556
FBgn0050021	metro	2R	11226458	11232516	2782
FBgn0033602	Cpr47Ee	2R	11265126	11266856	1386
FBgn0010423	TpnC47D	2R	11273845	11275286	791
FBgn0086519	Cpr47Eg	2R	11277957	11278445	421
FBgn0033605	CG9067	2R	11278893	11279683	548
FBgn0041174	Vhl	2R	11279725	11281033	1309
FBgn0033607	CG9062	2R	11280484	11283971	3035
FBgn0033608	CG13220	2R	11284283	11285098	816
FBgn0033609	Fbl6	2R	11285148	11289772	3700
FBgn0033610	CG18335	2R	11289688	11291096	1346
FBgn0015582	dare	2R	11290994	11293174	1681
FBgn0050033	CG30033	2R	11292531	11293591	1002
FBgn0040763	CG18336	2R	11293776	11294586	750
FBgn0259238	CG42336	2R	11294536	11297520	1514
FBgn0033615	CG7741	2R	11301916	11305607	3158
FBgn0025373	Fpps	2R	11305511	11307528	1465
FBgn0033616	CG7745	2R	11307879	11309829	1893
FBgn0016047	nompA	2R	11310335	11318676	5235
FBgn0026385	Or47b	2R	11319710	11321312	1239
FBgn0003382	sha	2R	11324314	11336463	6115
FBgn0033623	CG13202	2R	11356114	11356600	426
FBgn0015001	iotaTry	2R	11356720	11357537	818
FBgn0033624	CG12384	2R	11357902	11359176	612
FBgn0001276	ix	2R	11359437	11360163	727
FBgn0024188	san	2R	11360706	11361871	808
FBgn0041241	Gr47b	2R	11361900	11363405	1381
FBgn0033627	CG13204	2R	11366710	11370287	2189
FBgn0021795	Tapdelta	2R	11370300	11371335	977
FBgn0033628	CG13203	2R	11373607	11377109	2411
FBgn0033631	Sod3	2R	11380347	11384114	2018
FBgn0082585	sprt	2R	11384743	11397432	2795
FBgn0050022	CG30022	2R	11387160	11388779	1356
FBgn0033633	Smyd4-3	2R	11405597	11408079	2174
FBgn0054054	CG34054	2R	11409810	11410438	545
FBgn0015872	Drip	2R	11411203	11429645	2499
FBgn0040503	CG7763	2R	11414510	11415462	892
FBgn0033635	Prip	2R	11436243	11442216	1609
FBgn0260499	qvr	2R	11442505	11451604	5103
FBgn0000581	E(Pc)	2R	11452043	11465270	10946
FBgn0000577	en	2R	11524006	11528210	2792
FBgn0033636	tou	2R	11577485	11616045	12968
FBgn0086712	Egm	2R	11616869	11619023	2033
FBgn0033638	atos	2R	11619479	11640941	6778
FBgn0033639	CG9003	2R	11641477	11651616	4682
FBgn0085257	CG34228	2R	11651857	11652339	415
FBgn0044020	Roc2	2R	11652756	11679354	758
FBgn0050035	Tret1-1	2R	11665768	11674782	3375
FBgn0033644	Tret1-2	2R	11675935	11678014	1695
FBgn0040491	Buffy	2R	11679492	11688557	1038
FBgn0033645	CG13196	2R	11684165	11686434	2033
FBgn0010516	wal	2R	11688569	11690863	1579
FBgn0062449	CG13197	2R	11691285	11697785	3613
FBgn0053471	Ir48a	2R	11699092	11700317	1226
FBgn0033648	Ir48b	2R	11700647	11702449	1803
FBgn0033649	pyr	2R	11712263	11726345	3212
FBgn0033652	ths	2R	11756817	11814424	8067
FBgn0033651	Ir48c	2R	11787808	11789493	1686
FBgn0033653	CG13192	2R	11825345	11827097	1343
FBgn0033654	Sobp	2R	11827170	11839825	3104
FBgn0259832	CG34229	2R	11841608	11842164	474
FBgn0033656	S2P	2R	11842103	11844240	2020
FBgn0262819	CG43190	2R	11844378	11845099	664
FBgn0033657	Sln	2R	11845324	11852324	3918
FBgn0013756	Mgtor	2R	11852617	11861202	7780
FBgn0033659	Damm	2R	11864112	11866383	2028
FBgn0033661	CG13185	2R	11867876	11885585	16988
FBgn0260932	cuff	2R	11886067	11887603	1295
FBgn0033663	ERp60	2R	11887568	11890979	1807
FBgn0284245	eEF1alpha1	2R	11891135	11895762	2464
FBgn0260959	MCPH1	2R	11895997	11903918	3754
FBgn0033665	Zip48C	2R	11899517	11901394	1878
FBgn0033667	reb	2R	11904323	11912779	2211
FBgn0033668	exp	2R	11939557	11967435	4532
FBgn0033669	PI31	2R	11967343	11970115	1404
FBgn0026573	ADD1	2R	11970686	11977721	6170
FBgn0050036	CG30036	2R	11977536	11979018	1428
FBgn0050037	CG30037	2R	11979094	11980538	1387
FBgn0053145	GalT1	2R	11980577	11982956	2316
FBgn0011704	RnrS	2R	11983145	11985393	1593
FBgn0085260	CG34231	2R	11986008	11987653	1494
FBgn0033672	rho-7	2R	11986513	11988787	1533
FBgn0033673	CG8298	2R	11989131	11992350	2978
FBgn0004839	otk	2R	12001473	12019846	4769
FBgn0267728	otk2	2R	12023146	12025272	1968
FBgn0259985	Mppe	2R	12025614	12027707	1790
FBgn0260012	pds5	2R	12027985	12033725	4929
FBgn0033677	CG8321	2R	12033946	12036260	1195
FBgn0262820	CG43191	2R	12035921	12037165	1016
FBgn0010339	128up	2R	12037298	12038851	1304
FBgn0004463	Polr3B	2R	12039041	12042623	3532
FBgn0024732	Drep1	2R	12044612	12050172	2153
FBgn0265373	CG44314	2R	12052944	12056547	2003
FBgn0033679	CG8888	2R	12064565	12079543	1708
FBgn0086677	jeb	2R	12085194	12119340	10378
FBgn0033683	CG18343	2R	12138695	12139324	630
FBgn0026176	SkpB	2R	12139295	12140229	877
FBgn0027495	Smyd4-4	2R	12140631	12143272	2474
FBgn0033685	OSCP1	2R	12143191	12144533	1167
FBgn0033686	Hen1	2R	12145710	12152752	1573
FBgn0027504	bsd	2R	12146024	12151057	4079
FBgn0033687	CG8407	2R	12153071	12154263	763
FBgn0033688	Prp8	2R	12154258	12162998	7442
FBgn0040759	CG13177	2R	12163675	12164896	1099
FBgn0085261	CG34232	2R	12164909	12165812	904
FBgn0014184	Oda	2R	12166295	12174264	2445
FBgn0023167	SmD3	2R	12168731	12170003	744
FBgn0010621	CCT5	2R	12174802	12177516	1981
FBgn0033690	EndoG	2R	12177430	12178553	1124
FBgn0033691	CG8860	2R	12179483	12179902	420
FBgn0033692	wash	2R	12180493	12182373	1799
FBgn0033693	CG13175	2R	12182639	12185506	2245
FBgn0053964	CG33964	2R	12182639	12185506	2245
FBgn0000426	SmF	2R	12183844	12184310	467
FBgn0025454	Cyp6g1	2R	12185667	12188431	2074
FBgn0033696	Cyp6g2	2R	12188338	12190377	1989
FBgn0033697	Cyp6t3	2R	12190682	12192436	1694
FBgn0033698	CG8858	2R	12192374	12198854	5896
FBgn0033699	RpS11	2R	12199024	12200815	861
FBgn0033702	CG8854	2R	12224461	12229310	2130
FBgn0033705	CG13168	2R	12253992	12255701	1546
FBgn0033706	Vha36-2	2R	12257282	12258652	1296
FBgn0000253	Cam	2R	12259398	12278809	5812
FBgn0033710	CG17739	2R	12306528	12310412	2830
FBgn0050203	CG30203	2R	12310689	12313834	2877
FBgn0050046	CG30046	2R	12314117	12317573	2986
FBgn0033712	mIF3	2R	12321238	12322797	1499
FBgn0033713	CG8841	2R	12322507	12326258	3652
FBgn0264560	garz	2R	12326360	12333860	6954
FBgn0033715	CG8490	2R	12335316	12336205	835
FBgn0054021	CG34021	2R	12336890	12337718	760
FBgn0033716	Den1	2R	12337797	12339544	1406
FBgn0033717	CG8839	2R	12339610	12344617	2342
FBgn0266111	ana3	2R	12344983	12351325	6284
FBgn0050047	CG30047	2R	12351793	12355413	2809
FBgn0050049	CG30049	2R	12355671	12359087	2796
FBgn0050043	CG30043	2R	12359436	12363165	3082
FBgn0053013	CR33013	2R	12363320	12366579	2636
FBgn0053012	CG33012	2R	12367353	12370886	2849
FBgn0033720	CG13160	2R	12371594	12375081	2736
FBgn0033724	CG8501	2R	12383045	12384520	1077
FBgn0033725	Cpr49Ac	2R	12386666	12390057	2117
FBgn0050048	CG30048	2R	12394907	12399142	4133
FBgn0033728	Cpr49Ae	2R	12402216	12405108	1186
FBgn0033730	Cpr49Ag	2R	12407793	12408523	650
FBgn0033731	Cpr49Ah	2R	12413962	12415170	990
FBgn0267691	CR46027	2R	12419702	12420291	590
FBgn0033733	CG8834	2R	12420475	12422535	1832
FBgn0033734	CG8520	2R	12422931	12425459	2134
FBgn0033735	Dera	2R	12425483	12426975	1378
FBgn0033736	CG13154	2R	12426883	12427861	918
FBgn0033737	Nup54	2R	12428449	12431099	2048
FBgn0262840	CG43204	2R	12430595	12431296	641
FBgn0033738	DUBAI	2R	12431447	12436577	4118
FBgn0050051	Tmem18	2R	12436120	12436990	676
FBgn0033739	Dyb	2R	12437345	12452916	3990
FBgn0010238	Lac	2R	12453190	12465630	2156
FBgn0033740	dgt5	2R	12465678	12471775	2300
FBgn0033741	CG8545	2R	12468651	12471722	2949
FBgn0033742	Nepl10	2R	12471915	12474021	2107
FBgn0033744	Dh44-R2	2R	12474424	12487986	3278
FBgn0085263	CG34234	2R	12486719	12487391	616
FBgn0045063	fdl	2R	12487451	12507333	3724
FBgn0050044	s-cup	2R	12495672	12501459	2184
FBgn0033748	vis	2R	12507896	12510615	2211
FBgn0033749	achi	2R	12511534	12515062	2564
FBgn0033750	CG13151	2R	12515375	12517284	1910
FBgn0033751	CG8818	2R	12517264	12518912	1535
FBgn0033752	CG8569	2R	12519166	12521624	2334
FBgn0011592	fra	2R	12529053	12564184	6320
FBgn0033754	Ak6	2R	12569014	12569847	711
FBgn0003527	stil	2R	12570367	12571883	1171
FBgn0033755	ClC-b	2R	12572068	12575299	2647
FBgn0022764	Sin3A	2R	12575240	12592917	9421
FBgn0027356	Amph	2R	12593604	12612068	3205
FBgn0004435	Galphaq	2R	12612740	12623197	6910
FBgn0266487	CG45086	2R	12612740	12619820	3050
FBgn0050054	CG30054	2R	12623726	12625352	1120
FBgn0033756	CG17760	2R	12625808	12628619	1535
FBgn0033757	muskelin	2R	12628697	12632378	3115
FBgn0028683	spt4	2R	12633589	12634172	457
FBgn0061359	Mvk	2R	12634166	12636141	1976
FBgn0061360	CG33672	2R	12634166	12636141	1976
FBgn0011604	Iswi	2R	12636671	12640628	3647
FBgn0033760	CG8785	2R	12640690	12648224	2189
FBgn0033761	CG8778	2R	12651301	12652487	1124
FBgn0033762	ZnT49B	2R	12652805	12655743	2549
FBgn0033763	CG8646	2R	12655954	12659341	1763
FBgn0261673	nemy	2R	12659497	12670219	3597
FBgn0261625	GLS	2R	12670483	12679593	4149
FBgn0033766	Nup188	2R	12679967	12686179	5786
FBgn0033767	CG13148	2R	12686249	12688786	1672
FBgn0050052	Obp49a	2R	12690059	12690955	780
FBgn0033769	CG8768	2R	12691308	12692690	1210
FBgn0033770	wuc	2R	12700081	12700851	715
FBgn0261545	CG42663	2R	12705172	12751545	4068
FBgn0033773	Mos	2R	12751483	12752936	1340
FBgn0026619	Taz	2R	12753026	12756414	2174
FBgn0026741	mRpL18	2R	12756434	12757173	740
FBgn0011227	ox	2R	12757133	12757529	331
FBgn0020930	Dgkepsilon	2R	12757546	12759724	2010
FBgn0086904	Nacalpha	2R	12759693	12760999	1097
FBgn0033774	CG12374	2R	12762113	12763825	1464
FBgn0003326	sca	2R	12780541	12802010	3796
FBgn0033775	Cyp9h1	2R	12840813	12842558	1617
FBgn0028963	Or49b	2R	12842665	12844704	1739
FBgn0250842	CG17575	2R	12845544	12846596	957
FBgn0050488	antr	2R	12846848	12848004	917
FBgn0050486	CG30486	2R	12848034	12848993	859
FBgn0033777	CG17574	2R	12849358	12869423	3201
FBgn0000181	bic	2R	12870249	12871794	1546
FBgn0033778	Balat	2R	12872787	12875012	1947
FBgn0025692	Lfg	2R	12875164	12876966	1285
FBgn0002069	AspRS	2R	12877004	12883168	2266
FBgn0013305	Nmda1	2R	12877094	12880230	2590
FBgn0003975	vg	2R	12884201	12899385	3894
FBgn0010488	NAT1	2R	12915994	12923734	5665
FBgn0033781	CG13319	2R	12923904	12924664	691
FBgn0033782	sug	2R	12924567	12930644	1572
FBgn0033783	CG17019	2R	12930912	12934045	2865
FBgn0033784	SCCRO3	2R	12934234	12936535	2105
FBgn0033785	Sans	2R	12936891	12940412	1905
FBgn0050487	CG30487	2R	12937616	12938343	728
FBgn0004512	Mdr49	2R	12940323	12946347	4396
FBgn0265186	CG44251	2R	12948348	12952293	1917
FBgn0265185	CG44250	2R	12950404	12952293	1100
FBgn0033787	CG13321	2R	12953112	12955712	2043
FBgn0005624	Psc	2R	12965997	12980994	6332
FBgn0265623	Su(z)2	2R	12996501	13007911	6721
FBgn0033789	CG13324	2R	13049146	13049656	511
FBgn0033791	Drl-2	2R	13055246	13079539	6020
FBgn0033792	CG13325	2R	13110769	13126014	4040
FBgn0033793	CG3955	2R	13127915	13129052	997
FBgn0033794	CG13326	2R	13129511	13132455	2778
FBgn0259876	Cap-G	2R	13133142	13142820	4387
FBgn0263998	Ack-like	2R	13142834	13152677	7757
FBgn0020370	TppII	2R	13152885	13159141	4813
FBgn0085468	ND-MWFE	2R	13158666	13160190	844
FBgn0020391	Nrk	2R	13160063	13163484	3235
FBgn0033798	CG15870	2R	13163363	13163948	586
FBgn0033799	GLaz	2R	13163959	13168032	1215
FBgn0086532	Spt-I	2R	13168498	13170744	1830
FBgn0053138	AGBE	2R	13171401	13174796	2322
FBgn0053137	CG33137	2R	13175395	13176075	623
FBgn0033802	CG17724	2R	13176094	13190086	8422
FBgn0028991	seq	2R	13176553	13190086	6060
FBgn0053182	Kdm4B	2R	13176553	13198337	6742
FBgn0027079	ValRS	2R	13198850	13202709	3412
FBgn0005654	Orc3	2R	13202728	13206547	3315
FBgn0085344	CG34315	2R	13202728	13206547	3315
FBgn0033806	FLASH	2R	13206745	13210469	3486
FBgn0050058	CG30058	2R	13209809	13212237	1761
FBgn0085264	CG34235	2R	13209809	13212237	1761
FBgn0085341	CG34312	2R	13209809	13212237	1827
FBgn0033807	AQP	2R	13212405	13214496	1272
FBgn0033808	CG4627	2R	13214706	13215760	988
FBgn0033809	CG4630	2R	13215659	13219247	2178
FBgn0033810	CG4646	2R	13219396	13220251	797
FBgn0040754	CG17059	2R	13220283	13221015	423
FBgn0043010	Fsn	2R	13220939	13222459	1396
FBgn0011763	Dp	2R	13222433	13228202	3198
FBgn0033812	Pex13	2R	13228276	13230234	1768
FBgn0033813	fsd	2R	13230583	13231663	1020
FBgn0033814	Qsox1	2R	13231758	13235296	2620
FBgn0033815	CG4676	2R	13235980	13237055	1024
FBgn0033816	CG4679	2R	13237256	13239468	2159
FBgn0033818	CG4712	2R	13248894	13251724	2251
FBgn0033819	CG4714	2R	13251852	13254337	2355
FBgn0033820	CG4716	2R	13256587	13257446	860
FBgn0033821	CG10799	2R	13257886	13258477	592
FBgn0259219	CG42319	2R	13260101	13266336	3541
FBgn0052843	Dh31-R	2R	13267798	13295927	3284
FBgn0033830	CG10814	2R	13375975	13377731	1458
FBgn0033834	CG4744	2R	13394615	13399368	4681
FBgn0288447	BaraA2	2R	13407011	13408358	1160
FBgn0033836	CG18278	2R	13408042	13409887	1677
FBgn0053470	BaraA1	2R	13411739	13413085	1159
FBgn0260475	CG30059	2R	13412769	13414620	1683
FBgn0259221	ATP8A	2R	13414978	13439051	9093
FBgn0265272	CG30060	2R	13422978	13423647	670
FBgn0050065	CG30065	2R	13433028	13433760	673
FBgn0019928	Ser8	2R	13434207	13435045	839
FBgn0013765	cnn	2R	13439314	13450475	6196
FBgn0050062	CG30062	2R	13445700	13446309	610
FBgn0086757	Golgin97	2R	13450586	13453393	2257
FBgn0000119	arr	2R	13453640	13483229	6024
FBgn0262821	CG43192	2R	13477342	13478079	569
FBgn0033842	cbc	2R	13483512	13485391	1654
FBgn0040477	cid	2R	13485617	13486631	1015
FBgn0033844	bbc	2R	13486634	13494862	2843
FBgn0004638	drk	2R	13495222	13502841	2946
FBgn0033845	mars	2R	13500621	13506011	4815
FBgn0033846	mip120	2R	13506430	13513112	3585
FBgn0024556	mEFTu1	2R	13507557	13509332	1776
FBgn0260964	Vmat	2R	13513132	13534251	8134
FBgn0033853	Nadk1a	2R	13537371	13547577	3271
FBgn0053156	Nadk1b	2R	13548244	13553240	3323
FBgn0014877	Roe1	2R	13554077	13555606	1065
FBgn0033855	link	2R	13555949	13557342	1394
FBgn0033856	CG13334	2R	13558545	13560768	2224
FBgn0261989	CG42807	2R	13570595	13572759	2101
FBgn0027581	CG6191	2R	13580313	13593339	3745
FBgn0266489	CG45088	2R	13580586	13593339	3439
FBgn0033859	fand	2R	13593644	13596557	2793
FBgn0033860	S-Lap5	2R	13596677	13598750	2074
FBgn0000633	tei	2R	13623044	13749367	5978
FBgn0033865	CG6220	2R	13691707	13693369	1427
FBgn0033866	CG6280	2R	13753964	13758971	3706
FBgn0033869	Cpr50Cb	2R	13794777	13805231	867
FBgn0261041	stj	2R	13805794	13819571	6273
FBgn0000662	fl(2)d	2R	13819624	13824553	2977
FBgn0033871	CG13339	2R	13824858	13825572	662
FBgn0033872	CG6329	2R	13826371	13833503	3924
FBgn0033873	CG6337	2R	13833575	13835096	1402
FBgn0033875	CG6357	2R	13840053	13841743	1441
FBgn0033876	Syngr	2R	13841761	13846255	2710
FBgn0050484	CG30484	2R	13846393	13849832	3274
FBgn0050485	CG30485	2R	13849882	13852983	3102
FBgn0033879	Echs1	2R	13852947	13854331	1124
FBgn0033880	CG6553	2R	13854578	13855778	1145
FBgn0086356	tum	2R	13856150	13858689	2353
FBgn0263697	Uba3	2R	13858952	13860432	1481
FBgn0033883	CG16935	2R	13860349	13862002	1316
FBgn0033884	CG13344	2R	13861997	13864156	2036
FBgn0013733	shot	2R	13864237	13942110	30414
FBgn0033885	DJ-1alpha	2R	13942534	13943377	735
FBgn0262739	AGO1	2R	13943387	13958089	8278
FBgn0050481	mRpL53	2R	13954195	13955664	829
FBgn0053155	CG33155	2R	13954195	13955664	1193
FBgn0033886	Rpn13	2R	13958545	13960404	1672
FBgn0013770	CtsL1	2R	13960675	13967981	2066
FBgn0261975	CG42806	2R	13964653	13965455	803
FBgn0275436	PheRS-m	2R	13968308	13969902	1526
FBgn0033887	St4	2R	13969910	13971263	1183
FBgn0033888	CG18568	2R	13971325	13972834	1510
FBgn0033889	CG6701	2R	13972984	13980165	5412
FBgn0033890	Ctf4	2R	13980362	13983317	2956
FBgn0033891	CG8067	2R	13983395	13984893	1336
FBgn0020620	RN-tre	2R	13984815	13990707	5164
FBgn0002643	mam	2R	13991203	14060356	8869
FBgn0033893	CG18371	2R	14028620	14029096	477
FBgn0040752	Prosap	2R	14060456	14140902	9022
FBgn0259183	CG42287	2R	14090325	14090972	526
FBgn0259184	CG42288	2R	14091031	14091814	648
FBgn0033897	Rcd1	2R	14148263	14153123	4142
FBgn0086895	pea	2R	14153153	14157106	3898
FBgn0040751	CG13018	2R	14157050	14157488	379
FBgn0033899	CG13016	2R	14157762	14159434	1475
FBgn0033900	CysRS-m	2R	14159096	14161262	2108
FBgn0033901	O-fut1	2R	14161430	14163054	1570
FBgn0033902	eIF3m	2R	14163066	14164825	1590
FBgn0033903	CG8323	2R	14165051	14166991	1460
FBgn0033904	CG18327	2R	14166982	14168233	1064
FBgn0033905	CG18324	2R	14168786	14170233	1401
FBgn0033906	ReepB	2R	14170462	14172998	1576
FBgn0033907	mRpS16	2R	14172986	14173596	546
FBgn0000289	cg	2R	14173693	14182838	5429
FBgn0050069	Sdb	2R	14185204	14198368	12808
FBgn0033911	VGAT	2R	14198478	14201249	2700
FBgn0005613	Sox15	2R	14201390	14212413	3651
FBgn0033912	RpS23	2R	14215096	14216627	865
FBgn0033913	CG8468	2R	14219898	14230620	3961
FBgn0261276	Opa1	2R	14230611	14235449	3968
FBgn0033915	Snrk	2R	14235787	14239703	3428
FBgn0033916	Usp20-33	2R	14239932	14243655	3423
FBgn0033917	SmydA-1	2R	14243778	14246066	1774
FBgn0010241	Mdr50	2R	14246966	14252597	4256
FBgn0001220	Hsc70-5	2R	14252598	14256192	2922
FBgn0033918	CG8531	2R	14256493	14258787	2001
FBgn0027538	beta4GalNAcTA	2R	14259030	14261150	1867
FBgn0033919	CG8547	2R	14261206	14267919	2835
FBgn0261270	Sps1	2R	14268772	14270658	1887
FBgn0261269	conv	2R	14270729	14275495	4343
FBgn0263397	Ih	2R	14276130	14300095	12715
FBgn0033921	tej	2R	14300103	14302353	1942
FBgn0085408	Shrm	2R	14308142	14351802	6207
FBgn0033924	CG8613	2R	14352231	14355674	2984
FBgn0033925	CG8617	2R	14355769	14357281	1328
FBgn0033926	Arc1	2R	14357927	14360297	2371
FBgn0033928	Arc2	2R	14361924	14362825	902
FBgn0033929	Tfb1	2R	14363048	14365473	2176
FBgn0085213	CG34184	2R	14365656	14366658	715
FBgn0085473	CG34444	2R	14369217	14370326	920
FBgn0033934	CG17385	2R	14409295	14411572	1853
FBgn0033935	Sin1	2R	14411825	14413851	2027
FBgn0033936	Achl	2R	14420324	14424764	4441
FBgn0267824	PRAS40	2R	14481187	14497312	2632
FBgn0024698	Cpsf160	2R	14497347	14503488	4845
FBgn0261823	Asx	2R	14503958	14512493	7167
FBgn0033942	Cpr51A	2R	14512559	14515211	651
FBgn0265974	ttv	2R	14526267	14587917	7027
FBgn0050076	CG30076	2R	14544150	14546372	1829
FBgn0010397	LamC	2R	14570810	14575771	2450
FBgn0033943	CG12869	2R	14591203	14595617	3339
FBgn0019938	Polr1A	2R	14595611	14601216	5078
FBgn0050077	Blos1	2R	14601278	14602010	675
FBgn0003742	tra2	2R	14602004	14604337	1844
FBgn0033945	CG12868	2R	14604549	14605297	688
FBgn0053468	CG33468	2R	14606307	14606980	607
FBgn0026427	Su(var)2-HP2	2R	14607154	14618118	10289
FBgn0010638	Sec61beta	2R	14618771	14619681	792
FBgn0033948	CG12863	2R	14619798	14621320	1417
FBgn0033949	Had2	2R	14629910	14631023	1058
FBgn0262881	Mtkl	2R	14638538	14638935	398
FBgn0033951	CG10139	2R	14645270	14646344	1018
FBgn0020269	mspo	2R	14671396	14713622	3131
FBgn0033958	jef	2R	14739359	14745335	4422
FBgn0010388	Dro	2R	14745961	14746714	754
FBgn0012042	AttA	2R	14747362	14748215	790
FBgn0041581	AttB	2R	14749223	14750165	879
FBgn0028689	Rpn6	2R	14750166	14752910	1945
FBgn0050476	ave	2R	14752521	14753269	546
FBgn0033960	CG10151	2R	14753337	14756288	2508
FBgn0033961	ND-B15	2R	14756516	14757072	477
FBgn0266723	Trs31	2R	14757064	14757846	666
FBgn0033963	CG12857	2R	14757907	14759602	1584
FBgn0020767	Spred	2R	14759646	14769423	4167
FBgn0015602	BEAF-32	2R	14770469	14772630	1919
FBgn0033968	hui	2R	14808419	14809931	821
FBgn0016684	NaPi-T	2R	14842720	14845874	2660
FBgn0033971	CG10209	2R	14846064	14848366	2024
FBgn0027783	SMC2	2R	14848621	14852653	3690
FBgn0028434	Ercc1	2R	14852941	14853948	950
FBgn0033972	Ciao1	2R	14853863	14855048	1186
FBgn0033973	HPS1	2R	14855429	14857502	2074
FBgn0053506	CG33506	2R	14857447	14858640	1073
FBgn0053505	U3-55K	2R	14858845	14860758	1690
FBgn0264962	Pcf11	2R	14860936	14871071	7815
FBgn0013773	Cyp6a22	2R	14871366	14873705	2165
FBgn0015714	Cyp6a17	2R	14873953	14875739	1727
FBgn0033978	Cyp6a23	2R	14875829	14877654	1761
FBgn0033979	Cyp6a19	2R	14877786	14879752	1913
FBgn0013771	Cyp6a9	2R	14879356	14881372	1964
FBgn0033980	Cyp6a20	2R	14882118	14884046	1801
FBgn0288232	Cyp6a21	2R	14885264	14886947	1631
FBgn0013772	Cyp6a8	2R	14887171	14889010	1781
FBgn0033982	Cyp317a1	2R	14898312	14903095	4078
FBgn0027596	Kank	2R	14901475	14928425	7416
FBgn0033984	Lap1	2R	14935660	14940722	4604
FBgn0033985	CG10257	2R	14942398	14944469	1377
FBgn0261854	aPKC	2R	14944458	14962969	6433
FBgn0033987	ckn	2R	14963292	14980795	5142
FBgn0033988	pcs	2R	14981263	14991336	2216
FBgn0033989	CG7639	2R	14987660	14992230	1834
FBgn0033990	CG10265	2R	14992332	14993835	1421
FBgn0287864	hbs	2R	15011396	15042134	5478
FBgn0015371	chn	2R	15115236	15144783	6256
FBgn0262954	Polr2K	2R	15144968	15145519	353
FBgn0033993	CG8089	2R	15145825	15147824	2000
FBgn0033994	CG7544	2R	15147860	15149709	1592
FBgn0033995	GPHR	2R	15199065	15201200	1780
FBgn0033996	CG11807	2R	15201253	15204466	2106
FBgn0259737	CG42391	2R	15202193	15202987	795
FBgn0033997	Ir51a	2R	15204654	15206334	1681
FBgn0033998	row	2R	15206527	15213634	4746
FBgn0050081	Ir51b	2R	15207993	15209786	1794
FBgn0034000	CG11808	2R	15216207	15217070	801
FBgn0034001	mRpL41	2R	15217024	15217617	594
FBgn0034002	CG8079	2R	15218379	15224795	3283
FBgn0001187	Hex-C	2R	15218837	15220329	1493
FBgn0259878	Fs	2R	15223560	15241589	3561
FBgn0286785	scb	2R	15248784	15258498	5004
FBgn0034005	ItgaPS4	2R	15258761	15262873	3361
FBgn0265194	Trpm	2R	15262808	15309368	9707
FBgn0034007	ND-51L2	2R	15296764	15298329	1566
FBgn0034008	CG8152	2R	15309931	15311134	1204
FBgn0004698	Xpc	2R	15311510	15318239	4830
FBgn0034009	CG8155	2R	15317817	15322171	4211
FBgn0013750	Arf6	2R	15322501	15325490	2196
FBgn0034010	CG8157	2R	15325503	15326386	824
FBgn0034011	CG8160	2R	15327143	15328271	1072
FBgn0034012	Hr51	2R	15331325	15339384	2089
FBgn0034013	unc-5	2R	15340472	15368300	5235
FBgn0011660	Pms2	2R	15368074	15371520	3040
FBgn0262964	CR43275	2R	15373890	15374721	777
FBgn0262565	CR43105	2R	15374846	15375702	802
FBgn0262815	CR43186	2R	15375834	15376481	593
FBgn0000996	dup	2R	15376619	15380988	3138
FBgn0286813	SRPK	2R	15380724	15387851	5540
FBgn0263980	Stacl	2R	15401096	15471884	14690
FBgn0014865	Mtk	2R	15408846	15409113	268
FBgn0034021	CG8180	2R	15472175	15482834	2614
FBgn0050469	Ir52b	2R	15501820	15503610	1791
FBgn0034025	Pgant1	2R	15511710	15515597	2765
FBgn0019968	Khc-73	2R	15515778	15532259	9177
FBgn0050467	CG30467	2R	15538175	15540014	1782
FBgn0034027	CG8187	2R	15539554	15541363	1698
FBgn0022097	Vha36-1	2R	15541435	15542498	1064
FBgn0034029	eIF2Bgamma	2R	15542661	15544409	1548
FBgn0034030	CG8192	2R	15544316	15549984	1755
FBgn0034031	CG12963	2R	15555446	15562436	3669
FBgn0034032	CG8195	2R	15562697	15565801	2280
FBgn0024754	Flo1	2R	15566271	15569404	1830
FBgn0050466	CG30466	2R	15568960	15573170	2158
FBgn0013762	Cdk5	2R	15569528	15571417	1604
FBgn0034033	CG8204	2R	15573144	15573991	735
FBgn0260429	CG42524	2R	15613854	15657214	2407
FBgn0023441	fus	2R	15657318	15676669	7287
FBgn0034035	Gmppa	2R	15677218	15678956	1562
FBgn0262512	Vha14-1	2R	15679426	15680084	659
FBgn0284254	Impbeta11	2R	15682719	15687415	3395
FBgn0050082	CG30082	2R	15685004	15686082	843
FBgn0266708	Cep89	2R	15687388	15688985	1483
FBgn0050090	Erasp	2R	15689826	15691014	999
FBgn0050088	CG30088	2R	15691113	15692216	926
FBgn0050087	CG30087	2R	15692448	15693751	834
FBgn0053460	CG33460	2R	15694092	15695232	946
FBgn0053461	CG33461	2R	15695386	15696478	864
FBgn0053462	CG33462	2R	15696794	15698010	1025
FBgn0050083	CG30083	2R	15711597	15712644	868
FBgn0050089	CG30089	2R	15727381	15762044	5204
FBgn0265991	Zasp52	2R	15762565	15817004	10916
FBgn0034046	tun	2R	15794000	15855645	5130
FBgn0053465	CG33465	2R	15819114	15821114	1610
FBgn0034045	CG8249	2R	15842760	15847362	3432
FBgn0034047	cGlr1	2R	15855961	15857522	1137
FBgn0022160	Gpo1	2R	15857752	15862755	2929
FBgn0050085	Rif1	2R	15864309	15869147	4605
FBgn0264089	sli	2R	15869495	15922118	9618
FBgn0034049	bdg	2R	15923040	15931935	5326
FBgn0015247	Diap2	2R	15932170	15934825	2134
FBgn0034050	bug	2R	15934825	15935938	1057
FBgn0034051	Mlf	2R	15935893	15940073	2796
FBgn0034052	CG8299	2R	15940610	15941483	874
FBgn0034053	Cyp4aa1	2R	15942864	15947266	2108
FBgn0050093	COX6AL	2R	15944028	15944567	540
FBgn0265045	Strn-Mlck	2R	15946933	15989498	32768
FBgn0034054	CG8366	2R	15955040	15956636	1472
FBgn0034057	CG8314	2R	15989683	15991286	1280
FBgn0034058	Pex11ab	2R	15991367	15992375	956
FBgn0034059	CG8320	2R	15992408	15993707	981
FBgn0020236	ATPCL	2R	15993531	16001290	4339
FBgn0034060	Tmem131	2R	16001181	16006901	5610
FBgn0034061	Ufc1	2R	16006893	16007667	656
FBgn0034063	CG8389	2R	16008339	16013815	2041
FBgn0034062	CG8388	2R	16009401	16011438	1865
FBgn0010590	Prosbeta1	2R	16013805	16014787	852
FBgn0034065	Rrp42	2R	16014908	16016050	981
FBgn0034066	EMC7	2R	16016042	16017154	921
FBgn0034067	CG8399	2R	16017737	16024627	2342
FBgn0034068	casp	2R	16024628	16028161	2614
FBgn0034070	SP2353	2R	16031930	16047243	6502
FBgn0034071	CG8405	2R	16047648	16060835	4466
FBgn0034072	Dg	2R	16081176	16098564	6533
FBgn0083983	mRpL34	2R	16098948	16099337	327
FBgn0034073	CG8414	2R	16099306	16102608	3133
FBgn0014020	Rho1	2R	16102687	16107229	2385
FBgn0265605	Ric	2R	16107440	16110017	2283
FBgn0034075	Asph	2R	16110331	16116996	4157
FBgn0034076	Jhedup	2R	16117109	16119149	1758
FBgn0010052	Jhe	2R	16119793	16122773	2101
FBgn0050095	CG30095	2R	16123484	16124577	645
FBgn0086676	spin	2R	16124981	16138238	3656
FBgn0001124	Got1	2R	16138352	16141928	1770
FBgn0050094	CG30094	2R	16142202	16142935	675
FBgn0027091	CysRS	2R	16143147	16145906	2453
FBgn0029175	sotv	2R	16145904	16148719	2694
FBgn0034081	CG10731	2R	16148812	16149795	984
FBgn0034083	lbk	2R	16150123	16169519	5506
FBgn0034082	CG10734	2R	16157267	16158794	1449
FBgn0034084	CG8435	2R	16169600	16170861	1148
FBgn0034085	Ptp52F	2R	16171112	16178307	4589
FBgn0015754	Lis-1	2R	16178826	16185103	3459
FBgn0034086	CG8441	2R	16185122	16186506	941
FBgn0034087	clu	2R	16186584	16194277	6162
FBgn0262166	caly	2R	16194062	16196333	2147
FBgn0265177	CG44242	2R	16196384	16196928	456
FBgn0262026	CG42837	2R	16197042	16199378	2131
FBgn0265178	Lipt1	2R	16197042	16199555	2308
FBgn0015295	Shark	2R	16199426	16202884	3176
FBgn0034091	mrj	2R	16203329	16221793	3286
FBgn0034092	CG7798	2R	16222112	16222627	516
FBgn0034093	CG15706	2R	16223218	16230680	2892
FBgn0034094	Tsf3	2R	16226501	16229869	2377
FBgn0034095	CG15701	2R	16230198	16234087	3367
FBgn0034097	CG3687	2R	16236715	16237479	708
FBgn0034098	krimp	2R	16238103	16240722	2549
FBgn0025519	fidipidine	2R	16262284	16264619	1977
FBgn0015925	csul	2R	16264652	16266959	2013
FBgn0001308	Khc	2R	16266960	16271971	3718
FBgn0053017	CG33017	2R	16272114	16277655	5479
FBgn0050324	CG30324	2R	16287586	16288233	648
FBgn0050099	CG30099	2R	16288208	16288969	762
FBgn0028424	JhI-26	2R	16289320	16291333	1495
FBgn0050100	CG30100	2R	16291453	16292269	762
FBgn0259718	CG42372	2R	16291453	16292269	762
FBgn0034109	CG7747	2R	16292264	16294130	1696
FBgn0034110	Atg9	2R	16294400	16297232	2833
FBgn0085428	Nox	2R	16307269	16316485	6586
FBgn0034113	CG8060	2R	16316313	16320732	4017
FBgn0050096	CG30096	2R	16320815	16322124	1130
FBgn0034114	CG4282	2R	16322186	16324801	2393
FBgn0287825	Vha44	2R	16324813	16336637	4023
FBgn0010611	Hmgs	2R	16336090	16341242	2795
FBgn0034117	CG7997	2R	16341251	16344182	1878
FBgn0034118	Nup62	2R	16344377	16345828	1452
FBgn0262560	wcd	2R	16345838	16347500	1663
FBgn0262816	CG43187	2R	16380516	16385765	5093
FBgn0034126	jtb	2R	16432244	16433183	822
FBgn0034127	CG7848	2R	16433852	16435954	2103
FBgn0034128	CG4409	2R	16443211	16444845	939
FBgn0053459	CG33459	2R	16488053	16489182	914
FBgn0011260	Sema2a	2R	16500178	16533459	4171
FBgn0259795	loopin-1	2R	16534943	16537086	2144
FBgn0034135	Syn2	2R	16552258	16558486	3712
FBgn0034136	DAT	2R	16558567	16565238	3040
FBgn0034137	CG4945	2R	16566023	16570120	2637
FBgn0034138	RpS15	2R	16570112	16571230	810
FBgn0034139	CG4927	2R	16572082	16574154	1449
FBgn0034140	Lst	2R	16574579	16576586	2008
FBgn0016131	Cdk4	2R	16579470	16585448	2462
FBgn0003274	RpLP2	2R	16586129	16586732	604
FBgn0034141	Dolk	2R	16587045	16589184	1897
FBgn0034142	CG8306	2R	16589518	16594646	2211
FBgn0034145	CG5065	2R	16607654	16624894	5493
FBgn0040505	Alk	2R	16625293	16640011	9730
FBgn0024319	Nach	2R	16653205	16655046	1662
FBgn0024315	Picot	2R	16655323	16667675	3282
FBgn0085486	CG34457	2R	16670326	16671836	1339
FBgn0050463	Pgant9	2R	16673235	16732916	6101
FBgn0013763	Idgf6	2R	16691022	16693751	1811
FBgn0259967	Sfp53D	2R	16744295	16745114	820
FBgn0034151	CG15617	2R	16745223	16746579	1298
FBgn0015584	Acp53Ea	2R	16749803	16750335	468
FBgn0053530	Acp53C14c	2R	16750776	16751495	564
FBgn0267002	unc-104	2R	16751503	16772671	8066
FBgn0085218	CG34189	2R	16754444	16754925	482
FBgn0034154	CG5267	2R	16755073	16755823	751
FBgn0034156	CG5348	2R	16766804	16769238	2126
FBgn0010213	Sod2	2R	16772785	16773915	1015
FBgn0034158	RalGPS	2R	16783671	16792472	3940
FBgn0034159	CG15615	2R	16793119	16796407	1429
FBgn0034160	CG5550	2R	16816589	16817577	938
FBgn0085488	CG34459	2R	16824664	16826648	1420
FBgn0085489	CG34460	2R	16826872	16827755	714
FBgn0026754	Ugt37C1	2R	16843296	16845038	1743
FBgn0289323	IntS8	2R	16850437	16854104	3293
FBgn0025832	Fen1	2R	16854025	16855464	1378
FBgn0026533	Dek	2R	16856220	16861738	4138
FBgn0014870	Psi	2R	16861321	16867714	5690
FBgn0028737	eEF1beta	2R	16868222	16869280	960
FBgn0034162	CG6426	2R	16869402	16871851	713
FBgn0034166	CG6472	2R	16880713	16884695	1597
FBgn0003091	Pkc53E	2R	16924655	16945126	5739
FBgn0085219	CG34190	2R	16946455	16947554	1100
FBgn0085444	mute	2R	16948296	16955266	5824
FBgn0085220	Ufm1	2R	16951837	16952581	647
FBgn0265174	PIG-V	2R	16955458	16957308	1851
FBgn0034172	CG6665	2R	16957465	16958927	1395
FBgn0004580	Cbp53E	2R	16973927	16996057	2754
FBgn0050461	CG30461	2R	16995991	16998594	2251
FBgn0050462	ste24c	2R	16995991	16998594	2423
FBgn0034175	ste24b	2R	16998610	17000126	1464
FBgn0034176	ste24a	2R	17000244	17001941	1547
FBgn0034177	AsnRS-m	2R	17001994	17003599	1482
FBgn0026402	NiPp1	2R	17003563	17005149	1349
FBgn0034179	CG6805	2R	17005451	17007501	1770
FBgn0034180	Ehbp1	2R	17007674	17015894	4704
FBgn0034181	Paip1	2R	17016226	17019522	2753
FBgn0263864	Dark	2R	17020027	17026703	4883
FBgn0023172	RhoGEF2	2R	17027190	17044653	8486
FBgn0263032	CG43327	2R	17032487	17034012	1526
FBgn0263033	CG43328	2R	17032487	17034012	1526
FBgn0263114	CG43371	2R	17034045	17034609	565
FBgn0034182	SmydA-7	2R	17044743	17046768	1866
FBgn0034183	SmydA-6	2R	17046839	17048794	1790
FBgn0034184	CG9646	2R	17048875	17053855	3435
FBgn0026721	fat-spondin	2R	17054002	17059299	2475
FBgn0086350	tef	2R	17054546	17056835	2168
FBgn0034186	CG8950	2R	17059331	17062634	3248
FBgn0034187	Mov10	2R	17062775	17066546	3474
FBgn0050460	CG30460	2R	17065971	17087633	7888
FBgn0010591	Sply	2R	17088441	17091958	2163
FBgn0034191	CG6984	2R	17091984	17093070	1030
FBgn0010226	GstS1	2R	17093246	17099501	2275
FBgn0287631	CG46491	2R	17100241	17107542	2958
FBgn0287632	CG46492	2R	17104321	17105578	1194
FBgn0034194	CG15611	2R	17108844	17114360	1759
FBgn0000079	Amy-p	2R	17118636	17120303	1668
FBgn0000078	Amy-d	2R	17124764	17126369	1606
FBgn0034198	CG11400	2R	17134129	17135345	1217
FBgn0034199	Gbp1	2R	17136451	17136903	453
FBgn0034200	Gbp2	2R	17137240	17139595	2279
FBgn0262563	CG43103	2R	17139450	17139931	482
FBgn0262567	CG43107	2R	17140495	17140865	371
FBgn0034201	CG17290	2R	17154589	17157125	2443
FBgn0034202	CG17287	2R	17156534	17158316	1783
FBgn0265487	mbl	2R	17216549	17379376	15094
FBgn0010620	CG10939	2R	17394593	17405171	1717
FBgn0034210	Camp	2R	17405304	17407427	1908
FBgn0050101	Vajk4	2R	17408258	17410204	1545
FBgn0016697	Prosalpha5	2R	17412767	17413769	945
FBgn0286070	cnk	2R	17413970	17420007	5816
FBgn0022029	l(2)k01209	2R	17420407	17425679	3254
FBgn0034214	CG6550	2R	17425670	17427511	1782
FBgn0034215	Mtap	2R	17427795	17429315	1392
FBgn0025716	Bap55	2R	17429353	17430963	1473
FBgn0034217	Lhr	2R	17431032	17432219	1188
FBgn0027506	EDTP	2R	17432173	17444938	3151
FBgn0034218	CG18467	2R	17440297	17442483	1462
FBgn0034219	mthl4	2R	17445185	17447483	1930
FBgn0028956	mthl3	2R	17448533	17452598	2504
FBgn0034221	CG10764	2R	17453399	17455729	1700
FBgn0024196	robl	2R	17456472	17457129	527
FBgn0028953	CG14478	2R	17457663	17465795	4345
FBgn0034223	Tes	2R	17465879	17469177	3102
FBgn0022987	qkr54B	2R	17469624	17475129	4432
FBgn0262570	CG43110	2R	17477565	17486220	8272
FBgn0034225	veil	2R	17478158	17482118	2253
FBgn0050104	NT5E-2	2R	17485002	17493169	2062
FBgn0034229	CtsK2	2R	17511513	17513855	1533
FBgn0034230	CG4853	2R	17514217	17517445	2992
FBgn0034231	APC10	2R	17517261	17518186	867
FBgn0034232	CG4866	2R	17518223	17519027	692
FBgn0263197	Patronin	2R	17519024	17535866	7787
FBgn0034237	eIF3b	2R	17536213	17539142	2682
FBgn0263113	Cc2d2a	2R	17539322	17544353	4255
FBgn0085223	CG34194	2R	17544190	17545045	655
FBgn0028382	cyp33	2R	17545222	17546400	986
FBgn0010409	RpL18A	2R	17546406	17547462	635
FBgn0034240	MESR4	2R	17547769	17556289	8012
FBgn0263076	Klp54D	2R	17557031	17563406	2672
FBgn0263029	CG43324	2R	17563606	17564351	746
FBgn0034242	CG14480	2R	17564340	17565852	1337
FBgn0286931	CG46428	2R	17564340	17565852	1390
FBgn0034243	Ns2	2R	17565779	17568456	2233
FBgn0040294	POSH	2R	17568732	17572322	3169
FBgn0034245	UQCR-6.4	2R	17572096	17572784	561
FBgn0250868	CG42239	2R	17572829	17573330	433
FBgn0016701	Rab4	2R	17573462	17574979	1316
FBgn0034246	Dcr-2	2R	17574979	17581525	5684
FBgn0034247	CG6484	2R	17582007	17584012	1590
FBgn0034248	CG14483	2R	17585195	17586294	984
FBgn0034249	RhoGAP54D	2R	17586425	17590884	3791
FBgn0029079	icln	2R	17590964	17591881	832
FBgn0050105	CG30105	2R	17591804	17592509	642
FBgn0029006	Smurf	2R	17592791	17604461	5365
FBgn0034251	ND-51L1	2R	17595267	17597409	2143
FBgn0034253	CG10936	2R	17604951	17639138	5377
FBgn0265576	CG44403	2R	17616499	17617895	1397
FBgn0004400	rhi	2R	17628491	17633516	1570
FBgn0034255	Oxp	2R	17633797	17634167	371
FBgn0034258	eIF3c	2R	17665678	17669275	3321
FBgn0050108	CG30108	2R	17669395	17670000	552
FBgn0050109	CG30109	2R	17670082	17670748	609
FBgn0034259	P32	2R	17671309	17672640	1154
FBgn0016059	Sema1b	2R	17672839	17683499	4565
FBgn0034261	HPS4	2R	17683574	17690822	3677
FBgn0260763	CG42561	2R	17684855	17685548	566
FBgn0260764	CG42562	2R	17685814	17686410	482
FBgn0034262	swi2	2R	17690275	17695353	2582
FBgn0027872	rdgBbeta	2R	17695776	17698362	1382
FBgn0028494	CG6424	2R	17703335	17719346	6244
FBgn0284231	CG46315	2R	17703335	17719346	5765
FBgn0034264	Dlish	2R	17723309	17725056	1402
FBgn0034265	Snx16	2R	17725030	17726847	1699
FBgn0034266	CG4975	2R	17726914	17732987	3222
FBgn0034267	CG4984	2R	17726914	17732987	3483
FBgn0085224	CG34195	2R	17733238	17734483	1184
FBgn0034269	Hyccin	2R	17734419	17737269	2740
FBgn0034270	PIG-A	2R	17737622	17739685	1872
FBgn0034271	Vps50	2R	17739901	17743969	3503
FBgn0034272	Ir54a	2R	17744101	17746005	1905
FBgn0003545	sub	2R	17745500	17748078	2460
FBgn0034274	CG10931	2R	17748935	17750136	1202
FBgn0034275	CG5002	2R	17750293	17753214	1998
FBgn0034276	Sardh	2R	17753555	17756422	2750
FBgn0027572	ACOX1	2R	17760940	17764541	2506
FBgn0034277	OstDelta	2R	17764574	17767070	2201
FBgn0034279	CG18635	2R	17767808	17769989	2073
FBgn0028740	CG6362	2R	17770405	17772552	1875
FBgn0028741	fab1	2R	17773964	17781930	7194
FBgn0250851	CG33981	2R	17773964	17781930	7194
FBgn0026309	aft	2R	17786135	17788556	2314
FBgn0026316	Ubc10	2R	17788412	17789410	999
FBgn0028744	CG5033	2R	17789679	17792448	2514
FBgn0028743	Dhit	2R	17792870	17800677	4771
FBgn0259211	grh	2R	17801132	17842820	9185
FBgn0041585	Orai	2R	17843442	17860582	5330
FBgn0015522	olf186-M	2R	17846699	17848444	1746
FBgn0050323	CG30323	2R	17853295	17854296	1002
FBgn0034281	CG14490	2R	17860760	17861591	711
FBgn0003701	thr	2R	17861273	17865963	4578
FBgn0034282	Mapmodulin	2R	17866178	17872015	2520
FBgn0011589	Elk	2R	17873939	17926695	5351
FBgn0283437	PPO1	2R	17887220	17889973	2338
FBgn0034288	CG5084	2R	18018665	18020211	1182
FBgn0034290	CG5773	2R	18042296	18043744	1357
FBgn0034299	CG5757	2R	18093723	18094900	1007
FBgn0034300	CG5098	2R	18094940	18101031	5450
FBgn0034301	CG5756	2R	18101061	18108389	4100
FBgn0003520	stau	2R	18117896	18125779	5369
FBgn0028983	Spn55B	2R	18126347	18128210	1297
FBgn0040465	Dlip3	2R	18128494	18130246	1471
FBgn0001222	Hsf	2R	18130303	18134634	2910
FBgn0003044	Pcl	2R	18135426	18139990	4384
FBgn0265297	pAbp	2R	18140078	18147191	4303
FBgn0062440	EMRE	2R	18147297	18147997	701
FBgn0034304	CG5742	2R	18148096	18151410	3315
FBgn0000057	adp	2R	18151704	18154060	2291
FBgn0022238	lolal	2R	18154095	18158192	2402
FBgn0034307	CG10914	2R	18158257	18160310	2054
FBgn0034308	Naus	2R	18160720	18164746	3360
FBgn0034310	Nup75	2R	18164694	18167140	2146
FBgn0260392	CG42518	2R	18167227	18168380	899
FBgn0260401	MED9	2R	18167255	18168380	871
FBgn0027836	Dgp-1	2R	18168413	18172607	2969
FBgn0266854	CR45315	2R	18173049	18173554	506
FBgn0034312	CG10916	2R	18173669	18175725	2057
FBgn0034313	CG5726	2R	18175255	18180197	3491
FBgn0034314	nopo	2R	18180496	18182519	1674
FBgn0034315	CG5721	2R	18182435	18184090	1601
FBgn0053958	CG33958	2R	18184382	18192851	2676
FBgn0034317	CG14499	2R	18187707	18188573	867
FBgn0000658	fj	2R	18232761	18236311	3551
FBgn0266420	Ote	2R	18275607	18277177	1571
FBgn0053198	pen-2	2R	18277439	18278762	1181
FBgn0285917	sbb	2R	18278198	18357296	11326
FBgn0034321	CG14502	2R	18288696	18294712	2798
FBgn0034322	CG18536	2R	18294759	18295658	788
FBgn0034323	CG18537	2R	18295928	18296656	607
FBgn0034324	CG18538	2R	18297070	18297751	549
FBgn0034325	CG18539	2R	18297795	18298903	675
FBgn0034326	CG18540	2R	18299317	18300072	627
FBgn0034327	CG14505	2R	18302945	18303977	1033
FBgn0063498	GstE2	2R	18399486	18400375	890
FBgn0063497	GstE3	2R	18400713	18401467	755
FBgn0063496	GstE4	2R	18403248	18404086	839
FBgn0063495	GstE5	2R	18404605	18405338	734
FBgn0063494	GstE6	2R	18406011	18406761	751
FBgn0063493	GstE7	2R	18406924	18407688	765
FBgn0063492	GstE8	2R	18407834	18408955	1122
FBgn0063491	GstE9	2R	18409048	18409835	788
FBgn0013983	imd	2R	18409796	18413599	1518
FBgn0027835	Dp1	2R	18412027	18421124	6962
FBgn0034345	CG5174	2R	18421413	18426221	2420
FBgn0034346	PIG-O	2R	18426421	18430333	3594
FBgn0284257	Ttd14	2R	18430315	18440475	2871
FBgn0261477	slim	2R	18440965	18445526	3081
FBgn0034350	Lamtor2	2R	18446548	18449420	2533
FBgn0050120	CG30120	2R	18446548	18449420	2533
FBgn0261119	Prp19	2R	18447361	18451041	1757
FBgn0034351	rswl	2R	18451284	18452736	1453
FBgn0028496	CG30116	2R	18456602	18498026	8105
FBgn0034354	GstE11	2R	18503608	18505025	943
FBgn0262476	CG43066	2R	18514574	18526439	5055
FBgn0034356	Pepck2	2R	18527430	18535749	3516
FBgn0003067	Pepck1	2R	18536767	18539416	2486
FBgn0266488	CG45087	2R	18536767	18539416	2486
FBgn0085419	Rgk2	2R	18539585	18548969	4909
FBgn0050115	GEFmeso	2R	18554119	18611777	6958
FBgn0261587	CG42697	2R	18611645	18612730	818
FBgn0034360	CG10927	2R	18613090	18614255	1166
FBgn0034361	mRpS28	2R	18614210	18615018	691
FBgn0034362	CG5323	2R	18615060	18615999	783
FBgn0034363	CG5327	2R	18615988	18618317	2136
FBgn0034364	CG5493	2R	18616692	18619328	1348
FBgn0034366	Atg7	2R	18620466	18625044	2395
FBgn0034365	CG5335	2R	18621541	18622986	1273
FBgn0266671	Sec6	2R	18625249	18627718	2405
FBgn0000566	Cth	2R	18627918	18629395	1478
FBgn0034368	zda	2R	18629594	18632045	2106
FBgn0050122	CG30122	2R	18632328	18639270	4623
FBgn0262595	CheA56a	2R	18640194	18640802	543
FBgn0034371	Ntan1	2R	18640862	18658222	2023
FBgn0034372	Gint3	2R	18658418	18661548	2507
FBgn0259202	CG42306	2R	18658418	18661548	2507
FBgn0023214	edl	2R	18667527	18673536	1454
FBgn0265626	CG44434	2R	18678680	18684198	5259
FBgn0265627	CG44435	2R	18678680	18684198	5259
FBgn0265625	CG44433	2R	18684230	18686775	2491
FBgn0262102	CG42855	2R	18687372	18688641	945
FBgn0262103	Sik3	2R	18688132	18705805	6768
FBgn0034379	CG15073	2R	18705977	18708226	2054
FBgn0034380	Vps51	2R	18708152	18710865	2418
FBgn0034387	Cyp12b2	2R	18754995	18757083	1782
FBgn0259682	Jabba	2R	18757074	18761082	2417
FBgn0034389	Mctp	2R	18761758	18774824	4898
FBgn0034390	CG15093	2R	18775669	18776978	1310
FBgn0034391	CG15080	2R	18783299	18794594	5546
FBgn0034392	MFS15	2R	18794618	18796678	1896
FBgn0010651	MFS14	2R	18796975	18803727	3288
FBgn0010551	Phb2	2R	18819467	18822250	1889
FBgn0034396	CG15097	2R	18822188	18829699	3221
FBgn0034397	CG15082	2R	18830331	18833241	1932
FBgn0034398	CG15098	2R	18833372	18834775	953
FBgn0034399	CG15083	2R	18835263	18836842	669
FBgn0034400	CG15099	2R	18836821	18846619	8544
FBgn0034401	MetRS	2R	18846858	18850599	3403
FBgn0034402	CG15084	2R	18850844	18851963	1120
FBgn0034403	CG18190	2R	18851907	18853043	1077
FBgn0010053	Jheh1	2R	18853434	18855087	1486
FBgn0034405	Jheh2	2R	18855767	18858245	1926
FBgn0034406	Jheh3	2R	18860375	18862078	1576
FBgn0262481	CG43071	2R	18864621	18865218	514
FBgn0004240	DptA	2R	18865765	18866260	496
FBgn0034408	sano	2R	18878391	18959500	5165
FBgn0014269	prod	2R	18969404	18971133	1597
FBgn0041702	CG15107	2R	18971309	18972537	1118
FBgn0267351	Topors	2R	18972612	18977262	4357
FBgn0034411	CG18605	2R	18977514	18979279	1589
FBgn0004168	5-HT1A	2R	19067155	19121958	5019
FBgn0034417	CG15117	2R	19122231	19129300	3391
FBgn0027535	botv	2R	19129589	19133706	3608
FBgn0034418	CG15118	2R	19133727	19137169	2859
FBgn0034419	CG15111	2R	19137372	19141034	1772
FBgn0000578	ena	2R	19141632	19163705	6075
FBgn0034420	CG10737	2R	19164143	19178223	5006
FBgn0263395	hppy	2R	19178738	19227193	5143
FBgn0034422	CG7137	2R	19227344	19228613	1270
FBgn0010434	cora	2R	19229063	19243751	6043
FBgn0004003	wbl	2R	19249395	19250917	1319
FBgn0003254	rib	2R	19270078	19281396	4665
FBgn0034425	CG11906	2R	19281418	19283961	2289
FBgn0013954	Fkbp12	2R	19290109	19290962	633
FBgn0034430	mip40	2R	19291105	19292196	1092
FBgn0086358	Tab2	2R	19292529	19304508	3976
FBgn0034432	Acadvl	2R	19305172	19307445	2274
FBgn0034433	EndoB	2R	19307447	19310665	2431
FBgn0264753	Rgk1	2R	19311148	19356525	7035
FBgn0034436	CG11961	2R	19357532	19363124	3896
FBgn0034437	CG10051	2R	19363641	19367294	2768
FBgn0034438	CG9416	2R	19367248	19373702	3189
FBgn0034439	CG10062	2R	19375313	19380174	3330
FBgn0034442	CG11257	2R	19390128	19391900	1718
FBgn0261439	SdhA	2R	19391863	19395971	2750
FBgn0034443	cer	2R	19396215	19396772	497
FBgn0263391	hts	2R	19397032	19424903	11529
FBgn0012051	CalpA	2R	19425113	19430564	3440
FBgn0020440	Fak	2R	19430659	19437259	5619
FBgn0040273	Spt5	2R	19437483	19441898	3460
FBgn0013325	RpL11	2R	19442342	19443825	1017
FBgn0034446	Arl6	2R	19444179	19445058	709
FBgn0266711	EloC	2R	19445085	19446286	654
FBgn0284243	betaTub56D	2R	19447319	19451600	1869
FBgn0034447	CG7744	2R	19452504	19455527	2585
FBgn0002716	mei-W68	2R	19456170	19459523	2300
FBgn0260934	par-1	2R	19456170	19485686	12693
FBgn0034451	Tbcb	2R	19485494	19486837	1166
FBgn0034452	Oseg6	2R	19487046	19491846	4322
FBgn0026378	Rep	2R	19492087	19494125	1923
FBgn0261456	hpo	2R	19493996	19496856	2804
FBgn0034455	CG11007	2R	19503068	19504594	1527
FBgn0003435	sm	2R	19517864	19631508	16635
FBgn0015949	hrg	2R	19663919	19669832	4587
FBgn0028372	Kpc2	2R	19670618	19673477	2612
FBgn0034467	CG15128	2R	19685614	19688078	2011
FBgn0034473	Or56a	2R	19769461	19771233	1260
FBgn0034474	Obp56g	2R	19783484	19784043	495
FBgn0034476	Toll-7	2R	19826578	19832973	6396
FBgn0034479	CG8654	2R	19979242	19984895	3178
FBgn0287775	18w	2R	20111511	20116932	5422
FBgn0034487	Efhc1.2	2R	20239936	20242873	2572
FBgn0034488	Hacl	2R	20242752	20245388	1984
FBgn0034489	ppk6	2R	20245760	20247624	1625
FBgn0034490	CG9864	2R	20248130	20254670	1753
FBgn0025720	Ate1	2R	20254966	20257390	1796
FBgn0034491	Hsl	2R	20257650	20261726	3851
FBgn0005655	PCNA	2R	20261754	20262883	1070
FBgn0010411	RpS18	2R	20263979	20264848	612
FBgn0034493	CG8908	2R	20264920	20270994	5102
FBgn0034494	CG10444	2R	20271653	20274499	2790
FBgn0034495	CG11788	2R	20274597	20276142	1429
FBgn0287774	CG9143	2R	20275973	20278915	2708
FBgn0034497	Mpcp1	2R	20279066	20281127	1499
FBgn0034498	CG16868	2R	20281629	20287094	5174
FBgn0034500	CG11200	2R	20304517	20308671	1688
FBgn0034501	CG13868	2R	20308777	20316917	3865
FBgn0034502	CG13871	2R	20317323	20319039	1717
FBgn0027529	tapas	2R	20319180	20325973	4552
FBgn0034503	MED8	2R	20325844	20326806	963
FBgn0034504	CG8929	2R	20327270	20330721	2972
FBgn0034505	CG16739	2R	20341993	20342749	695
FBgn0050148	CG30148	2R	20546595	20547658	1064
FBgn0050145	Obp57e	2R	20547816	20548291	411
FBgn0034518	CG13430	2R	20550334	20552090	1631
FBgn0034519	BORCS7	2R	20550334	20552090	1631
FBgn0034520	lms	2R	20556877	20559953	2030
FBgn0034521	Mgat1	2R	20559156	20562331	2822
FBgn0028622	qsm	2R	20563034	20583591	2059
FBgn0034523	Nnf1a	2R	20586222	20587238	682
FBgn0267791	HnRNP-K	2R	20587551	20606854	2571
FBgn0050147	Hil	2R	20606881	20618217	3383
FBgn0034527	CG9945	2R	20618503	20621081	2075
FBgn0034528	CG11180	2R	20620914	20623429	2460
FBgn0034529	FAM21	2R	20623547	20628315	4602
FBgn0034530	Rcd6	2R	20628186	20633506	3135
FBgn0250850	rig	2R	20633876	20640681	4123
FBgn0034532	CG13436	2R	20636392	20638423	1917
FBgn0034534	maf-S	2R	20640976	20641668	646
FBgn0034535	CG11110	2R	20641742	20642558	752
FBgn0061361	Tcs1	2R	20642466	20643785	1245
FBgn0061362	Polr3K	2R	20642466	20643785	1245
FBgn0034537	DMAP1	2R	20644036	20645865	1584
FBgn0034540	Lrt	2R	20646360	20661070	3660
FBgn0034538	CG16799	2R	20652557	20655096	1288
FBgn0034541	CG13437	2R	20661585	20662595	782
FBgn0034542	Fem-1	2R	20662474	20667306	2874
FBgn0000615	exu	2R	20667427	20671083	3290
FBgn0034543	galla-1	2R	20670636	20673495	2414
FBgn0034546	CG13442	2R	20727829	20730610	1633
FBgn0263850	CG43711	2R	20778249	20779487	1239
FBgn0265877	CG44666	2R	20779992	20783216	3123
FBgn0011674	insc	2R	20821262	20836028	3887
FBgn0016984	sktl	2R	20827282	20836028	4106
FBgn0050295	Ipk1	2R	20870791	20879145	3121
FBgn0034558	Cib2	2R	20879930	20882663	947
FBgn0020617	Rx	2R	20916753	20937030	3267
FBgn0000044	Act57B	2R	20944021	20946431	1724
FBgn0034564	CG9344	2R	20977056	20977600	474
FBgn0034565	CG15650	2R	20977595	20978818	1152
FBgn0034566	CG9313	2R	20978901	20984043	3072
FBgn0034568	CG3216	2R	20986833	20991171	3486
FBgn0034569	dgt3	2R	20992276	20994381	1809
FBgn0261394	Prosalpha3	2R	20994900	20996118	973
FBgn0034570	CG10543	2R	20996220	21007740	7429
FBgn0050291	CG30291	2R	21007755	21009576	1655
FBgn0001133	grau	2R	21009764	21011921	1894
FBgn0034572	CG9346	2R	21011970	21015628	2998
FBgn0034573	Sou	2R	21015594	21017446	1853
FBgn0050296	RIC-3	2R	21017784	21024918	2938
FBgn0034576	ND-B14.7	2R	21025078	21026086	712
FBgn0003391	shg	2R	21049654	21057197	6400
FBgn0034577	cpa	2R	21057787	21059883	1918
FBgn0034578	CG15653	2R	21059780	21060547	711
FBgn0034579	mRpL54	2R	21060789	21061587	682
FBgn0034580	Cht8	2R	21061646	21063212	1448
FBgn0034582	Cht9	2R	21067992	21069286	1161
FBgn0034583	CG10527	2R	21070368	21072789	1160
FBgn0003748	Treh	2R	21074018	21088945	4369
FBgn0034585	Rbpn-5	2R	21088386	21091004	2319
FBgn0085425	CG34396	2R	21092222	21101453	4420
FBgn0011824	Gar1	2R	21095958	21097305	957
FBgn0020312	Tmtc3	2R	21123735	21128510	3572
FBgn0002736	mago	2R	21128577	21129737	1103
FBgn0034590	Magi	2R	21129463	21142261	5198
FBgn0021872	Xbp1	2R	21143545	21145750	2142
FBgn0026582	Hmg-2	2R	21146203	21147608	1347
FBgn0034595	CG15657	2R	21147478	21148153	617
FBgn0050389	CG30389	2R	21148265	21160545	5067
FBgn0034598	Isha	2R	21161713	21168659	4662
FBgn0034599	hng1	2R	21168930	21170010	1081
FBgn0261067	LSm1	2R	21169969	21170672	588
FBgn0261850	Xpd	2R	21171001	21174504	2797
FBgn0003162	Pu	2R	21175315	21182608	2152
FBgn0003891	tud	2R	21183322	21192913	8830
FBgn0034602	Lapsyn	2R	21193571	21199431	1630
FBgn0265180	CG44245	2R	21200483	21212969	2299
FBgn0265191	Gyg	2R	21200483	21210821	4135
FBgn0027073	Ugt49B1	2R	21212880	21214972	1754
FBgn0034605	Ugt49C1	2R	21215435	21217779	1899
FBgn0034606	ASPP	2R	21217856	21251150	5044
FBgn0085426	Rgk3	2R	21255165	21280995	4659
FBgn0034611	MFS16	2R	21282298	21285679	2814
FBgn0034612	CG10505	2R	21285248	21290343	4426
FBgn0050392	CG30392	2R	21290914	21292181	1141
FBgn0050390	Sgf29	2R	21292239	21293646	1177
FBgn0016726	RpL29	2R	21293768	21294404	389
FBgn0034614	CG9752	2R	21294402	21295588	1131
FBgn0261554	Arms	2R	21295652	21310411	8384
FBgn0034617	Panx	2R	21310368	21312354	1987
FBgn0034618	CG9485	2R	21312399	21319569	5491
FBgn0250824	CG33655	2R	21317793	21320017	2168
FBgn0050394	CG30394	2R	21320040	21323320	3055
FBgn0020306	dom	2R	21323430	21341847	13020
FBgn0034622	BBS9	2R	21341972	21345608	2947
FBgn0034623	CG9822	2R	21346875	21347883	883
FBgn0034624	CG17974	2R	21348945	21350578	1033
FBgn0000395	cv-2	2R	21355015	21379464	4329
FBgn0034626	bisc	2R	21383227	21384391	1100
FBgn0034627	eEFSec	2R	21384552	21386221	1613
FBgn0034628	Acox57D-p	2R	21386309	21389276	2552
FBgn0034629	Acox57D-d	2R	21389405	21392439	2252
FBgn0010415	Sdc	2R	21392402	21481176	4202
FBgn0026369	Sara	2R	21481927	21487107	4621
FBgn0010470	Fkbp14	2R	21487167	21497929	1800
FBgn0034631	TAF1C-like	2R	21498903	21501732	2753
FBgn0043070	MESK2	2R	21502097	21517241	4600
FBgn0034634	CG10494	2R	21516774	21519125	2179
FBgn0050288	CG30288	2R	21519243	21520393	965
FBgn0003731	Egfr	2R	21522420	21559977	6947
FBgn0050286	CG30286	2R	21535716	21536795	967
FBgn0050287	CG30287	2R	21536894	21538015	955
FBgn0069056	CG33226	2R	21538250	21539293	879
FBgn0260477	CG30283	2R	21539584	21540573	822
FBgn0034636	twz	2R	21560246	21576035	2758
FBgn0053225	CG33225	2R	21590275	21591584	1095
FBgn0034638	CG10433	2R	21605676	21608125	2112
FBgn0034639	CG15673	2R	21608393	21613071	1143
FBgn0042180	CG18870	2R	21613845	21616907	2937
FBgn0000326	clt	2R	21617061	21619079	1844
FBgn0016641	PTP-ER	2R	21619321	21624446	5069
FBgn0034641	mahj	2R	21625030	21631422	5346
FBgn0034642	CG15674	2R	21632007	21634362	1809
FBgn0034643	CG10321	2R	21634679	21638399	3322
FBgn0034644	Ip6k	2R	21646177	21657935	4426
FBgn0050284	CG30284	2R	21650820	21651999	1180
FBgn0034645	ND-B12	2R	21658078	21658777	606
FBgn0034646	Rae1	2R	21658770	21660007	1189
FBgn0034647	pirk	2R	21660967	21662995	1846
FBgn0259708	CG42362	2R	21664126	21666108	1930
FBgn0259709	CG42363	2R	21664126	21666108	1930
FBgn0259710	CG42364	2R	21665940	21666579	640
FBgn0259711	CG42365	2R	21666687	21667594	908
FBgn0034649	PIG-M	2R	21667541	21669916	2320
FBgn0259725	CG42379	2R	21667541	21669916	2320
FBgn0259726	CG42380	2R	21667541	21669916	2320
FBgn0259727	CG42381	2R	21667541	21669916	2259
FBgn0034650	NC2alpha	2R	21670152	21671593	1235
FBgn0050263	stum	2R	21674901	21685000	6868
FBgn0034654	eIF3k	2R	21685283	21686201	853
FBgn0003687	Tbp	2R	21686192	21687642	1387
FBgn0050285	BaraC	2R	21687903	21688545	575
FBgn0034655	CG10307	2R	21688773	21690253	1362
FBgn0027360	Tim10	2R	21690215	21691139	762
FBgn0260223	CG42497	2R	21690215	21691139	691
FBgn0050290	Ppcdc	2R	21691295	21692764	1206
FBgn0260222	CG42496	2R	21691295	21692764	1206
FBgn0266346	CngB	2R	21692691	21697152	3399
FBgn0010228	HmgZ	2R	21697488	21707861	1604
FBgn0004362	HmgD	2R	21701458	21716727	1965
FBgn0050403	CG30403	2R	21709895	21711613	1268
FBgn0050404	Tango11	2R	21716780	21719963	1881
FBgn0050398	CG30398	2R	21717804	21718832	1029
FBgn0034657	LBR	2R	21720495	21724055	2915
FBgn0034659	CG4021	2R	21773295	21774876	1201
FBgn0034662	CG13492	2R	21820662	21831409	9183
FBgn0034664	CG4377	2R	21835448	21836357	788
FBgn0034666	CG9294	2R	21860825	21861994	1115
FBgn0085397	Fili	2R	21872030	21946259	5249
FBgn0263999	CG43742	2R	21935002	21936863	1508
FBgn0085398	ppk9	2R	21964173	21970664	1806
FBgn0034674	CG9304	2R	21973122	21976386	2785
FBgn0041237	Gr58c	2R	21976662	21977957	1239
FBgn0050401	dany	2R	21985626	21986938	1258
FBgn0085399	CG34370	2R	21987068	22039559	4425
FBgn0034683	Grl58a	2R	22056467	22057681	1215
FBgn0034684	CG13501	2R	22058904	22061517	1692
FBgn0265192	Snp	2R	22060950	22069757	2451
FBgn0265184	CG44249	2R	22066883	22068372	1490
FBgn0034687	CG11475	2R	22069725	22071286	1562
FBgn0034688	CG11474	2R	22071234	22073443	1776
FBgn0034689	CG2921	2R	22073538	22075308	1597
FBgn0067102	GlcT	2R	22075988	22079381	3394
FBgn0034691	Synj	2R	22080176	22085767	4764
FBgn0034692	CG13502	2R	22085782	22088727	1755
FBgn0034693	flap	2R	22091489	22099534	3773
FBgn0034694	Plekhm1	2R	22103177	22105963	2412
FBgn0243516	Vrp1	2R	22106107	22122562	5242
FBgn0050280	CG30280	2R	22113589	22114841	1075
FBgn0050281	CG30281	2R	22114997	22116189	1007
FBgn0002715	mei-S332	2R	22122101	22124566	1703
FBgn0034697	GM130	2R	22124567	22127502	2721
FBgn0029147	NtR	2R	22127808	22130184	1876
FBgn0085234	CG34205	2R	22130112	22131299	960
FBgn0000008	a	2R	22136968	22172834	5414
FBgn0034700	CG11269	2R	22138895	22139295	401
FBgn0029084	gom	2R	22139935	22141364	1313
FBgn0085235	CG34206	2R	22163738	22164594	857
FBgn0034703	CG3045	2R	22172803	22174691	1663
FBgn0034704	Fbxo42	2R	22174922	22177428	2392
FBgn0034705	CG11170	2R	22177419	22182879	1223
FBgn0050279	CR30279	2R	22179181	22179687	507
FBgn0034706	CG11275	2R	22179695	22182642	1664
FBgn0034707	MED16	2R	22183138	22185892	2755
FBgn0034708	Vps35	2R	22185972	22189886	3369
FBgn0034709	Swim	2R	22189817	22202671	2171
FBgn0034710	Alp7	2R	22203694	22205593	1713
FBgn0283480	Alp2	2R	22206005	22207987	1762
FBgn0034712	Alp8	2R	22208464	22210765	2182
FBgn0034713	CG11291	2R	22211371	22212704	1280
FBgn0025186	ari-2	2R	22212835	22217264	3008
FBgn0034716	Oatp58Dc	2R	22223681	22228574	3138
FBgn0020307	dve	2R	22243963	22286469	4933
FBgn0034718	wdp	2R	22298214	22311937	3391
FBgn0013272	Gp150	2R	22317662	22329416	4916
FBgn0085236	CG34207	2R	22329195	22329720	526
FBgn0017482	T3dh	2R	22329726	22332072	1959
FBgn0016053	pgc	2R	22330200	22332813	1212
FBgn0034720	Liprin-gamma	2R	22333500	22373109	5669
FBgn0034722	Rtf1	2R	22375090	22378484	3161
FBgn0025878	wrapper	2R	22379637	22382675	1977
FBgn0034723	CG13506	2R	22383134	22394015	2977
FBgn0034724	babos	2R	22393876	22402059	1303
FBgn0022984	qkr58E-3	2R	22409208	22411545	1729
FBgn0034726	PolE4	2R	22411789	22412582	740
FBgn0022986	qkr58E-1	2R	22412556	22415518	2713
FBgn0022985	qkr58E-2	2R	22415560	22419001	3206
FBgn0034727	mRpS29	2R	22418937	22420376	1440
FBgn0034728	rad50	2R	22421013	22425482	4072
FBgn0287212	CG46442	2R	22425576	22425981	348
FBgn0034729	CG10344	2R	22425733	22426977	1190
FBgn0034730	ppk12	2R	22427479	22429584	1710
FBgn0034731	CG10384	2R	22454741	22472995	3849
FBgn0034733	CG4752	2R	22478379	22483054	3995
FBgn0034734	CG4554	2R	22483303	22492033	8425
FBgn0034735	CG4610	2R	22492197	22494295	2099
FBgn0003175	px	2R	22494297	22562065	10746
FBgn0034736	gas	2R	22550094	22552113	1955
FBgn0260866	dnr1	2R	22563152	22592964	3553
FBgn0034739	CG3927	2R	22594677	22596348	1077
FBgn0034741	CG4269	2R	22597245	22600695	1783
FBgn0034742	CG4294	2R	22600405	22605667	4704
FBgn0034743	RpS16	2R	22605745	22607995	754
FBgn0034744	Vps20	2R	22608310	22609419	899
FBgn0034745	tous	2R	22609334	22613376	3781
FBgn0053143	CG33143	2R	22614328	22634084	5794
FBgn0034748	CG17807	2R	22634019	22635942	1924
FBgn0019949	Cdk9	2R	22636063	22637727	1476
FBgn0026261	bonsai	2R	22637770	22638868	981
FBgn0034750	CG3732	2R	22638807	22640201	1262
FBgn0261596	RpS24	2R	22640526	22641419	646
FBgn0040091	Ugt317A1	2R	22641786	22643917	1864
FBgn0034753	CG2852	2R	22644646	22646344	1177
FBgn0034740	nsr	2R	22650556	22653595	2523
FBgn0034756	Cyp6d2	2R	22652573	22654530	1759
FBgn0050196	CG30196	2R	22654805	22655392	496
FBgn0263030	CG43325	2R	22655549	22657135	1366
FBgn0263031	CG43326	2R	22655549	22656998	1229
FBgn0034758	CG13510	2R	22657901	22661389	2577
FBgn0034759	CG13511	2R	22657901	22661389	2577
FBgn0260767	CG42565	2R	22657901	22661389	2577
FBgn0260768	CG42566	2R	22661934	22663241	873
FBgn0034761	CG4250	2R	22663692	22664474	655
FBgn0262141	CG42867	2R	22665646	22666145	438
FBgn0050269	CG30269	2R	22667155	22668848	1234
FBgn0050273	CG30273	2R	22667155	22668848	1234
FBgn0040658	CG13516	2R	22669145	22670622	1319
FBgn0034763	RYBP	2R	22670587	22673212	2242
FBgn0020257	Ppa	2R	22684955	22688987	4033
FBgn0005631	robo1	2R	22692524	22700970	6791
FBgn0050259	CG30259	2R	22701345	22704447	1771
FBgn0034766	Obp59a	2R	22702695	22703786	1011
FBgn0050268	CG30268	2R	22712701	22717247	3761
FBgn0028371	jbug	2R	22717321	22740459	10434
FBgn0259145	CG42260	2R	22740999	22798289	8101
FBgn0011211	blw	2R	22799099	22802180	2252
FBgn0000405	CycB	2R	22803521	22806948	3047
FBgn0086408	stl	2R	22807860	22815993	4559
FBgn0050272	MFS1	2R	22829644	22831877	1699
FBgn0034785	CG3649	2R	22845977	22847911	1569
FBgn0034786	CG13531	2R	22847832	22853827	5665
FBgn0010078	RpL23	2R	22854383	22855694	542
FBgn0001263	inaD	2R	22855688	22858794	2331
FBgn0004896	fd59A	2R	22868159	22870706	2228
FBgn0034788	CG13532	2R	22871190	22874427	1918
FBgn0034789	PIP5K59B	2R	22874769	22881436	4505
FBgn0034791	EMC8-9	2R	22881322	22882690	888
FBgn0034792	YME1L	2R	22882747	22886247	2943
FBgn0034793	asrij	2R	22886398	22887578	1067
FBgn0267823	Gmer	2R	22887574	22888857	1116
FBgn0034795	MED23	2R	22888928	22894425	4682
FBgn0034796	CG3700	2R	22894435	22895745	1183
FBgn0034797	nahoda	2R	22896174	22916719	5866
FBgn0050187	CG30187	2R	22916843	22918790	1606
FBgn0010660	Nup214	2R	22918937	22924742	5334
FBgn0261564	ReepA	2R	22925107	22932044	4472
FBgn0034800	CG3788	2R	22932035	22934077	1773
FBgn0034802	CNBP	2R	22934569	22937077	2509
FBgn0034803	CG9849	2R	22937279	22939025	986
FBgn0034804	GrlHz	2R	22938987	22941169	1770
FBgn0261584	CG42694	2R	22941877	22945147	2918
FBgn0052834	CG32834	2R	22982542	22984293	1752
FBgn0052833	CG32833	2R	22984273	22985334	1062
FBgn0034807	CG9897	2R	22985420	22986339	920
FBgn0034808	CG9896	2R	22993669	22998884	2043
FBgn0261705	CG42741	2R	23011078	23042943	3453
FBgn0265187	Fatp2	2R	23055474	23061549	2963
FBgn0265188	CG44253	2R	23058248	23058793	468
FBgn0010622	DCTN3-p24	2R	23061420	23062593	1174
FBgn0034814	CG9890	2R	23062747	23064260	1460
FBgn0261363	PPO3	2R	23064769	23067183	2228
FBgn0021979	l(2)k09913	2R	23067196	23071875	2411
FBgn0003062	Fib	2R	23072909	23074725	1318
FBgn0034816	CG3085	2R	23074823	23076857	1755
FBgn0034817	Art7	2R	23076688	23079038	2230
FBgn0034829	CG9899	2R	23153854	23162077	2988
FBgn0085400	side-V	2R	23163012	23203973	5760
FBgn0034837	RpL22-like	2R	23246610	23247893	1232
FBgn0034840	CG3124	2R	23282743	23284113	1206
FBgn0263084	HP1Lcsd	2R	23313017	23313854	338
FBgn0050413	CG30413	2R	23329543	23330068	526
FBgn0046253	CG3502	2R	23343405	23347641	3171
FBgn0085239	CG34210	2R	23351518	23352144	565
FBgn0050409	CR30409	2R	23354367	23355321	899
FBgn0050410	Rpi	2R	23355183	23356441	1259
FBgn0034849	CG3500	2R	23356372	23357565	948
FBgn0034850	CG9875	2R	23357660	23358508	730
FBgn0085452	CG34423	2R	23358612	23359204	533
FBgn0085453	Mthfs	2R	23359215	23360266	915
FBgn0003977	vir	2R	23360192	23366355	5867
FBgn0034853	Ice1	2R	23366866	23371459	4537
FBgn0034854	Golgin245	2R	23371360	23377045	5084
FBgn0040660	CG13551	2R	23377866	23383424	637
FBgn0041712	yellow-d	2R	23378573	23380438	1751
FBgn0034856	yellow-d2	2R	23381197	23382591	1341
FBgn0050414	CG30414	2R	23384200	23385468	1094
FBgn0250838	roh	2R	23385464	23386463	929
FBgn0034858	eIF2Bdelta	2R	23386521	23389052	2174
FBgn0028497	Mtmr6	2R	23389009	23396680	3698
FBgn0034859	CG3520	2R	23396770	23402309	3990
FBgn0050411	CG30411	2R	23415939	23417238	1237
FBgn0034861	CG9815	2R	23421521	23433354	1445
FBgn0264339	CG43795	2R	23444137	23491997	5891
FBgn0034869	CG13558	2R	23499651	23500702	1052
FBgn0034870	CG13559	2R	23502946	23503815	870
FBgn0015372	RabX1	2R	23519839	23523613	1648
FBgn0261786	mi	2R	23523856	23528260	3845
FBgn0000241	bw	2R	23527805	23538499	2738
FBgn0050181	ppk3	2R	23538631	23540773	1608
FBgn0041233	Gr59e	2R	23541054	23542379	1200
FBgn0041234	Gr59f	2R	23542510	23543885	1221
FBgn0050185	AIMP3	2R	23544024	23544901	739
FBgn0034876	wmd	2R	23544823	23548151	1769
FBgn0034877	levy	2R	23548239	23548982	593
FBgn0034878	pita	2R	23548967	23554712	2987
FBgn0010501	Dcp-1	2R	23551313	23553547	1749
FBgn0034879	Rrp4	2R	23555018	23556217	1137
FBgn0034880	ItgaPS5	2R	23556672	23560263	3207
FBgn0015277	Pi3K59F	2R	23560492	23564045	3164
FBgn0050184	CG30184	2R	23563973	23564780	808
FBgn0015903	apt	2R	23564891	23599526	3696
FBgn0260761	CG42559	2R	23599526	23600787	1001
FBgn0260762	CG42560	2R	23599526	23600787	970
FBgn0067903	IM18	2R	23600914	23601773	739
FBgn0260455	CG10332	2R	23600914	23601773	739
FBgn0034885	Eglp4	2R	23607592	23614710	1804
FBgn0004795	retn	2R	23632610	23654820	4477
FBgn0266377	Pde8	2R	23657567	23680844	8704
FBgn0034887	St1	2R	23681623	23682952	1206
FBgn0265052	St3	2R	23683377	23687980	2276
FBgn0011296	l(2)efl	2R	23684651	23685543	741
FBgn0262728	Pal2	2R	23688077	23690838	2304
FBgn0050183	CG30183	2R	23690247	23697824	5461
FBgn0016762	angel	2R	23694003	23695232	1230
FBgn0034893	mRpL43	2R	23698105	23699014	783
FBgn0034894	sigmar	2R	23698949	23702406	2160
FBgn0013548	l(2)dtl	2R	23702477	23705403	2653
FBgn0011297	Alg3	2R	23705439	23709792	1704
FBgn0002174	CG5504	2R	23706913	23709026	2070
FBgn0034897	Sesn	2R	23713900	23734846	4760
FBgn0286932	CG46429	2R	23713900	23733183	3097
FBgn0034898	CG18128	2R	23718798	23719936	1139
FBgn0000562	egl	2R	23734904	23746829	4515
FBgn0034902	CG5532	2R	23752754	23753515	703
FBgn0034903	sona	2R	23753477	23798395	5550
FBgn0050177	CG30177	2R	23801542	23803070	1529
FBgn0034906	CG13561	2R	23804315	23806249	531
FBgn0034907	CG5539	2R	23804811	23806144	1334
FBgn0010278	Ssrp	2R	23806361	23809004	2507
FBgn0034908	CG5543	2R	23809236	23811398	2163
FBgn0028411	Nxt1	2R	23811321	23811974	540
FBgn0034909	pippin	2R	23812185	23818327	2106
FBgn0034911	GlyT	2R	23820354	23839864	6361
FBgn0286876	CG46398	2R	23840995	23841504	456
FBgn0003401	shu	2R	23841461	23843286	1694
FBgn0034913	Snap29	2R	23843483	23844763	1212
FBgn0034914	CG5554	2R	23845001	23847024	1586
FBgn0021895	ytr	2R	23847161	23851480	2209
FBgn0034915	eIF6	2R	23849246	23850301	1056
FBgn0024234	gbb	2R	23851562	23853247	1686
FBgn0004581	bgcn	2R	23853270	23858921	4159
FBgn0034918	Pym	2R	23855954	23856936	983
FBgn0025790	TBPH	2R	23859067	23862593	3222
FBgn0025335	Cpes	2R	23862962	23865398	1992
FBgn0034919	CG5569	2R	23865414	23866654	774
FBgn0025352	Mtpbeta	2R	23866648	23868603	1593
FBgn0011236	ken	2R	23870273	23877442	3070
FBgn0020372	TM4SF	2R	23878197	23880860	2433
FBgn0025336	CG4882	2R	23880817	23882927	1626
FBgn0034920	CG5597	2R	23886973	23888777	920
FBgn0034921	DCP1	2R	23888764	23890276	1513
FBgn0262619	DNAlig1	2R	23890512	23893177	2386
FBgn0034923	Upf3	2R	23893066	23894987	1809
FBgn0034924	CG17658	2R	23895063	23896997	1875
FBgn0034925	CG5339	2R	23896896	23898246	1239
FBgn0263667	Lpt	2R	23898561	23903661	4608
FBgn0034928	CG13562	2R	23903750	23905269	1348
FBgn0015268	Nap1	2R	23905175	23907294	1582
FBgn0261794	kcc	2R	23907654	23925066	4946
FBgn0263006	SERCA	2R	23925077	23935884	8264
FBgn0034931	CG2812	2R	23925236	23926911	1325
FBgn0034933	CG3735	2R	23937077	23939754	2566
FBgn0023477	Taldo	2R	23940410	23942114	1116
FBgn0001123	Galphas	2R	23942538	23946936	2112
FBgn0034935	Orcokinin	2R	23946959	23949076	1490
FBgn0034936	Stoml2	2R	23949201	23952459	1354
FBgn0034937	fzr2	2R	23950647	23952096	1450
FBgn0034938	CG3803	2R	23952513	23954048	1340
FBgn0034939	thoc5	2R	23954091	23956406	2035
FBgn0034940	CG16787	2R	23956335	23957405	1071
FBgn0029105	alpha-Catr	2R	23957842	23961631	3007
FBgn0034942	CG13566	2R	23961477	23962577	917
FBgn0034943	Fmo-1	2R	23962956	23964641	1454
FBgn0020764	Alas	2R	23964772	23966757	1842
FBgn0085242	CG34213	2R	23967124	23967745	518
FBgn0003008	or	2R	23967939	23968943	823
FBgn0034945	CG10904	2R	23968941	23970073	1070
FBgn0034946	CG3065	2R	23970305	23972233	1929
FBgn0002791	mr	2R	23972431	23975408	2555
FBgn0034948	PPP1R15	2R	23975599	23977255	1597
FBgn0005612	Sox14	2R	23978801	23985177	3579
FBgn0283509	Phm	2R	23985175	23988455	1603
FBgn0050178	CG30178	2R	23986615	23987308	694
FBgn0034950	Pask	2R	23988738	23992049	3184
FBgn0034951	CG3860	2R	23992138	23995055	2113
FBgn0053519	Obsc	2R	23995543	24014254	13261
FBgn0034956	CG4324	2R	24014917	24017198	1748
FBgn0034957	Rsph4a	2R	24017421	24019896	2284
FBgn0034958	CG3907	2R	24019898	24022298	1767
FBgn0034959	Xxylt	2R	24022343	24023981	1639
FBgn0283494	Ak2	2R	24024207	24025877	1065
FBgn0011695	EbpIII	2R	24026172	24027518	1160
FBgn0061198	HSPC300	2R	24027717	24028789	584
FBgn0034961	CG3163	2R	24029317	24030555	1239
FBgn0050172	CG30172	2R	24030546	24031427	756
FBgn0013764	Chi	2R	24031538	24033943	2246
FBgn0034962	MAN1	2R	24033974	24036707	2479
FBgn0034963	Not11	2R	24036720	24037915	1082
FBgn0034964	IntS1	2R	24037943	24044458	6401
FBgn0011726	tsr	2R	24044453	24046805	735
FBgn0028552	gammaSnap1	2R	24047145	24048903	1117
FBgn0003353	sei	2R	24047411	24053035	3278
FBgn0034965	ppk29	2R	24052917	24057137	1770
FBgn0034966	CG13563	2R	24055306	24057599	2123
FBgn0285952	eEF5	2R	24057798	24059483	807
FBgn0034968	RpL12	2R	24060378	24061860	1154
FBgn0023170	RpL39	2R	24061853	24062431	288
FBgn0283666	Rap2l	2R	24063051	24065405	1278
FBgn0034970	yki	2R	24065975	24068485	1525
FBgn0034971	Gpat4	2R	24068757	24073552	2278
FBgn0259209	Mlp60A	2R	24074602	24078223	2839
FBgn0034972	CG10339	2R	24078234	24080527	1963
FBgn0034973	CG13564	2R	24080925	24081424	500
FBgn0034974	CG16786	2R	24081782	24086287	3203
FBgn0086129	snama	2R	24086604	24092014	4309
FBgn0023081	gek	2R	24092079	24098636	5108
FBgn0034975	enok	2R	24099210	24107032	7406
FBgn0034976	CG4049	2R	24107087	24114292	6115
FBgn0041706	CG3253	2R	24114398	24116359	1788
FBgn0034978	CG3257	2R	24116792	24123263	2911
FBgn0264297	CG43775	2R	24123167	24126630	2959
FBgn0264298	CG43776	2R	24123167	24126630	2959
FBgn0264299	CG43777	2R	24123167	24126630	2959
FBgn0041582	tamo	2R	24126638	24133551	4407
FBgn0021875	Zfrp8	2R	24133989	24135405	1306
FBgn0034982	Naa35	2R	24135180	24138050	2539
FBgn0287831	speck	2R	24139563	24157762	1887
FBgn0260770	CG42568	2R	24157668	24159312	1472
FBgn0260775	DnaJ-60	2R	24157668	24159312	1472
FBgn0015544	spag	2R	24159384	24161503	1825
FBgn0034985	CG3328	2R	24162489	24173660	5579
FBgn0034986	mRpS17	2R	24173665	24174441	713
FBgn0259937	Nop60B	2R	24174877	24186343	3412
FBgn0266083	ocm	2R	24186703	24195290	7287
FBgn0034988	cN-IIIB	2R	24195498	24197027	1530
FBgn0034989	CG3356	2R	24197824	24202187	3956
FBgn0034990	CG11406	2R	24202091	24208203	4562
FBgn0050419	CG30419	2R	24212491	24229795	3812
FBgn0050418	nord	2R	24243255	24255094	2817
FBgn0034996	CG13575	2R	24255327	24257414	1882
FBgn0034997	CG3376	2R	24258013	24265213	4038
FBgn0034998	CG13577	2R	24267377	24269179	1744
FBgn0005636	nvy	2R	24275734	24291084	3502
FBgn0034999	Fatp3	2R	24294097	24298111	2482
FBgn0288686	betaTub60D	2R	24305881	24313099	2518
FBgn0005638	slbo	2R	24331522	24334307	2786
FBgn0004101	bs	2R	24342861	24376473	4791
FBgn0035000	CG13578	2R	24377831	24378740	855
FBgn0000037	mAChR-A	2R	24378630	24390294	5425
FBgn0035001	Slik	2R	24392129	24402680	8230
FBgn0002787	Rpn8	2R	24400028	24404527	1532
FBgn0010414	SerT	2R	24404595	24411074	3725
FBgn0266438	PIG-Z	2R	24411870	24415295	3221
FBgn0266439	CG45069	2R	24411870	24415295	3221
FBgn0029501	Crtp	2R	24494518	24497024	2455
FBgn0017556	Prosalpha4T2	2R	24500780	24502277	1254
FBgn0284252	Letm1	2R	24509508	24515320	4099
FBgn0259187	Ir60d	2R	24519423	24521147	1725
FBgn0035016	CG4612	2R	24521874	24526089	3922
FBgn0050169	Brca2	2R	24526172	24529581	3291
FBgn0035019	Ir60e	2R	24529554	24531272	1719
FBgn0035020	CG13585	2R	24531594	24533391	1043
FBgn0035021	CG4622	2R	24533374	24556300	2863
FBgn0035022	CG11413	2R	24536190	24536791	602
FBgn0035023	ITP	2R	24537421	24558961	4686
FBgn0016687	Nurf-38	2R	24558967	24561087	1481
FBgn0035024	CG11414	2R	24561607	24565058	3139
FBgn0035025	uri	2R	24565554	24568082	2351
FBgn0035026	Fcp1	2R	24567987	24571821	3413
FBgn0035027	CG3511	2R	24571627	24574503	2202
FBgn0035028	Start1	2R	24574559	24577676	2395
FBgn0053527	SIFa	2R	24577566	24578143	526
FBgn0069913	CG4681	2R	24578247	24579827	1497
FBgn0020521	pio	2R	24581245	24597862	3600
FBgn0035031	CG13587	2R	24597995	24599091	975
FBgn0035032	ATPsynF	2R	24599088	24599821	615
FBgn0035033	CG3548	2R	24599947	24602367	2218
FBgn0035034	CG3565	2R	24602472	24603488	899
FBgn0035035	Samtor	2R	24603572	24604670	1099
FBgn0035036	CG4707	2R	24604595	24607023	2248
FBgn0259742	CG42360	2R	24607267	24610847	1936
FBgn0259707	CG42361	2R	24607673	24608788	1001
FBgn0035040	CG4741	2R	24610801	24615158	1691
FBgn0035039	Adck1	2R	24611703	24613906	2021
FBgn0015040	Cyp9c1	2R	24631063	24632923	1743
FBgn0035043	CG4781	2R	24640683	24642239	1557
FBgn0035044	CG3663	2R	24661503	24662409	780
FBgn0050163	Cpr60D	2R	24662682	24663406	667
FBgn0050161	CG30161	2R	24663532	24664377	846
FBgn0035046	ND-19	2R	24664398	24665439	701
FBgn0085243	CG34214	2R	24665427	24666022	537
FBgn0260456	CG4806	2R	24666158	24668343	2070
FBgn0261373	CG33228	2R	24668411	24669330	809
FBgn0035047	Pof	2R	24669397	24671577	2008
FBgn0035049	Mmp1	2R	24671294	24688184	4841
FBgn0053988	Mid1	2R	24695378	24736657	8297
FBgn0050421	Usp15-31	2R	24743749	24756976	5225
FBgn0035056	spz6	2R	24757378	24760466	1647
FBgn0035057	CG3880	2R	24760664	24762605	1451
FBgn0040666	CG12848	2R	24762566	24763094	478
FBgn0035059	CG3894	2R	24763167	24766750	1542
FBgn0027590	GstE12	2R	24766718	24768172	1398
FBgn0035060	Eps-15	2R	24768314	24775265	5448
FBgn0086908	egg	2R	24775534	24779901	3937
FBgn0025578	Lcp9	2R	24779979	24780428	394
FBgn0035063	CG3594	2R	24780917	24781779	863
FBgn0035064	TyrRS-m	2R	24781726	24783500	1540
FBgn0035065	CG3589	2R	24783555	24785542	1772
FBgn0041205	key	2R	24785514	24787411	1421
FBgn0015801	Reg-5	2R	24788008	24793410	1781
FBgn0028738	ETH	2R	24794670	24795482	755
FBgn0023181	Orc4	2R	24795740	24797414	1615
FBgn0265193	Atf-2	2R	24870108	24871509	1349
FBgn0035073	CG16896	2R	24871407	24874912	3322
FBgn0050423	CG30423	2R	24874976	24875865	655
FBgn0265182	CG44247	2R	24876691	24881221	3629
FBgn0085442	NKAIN	2R	24881570	24888615	5904
FBgn0035076	Ance-5	2R	24888628	24891023	2116
FBgn0085434	NaCP60E	2R	24891614	24921677	15625
FBgn0035078	Tpc2	2R	24897902	24900734	2769
FBgn0066084	RpL41	2R	24903416	24903935	320
FBgn0060296	pain	2R	24921505	24928275	3041
FBgn0043792	CG30427	2R	24928747	24937477	3771
FBgn0022343	CG3760	2R	24938181	24939769	1258
FBgn0035082	CG2811	2R	24939706	24940483	720
FBgn0035083	Tina-1	2R	24940625	24942413	1593
FBgn0035084	CG15861	2R	24943392	24945201	1563
FBgn0035085	CG3770	2R	24945139	24946636	1393
FBgn0027599	CG2790	2R	24946561	24948378	1757
FBgn0035086	CG12851	2R	24948645	24955677	6450
FBgn0035087	CG2765	2R	24959841	24965076	3420
FBgn0050424	cGlr2	2R	24965275	24967298	1713
FBgn0285950	RpL19	2R	24967877	24969547	1361
FBgn0035088	CG3776	2R	24969678	24970855	1006
FBgn0035089	Phk-3	2R	24970843	24973207	878
FBgn0035090	CG2736	2R	24973431	24975341	1726
FBgn0010435	emp	2R	24976456	24986070	3522
FBgn0035091	CG3829	2R	24986044	24990489	3203
FBgn0287873	zip	2R	24990570	25011965	7242
FBgn0004055	uzip	2R	25012062	25031737	4114
FBgn0035092	Nplp1	2R	25032377	25040377	2701
FBgn0001147	gsb-n	2R	25040383	25052331	2237
FBgn0001148	gsb	2R	25061964	25064643	1649
FBgn0004919	gol	2R	25072627	25084347	4156
FBgn0035094	CG9380	2R	25183628	25255318	5096
FBgn0050428	CG30428	2R	25251927	25254535	1219
FBgn0262679	CG43149	3L	53873	54751	879
FBgn0002564	Lsp1gamma	3L	66430	68995	2501
FBgn0035097	CG13405	3L	73945	75332	1326
FBgn0040688	CG12483	3L	97628	98375	608
FBgn0020386	Pdk1	3L	129450	145895	6593
FBgn0035099	CG6845	3L	146433	149056	2294
FBgn0263988	Dic61B	3L	149679	152589	2642
FBgn0035101	p130CAS	3L	152884	174517	4099
FBgn0035102	CG7049	3L	175112	176228	1117
FBgn0035103	Vdup1	3L	176306	178963	2151
FBgn0035104	CG13875	3L	179923	182535	2044
FBgn0083976	CG34140	3L	182522	184424	1732
FBgn0083992	Mkp	3L	182522	184540	1905
FBgn0027786	Mtch	3L	184626	186310	1501
FBgn0035106	rno	3L	187207	199762	11796
FBgn0035107	mri	3L	200174	202152	1739
FBgn0025592	Gk1	3L	202098	205844	1940
FBgn0024945	NitFhit	3L	203730	205309	1527
FBgn0035109	CG13876	3L	206134	207527	1337
FBgn0027587	Prp4k	3L	207184	211457	3208
FBgn0035110	thoc7	3L	211636	212687	929
FBgn0035111	Dis3l2	3L	212709	216479	3605
FBgn0063923	Kaz1-ORFB	3L	216625	218058	1276
FBgn0063924	Kaz1-ORFA	3L	216625	216931	307
FBgn0035113	pyx	3L	217932	223069	4046
FBgn0035112	CG13877	3L	218068	218663	512
FBgn0053229	CG33229	3L	223852	225605	1754
FBgn0262035	CG42846	3L	230971	231604	564
FBgn0085483	CG34454	3L	231681	232350	603
FBgn0085482	CG34453	3L	232480	233351	705
FBgn0000541	E(bx)	3L	233926	246912	10072
FBgn0052476	mthl14	3L	247491	250305	2091
FBgn0024806	DIP2	3L	250229	257954	5932
FBgn0035120	wac	3L	258176	259097	853
FBgn0035121	Tudor-SN	3L	259043	264380	3411
FBgn0035122	mRpL17	3L	264779	265932	1092
FBgn0085292	CG34263	3L	265595	265908	258
FBgn0027111	miple1	3L	267299	270336	1997
FBgn0029002	miple2	3L	271200	275018	1508
FBgn0052845	CG32845	3L	271420	273391	1972
FBgn0264707	RhoGEF3	3L	277437	305292	13727
FBgn0004373	fwd	3L	305393	319884	7436
FBgn0284444	ddbt	3L	317084	317789	633
FBgn0052344	CG32344	3L	321233	324720	2694
FBgn0052343	Atac3	3L	324985	327992	2354
FBgn0261985	Ptpmeg	3L	328097	356050	4649
FBgn0035131	mthl9	3L	329822	332309	2133
FBgn0035132	mthl10	3L	332801	342915	4166
FBgn0023000	mth	3L	343378	346957	2420
FBgn0035134	CG1231	3L	356422	357664	1243
FBgn0265574	Cdc5	3L	357851	361383	3346
FBgn0040291	Roc1b	3L	357981	358486	506
FBgn0035137	CG1233	3L	361472	365681	4064
FBgn0035138	CG13884	3L	365664	366437	774
FBgn0262139	trh	3L	366524	392633	5502
FBgn0035139	CG13891	3L	433146	433906	761
FBgn0001316	klar	3L	434083	540614	11717
FBgn0085296	CG34267	3L	500014	500451	375
FBgn0085297	CG34268	3L	500965	501400	373
FBgn0085298	CG34269	3L	528337	528996	660
FBgn0035140	BORCS6	3L	540851	542147	1184
FBgn0035141	Cypl	3L	542122	542931	718
FBgn0035142	Hipk	3L	543060	581099	11604
FBgn0035143	Ppm1	3L	581337	582810	1422
FBgn0035144	Kah	3L	582824	589274	2825
FBgn0035145	MED14	3L	593246	599239	5513
FBgn0035146	CG13893	3L	599094	604008	2198
FBgn0016715	Reg-2	3L	605165	606569	883
FBgn0035147	Gale	3L	648555	651311	1757
FBgn0035148	CG3402	3L	651542	652881	1035
FBgn0035149	MED30	3L	652987	654089	1103
FBgn0035150	Rev1	3L	654363	657971	3244
FBgn0035151	CG17129	3L	677879	680326	2379
FBgn0035152	CG3386	3L	680436	682470	1780
FBgn0035153	ebd1	3L	682885	685549	2329
FBgn0035154	hiro	3L	685942	687958	1480
FBgn0052483	CG32483	3L	688523	690081	1382
FBgn0035155	RabX6	3L	690517	691951	1286
FBgn0260862	Vti1a	3L	691486	692919	1370
FBgn0035157	CG13894	3L	693083	699144	2193
FBgn0035158	CG13895	3L	705948	708205	1945
FBgn0025676	CkIIalpha-i3	3L	708601	710607	1597
FBgn0035159	CG13896	3L	710820	711850	1031
FBgn0035160	hng3	3L	737680	755489	1529
FBgn0000575	emc	3L	749400	753492	2049
FBgn0035161	CG13898	3L	803427	804051	625
FBgn0035162	Sf3b3	3L	826720	833385	4329
FBgn0260755	CG42553	3L	834093	835515	1251
FBgn0260756	CG42554	3L	835683	836770	1023
FBgn0035164	CG13901	3L	836667	837821	985
FBgn0035165	CG13887	3L	837861	839931	1593
FBgn0035166	JMJD5	3L	839980	841360	1330
FBgn0035167	Gr61a	3L	841451	843701	1868
FBgn0035168	Cep290	3L	843926	851080	6441
FBgn0035169	Dci	3L	851346	852673	1210
FBgn0035170	dpr20	3L	852720	857248	2717
FBgn0035171	CG12502	3L	865396	871701	3743
FBgn0052479	Usp10	3L	871899	895313	8436
FBgn0035173	CG13907	3L	877291	882013	4723
FBgn0054056	CG34056	3L	895951	897364	1303
FBgn0054057	CG34057	3L	897380	898772	1276
FBgn0264574	Glut1	3L	914074	993788	10933
FBgn0035179	aln	3L	993983	995703	1456
FBgn0024277	trio	3L	995982	1034875	11281
FBgn0035181	CG9205	3L	1034697	1036298	1130
FBgn0004870	bab1	3L	1036369	1101089	5340
FBgn0025525	bab2	3L	1140429	1177276	5149
FBgn0035186	CG13912	3L	1189588	1190472	818
FBgn0035187	Trhn	3L	1190384	1193173	2183
FBgn0004431	LysX	3L	1194739	1195302	564
FBgn0040281	Aplip1	3L	1196317	1199339	2411
FBgn0264272	mwh	3L	1200786	1232700	4747
FBgn0035189	CG9119	3L	1203316	1204795	1212
FBgn0004426	LysC	3L	1210485	1210726	242
FBgn0004427	LysD	3L	1210717	1211196	480
FBgn0035192	galene	3L	1235726	1242025	2974
FBgn0035193	CG9192	3L	1237133	1238319	1187
FBgn0004378	Klp61F	3L	1241568	1245910	3871
FBgn0052318	CG32318	3L	1246073	1246923	785
FBgn0035194	Psf1	3L	1246986	1247677	692
FBgn0283500	Sac1	3L	1247817	1250451	2496
FBgn0035196	Bfc	3L	1250696	1251778	1083
FBgn0035197	CG9130	3L	1252012	1255986	3109
FBgn0035198	CG9133	3L	1252012	1255986	3250
FBgn0262937	Rabex-5	3L	1295913	1298497	2373
FBgn0025682	scf	3L	1298672	1300389	1600
FBgn0010333	Rac1	3L	1300879	1302683	1805
FBgn0035203	Acat2	3L	1302944	1304717	1439
FBgn0035204	Nt5a	3L	1304850	1307418	2569
FBgn0035205	Ctr9	3L	1307224	1311805	3848
FBgn0035206	sturkopf	3L	1311719	1313377	1550
FBgn0035207	Herc4	3L	1313696	1318330	3835
FBgn0010246	Myo61F	3L	1318480	1329617	3955
FBgn0035208	CG9184	3L	1321792	1322806	966
FBgn0011361	ND-ACP	3L	1329949	1331631	842
FBgn0035209	msd1	3L	1331744	1332326	528
FBgn0035210	msd5	3L	1332307	1333146	840
FBgn0035211	CG2211	3L	1333239	1335359	1941
FBgn0010786	Hmbs	3L	1334889	1339415	2556
FBgn0035213	indra	3L	1339460	1342403	2878
FBgn0267487	Ptp61F	3L	1342493	1475257	6069
FBgn0029514	CG9166	3L	1351116	1352853	1618
FBgn0003295	ru	3L	1370628	1387437	1798
FBgn0052320	CG32320	3L	1398586	1401612	2591
FBgn0035216	CG9168	3L	1411057	1413089	1983
FBgn0035218	CG9173	3L	1421199	1423471	2273
FBgn0004635	rho	3L	1463811	1468944	3000
FBgn0052319	Naa30B	3L	1470850	1472060	1211
FBgn0020248	stet	3L	1475438	1489547	2550
FBgn0028567	robl62A	3L	1477619	1478369	751
FBgn0043458	CG12084	3L	1490951	1496643	3567
FBgn0028577	hfp	3L	1496853	1502590	4856
FBgn0261243	Psa	3L	1502843	1523380	4221
FBgn0011204	cue	3L	1503226	1517271	2801
FBgn0035227	Iml1	3L	1523414	1534034	4923
FBgn0053971	Ir62a	3L	1529439	1531259	1821
FBgn0035228	CG12091	3L	1534929	1536835	1907
FBgn0035229	pns	3L	1537137	1544823	5708
FBgn0052313	CG32313	3L	1544828	1545743	752
FBgn0041342	Pcyt1	3L	1546092	1553504	3257
FBgn0035231	Pcyt2	3L	1553493	1555315	1697
FBgn0035232	CG12099	3L	1555363	1558484	2935
FBgn0035233	Pex10	3L	1558228	1559863	1487
FBgn0035235	CG7879	3L	1559813	1568608	3804
FBgn0035234	CG12003	3L	1565392	1567802	1807
FBgn0035236	Tmep	3L	1569181	1576330	3706
FBgn0035237	CG13917	3L	1576699	1600845	9032
FBgn0035238	CG12104	3L	1600726	1602674	1435
FBgn0035239	CG18170	3L	1602954	1617355	5663
FBgn0035240	CG33791	3L	1602954	1617355	5663
FBgn0035241	CG12105	3L	1610696	1615801	5106
FBgn0035243	CG13926	3L	1617348	1618158	726
FBgn0035244	ABCB7	3L	1618414	1623413	2743
FBgn0053230	CG33230	3L	1618414	1620397	1754
FBgn0035245	GC	3L	1623179	1629301	2685
FBgn0035246	CG13928	3L	1625791	1628377	2587
FBgn0013342	nSyb	3L	1630348	1637752	4072
FBgn0035247	Mettl2	3L	1637942	1639235	1240
FBgn0013753	Bgb	3L	1639711	1640952	1242
FBgn0025725	alphaCOP	3L	1641066	1645199	4078
FBgn0035248	CG13919	3L	1645467	1645983	517
FBgn0035249	CG17249	3L	1645931	1647464	1534
FBgn0025712	CG13920	3L	1648944	1651501	1292
FBgn0035251	Vta1	3L	1651432	1652900	1257
FBgn0035252	CG7970	3L	1652750	1654238	1281
FBgn0035253	Srrm234	3L	1654247	1665064	6679
FBgn0035254	CG7974	3L	1665138	1666594	1348
FBgn0026372	RpL23A	3L	1666288	1668654	1321
FBgn0035260	CG7991	3L	1674709	1715541	4532
FBgn0035257	CG12011	3L	1694617	1696412	1724
FBgn0027594	drpr	3L	1715595	1731107	4757
FBgn0035262	CG18171	3L	1720616	1723153	2538
FBgn0035263	CG12035	3L	1724390	1725647	1258
FBgn0035264	Oseg4	3L	1730993	1735767	4131
FBgn0035266	Gk2	3L	1738407	1745421	2844
FBgn0035267	CG13921	3L	1746907	1752390	5093
FBgn0022702	Cht2	3L	1752328	1755934	3038
FBgn0035268	CG8001	3L	1756159	1759208	2687
FBgn0013811	Dhc62B	3L	1759172	1771758	12090
FBgn0035270	CG13933	3L	1771809	1775147	3165
FBgn0027903	PolD2	3L	1775633	1777019	1387
FBgn0035271	CG2021	3L	1777010	1777411	402
FBgn0035272	mRpL46	3L	1777439	1778347	909
FBgn0250789	alpha-Spec	3L	1778485	1795328	8347
FBgn0024510	dlt	3L	1789631	1795328	4000
FBgn0011573	Cdc37	3L	1795392	1797307	1611
FBgn0035273	CG12020	3L	1797305	1798610	1242
FBgn0067864	Patj	3L	1798803	1802184	3294
FBgn0025820	JTBR	3L	1802008	1802856	849
FBgn0261562	CG42676	3L	1803107	1806920	2889
FBgn0035282	CNMa	3L	1850915	1855591	1900
FBgn0035283	CG12024	3L	1857165	1859047	1822
FBgn0004636	Rap1	3L	1859115	1862239	3012
FBgn0042712	HBS1	3L	1862881	1865240	2360
FBgn0035285	CG12025	3L	1865430	1869491	2839
FBgn0035286	CG13924	3L	1870019	1871564	1513
FBgn0002183	dre4	3L	1871574	1876312	3690
FBgn0035287	CG13937	3L	1876551	1883041	2000
FBgn0000109	Aprt	3L	1883795	1885019	1021
FBgn0262624	Tmhs	3L	1885657	1891462	1647
FBgn0035290	dsb	3L	1893408	1910197	4674
FBgn0261723	Dbx	3L	1921307	1933602	2488
FBgn0035293	CG5687	3L	1933633	1939103	3115
FBgn0288748	CG46523	3L	1933633	1939103	3115
FBgn0035294	Mfap1	3L	1941068	1942872	1682
FBgn0002872	mu2	3L	1942734	1947475	4117
FBgn0035295	Cnb	3L	1947565	1950262	2453
FBgn0288310	mv	3L	1950306	1964178	11334
FBgn0035298	SCOT	3L	1963143	1966805	2355
FBgn0027547	CG1927	3L	1966725	1970079	1224
FBgn0262030	CG42841	3L	2003109	2005651	1131
FBgn0086906	sls	3L	2039681	2115611	58996
FBgn0052311	zormin	3L	2117466	2151700	12085
FBgn0035308	CG15822	3L	2153201	2163863	4713
FBgn0035309	CG15879	3L	2167550	2169108	1389
FBgn0026570	CG5704	3L	2169553	2170971	1289
FBgn0035311	CR15821	3L	2171644	2172773	1021
FBgn0035312	CG15820	3L	2172995	2174332	1183
FBgn0026593	CG5707	3L	2189160	2192221	1759
FBgn0035316	CG15878	3L	2210873	2212503	1631
FBgn0035317	Oseg2	3L	2229646	2235253	5265
FBgn0035318	CG9018	3L	2235284	2237076	1578
FBgn0040507	ACXD	3L	2237608	2243719	4118
FBgn0052301	CG32301	3L	2244478	2248614	3574
FBgn0052305	CG32305	3L	2248635	2252729	3495
FBgn0035321	CG1275	3L	2252744	2257423	2093
FBgn0015359	Elp5	3L	2257456	2258922	1284
FBgn0015360	oxt	3L	2258839	2262664	3380
FBgn0035323	CG13807	3L	2262919	2263615	636
FBgn0000543	ecd	3L	2263581	2265857	2204
FBgn0035325	CG13806	3L	2266394	2267640	1175
FBgn0052302	CG32302	3L	2268825	2269903	1079
FBgn0035331	MsR1	3L	2322693	2345799	3544
FBgn0035333	CG1317	3L	2367843	2371939	4040
FBgn0035334	CG8993	3L	2372199	2372876	616
FBgn0035335	mRpL23	3L	2372844	2373704	699
FBgn0035336	CG9004	3L	2373728	2376488	2708
FBgn0035337	CG15877	3L	2376484	2377556	1018
FBgn0266696	Svil	3L	2377655	2499226	24343
FBgn0261858	Mzt1	3L	2389265	2389650	386
FBgn0052298	CG32298	3L	2389583	2390989	1205
FBgn0052299	CG32299	3L	2389583	2390989	1254
FBgn0035343	CG16762	3L	2474667	2475614	885
FBgn0035344	Cyp4d20	3L	2476259	2478448	1817
FBgn0035346	CG1146	3L	2488804	2492613	2357
FBgn0035348	CG16758	3L	2499372	2503606	1985
FBgn0010905	Spn	3L	2505245	2554292	10266
FBgn0260480	CG32295	3L	2525799	2526973	1175
FBgn0010909	msn	3L	2554847	2586540	6833
FBgn0261602	RpL8	3L	2587456	2588883	1173
FBgn0016794	dos	3L	2589414	2595590	4666
FBgn0062517	CG16984	3L	2595781	2596998	1162
FBgn0028504	CG12182	3L	2595842	2599579	3633
FBgn0035355	CG16985	3L	2599297	2600242	641
FBgn0035356	CG16986	3L	2600331	2601536	769
FBgn0011828	Pxn	3L	2601455	2630064	5955
FBgn0035357	MEP-1	3L	2631715	2641984	5719
FBgn0250911	CG42245	3L	2631715	2641984	5111
FBgn0035358	CG14949	3L	2642184	2643424	934
FBgn0035359	CG1143	3L	2645368	2647192	1657
FBgn0035360	CG1246	3L	2648048	2650205	1865
FBgn0027082	ProRS-m	3L	2650161	2651850	1517
FBgn0259199	Snup	3L	2652088	2655455	3245
FBgn0259200	CG42304	3L	2652088	2655455	3245
FBgn0264606	Fife	3L	2655415	2711690	9680
FBgn0053233	CG33233	3L	2659639	2661501	1719
FBgn0053234	CG33234	3L	2661622	2663622	1523
FBgn0052296	Mrtf	3L	2717615	2766536	8562
FBgn0020509	Acp62F	3L	2739750	2740228	479
FBgn0035370	Non2	3L	2766999	2768392	1320
FBgn0035371	AhcyL1	3L	2768466	2772325	3020
FBgn0035372	CG12093	3L	2772560	2774007	1296
FBgn0044452	Atg2	3L	2774338	2780677	6266
FBgn0035374	mRpS35	3L	2780899	2782105	1144
FBgn0035375	Pgant6	3L	2782255	2786010	2817
FBgn0263392	Tet	3L	2786207	2879158	13823
FBgn0262593	Shab	3L	2895017	2959579	11359
FBgn0035380	CG9970	3L	2915024	2916654	1631
FBgn0052846	CG32846	3L	2950174	2951618	1382
FBgn0035383	CPT2	3L	2981022	2983551	2352
FBgn0035388	CG2162	3L	3035196	3040469	2580
FBgn0040308	Prx4	3L	3042359	3044174	1270
FBgn0035390	scramb2	3L	3044113	3046812	1586
FBgn0052484	Sk2	3L	3047087	3050159	2594
FBgn0052485	CG32485	3L	3050323	3051765	1136
FBgn0035392	CG1271	3L	3052514	3054906	2057
FBgn0035393	CG16753	3L	3055079	3055842	764
FBgn0266918	CG32486	3L	3055908	3070839	2356
FBgn0035397	PAN3	3L	3071133	3090406	5969
FBgn0035398	Cht7	3L	3090985	3106958	3953
FBgn0266436	CG45066	3L	3110128	3111227	1050
FBgn0266437	CG45067	3L	3111233	3114467	2736
FBgn0026189	promL	3L	3114450	3127724	5532
FBgn0035400	CG11537	3L	3128034	3143457	5200
FBgn0035401	Alg2	3L	3143808	3145284	1477
FBgn0035402	Usp5	3L	3145405	3148358	2797
FBgn0263108	BtbVII	3L	3148646	3158408	7280
FBgn0266582	ND-30	3L	3158485	3159578	976
FBgn0035405	CG15812	3L	3159991	3162019	2022
FBgn0024194	rasp	3L	3162180	3163852	1673
FBgn0035407	Asciz	3L	3163786	3166250	2002
FBgn0052280	CG32280	3L	3165181	3169080	1593
FBgn0052278	CG32278	3L	3169286	3171767	845
FBgn0052281	CG32281	3L	3169375	3170913	1539
FBgn0035409	CG14963	3L	3171614	3172545	932
FBgn0035410	MnM	3L	3172817	3178580	5079
FBgn0283724	Girdin	3L	3178930	3185287	5190
FBgn0260026	CG42494	3L	3184404	3186549	1337
FBgn0052284	CG32284	3L	3186664	3187245	457
FBgn0035412	CG14957	3L	3187563	3188106	423
FBgn0260430	CG42525	3L	3188025	3189747	1461
FBgn0035413	CG14958	3L	3189978	3190623	541
FBgn0035414	CG14965	3L	3190622	3192491	1870
FBgn0001233	Hsp83	3L	3192969	3197059	2960
FBgn0035415	CG14966	3L	3197045	3197631	587
FBgn0047135	CG32276	3L	3197863	3199047	865
FBgn0286567	gry	3L	3199090	3211348	4593
FBgn0052271	CG32271	3L	3202238	3203162	925
FBgn0053159	CG33159	3L	3203675	3204448	774
FBgn0052277	CG32277	3L	3204600	3205449	850
FBgn0053160	CG33160	3L	3205539	3206363	825
FBgn0052269	CG32269	3L	3206949	3208985	2037
FBgn0052270	CG32270	3L	3206949	3208985	2037
FBgn0035420	hob	3L	3210992	3218920	7388
FBgn0035421	nSMase	3L	3219156	3220925	1684
FBgn0035422	RpL28	3L	3220911	3222960	1382
FBgn0035423	eIF1	3L	3223341	3224650	681
FBgn0035424	Larp4B	3L	3224838	3236604	10013
FBgn0035425	CG17746	3L	3236805	3239578	1851
FBgn0035426	CG12078	3L	3243274	3244294	954
FBgn0263246	CG43389	3L	3248015	3249044	923
FBgn0035431	CG14968	3L	3299336	3303112	1282
FBgn0035432	ZnT63C	3L	3303708	3314009	3253
FBgn0035434	Drsl5	3L	3316781	3317144	364
FBgn0035435	PIG-C	3L	3318028	3319232	1103
FBgn0035436	CG12016	3L	3319555	3322489	2346
FBgn0259933	Dpm2	3L	3319555	3322489	2326
FBgn0035437	Strip	3L	3322025	3328871	4055
FBgn0035438	Gtpx	3L	3326265	3328626	1359
FBgn0035439	CG14961	3L	3330063	3333181	3063
FBgn0035440	CG14969	3L	3333119	3334978	1636
FBgn0052268	Drsl6	3L	3336032	3336418	387
FBgn0004167	kst	3L	3336860	3368133	14454
FBgn0283461	Drs	3L	3369556	3369942	387
FBgn0027616	Ythdc1	3L	3370451	3374170	3452
FBgn0035443	CG12010	3L	3374282	3376649	2255
FBgn0035444	CG12012	3L	3376757	3377992	1236
FBgn0035445	Ids	3L	3378268	3380083	1636
FBgn0014388	sty	3L	3401153	3424935	5438
FBgn0026259	eIF5B	3L	3428658	3460977	4410
FBgn0287594	CG46463	3L	3461315	3466314	4147
FBgn0041164	armi	3L	3461317	3466314	4162
FBgn0010317	CycJ	3L	3466428	3468098	1478
FBgn0035449	CG14971	3L	3468023	3471309	2419
FBgn0052267	CG32267	3L	3471555	3472113	489
FBgn0259224	CG42324	3L	3472447	3510895	5974
FBgn0005640	Eip63E	3L	3515751	3610521	6544
FBgn0035452	CG10359	3L	3612192	3615244	1762
FBgn0263239	dar1	3L	3626352	3653442	3526
FBgn0035455	CG10862	3L	3653405	3654771	1201
FBgn0052264	CG32264	3L	3714826	3806459	12277
FBgn0035458	ppk27	3L	3753693	3755201	1381
FBgn0052266	CG32266	3L	3790804	3791560	526
FBgn0035461	ntc	3L	3803832	3806459	1572
FBgn0035462	IntS10	3L	3806710	3809090	2272
FBgn0052262	CG32262	3L	3809146	3810196	1051
FBgn0035464	PIG-B	3L	3811263	3813958	2244
FBgn0004888	Scsalpha1	3L	3814211	3818383	1479
FBgn0004875	enc	3L	3818679	3842326	9058
FBgn0064227	Rdh	3L	3825449	3828525	440
FBgn0026592	Fie	3L	3892574	3894833	1600
FBgn0035468	Gr63a	3L	3894999	3896603	1470
FBgn0035469	Lamtor4	3L	3896900	3897498	543
FBgn0035470	Ccz1	3L	3897444	3899156	1531
FBgn0003943	Ubi-p63E	3L	3899259	3903184	3138
FBgn0035471	Sc2	3L	3903492	3905035	1105
FBgn0041147	ida	3L	3905344	3907813	2408
FBgn0035473	mge	3L	3907852	3909931	1488
FBgn0004910	Eip63F-1	3L	3909973	3935617	3545
FBgn0035475	CG10866	3L	3936060	3937992	1874
FBgn0035476	CG12766	3L	3938624	3940125	1075
FBgn0027552	CG10863	3L	3941008	3942465	1089
FBgn0035477	CG14982	3L	3942710	3947278	4282
FBgn0035480	CG14984	3L	3951193	3952550	709
FBgn0035481	CG12605	3L	3954251	3964771	7500
FBgn0035482	CG14985	3L	4003474	4006626	2908
FBgn0035483	Mul1	3L	4021457	4023501	1656
FBgn0035484	CG11594	3L	4022700	4026011	2895
FBgn0035486	Gr64d	3L	4032062	4035703	2961
FBgn0045476	Gr64e	3L	4032141	4035703	2909
FBgn0052255	Gr64f	3L	4035799	4037575	1446
FBgn0035488	CG11593	3L	4037523	4040482	2773
FBgn0263832	Rcd5	3L	4040529	4042597	1947
FBgn0035490	CG1136	3L	4046596	4059660	2704
FBgn0024179	wit	3L	4064152	4071717	4217
FBgn0016013	Faa	3L	4072032	4073954	1421
FBgn0035496	CG14990	3L	4093207	4094344	1072
FBgn0035497	CG14995	3L	4094343	4103256	4081
FBgn0035498	Fit1	3L	4103564	4107116	3553
FBgn0028484	Ack	3L	4108186	4114157	4393
FBgn0035499	Chd64	3L	4114289	4122388	1459
FBgn0264693	ens	3L	4122907	4134550	5703
FBgn0260985	RfC4	3L	4134860	4136038	1127
FBgn0004574	Rop	3L	4136359	4138996	2638
FBgn0003206	Ras64B	3L	4139076	4141398	1620
FBgn0004552	Akh	3L	4141467	4142070	536
FBgn0052260	CG32260	3L	4142364	4145966	1967
FBgn0035501	CG1299	3L	4148696	4152473	1956
FBgn0259986	nab	3L	4153618	4160932	2470
FBgn0011653	mas	3L	4161666	4167464	3657
FBgn0261274	Ero1L	3L	4170404	4173789	2100
FBgn0040696	CG18675	3L	4173884	4192968	1608
FBgn0035504	Teh4	3L	4174859	4178270	2732
FBgn0035505	Teh2	3L	4178980	4188023	3287
FBgn0040697	Teh3	3L	4182645	4184663	1586
FBgn0028664	VhaM9.7-c	3L	4186018	4186865	848
FBgn0003710	tipE	3L	4188499	4193788	4084
FBgn0263110	CG43367	3L	4193993	4224003	10170
FBgn0035508	CG15005	3L	4200825	4204339	2648
FBgn0035510	Cpr64Aa	3L	4207838	4209178	1014
FBgn0035511	Cpr64Ab	3L	4210880	4211540	552
FBgn0035512	Cpr64Ac	3L	4211964	4212915	890
FBgn0035513	Cpr64Ad	3L	4215379	4216414	961
FBgn0001257	ImpL2	3L	4224006	4236147	2667
FBgn0287590	CG46460	3L	4224710	4227302	1651
FBgn0035515	Sqor	3L	4240173	4242603	1707
FBgn0011692	pav	3L	4242734	4246233	3207
FBgn0041171	ago	3L	4246343	4254306	5517
FBgn0035517	CG1265	3L	4254776	4256053	828
FBgn0035518	CG15011	3L	4255991	4259152	2631
FBgn0035519	CG1309	3L	4259430	4261643	1859
FBgn0035520	CG11586	3L	4261297	4262470	1115
FBgn0035523	Ctl1	3L	4277962	4281585	2487
FBgn0035524	CG11583	3L	4281504	4282817	1253
FBgn0035526	CG1316	3L	4283851	4286865	2222
FBgn0015829	TfIIEbeta	3L	4287038	4288349	1121
FBgn0041630	Hexo1	3L	4288641	4291211	2211
FBgn0035528	CG15012	3L	4291208	4292246	858
FBgn0035529	Fdx2	3L	4292482	4293432	863
FBgn0066365	dyl	3L	4294004	4307718	3139
FBgn0052251	Claspin	3L	4313483	4318608	4779
FBgn0052250	PMP34	3L	4318755	4321109	1401
FBgn0035532	CG15014	3L	4321105	4322259	1155
FBgn0035533	Cip4	3L	4322491	4364102	3932
FBgn0035534	mRpS6	3L	4364550	4365243	628
FBgn0053514	CG33514	3L	4365434	4366671	1179
FBgn0035537	CG11342	3L	4366494	4367458	965
FBgn0035538	DopEcR	3L	4367649	4380387	4291
FBgn0035539	slow	3L	4384442	4403181	2364
FBgn0035540	Syx17	3L	4403487	4405168	1566
FBgn0035541	CG15019	3L	4405127	4406059	764
FBgn0035542	TP53INP	3L	4406943	4420648	3058
FBgn0035550	CG11349	3L	4473068	4475095	1970
FBgn0035553	CG13722	3L	4485159	4490963	2603
FBgn0014073	Tie	3L	4510698	4532145	5236
FBgn0035557	CG11353	3L	4533170	4539270	3115
FBgn0052243	CG32243	3L	4539302	4541244	1639
FBgn0035558	CG11357	3L	4542051	4553457	3168
FBgn0053777	CG33777	3L	4554537	4555236	519
FBgn0260657	CG42540	3L	4556087	4592295	5118
FBgn0262733	Src64B	3L	4592447	4626196	5200
FBgn0052246	CG32246	3L	4621219	4622985	1767
FBgn0015805	HDAC1	3L	4626734	4629467	2124
FBgn0262870	axo	3L	4629604	4687317	9106
FBgn0035574	RhoGEF64C	3L	4692783	4796253	7297
FBgn0035569	CG15876	3L	4694205	4694845	641
FBgn0035571	CG12493	3L	4752393	4753738	1173
FBgn0035575	CG7509	3L	4803077	4805274	1958
FBgn0042131	CG18808	3L	4806053	4807406	1354
FBgn0261797	Dhc64C	3L	4807368	4825687	14597
FBgn0027085	LeuRS-m	3L	4825853	4829038	3020
FBgn0035577	CG13708	3L	4829092	4833591	4357
FBgn0035578	CG13707	3L	4837791	4840108	2118
FBgn0035581	Dnah3	3L	4861269	4895749	14155
FBgn0035582	CG13705	3L	4896864	4898470	1536
FBgn0005775	Con	3L	4936758	5079033	5947
FBgn0035585	ATPsynCF6L	3L	5011444	5012133	635
FBgn0035593	Yod1	3L	5133871	5135670	1520
FBgn0035592	CG10674	3L	5135748	5136292	478
FBgn0035591	CG4611	3L	5136376	5138679	2248
FBgn0035590	Tcs5	3L	5138652	5139395	744
FBgn0035589	CHMP2B	3L	5139619	5140473	855
FBgn0035588	Dhrs4	3L	5140440	5141646	1082
FBgn0035587	Gdap1	3L	5141953	5144317	1597
FBgn0035586	Fitm	3L	5144082	5146063	1923
FBgn0028962	AlaRS-m	3L	5146098	5149852	3233
FBgn0263831	Gen	3L	5149849	5152376	2273
FBgn0010747	Srp54k	3L	5152678	5154777	2015
FBgn0052423	shep	3L	5155821	5277944	11502
FBgn0035598	CG4669	3L	5234483	5236631	2101
FBgn0016031	lama	3L	5343619	5355923	4046
FBgn0287586	CG46456	3L	5343619	5355346	3546
FBgn0004380	Klp64D	3L	5356864	5359392	2529
FBgn0035600	Cyt-c1	3L	5360211	5362798	1521
FBgn0035601	Uev1A	3L	5362884	5366225	1706
FBgn0260856	Membrin	3L	5366455	5367381	858
FBgn0035603	Pfdn4	3L	5367341	5368008	543
FBgn0035607	CG4835	3L	5479790	5483663	3735
FBgn0035608	blanks	3L	5497523	5498958	1268
FBgn0035612	frm	3L	5538411	5551159	4625
FBgn0010894	sinu	3L	5559470	5561598	2065
FBgn0029118	ScsbetaG	3L	5561701	5563691	1600
FBgn0029121	Sras	3L	5563774	5565103	1271
FBgn0040239	bc10	3L	5565231	5566765	1380
FBgn0015766	Msr-110	3L	5566919	5577348	2902
FBgn0035617	l(3)psg2	3L	5583669	5590390	6602
FBgn0003486	spo	3L	5590083	5592571	2489
FBgn0035619	Alp10	3L	5592741	5595272	1749
FBgn0035620	Alp9	3L	5595542	5597422	1881
FBgn0035622	TM9SF3	3L	5601096	5603979	2653
FBgn0035623	mthl2	3L	5604790	5607190	2035
FBgn0035624	Eaf6	3L	5607162	5608300	864
FBgn0035625	Blimp-1	3L	5630983	5652094	8461
FBgn0085447	sif	3L	5657913	5749599	23825
FBgn0035627	Sse	3L	5659700	5662247	2177
FBgn0263106	DnaJ-1	3L	5750029	5752189	2161
FBgn0016756	Usp47	3L	5752973	5761886	5636
FBgn0035630	CG10576	3L	5761963	5765702	1898
FBgn0035631	Txl	3L	5765846	5767084	1123
FBgn0035632	Ppat-Dpck	3L	5767017	5768794	1711
FBgn0260936	scny	3L	5769002	5776271	5470
FBgn0052418	vito	3L	5776324	5777333	951
FBgn0040298	Myt1	3L	5777476	5779591	1940
FBgn0044419	Pmi	3L	5780051	5784685	3609
FBgn0260458	PGRP-LD	3L	5780051	5784685	3957
FBgn0086694	Bre1	3L	5789831	5794192	3993
FBgn0035638	Tektin-C	3L	5794405	5796543	1640
FBgn0283472	S6k	3L	5797549	5810931	4885
FBgn0259167	CG42272	3L	5803033	5805749	2418
FBgn0035639	kri	3L	5810973	5812228	1191
FBgn0035640	mad2	3L	5812135	5813093	818
FBgn0003984	vn	3L	5813338	5845664	5239
FBgn0035641	CG5568	3L	5871501	5873518	1911
FBgn0035642	CG18586	3L	5873311	5875466	2047
FBgn0035643	CG13287	3L	5882304	5884090	1787
FBgn0035644	PolE2	3L	5895691	5897435	1688
FBgn0035645	CG5592	3L	5897638	5899395	1633
FBgn0052409	CG32409	3L	5899528	5900936	1231
FBgn0052412	QC	3L	5900835	5902456	1141
FBgn0052407	CG32407	3L	5922055	5923567	1377
FBgn0053523	CG33523	3L	5923862	5930120	3115
FBgn0002638	Rcc1	3L	5930262	5932773	2365
FBgn0053993	Egfrap	3L	5933036	5950658	2523
FBgn0035656	CG10479	3L	5967545	5976007	1676
FBgn0035667	Jon65Ai	3L	6053493	6054443	951
FBgn0028980	tant	3L	6055136	6057002	1657
FBgn0035669	CG6592	3L	6059658	6061378	1605
FBgn0035670	CG10472	3L	6061372	6062910	936
FBgn0259164	CG42269	3L	6066296	6071545	2362
FBgn0035673	CG6602	3L	6072139	6073539	1401
FBgn0035674	CG13295	3L	6073490	6075245	1638
FBgn0035675	CG6610	3L	6075536	6076258	586
FBgn0035676	ssp6	3L	6076722	6082491	4137
FBgn0035677	CG13293	3L	6082883	6092188	4489
FBgn0035678	CG10469	3L	6092188	6093313	1067
FBgn0035679	CG10467	3L	6093204	6094747	1544
FBgn0061492	loj	3L	6094987	6096517	1179
FBgn0002440	l(3)mbn	3L	6123934	6128807	2321
FBgn0035686	Cpr65Az	3L	6160814	6161589	720
FBgn0035687	Prdm13	3L	6163127	6164682	1428
FBgn0035688	fmt	3L	6164916	6173880	8097
FBgn0035689	CG7376	3L	6174248	6178941	4157
FBgn0035690	CG10274	3L	6178677	6181829	3034
FBgn0022699	D19B	3L	6182176	6184920	2685
FBgn0262985	CG43293	3L	6185189	6185853	586
FBgn0022935	D19A	3L	6185830	6189123	3233
FBgn0035691	CG7386	3L	6189745	6192049	2247
FBgn0035692	Sf3b6	3L	6192124	6193179	920
FBgn0024921	Tnpo	3L	6193480	6200385	5598
FBgn0035693	CG8219	3L	6200473	6203776	2805
FBgn0002526	LanA	3L	6203831	6218022	11690
FBgn0035695	CG10226	3L	6234323	6240068	4717
FBgn0004513	Mdr65	3L	6240500	6245746	4135
FBgn0035696	Best2	3L	6245933	6256665	3547
FBgn0035697	CG10163	3L	6257423	6258760	1220
FBgn0001258	Ldh	3L	6259105	6262694	1942
FBgn0041623	Or65c	3L	6327608	6329069	1233
FBgn0035699	CG13300	3L	6329324	6352390	4303
FBgn0035702	CG10147	3L	6486167	6488424	2198
FBgn0035703	Bulli	3L	6488681	6491210	2170
FBgn0035704	Vps8	3L	6491230	6495297	3885
FBgn0020251	sfl	3L	6495680	6550104	5772
FBgn0052396	betaTub65B	3L	6530729	6532429	1649
FBgn0042185	MCU	3L	6550738	6593940	4919
FBgn0263973	jv	3L	6563197	6589479	6436
FBgn0002926	ndl	3L	6593938	6603366	8230
FBgn0286051	Rexo5	3L	6603684	6608739	2937
FBgn0024177	zpg	3L	6604366	6606032	1539
FBgn0035708	axed	3L	6609325	6619113	3450
FBgn0004619	GluRIA	3L	6624032	6635059	3810
FBgn0035710	SP1173	3L	6689327	6703521	3725
FBgn0005626	ple	3L	6713356	6719525	3806
FBgn0261934	dikar	3L	6728800	6743164	12226
FBgn0035713	velo	3L	6744426	6752752	6688
FBgn0035714	Sbds	3L	6752913	6754029	1037
FBgn0035715	Ist1	3L	6754017	6756497	1729
FBgn0052392	Rsph3	3L	6756629	6763246	2831
FBgn0086680	vvl	3L	6790158	6794941	4784
FBgn0041194	Prat2	3L	6911999	6914876	2140
FBgn0035719	tow	3L	6942856	6949313	2669
FBgn0035720	CG10077	3L	6949491	6955904	5541
FBgn0035721	CG9948	3L	6955991	6957440	1394
FBgn0035722	Uqcc1	3L	6956946	6958108	924
FBgn0029117	Surf1	3L	6958346	6959586	1055
FBgn0261445	sgl	3L	6959554	6964758	2275
FBgn0035724	CG10064	3L	6965260	6967897	2379
FBgn0035725	Mis12	3L	6968035	6969048	839
FBgn0035726	CG9953	3L	6969658	6971666	1814
FBgn0035727	CG10063	3L	6971579	6972467	827
FBgn0001104	Galphai	3L	6972750	6980044	2067
FBgn0045759	bin	3L	6990622	6994447	2412
FBgn0260660	Mp	3L	6998843	7053499	6568
FBgn0053556	form3	3L	7094818	7123297	6298
FBgn0002775	msl-3	3L	7123213	7125533	1970
FBgn0035741	BBS1	3L	7125905	7128118	2069
FBgn0010387	Acbp2	3L	7131863	7133463	432
FBgn0023001	melt	3L	7134516	7143074	4372
FBgn0259173	corn	3L	7142991	7157073	5591
FBgn0040837	CG8620	3L	7158099	7158874	776
FBgn0265296	Dscam2	3L	7159199	7189931	12907
FBgn0035751	CG14829	3L	7236800	7238122	1257
FBgn0261111	BHD	3L	7238542	7240245	1557
FBgn0035753	RpL18	3L	7240203	7241351	788
FBgn0024542	Neos	3L	7241628	7243139	1449
FBgn0028648	mRpL50	3L	7243080	7243933	739
FBgn0016036	mei-P22	3L	7244388	7245383	996
FBgn0012058	Cdc27	3L	7245481	7249340	3713
FBgn0035754	MED4	3L	7249529	7250527	941
FBgn0035755	CG14830	3L	7250718	7263920	2038
FBgn0035756	unc-13-4A	3L	7266192	7312896	7838
FBgn0035760	CG8607	3L	7320068	7321211	1008
FBgn0035761	RhoGEF4	3L	7321099	7323411	2167
FBgn0035762	Rint1	3L	7323619	7326255	2394
FBgn0035763	mrva	3L	7326273	7328842	2570
FBgn0002909	mus312	3L	7329132	7333471	4022
FBgn0259203	CG42307	3L	7329132	7333471	4073
FBgn0264302	wrm1	3L	7333544	7335226	1430
FBgn0264303	wrm2	3L	7333544	7335226	1430
FBgn0035766	eco	3L	7335442	7339340	3654
FBgn0011640	lark	3L	7339266	7341893	2192
FBgn0035767	Cln7	3L	7341884	7345183	2168
FBgn0035768	CG14834	3L	7345698	7347123	1426
FBgn0015298	Srp19	3L	7347310	7348034	653
FBgn0019662	qm	3L	7348313	7353622	2543
FBgn0035769	CTCF	3L	7353578	7356713	2892
FBgn0035770	pst	3L	7357275	7360263	2626
FBgn0035771	Sec63	3L	7360561	7364366	2944
FBgn0035772	Sh3beta	3L	7364584	7369260	3187
FBgn0082598	akirin	3L	7369843	7373711	2633
FBgn0052380	SMSr	3L	7374050	7381474	2591
FBgn0016983	smid	3L	7381614	7385637	3386
FBgn0035776	CG8564	3L	7385648	7387914	1950
FBgn0035777	CG8563	3L	7390742	7396013	2121
FBgn0259935	CG42458	3L	7423827	7454717	3731
FBgn0014011	Rac2	3L	7432762	7435190	2429
FBgn0035782	CG14835	3L	7436808	7437466	659
FBgn0052383	sphinx1	3L	7438421	7439405	915
FBgn0052382	sphinx2	3L	7439554	7440733	1120
FBgn0053278	CG33278	3L	7450853	7452159	1307
FBgn0035789	mthl6	3L	7485967	7487918	1621
FBgn0015033	Cyp4d8	3L	7493557	7496197	1591
FBgn0035791	CG8539	3L	7497211	7498831	1538
FBgn0035793	CG7546	3L	7510986	7517316	5285
FBgn0268063	ltl	3L	7518997	7528013	4108
FBgn0028582	lqf	3L	7528780	7540012	6521
FBgn0035795	CG16998	3L	7539060	7539836	777
FBgn0035798	frac	3L	7562610	7569499	5438
FBgn0035799	mmm	3L	7583454	7587248	3512
FBgn0035800	t-Grip84	3L	7588608	7590998	2391
FBgn0035802	Pura	3L	7593091	7639573	7273
FBgn0053276	Urm1	3L	7639811	7640446	391
FBgn0035805	CG7506	3L	7640798	7641648	793
FBgn0052373	CG32373	3L	7650548	7759123	2217
FBgn0035806	PGRP-SD	3L	7651180	7651900	721
FBgn0035807	CG7492	3L	7651866	7654752	2674
FBgn0261788	Ank2	3L	7655389	7718395	46969
FBgn0265084	CG44195	3L	7658409	7695654	6153
FBgn0035811	Mcad	3L	7719350	7721472	1461
FBgn0035812	CG7457	3L	7719899	7726473	6335
FBgn0035816	CG13685	3L	7747344	7750552	3209
FBgn0023076	Clk	3L	7763233	7775603	4516
FBgn0052369	CG32369	3L	7777105	7809825	5696
FBgn0016694	Pdp1	3L	7811458	7867369	12138
FBgn0052365	CG32365	3L	7869042	7894814	2757
FBgn0003041	pbl	3L	7896109	7911954	5781
FBgn0035824	CG8281	3L	7912463	7913763	1301
FBgn0035825	Tmem43	3L	7913664	7915120	1340
FBgn0024187	syd	3L	7916650	7936120	5612
FBgn0035827	Srp9	3L	7936373	7937258	821
FBgn0010406	RNaseX25	3L	7970588	7972449	1663
FBgn0027554	CG8042	3L	7972449	7974991	2173
FBgn0035829	HP4	3L	7975438	7976154	717
FBgn0035830	CG8209	3L	7976406	7977849	1295
FBgn0035831	Pop4	3L	7977805	7978650	846
FBgn0011817	nmo	3L	7979046	8054147	6945
FBgn0026263	bip1	3L	8054333	8058713	1892
FBgn0262579	Sarm	3L	8063874	8108897	10247
FBgn0260967	CG42590	3L	8068413	8069267	855
FBgn0035833	CG7565	3L	8087635	8091786	3722
FBgn0028379	fan	3L	8109132	8110043	912
FBgn0027549	Nulp1	3L	8110368	8113406	2704
FBgn0262716	Arp3	3L	8113407	8115902	1983
FBgn0026252	msk	3L	8116179	8121579	3979
FBgn0035838	ldbr	3L	8121827	8123615	1734
FBgn0035839	CG7550	3L	8123612	8124531	920
FBgn0042112	mRpL36	3L	8124584	8125132	495
FBgn0029113	Uba2	3L	8125327	8127818	2329
FBgn0010350	Cds	3L	8127762	8131675	2609
FBgn0035842	Setx	3L	8131429	8137498	5627
FBgn0002899	mus301	3L	8137808	8142014	3364
FBgn0035844	CG13676	3L	8141868	8151813	3575
FBgn0259916	CG42445	3L	8154681	8158900	1134
FBgn0264478	CG43886	3L	8159361	8159774	347
FBgn0040290	RecQ4	3L	8170640	8175978	5041
FBgn0020392	Nmt	3L	8176135	8178429	1812
FBgn0035848	Uxs	3L	8180923	8183369	2093
FBgn0035849	ERR	3L	8183361	8186671	2223
FBgn0035850	Atg18a	3L	8186857	8191118	2924
FBgn0035851	MED24	3L	8191270	8196573	3199
FBgn0035852	CG7387	3L	8191522	8193116	1508
FBgn0035853	UbcE2M	3L	8195847	8197987	1732
FBgn0035854	Dhps	3L	8198207	8199491	1227
FBgn0035855	CG7366	3L	8201078	8202417	1340
FBgn0035856	CG13679	3L	8202792	8203345	489
FBgn0052364	tut	3L	8209577	8210743	1046
FBgn0035857	CG8006	3L	8211890	8213622	1733
FBgn0265089	eIF4E3	3L	8229224	8230568	1040
FBgn0035861	CG7213	3L	8231814	8240601	1624
FBgn0263219	Dscam4	3L	8238647	8282398	7913
FBgn0027569	cert	3L	8282528	8289870	2900
FBgn0035865	CG7201	3L	8290286	8295327	1662
FBgn0015793	Rab19	3L	8297018	8298506	1105
FBgn0035866	Arl5	3L	8298501	8299839	1339
FBgn0035867	CG13671	3L	8300064	8302341	2278
FBgn0035868	CG7194	3L	8302364	8304059	1365
FBgn0087039	Sbp2	3L	8304157	8305325	1055
FBgn0035870	Gr66a	3L	8305336	8306980	1584
FBgn0035871	BI-1	3L	8307145	8308941	1247
FBgn0035872	Cpsf6	3L	8310493	8315502	2862
FBgn0035875	Cpr66Cb	3L	8336672	8338595	1001
FBgn0035876	Pex2	3L	8339051	8340276	1051
FBgn0011762	Prim1	3L	8340314	8344404	1569
FBgn0035877	CG7083	3L	8340785	8342876	2029
FBgn0035878	CG7182	3L	8344421	8346382	1962
FBgn0035879	GAPcenA	3L	8346561	8352279	5118
FBgn0035880	Culd	3L	8352355	8356296	3289
FBgn0001248	Idh	3L	8356404	8360906	2434
FBgn0001253	ImpE1	3L	8372405	8391171	6264
FBgn0035888	CG7120	3L	8396000	8402295	2965
FBgn0035889	mkg-p	3L	8402168	8405277	3058
FBgn0053057	Tpt	3L	8402168	8405277	3110
FBgn0035890	CG13667	3L	8405454	8407354	1901
FBgn0265102	Oseg1	3L	8407268	8412825	4766
FBgn0266667	Exo70	3L	8411851	8415910	2284
FBgn0010431	mtrm	3L	8413012	8414103	1092
FBgn0052354	CG32354	3L	8415857	8422205	3251
FBgn0020224	Cbl	3L	8424954	8432246	6154
FBgn0263352	Unr	3L	8432322	8442381	8968
FBgn0035896	CG6983	3L	8443042	8449377	1740
FBgn0010825	Gug	3L	8449922	8472669	8819
FBgn0262719	CG43163	3L	8472807	8507146	7970
FBgn0035900	ZC3H3	3L	8507469	8509763	2042
FBgn0035901	Pus7	3L	8510003	8513007	2770
FBgn0035903	CG6765	3L	8512767	8518738	3505
FBgn0035902	CG6683	3L	8513874	8514921	990
FBgn0035904	GstO3	3L	8518885	8520295	881
FBgn0086348	se	3L	8520552	8521489	825
FBgn0035906	GstO2	3L	8521429	8523501	1743
FBgn0035907	GstO1	3L	8523742	8524866	954
FBgn0024236	foi	3L	8525244	8534503	4210
FBgn0035909	ergic53	3L	8534977	8538013	2463
FBgn0260442	rhea	3L	8545001	8574409	11083
FBgn0035911	CG6638	3L	8574407	8576078	1514
FBgn0262508	CG43078	3L	8576808	8599617	14466
FBgn0017430	Nelf-E	3L	8599442	8600879	1227
FBgn0017579	RpL14	3L	8601006	8602392	619
FBgn0017429	CG5989	3L	8602411	8604149	1567
FBgn0035914	CG6282	3L	8604657	8617074	3863
FBgn0035915	S-Lap1	3L	8617235	8619474	2121
FBgn0052351	S-Lap2	3L	8619888	8622091	2093
FBgn0035916	GAPsec	3L	8622039	8623901	1544
FBgn0035917	Zasp66	3L	8624371	8638813	2812
FBgn0035918	Cdc6	3L	8631509	8634069	2483
FBgn0052029	Cpr66D	3L	8640439	8643584	1104
FBgn0035921	CG13305	3L	8644916	8646822	1364
FBgn0035922	Pex7	3L	8647145	8651011	1501
FBgn0000121	Arr2	3L	8647261	8648936	1547
FBgn0001168	hry	3L	8675759	8679253	2335
FBgn0011509	SrpRbeta	3L	8718949	8720225	1135
FBgn0052022	CG32022	3L	8720280	8721272	938
FBgn0035923	CG6511	3L	8721324	8726108	4498
FBgn0000357	Cp18	3L	8726791	8727613	649
FBgn0003149	Prm	3L	8732858	8745310	5356
FBgn0266084	Fhos	3L	8753619	8798719	10218
FBgn0085456	CG34427	3L	8804764	8805812	865
FBgn0035931	CG13312	3L	8805811	8807213	1061
FBgn0052024	CG32024	3L	8807601	8808407	743
FBgn0035932	CG13308	3L	8808544	8809307	702
FBgn0286938	CR46432	3L	8809523	8810031	453
FBgn0263930	dally	3L	8827505	8891192	4483
FBgn0052026	CG32026	3L	8836462	8838843	2382
FBgn0262788	CG43169	3L	8888145	8888633	416
FBgn0020633	Mcm7	3L	8891596	8894310	2451
FBgn0035934	TrpA1	3L	8894404	8905200	5248
FBgn0266757	mfr	3L	8905918	8912671	5847
FBgn0035936	Tsp66E	3L	8912499	8932065	2330
FBgn0264305	CG43783	3L	8932235	8954272	5452
FBgn0264307	orb2	3L	8937100	8954463	8905
FBgn0040321	GNBP3	3L	8955021	8956551	1531
FBgn0011787	mRpL12	3L	8956791	8957584	738
FBgn0035941	CG13313	3L	8958857	8960921	1394
FBgn0035942	ValRS-m	3L	8961274	8964769	3254
FBgn0035944	CG5021	3L	8966829	8968171	1088
FBgn0035945	CG5026	3L	8968528	8971752	2822
FBgn0086706	pix	3L	8972056	8974765	2293
FBgn0035947	Srp68	3L	8975046	8977401	2132
FBgn0035948	CG5644	3L	8977395	8979880	1712
FBgn0035949	CG13314	3L	8981795	8983212	883
FBgn0263199	Galk	3L	8982212	8986091	3144
FBgn0035951	CG5068	3L	8986710	8989135	1845
FBgn0035952	CG5280	3L	8989069	8990228	986
FBgn0016070	smg	3L	8990317	8997989	5963
FBgn0035953	CG5087	3L	8998184	9002566	3945
FBgn0035954	Doc3	3L	9005196	9007249	1671
FBgn0035955	CG5194	3L	9008624	9009838	1113
FBgn0028789	Doc1	3L	9041375	9045042	1595
FBgn0035957	Argk2	3L	9047439	9048724	1286
FBgn0000116	Argk1	3L	9048781	9066027	3504
FBgn0035959	CG4911	3L	9067195	9072731	4775
FBgn0035960	CG4942	3L	9073105	9074467	1306
FBgn0023479	teq	3L	9074643	9092131	9106
FBgn0043806	CG32032	3L	9093053	9094856	1072
FBgn0040827	CG13315	3L	9096877	9097494	618
FBgn0011206	bol	3L	9097629	9134405	8169
FBgn0035964	Dhpr	3L	9134560	9135916	1261
FBgn0035965	Use1	3L	9135709	9137181	980
FBgn0263456	nwk	3L	9137860	9145693	5622
FBgn0004244	Rdl	3L	9145838	9182149	8994
FBgn0035968	Slc45-1	3L	9203065	9208853	3315
FBgn0035969	CG4476	3L	9211880	9215256	2400
FBgn0264000	GluRIB	3L	9251978	9288522	7186
FBgn0035975	PGRP-LA	3L	9334332	9338336	2097
FBgn0035976	PGRP-LC	3L	9338810	9348336	3743
FBgn0035977	PGRP-LF	3L	9349609	9351489	1355
FBgn0035978	UGP	3L	9350867	9358935	3013
FBgn0052040	CG32040	3L	9354033	9355457	1364
FBgn0052039	Svip	3L	9358999	9359996	881
FBgn0085484	Pdxk	3L	9360316	9362042	1590
FBgn0085485	CG34456	3L	9362108	9362734	627
FBgn0004379	Klp67A	3L	9362636	9367046	3086
FBgn0035980	mRRF1	3L	9364350	9365240	891
FBgn0035981	CG4452	3L	9367377	9370300	1677
FBgn0011769	Fdx1	3L	9370195	9371238	741
FBgn0001228	CG4456	3L	9372722	9374964	2109
FBgn0001223	Hsp22	3L	9372931	9374964	1900
FBgn0035982	CG4461	3L	9375430	9376293	864
FBgn0001225	Hsp26	3L	9376418	9377427	1010
FBgn0001227	Hsp67Ba	3L	9377802	9379534	1733
FBgn0001224	Hsp23	3L	9381882	9382765	884
FBgn0001226	Hsp27	3L	9384063	9385694	1632
FBgn0263494	CR43483	3L	9385646	9386112	467
FBgn0035983	CG4080	3L	9386827	9399227	3453
FBgn0015218	eIF4E1	3L	9399618	9402460	2235
FBgn0035985	Cpr67B	3L	9404797	9406174	1010
FBgn0035986	CG4022	3L	9406179	9410832	4406
FBgn0288470	Cpsf5	3L	9411038	9413835	2423
FBgn0035989	Atat	3L	9413596	9426758	3359
FBgn0035988	CG3982	3L	9415755	9417388	1455
FBgn0023129	aay	3L	9423253	9424781	1529
FBgn0015296	Shc	3L	9427010	9428671	1600
FBgn0005533	RpS17	3L	9428795	9429821	535
FBgn0040305	MTF-1	3L	9430312	9439490	4604
FBgn0260431	CG42526	3L	9433686	9435399	1598
FBgn0260859	Bet3	3L	9438482	9442267	1125
FBgn0035993	Nf-YA	3L	9440056	9442267	2055
FBgn0053926	Srg3	3L	9443232	9446388	820
FBgn0035995	CG3529	3L	9446864	9450785	2120
FBgn0035996	CG3448	3L	9450545	9451572	1028
FBgn0266124	ghi	3L	9451876	9452790	697
FBgn0035997	phol	3L	9452803	9456281	3384
FBgn0035999	CG3552	3L	9456318	9459370	1639
FBgn0035998	CG3437	3L	9456342	9457669	1126
FBgn0036000	CG3434	3L	9459369	9460799	1372
FBgn0266101	CG44838	3L	9461050	9475475	6980
FBgn0011327	Uch-L5	3L	9475493	9476965	1394
FBgn0036004	Jarid2	3L	9477038	9486530	8463
FBgn0036005	pall	3L	9486448	9487790	1206
FBgn0052036	CG32036	3L	9488050	9489233	709
FBgn0052037	CG32037	3L	9489502	9492215	1836
FBgn0036007	path	3L	9494555	9505328	3195
FBgn0036008	CG3408	3L	9506818	9509583	1888
FBgn0010408	RpS9	3L	9509793	9511531	1018
FBgn0261555	CG42673	3L	9547220	9596713	6878
FBgn0267796	Tmc	3L	9597764	9614001	6670
FBgn0036014	CG3222	3L	9598988	9600341	1354
FBgn0036015	CG3088	3L	9600490	9601325	836
FBgn0036016	CG3306	3L	9601523	9602548	1026
FBgn0267348	LanB2	3L	9614914	9623980	5916
FBgn0036018	CG3335	3L	9624237	9627321	2926
FBgn0036019	Or67b	3L	9627316	9629193	1362
FBgn0036020	Cyp40	3L	9628676	9631795	1645
FBgn0016081	fry	3L	9631834	9679103	11788
FBgn0036022	CG8329	3L	9638112	9639021	910
FBgn0036023	CG18179	3L	9639271	9640140	870
FBgn0036024	CG18180	3L	9641013	9641913	901
FBgn0053696	CNMaR	3L	9644109	9659433	2704
FBgn0036028	CG16717	3L	9679201	9681060	1427
FBgn0087040	alphaTub67C	3L	9681268	9683370	1617
FBgn0036030	Prps	3L	9683579	9696700	2361
FBgn0036029	CG16719	3L	9685171	9686250	1080
FBgn0015321	Ubc4	3L	9698336	9700481	1709
FBgn0036031	CG6761	3L	9700517	9703595	2854
FBgn0036032	CG16711	3L	9704331	9710329	5930
FBgn0040475	SH3PX1	3L	9710422	9713827	2146
FBgn0045823	vsg	3L	9714324	9717716	2273
FBgn0036035	CG18178	3L	9717786	9719144	1310
FBgn0036036	CG14174	3L	9719328	9720464	1073
FBgn0261530	nbs	3L	9720414	9723194	2599
FBgn0036038	defl	3L	9723423	9726706	3227
FBgn0036039	Naa60	3L	9726895	9729650	2379
FBgn0019644	ATPsynB	3L	9729999	9731224	918
FBgn0036040	CG6749	3L	9731238	9733807	1834
FBgn0259163	CG42268	3L	9734012	9760395	8111
FBgn0036043	Ae2	3L	9763544	9786466	6616
FBgn0044328	CG32052	3L	9787046	9808713	2829
FBgn0264489	CG43897	3L	9813847	9834345	7911
FBgn0028429	I-2	3L	9834367	9836805	1858
FBgn0015618	Cdk8	3L	9837080	9838670	1529
FBgn0004390	RasGAP1	3L	9839093	9855285	5434
FBgn0036052	CG10809	3L	9857383	9859889	2233
FBgn0036053	iPLA2-VIA	3L	9860217	9864349	3685
FBgn0027567	Ciz1	3L	9864639	9870674	3160
FBgn0085411	CG34382	3L	9878985	9884493	3091
FBgn0011836	Taf2	3L	9884411	9888683	3972
FBgn0025866	CalpB	3L	9888762	9893319	4274
FBgn0036056	CG6709	3L	9893188	9894743	1331
FBgn0036057	Hez	3L	9893188	9894743	1331
FBgn0036058	CG6707	3L	9894807	9898575	2227
FBgn0286833	CG46387	3L	9898626	9899387	762
FBgn0036059	nudE	3L	9899241	9903031	2664
FBgn0085385	bma	3L	9908120	9967298	6754
FBgn0036062	CG6685	3L	9966603	9968317	1534
FBgn0026404	Dronc	3L	9968479	9971002	2015
FBgn0036063	CG6674	3L	9971151	9972054	843
FBgn0259932	CG42455	3L	9972312	9974023	1262
FBgn0263251	vnc	3L	9972312	9974023	1354
FBgn0040823	dpr6	3L	9974651	10139360	6312
FBgn0052053	CG32053	3L	10090170	10092346	1618
FBgn0052054	CG32054	3L	10092768	10094738	1775
FBgn0262007	Srg2	3L	10095754	10098115	1752
FBgn0267539	CR45879	3L	10127504	10128618	1115
FBgn0000451	ect	3L	10190276	10201837	3741
FBgn0036075	CG8065	3L	10215665	10216980	1256
FBgn0052055	CG32055	3L	10218504	10220164	1605
FBgn0052056	scramb1	3L	10220483	10225240	2406
FBgn0036082	CG12362	3L	10412818	10414774	1957
FBgn0036083	Ir67b	3L	10429689	10431983	2295
FBgn0052058	Ir67c	3L	10432384	10434105	1722
FBgn0011802	Gem3	3L	10459081	10463101	3963
FBgn0045770	S-Lap3	3L	10465187	10468974	3014
FBgn0052062	Rbfox1	3L	10481412	10594012	8305
FBgn0036085	CG6527	3L	10557023	10559082	1917
FBgn0036089	CG14151	3L	10627680	10628484	683
FBgn0001179	hay	3L	10631079	10633969	2628
FBgn0054001	CG34001	3L	10631079	10634612	587
FBgn0000629	E(z)	3L	10634575	10638130	2665
FBgn0036090	Cnep1r2	3L	10638146	10639678	863
FBgn0036091	CG18628	3L	10639740	10640136	334
FBgn0052066	CG32066	3L	10640286	10661013	2555
FBgn0036093	CG14154	3L	10641889	10643009	1019
FBgn0036094	CG14153	3L	10643528	10644615	1022
FBgn0036096	CG8003	3L	10661475	10663157	1555
FBgn0052068	Adi1	3L	10663376	10664435	701
FBgn0010762	simj	3L	10664739	10690734	5134
FBgn0036099	CG11811	3L	10691024	10692598	1575
FBgn0053493	CG33493	3L	10692530	10693167	638
FBgn0047038	ND-13B	3L	10693184	10694108	597
FBgn0036101	NijA	3L	10694360	10696877	1146
FBgn0262890	CG43245	3L	10771925	10773399	1164
FBgn0036102	CG12523	3L	10801190	10802350	1161
FBgn0262020	CG42831	3L	10814819	10816084	1266
FBgn0026160	tna	3L	10835528	10876496	6969
FBgn0036104	CG6418	3L	10876315	10879037	2723
FBgn0036105	Blos4	3L	10879085	10880188	1050
FBgn0036107	galla-2	3L	10882890	10883573	629
FBgn0027615	OXA1L	3L	10884261	10886471	1816
FBgn0036108	Cpr67Fa1	3L	10889990	10890700	554
FBgn0036110	Cpr67Fb	3L	10894173	10894693	457
FBgn0036111	Aps	3L	10894776	10899123	3115
FBgn0013469	klu	3L	10981171	11009188	4792
FBgn0263776	CG43693	3L	11036358	11051371	3292
FBgn0036116	CG7888	3L	11054035	11059659	2465
FBgn0036117	CG6321	3L	11059437	11061224	1594
FBgn0036118	Blos2	3L	11061571	11062215	645
FBgn0052069	CG32069	3L	11062131	11062614	356
FBgn0052075	CG32075	3L	11062726	11064941	1955
FBgn0025355	SuUR	3L	11064991	11069025	3776
FBgn0266540	CG45101	3L	11064991	11069025	3776
FBgn0036121	CG6310	3L	11069043	11069864	690
FBgn0263241	Mocs1	3L	11070526	11073348	2270
FBgn0010741	Pfdn2	3L	11073292	11074388	993
FBgn0036124	Noc1	3L	11074769	11078736	3714
FBgn0020412	JIL-1	3L	11078752	11093193	6634
FBgn0286979	CG46439	3L	11093371	11096245	2820
FBgn0286980	Iyd	3L	11093371	11096245	2820
FBgn0083068	CG33947	3L	11096496	11098556	1031
FBgn0036126	Irbp18	3L	11097446	11098186	614
FBgn0261112	APP-BP1	3L	11098412	11100578	1867
FBgn0036128	Elo68beta	3L	11100675	11101698	840
FBgn0052072	Elo68alpha	3L	11101875	11103030	937
FBgn0054012	CG34012	3L	11108820	11109505	551
FBgn0036133	emei	3L	11109690	11112117	1891
FBgn0003462	Sod1	3L	11112281	11113740	735
FBgn0036134	FoxK	3L	11114169	11120783	3823
FBgn0036135	mRpL2	3L	11120847	11122041	1039
FBgn0036136	Ufd1	3L	11121966	11123216	1194
FBgn0260795	NaPi-III	3L	11123348	11134663	3715
FBgn0052082	IRSp53	3L	11136049	11163984	5246
FBgn0036139	CG6216	3L	11149578	11150785	1073
FBgn0052076	Alg10	3L	11164971	11166620	1529
FBgn0036141	wls	3L	11166620	11169625	2574
FBgn0036142	Adck5	3L	11169817	11172411	2320
FBgn0036143	CG14142	3L	11173514	11176892	2651
FBgn0036144	GlcAT-P	3L	11176954	11197536	3916
FBgn0036147	Plod	3L	11198166	11206016	2630
FBgn0036145	CG7607	3L	11199620	11200587	668
FBgn0036146	nkt	3L	11201351	11202158	755
FBgn0061469	Ube3a	3L	11206422	11210583	3674
FBgn0064766	CG7600	3L	11210786	11214097	3255
FBgn0261553	CG42671	3L	11214505	11230745	6697
FBgn0036150	Ir68a	3L	11232972	11236218	2443
FBgn0041094	scyl	3L	11252307	11256172	3124
FBgn0036152	Dyro	3L	11287936	11295919	3956
FBgn0036153	CG7573	3L	11311747	11313397	1523
FBgn0036154	CG6168	3L	11319642	11321719	2078
FBgn0036155	CG6163	3L	11361986	11364885	2020
FBgn0036157	CG7560	3L	11425158	11426395	1107
FBgn0036158	CG6149	3L	11434695	11435476	782
FBgn0036159	CG7557	3L	11445161	11446579	1356
FBgn0036162	Fum3	3L	11463570	11465864	1846
FBgn0036165	chrb	3L	11487550	11499055	5960
FBgn0036168	CG7512	3L	11513705	11518904	1958
FBgn0285958	Fuca	3L	11518798	11522713	3513
FBgn0259481	Mob2	3L	11522757	11562233	5663
FBgn0036173	CG7394	3L	11561996	11564312	1554
FBgn0286893	CG46412	3L	11563587	11564072	423
FBgn0053267	CG33267	3L	11564483	11572796	742
FBgn0053270	CG33270	3L	11578236	11578623	388
FBgn0003292	rt	3L	11584122	11587770	3268
FBgn0036179	CG7368	3L	11597202	11605374	2916
FBgn0036180	Duba	3L	11605436	11609465	3442
FBgn0036181	Muc68Ca	3L	11610578	11620101	9524
FBgn0086254	Akr1B	3L	11620535	11624381	1521
FBgn0036184	PCID2	3L	11626441	11627715	1275
FBgn0042138	Apt1	3L	11628037	11630749	1801
FBgn0052091	CG32091	3L	11631392	11642902	2967
FBgn0036186	CG6071	3L	11642906	11646033	2926
FBgn0036187	RIOK1	3L	11646234	11648474	2121
FBgn0036188	Polr3H	3L	11648756	11650499	1628
FBgn0052085	CG32085	3L	11650517	11680344	3030
FBgn0015828	TfIIEalpha	3L	11682038	11683805	1622
FBgn0036191	Sugb	3L	11683980	11690155	3830
FBgn0036192	Pldn	3L	11689631	11691399	952
FBgn0036193	CG14135	3L	11691571	11692757	1064
FBgn0036194	Dph1	3L	11693879	11696963	1873
FBgn0036196	CG11658	3L	11699496	11708553	2731
FBgn0261353	Ccdc56	3L	11708979	11710570	1529
FBgn0261381	mtTFB1	3L	11708979	11710570	1529
FBgn0036198	crim	3L	11710507	11711386	752
FBgn0040817	CG14132	3L	11712229	11715285	894
FBgn0036199	Bmcp	3L	11720934	11728118	1855
FBgn0052088	sunn	3L	11728348	11732016	3003
FBgn0036202	loaf	3L	11733589	11766182	5263
FBgn0015278	Pi3K68D	3L	11774650	11790013	7799
FBgn0036205	CG14131	3L	11777073	11780485	2532
FBgn0036207	CG10907	3L	11793514	11795418	1610
FBgn0004381	Klp68D	3L	11795614	11798875	2998
FBgn0036208	Gcat	3L	11798948	11800861	1431
FBgn0259140	Cubn2	3L	11801951	11814755	11198
FBgn0036210	CG14130	3L	11815444	11816710	1067
FBgn0036211	CG5946	3L	11816695	11822275	2706
FBgn0036212	CG11597	3L	11820338	11822275	1851
FBgn0036213	RpL10Ab	3L	11822851	11824211	960
FBgn0052095	CG32095	3L	11824207	11825732	1526
FBgn0000404	CycA	3L	11826719	11833578	2919
FBgn0036214	CG7264	3L	11829030	11830844	1700
FBgn0266100	CG44837	3L	11850645	11938872	5460
FBgn0036224	Rpt4R	3L	11941912	11943485	1502
FBgn0036229	CG7248	3L	11954083	11956780	2611
FBgn0262986	CG43294	3L	11958283	11958909	627
FBgn0028573	prc	3L	11958872	11966131	5535
FBgn0053265	Muc68E	3L	11967343	11972979	5578
FBgn0264488	CG43896	3L	11976111	11983764	6844
FBgn0036235	CG6938	3L	11984906	11990505	4246
FBgn0036236	CG6931	3L	11990736	11992000	1075
FBgn0036237	viaf	3L	11991853	11993179	1158
FBgn0026432	Grip163	3L	11993274	11998138	4623
FBgn0036239	Pop2	3L	11998398	12002915	2665
FBgn0036240	CG6928	3L	12003155	12008051	2585
FBgn0041096	rols	3L	12008225	12064859	7556
FBgn0284221	Sema5c	3L	12067511	12081830	4385
FBgn0011335	vers	3L	12116101	12118055	1513
FBgn0036248	ssp	3L	12118257	12119789	1412
FBgn0036249	CG11560	3L	12120019	12121185	1113
FBgn0022959	yps	3L	12121274	12125150	2677
FBgn0002565	Lsp2	3L	12129393	12131869	2477
FBgn0046296	DEF8	3L	12132146	12133834	1637
FBgn0036254	CG5645	3L	12133771	12136706	2745
FBgn0036255	Atg12	3L	12136967	12137559	469
FBgn0011455	ND-SGDH	3L	12137496	12138584	888
FBgn0036257	RhoGAP68F	3L	12138868	12143380	2405
FBgn0036258	eIF3l	3L	12143446	12146097	1834
FBgn0013997	Nrx-IV	3L	12146519	12156990	5137
FBgn0052099	CG32099	3L	12149273	12150329	1057
FBgn0036259	CG9760	3L	12157052	12163735	2039
FBgn0036260	Rh7	3L	12164205	12175482	4014
FBgn0027843	CAH2	3L	12177601	12183347	1899
FBgn0036262	Miox	3L	12184984	12187860	1609
FBgn0000592	Est-6	3L	12188818	12190705	1837
FBgn0036263	thoc6	3L	12190696	12193688	2895
FBgn0022709	Ak1	3L	12200322	12204082	1266
FBgn0036266	Tsen54	3L	12204123	12206022	1491
FBgn0260941	app	3L	12206238	12266841	9018
FBgn0052100	CG32100	3L	12267528	12269803	2169
FBgn0036271	Pbgs	3L	12269452	12271345	1894
FBgn0036272	Sms	3L	12271656	12277251	2092
FBgn0036273	INPP5E	3L	12277655	12281476	3133
FBgn0036274	CG4328	3L	12290956	12296123	1968
FBgn0036277	CG10418	3L	12336676	12337236	437
FBgn0036278	CrzR	3L	12339116	12351544	3238
FBgn0036279	Ncc69	3L	12368646	12391444	5047
FBgn0052104	CG32104	3L	12393804	12399322	3768
FBgn0036282	Smyd4-2	3L	12399539	12401935	2165
FBgn0052103	SCaMC	3L	12402295	12414842	4461
FBgn0020655	ArfGAP1	3L	12415026	12417580	2085
FBgn0036285	toe	3L	12422510	12432668	2400
FBgn0036286	CG10616	3L	12471728	12474428	1886
FBgn0036287	CG10663	3L	12474418	12485035	3174
FBgn0036288	CG10660	3L	12486668	12490676	2310
FBgn0036289	CG10657	3L	12491830	12497216	1524
FBgn0036290	CG10638	3L	12498106	12501311	2446
FBgn0036291	CG10681	3L	12501513	12502647	1027
FBgn0036292	CG10646	3L	12502467	12503894	1377
FBgn0264848	vih	3L	12504292	12505821	1464
FBgn0036294	CG10654	3L	12505374	12507840	1805
FBgn0002466	sti	3L	12507998	12514815	6084
FBgn0041775	tral	3L	12515059	12520954	4170
FBgn0020388	Gcn5	3L	12521129	12524014	2770
FBgn0262524	ver	3L	12523987	12525150	808
FBgn0004926	eIF2beta	3L	12525093	12526731	1128
FBgn0036298	nst	3L	12527215	12530171	2202
FBgn0036299	Tsf2	3L	12530436	12533724	2884
FBgn0085271	CG34242	3L	12533996	12534403	375
FBgn0036300	Pmm2	3L	12534590	12535513	924
FBgn0036301	CG4069	3L	12535426	12537315	1709
FBgn0036302	sowah	3L	12537513	12572542	3013
FBgn0015904	ara	3L	12580672	12596018	2942
FBgn0014343	mirr	3L	12693639	12710249	3892
FBgn0261933	SmD1	3L	12733364	12734611	729
FBgn0014007	Ptp69D	3L	12734945	12741568	5168
FBgn0052112	CG32112	3L	12741718	12745154	2038
FBgn0052109	CG32109	3L	12745344	12746770	1052
FBgn0010235	Klc	3L	12746616	12750056	2065
FBgn0036305	CG10984	3L	12750119	12753402	2518
FBgn0036306	CG10973	3L	12753239	12754774	1032
FBgn0052113	Vps13D	3L	12755049	12768605	11901
FBgn0036309	Hip1	3L	12768432	12773573	4569
FBgn0052106	CG32106	3L	12773951	12778716	4545
FBgn0036310	CG10969	3L	12778750	12781097	2348
FBgn0036311	CG17666	3L	12781325	12784377	2908
FBgn0260945	Atg1	3L	12784429	12805116	4148
FBgn0261674	CG42709	3L	12790192	12796084	2403
FBgn0262714	Sap130	3L	12805902	12813036	4324
FBgn0052110	CG32110	3L	12808721	12810096	1376
FBgn0036314	Sf3a2	3L	12813028	12814019	992
FBgn0260965	CG42588	3L	12814254	12824650	8603
FBgn0036316	nebu	3L	12824880	12843106	3389
FBgn0036317	CG10948	3L	12844254	12850117	2956
FBgn0036318	Wbp2	3L	12850165	12853169	2007
FBgn0036319	Ent3	3L	12853646	12857428	3363
FBgn0052107	CG32107	3L	12857282	12861305	3956
FBgn0036324	CG12520	3L	12901247	12902737	1427
FBgn0287591	CR46461	3L	12907085	12907635	551
FBgn0052115	CG32115	3L	12912027	12913646	1560
FBgn0036329	CG11262	3L	12995135	12997418	2284
FBgn0036330	CG11263	3L	13006817	13007881	1065
FBgn0036331	CR14117	3L	13008285	13009450	1049
FBgn0036332	Cul6	3L	13009399	13011685	2215
FBgn0036333	MICAL-like	3L	13011976	13015332	3357
FBgn0036334	CG11267	3L	13016050	13016903	594
FBgn0036335	mRpL20	3L	13017149	13017867	602
FBgn0036336	Icmt	3L	13018266	13019687	1227
FBgn0036337	Adk2	3L	13019715	13022688	1905
FBgn0286213	RpS12	3L	13023352	13024762	613
FBgn0266709	Zmynd10	3L	13024763	13026437	1497
FBgn0083978	CG17672	3L	13028962	13036504	1483
FBgn0036340	Srrm1	3L	13036821	13040976	3862
FBgn0011284	RpS4	3L	13041756	13044234	1449
FBgn0036341	Syx13	3L	13044434	13046894	1700
FBgn0036342	CG11279	3L	13046977	13048919	1880
FBgn0010452	trn	3L	13114271	13118077	3365
FBgn0023095	caps	3L	13228692	13279642	4841
FBgn0040814	CG14113	3L	13329135	13329699	513
FBgn0036348	CG17687	3L	13349033	13354940	4995
FBgn0287423	Nplp2	3L	13356376	13357223	610
FBgn0036351	CG14107	3L	13380359	13381346	925
FBgn0001256	ImpL1	3L	13382765	13383999	1235
FBgn0036352	CG14110	3L	13384789	13385925	1085
FBgn0036353	CG10171	3L	13385946	13387907	1845
FBgn0036354	Poc1	3L	13388299	13390006	1641
FBgn0036356	CG10222	3L	13411122	13412453	1332
FBgn0260049	flr	3L	13412843	13416453	2343
FBgn0036362	CG10725	3L	13437954	13439009	876
FBgn0036365	cmb	3L	13442594	13449245	5561
FBgn0036366	JMJD7	3L	13449187	13450283	1097
FBgn0036368	CG10738	3L	13450770	13465539	5121
FBgn0036369	CG10089	3L	13465552	13474787	3708
FBgn0086708	stv	3L	13477541	13483515	3670
FBgn0036372	Abp1	3L	13483533	13486280	2500
FBgn0036373	Tgi	3L	13486797	13502492	2424
FBgn0036374	Spt20	3L	13502707	13511541	8181
FBgn0086785	Vps36	3L	13511646	13513112	1346
FBgn0036376	Liprin-beta	3L	13513254	13516276	2897
FBgn0036377	CG10710	3L	13516273	13519605	2637
FBgn0264001	bru3	3L	13521907	13803400	12817
FBgn0043550	Tsp68C	3L	13843656	13845316	1564
FBgn0029167	Hml	3L	13846054	13860001	11756
FBgn0036381	CG8745	3L	13860027	13866905	2429
FBgn0264006	dysc	3L	13867414	13903236	10288
FBgn0036382	CG13737	3L	13878994	13883056	938
FBgn0026376	Rgl	3L	13906897	13925335	5500
FBgn0036386	CG8833	3L	13925882	13929000	3002
FBgn0001108	DCTN1-p150	3L	13929387	13934656	4550
FBgn0052137	CG32137	3L	13939250	13962647	3223
FBgn0025874	Meics	3L	13962658	13964702	1940
FBgn0036389	ssp2	3L	13965203	13973067	4496
FBgn0263232	Nxf3	3L	13965203	13973067	7512
FBgn0001216	Hsc70-1	3L	13974061	13977761	2718
FBgn0036391	CG17364	3L	13977905	13993400	5456
FBgn0250848	CtsK1	3L	13994231	13996571	1872
FBgn0036395	CG17361	3L	13997191	13998055	865
FBgn0036396	CG17359	3L	13997900	13999251	1352
FBgn0036397	Nprl3	3L	13999380	14001880	2442
FBgn0036398	upSET	3L	14002127	14020148	12737
FBgn0052133	Ptip	3L	14020315	14029121	8068
FBgn0061515	endos	3L	14029579	14031706	1665
FBgn0036402	CG6650	3L	14031450	14034909	3132
FBgn0036403	CG6661	3L	14034776	14036751	1976
FBgn0026418	Hsp110	3L	14037019	14043686	3751
FBgn0283503	Neurl4	3L	14043694	14049892	5722
FBgn0036405	CG6833	3L	14051206	14052469	1264
FBgn0036406	CG13484	3L	14052428	14053079	652
FBgn0267795	Frl	3L	14053215	14071583	6165
FBgn0013563	Pex1	3L	14071892	14076123	3275
FBgn0285896	btl	3L	14075772	14083229	3968
FBgn0036410	CG8100	3L	14083615	14086421	2708
FBgn0042630	Sox21b	3L	14112405	14131324	3228
FBgn0036414	nan	3L	14186249	14189648	2850
FBgn0013718	nuf	3L	14190870	14233250	5594
FBgn0036416	CG7924	3L	14233469	14234609	1079
FBgn0085273	CG34244	3L	14235053	14235941	829
FBgn0001085	fz	3L	14274343	14368639	3817
FBgn0036419	CG13482	3L	14329346	14329885	540
FBgn0036422	CG3868	3L	14400769	14402725	1181
FBgn0003459	stwl	3L	14402930	14409939	4334
FBgn0036423	CG3919	3L	14410626	14412732	1406
FBgn0087007	bbg	3L	14412828	14536276	10028
FBgn0026409	Mpcp2	3L	14537651	14540441	1823
FBgn0036428	Gbs-70E	3L	14540937	14550975	2846
FBgn0054039	CG34039	3L	14560000	14562613	699
FBgn0028418	Lk	3L	14560139	14560764	626
FBgn0040318	HGTX	3L	14583222	14599540	3014
FBgn0003388	shd	3L	14614458	14622205	3016
FBgn0036433	CG9628	3L	14622796	14628174	1179
FBgn0027375	RecQ5	3L	14628160	14632077	3739
FBgn0041604	dlp	3L	14632601	14671609	3761
FBgn0259175	ome	3L	14672839	14747868	5044
FBgn0036442	CG13473	3L	14728760	14729343	584
FBgn0036443	CG13471	3L	14732589	14733517	929
FBgn0013263	Trl	3L	14747929	14761049	6254
FBgn0260233	CG42507	3L	14747929	14757962	4441
FBgn0053260	Tsen34	3L	14760520	14761844	902
FBgn0036446	Mgat4a	3L	14762028	14767703	4612
FBgn0036447	Mgat4b	3L	14767703	14769283	1581
FBgn0036448	mop	3L	14769341	14776129	5961
FBgn0036449	bmm	3L	14776496	14786412	2437
FBgn0036450	Tdrd3	3L	14786791	14789665	2644
FBgn0036451	Helz	3L	14789935	14801089	8665
FBgn0029148	NHP2	3L	14801328	14802168	781
FBgn0001120	gnu	3L	14802380	14803360	923
FBgn0036454	CG17839	3L	14805136	14882224	6089
FBgn0036460	CG5114	3L	14982835	14984486	1500
FBgn0002778	mnd	3L	14985100	14991667	2546
FBgn0036461	Zip71B	3L	14992289	14997983	2391
FBgn0036462	mRpL39	3L	14997981	14999666	1137
FBgn0023174	Prosbeta2	3L	14999951	15001319	1034
FBgn0036463	Reck	3L	15001238	15014062	4268
FBgn0261090	Sytbeta	3L	15014695	15064977	4563
FBgn0036466	CG18581	3L	15049550	15050209	660
FBgn0263762	CG43679	3L	15050856	15051425	516
FBgn0036470	EAChm	3L	15054777	15055565	789
FBgn0086690	Plp	3L	15066081	15094724	10794
FBgn0036474	Or71a	3L	15076907	15078447	1433
FBgn0036476	sstn	3L	15090823	15094719	2854
FBgn0027088	GlyRS	3L	15095142	15097686	2545
FBgn0266452	Ctps	3L	15097914	15113003	3026
FBgn0264703	CR43972	3L	15100054	15102040	1641
FBgn0266441	CG45071	3L	15105882	15110730	1867
FBgn0036479	CG13458	3L	15113557	15116373	2188
FBgn0036480	Cep135	3L	15116737	15128029	3570
FBgn0036481	CG16959	3L	15119878	15125321	2292
FBgn0052847	CG32847	3L	15121572	15122301	730
FBgn0036482	CG13457	3L	15127940	15131378	3284
FBgn0036483	CG12316	3L	15131508	15136934	4382
FBgn0286818	Pdi	3L	15137738	15142840	2328
FBgn0047178	CG32147	3L	15143063	15144059	911
FBgn0036484	Pex3	3L	15144355	15146379	1906
FBgn0036485	FucTA	3L	15147137	15154395	3338
FBgn0036486	Msh6	3L	15154233	15158562	4080
FBgn0036487	Prp31	3L	15159100	15161138	1862
FBgn0036489	CG7011	3L	15160876	15163628	1343
FBgn0036488	CG6878	3L	15161817	15162470	531
FBgn0029114	Tollo	3L	15235619	15242832	7214
FBgn0036491	Best4	3L	15298958	15300942	1662
FBgn0036492	Best3	3L	15300915	15302785	1694
FBgn0036493	CG7255	3L	15304255	15311195	5047
FBgn0036500	CG7275	3L	15498959	15500561	1495
FBgn0036501	CG7272	3L	15500938	15503769	1191
FBgn0026738	CG7857	3L	15503600	15504894	1234
FBgn0036502	CG7841	3L	15505188	15508252	1628
FBgn0004052	Z600	3L	15509061	15509513	453
FBgn0001099	gdl	3L	15509445	15511047	1175
FBgn0028377	gdl-ORF39	3L	15509445	15510837	965
FBgn0000565	MsrA	3L	15511052	15513202	1354
FBgn0036503	CG13454	3L	15516533	15517056	524
FBgn0004228	mex1	3L	15517424	15519592	1219
FBgn0036504	yellow-k	3L	15520620	15521653	1034
FBgn0036505	CG7945	3L	15521711	15524137	1772
FBgn0053985	CG33985	3L	15525891	15526812	860
FBgn0261681	CG42728	3L	15527620	15528196	577
FBgn0053983	obst-H	3L	15528265	15529243	915
FBgn0262893	CG43248	3L	15530085	15531473	846
FBgn0004396	CrebA	3L	15535395	15553214	4498
FBgn0087035	AGO2	3L	15554113	15561042	4144
FBgn0036509	CG7739	3L	15560726	15563065	2281
FBgn0036510	SCCRO	3L	15563427	15565559	2046
FBgn0267390	dop	3L	15566013	15576313	7868
FBgn0036512	Ufsp2	3L	15576570	15578674	2046
FBgn0261109	mrn	3L	15578769	15580537	1714
FBgn0036514	CG12301	3L	15580800	15583373	2515
FBgn0036515	AIMP2	3L	15583638	15585347	1150
FBgn0036516	CG7656	3L	15585431	15588175	2154
FBgn0036518	RhoGAP71E	3L	15588860	15609125	6458
FBgn0036519	CG7650	3L	15608707	15610386	1680
FBgn0036520	CG13449	3L	15610631	15612828	1781
FBgn0259236	comm3	3L	15613184	15647762	2618
FBgn0036522	Phs	3L	15619901	15624130	4172
FBgn0036529	Pgant8	3L	15683872	15686598	2199
FBgn0085481	CG34452	3L	15686352	15687902	1297
FBgn0041160	comm2	3L	15697594	15699850	1516
FBgn0010105	comm	3L	15721511	15728430	2495
FBgn0036532	CG13445	3L	15809485	15809977	431
FBgn0261722	fwe	3L	15810081	15816410	3020
FBgn0015025	CkIIalpha-i1	3L	15816979	15818621	1585
FBgn0036534	DCP2	3L	15818734	15826423	5971
FBgn0040230	dbo	3L	15826888	15832004	3650
FBgn0036536	CG12713	3L	15832464	15833947	1351
FBgn0036537	CG18081	3L	15833795	15835388	1002
FBgn0036538	CG15715	3L	15835693	15837482	969
FBgn0264908	pHCl-1	3L	15848578	15899029	8354
FBgn0036544	sff	3L	15900156	15924861	6785
FBgn0000489	Pka-C3	3L	15925805	15954797	3091
FBgn0036545	GXIVsPLA2	3L	15955096	15956465	1234
FBgn0283649	elgi	3L	15956550	15958433	1611
FBgn0036547	CG17032	3L	15958843	15960609	1463
FBgn0263599	Brr2	3L	15960836	15967872	6707
FBgn0036549	CG10516	3L	15968204	15969902	1329
FBgn0000212	brm	3L	15970082	15982869	5597
FBgn0036550	CG17026	3L	15975368	15976428	1004
FBgn0036551	CG17029	3L	15976870	15978435	1167
FBgn0036552	CG17028	3L	15978524	15980004	1140
FBgn0036553	CG17027	3L	15980100	15981888	1558
FBgn0000115	Arl1	3L	15983135	15984362	863
FBgn0263600	PolD1	3L	15984322	15987815	3440
FBgn0259824	Hip14	3L	15988236	15992464	3910
FBgn0036556	hzg	3L	15992669	16004736	3603
FBgn0036557	mRpS31	3L	16005193	16006599	1277
FBgn0263601	mib1	3L	16006552	16011812	4095
FBgn0044028	Notum	3L	16023480	16032752	3792
FBgn0261634	CG42717	3L	16032762	16033190	373
FBgn0261633	CG42716	3L	16033778	16034170	325
FBgn0260646	CG42538	3L	16034524	16034853	270
FBgn0036560	CG5895	3L	16035485	16037227	1567
FBgn0260635	Diap1	3L	16038410	16051034	3143
FBgn0005536	Mbs	3L	16051959	16082026	8262
FBgn0053258	CG33258	3L	16082551	16083638	964
FBgn0036563	CG13075	3L	16083993	16085264	1149
FBgn0263602	Tasp1	3L	16085221	16087525	2159
FBgn0036565	CG5235	3L	16087627	16090392	2711
FBgn0036566	ClC-c	3L	16090454	16096151	3962
FBgn0036567	CG13074	3L	16095768	16097493	1533
FBgn0036568	ATPsynbetaL	3L	16097834	16100088	2036
FBgn0036569	IleRS-m	3L	16100280	16103482	2900
FBgn0036570	IntS9	3L	16103432	16105627	2078
FBgn0262987	CG43295	3L	16105852	16106428	504
FBgn0263603	Zn72D	3L	16106594	16112626	5291
FBgn0010280	Taf4	3L	16113212	16121651	5516
FBgn0036571	Strump	3L	16122002	16126052	3814
FBgn0003076	Pgm1	3L	16126018	16128531	1843
FBgn0011016	SsRbeta	3L	16129617	16130983	950
FBgn0266724	Trs20	3L	16131001	16131632	575
FBgn0036574	elg1	3L	16132028	16136691	4200
FBgn0036575	CG5157	3L	16136487	16137879	1393
FBgn0036576	CG5151	3L	16137802	16164701	7580
FBgn0052152	CG32152	3L	16139501	16144036	4277
FBgn0036577	CG13073	3L	16213051	16217303	1500
FBgn0263605	l(3)72Dn	3L	16226126	16228737	2323
FBgn0036579	Tmx3	3L	16229100	16231139	1862
FBgn0036580	PDCD-5	3L	16231081	16232038	650
FBgn0036581	MED10	3L	16232084	16232777	638
FBgn0263606	Hsc20	3L	16233127	16234165	927
FBgn0263607	l(3)72Dp	3L	16234140	16236999	2517
FBgn0263608	l(3)72Dr	3L	16237723	16239462	1138
FBgn0036584	CG13054	3L	16255852	16257191	1340
FBgn0036587	CG4950	3L	16265797	16268156	2360
FBgn0036597	CG4962	3L	16294711	16295547	774
FBgn0036612	CG4998	3L	16339003	16345241	4192
FBgn0285951	mRpS34	3L	16348074	16348782	709
FBgn0036614	Golgin104	3L	16348747	16351951	2559
FBgn0283681	Tcs3	3L	16351991	16353286	1180
FBgn0011693	Pdh	3L	16353233	16354297	945
FBgn0266417	ringer	3L	16354746	16359428	1400
FBgn0036618	Cpr72Eb	3L	16364899	16365707	809
FBgn0036619	Cpr72Ec	3L	16365894	16367340	1447
FBgn0036620	CG4842	3L	16368389	16369518	934
FBgn0042137	CG18814	3L	16369826	16370945	956
FBgn0036621	roq	3L	16370938	16378566	6179
FBgn0036622	Agpat4	3L	16378974	16381570	1628
FBgn0036623	Agpat3	3L	16381772	16385957	2401
FBgn0036624	RAF2	3L	16386327	16390816	4082
FBgn0266099	CG44836	3L	16390952	16400275	3078
FBgn0036627	Gagr	3L	16394586	16396880	2295
FBgn0014163	fax	3L	16402796	16411828	4167
FBgn0028399	Serinc	3L	16412722	16415386	1767
FBgn0036629	GluRS-m	3L	16415292	16417177	1700
FBgn0027080	TyrRS	3L	16417349	16419302	1771
FBgn0053158	CG33158	3L	16419597	16496560	3436
FBgn0261799	dsx-c73A	3L	16422795	16451958	3496
FBgn0004569	aos	3L	16470386	16483650	2822
FBgn0260388	CG42514	3L	16491838	16496236	2508
FBgn0263131	CG43373	3L	16491838	16543370	7558
FBgn0003515	st	3L	16497651	16500460	2146
FBgn0026061	Mipp1	3L	16563448	16573334	2078
FBgn0262732	mbf1	3L	16574436	16576871	1788
FBgn0036640	nxf2	3L	16576859	16580306	2917
FBgn0036641	Smn	3L	16580398	16581547	1086
FBgn0263975	CR43727	3L	16581637	16582767	1131
FBgn0028693	Rpn12	3L	16583028	16584022	995
FBgn0250814	UQCR-C2	3L	16584124	16586111	1686
FBgn0036643	Syx8	3L	16586108	16587057	897
FBgn0052163	CG32163	3L	16587157	16588143	946
FBgn0002283	l(3)73Ah	3L	16588475	16590132	1404
FBgn0003741	tra	3L	16590059	16591050	862
FBgn0027500	spd-2	3L	16591207	16595014	3686
FBgn0042178	Apl	3L	16595181	16600459	3888
FBgn0036646	CR18217	3L	16600448	16602723	2100
FBgn0042177	Arts	3L	16602851	16608146	3896
FBgn0036648	CG4098	3L	16608138	16609347	1154
FBgn0002284	Prosbeta6	3L	16609400	16610418	944
FBgn0004465	Su(P)	3L	16610662	16612199	1412
FBgn0025558	CG4101	3L	16612486	16612950	465
FBgn0017572	Mo25	3L	16613218	16615472	2255
FBgn0000017	Abl	3L	16615866	16647882	12819
FBgn0260960	Baldspot	3L	16648442	16661615	2844
FBgn0010223	Galphaf	3L	16662557	16667934	1825
FBgn0040512	zetaCOP	3L	16671664	16673555	1227
FBgn0036652	CG13032	3L	16673964	16676264	2187
FBgn0063485	Lasp	3L	16676406	16711677	4413
FBgn0264605	CG43954	3L	16676406	16711677	4413
FBgn0036654	CG9692	3L	16704973	16706428	1393
FBgn0000414	Dab	3L	16712126	16724575	9270
FBgn0036656	CG13026	3L	16724678	16726169	1431
FBgn0043577	PGRP-SB2	3L	16726541	16727288	688
FBgn0043578	PGRP-SB1	3L	16727299	16727989	623
FBgn0004556	Dbp73D	3L	16728496	16730818	2209
FBgn0004108	Nrt	3L	16766072	16777465	4281
FBgn0287696	mus302	3L	16776531	16779736	3145
FBgn0036661	CG9705	3L	16780100	16782419	1570
FBgn0036662	CG9706	3L	16783010	16785246	2062
FBgn0025582	eIF3e	3L	16785242	16786941	1520
FBgn0036663	CG9674	3L	16787573	16807731	8414
FBgn0021768	nudC	3L	16804994	16819532	1622
FBgn0036665	CG13024	3L	16809658	16829074	2013
FBgn0036666	TSG101	3L	16842294	16844585	1757
FBgn0036667	kud	3L	16844568	16844991	367
FBgn0036668	Zcchc7	3L	16845386	16852350	5454
FBgn0003250	Rh4	3L	16852527	16862517	1349
FBgn0003410	sina	3L	16853751	16858712	3257
FBgn0259794	sinah	3L	16859080	16860529	1450
FBgn0036670	CG13029	3L	16860622	16861838	1096
FBgn0036671	CG9951	3L	16863164	16864989	1826
FBgn0261565	Lmpt	3L	16865295	16922487	12091
FBgn0052170	CG32170	3L	16877309	16879372	2064
FBgn0036676	CG13028	3L	16923252	16923994	743
FBgn0036677	CG13023	3L	16923914	16927434	2216
FBgn0036678	CG11905	3L	16928381	16935536	4644
FBgn0036680	Cpr73D	3L	16939100	16957689	3030
FBgn0036681	Obp73a	3L	16944361	16954942	905
FBgn0010352	Ogdh	3L	16954822	16968724	5344
FBgn0261547	Exn	3L	16970013	16994388	7879
FBgn0036684	CG3764	3L	16994717	17012565	6372
FBgn0036685	CG6664	3L	17012886	17016180	2681
FBgn0036686	CG7728	3L	17016536	17020270	3675
FBgn0036687	CG6652	3L	17020348	17022856	2244
FBgn0036688	Fit2	3L	17024328	17027117	2790
FBgn0036689	CG7730	3L	17027515	17029814	2123
FBgn0036690	Ilp8	3L	17029812	17032080	867
FBgn0036691	beg	3L	17035668	17036865	1198
FBgn0261872	scaf6	3L	17036859	17042574	3831
FBgn0036695	Papst2	3L	17042797	17044465	1551
FBgn0036696	Pop5	3L	17044401	17045038	554
FBgn0010424	TpnC73F	3L	17046063	17048390	1059
FBgn0036697	rogdi	3L	17049512	17055454	2379
FBgn0036698	CG7724	3L	17055613	17058533	1418
FBgn0260943	Rbp6	3L	17058774	17238212	15616
FBgn0036702	Afg3l2	3L	17238613	17242128	3239
FBgn0036710	CG6479	3L	17337172	17339262	1897
FBgn0036712	brv2	3L	17342050	17344696	2367
FBgn0036714	CG7692	3L	17351822	17358056	5440
FBgn0036716	CG13728	3L	17380026	17382728	2504
FBgn0036717	CG13731	3L	17383636	17388956	2980
FBgn0027660	blot	3L	17396031	17421514	4601
FBgn0266669	Sec3	3L	17421787	17425217	3109
FBgn0040793	COX7B	3L	17425477	17426282	417
FBgn0053051	Polr3G	3L	17426286	17427130	719
FBgn0053052	Gorab	3L	17427305	17428836	1391
FBgn0042641	frc	3L	17428936	17433190	3871
FBgn0052174	Coq4	3L	17428936	17433621	3934
FBgn0052176	CG32176	3L	17433868	17437971	1928
FBgn0036723	CG12229	3L	17434472	17436431	1960
FBgn0036726	QIL1	3L	17465945	17466768	762
FBgn0036727	SecCl	3L	17470127	17474517	2249
FBgn0036728	UQCR-Q	3L	17474761	17476124	975
FBgn0288810	CG46525	3L	17475220	17475429	210
FBgn0085279	CG34250	3L	17476222	17477103	865
FBgn0036729	CG13733	3L	17477795	17478926	1132
FBgn0036730	qjt	3L	17479096	17480141	990
FBgn0036731	CG6333	3L	17480129	17486230	2133
FBgn0036732	Oatp74D	3L	17487118	17511693	4146
FBgn0052185	edin	3L	17494880	17495300	421
FBgn0036733	U4-U6-60K	3L	17511855	17513912	2058
FBgn0036734	CG7564	3L	17514298	17524740	10443
FBgn0036735	Edc3	3L	17525333	17529861	4062
FBgn0259174	Nedd4	3L	17530081	17546660	5259
FBgn0023197	Jon74E	3L	17548077	17549127	903
FBgn0036738	CG7542	3L	17549826	17550980	1155
FBgn0025455	CycT	3L	17551004	17557788	6342
FBgn0000567	Eip74EF	3L	17558672	17619325	9332
FBgn0036740	Vps60	3L	17620123	17621625	1100
FBgn0036741	anchor	3L	17621824	17630971	4338
FBgn0036742	CG7497	3L	17633449	17638001	1822
FBgn0004401	Pep	3L	17638103	17645036	2792
FBgn0262531	CG43085	3L	17645486	17646737	1193
FBgn0052177	Ndfip	3L	17647442	17654280	2094
FBgn0052179	Krn	3L	17649562	17654280	1354
FBgn0036745	CG7484	3L	17654617	17655645	657
FBgn0036746	Crtc	3L	17659818	17669234	5957
FBgn0085280	CG34251	3L	17671622	17683581	1275
FBgn0036749	CG7460	3L	17740540	17742540	2001
FBgn0036750	CG6034	3L	17745173	17746860	1688
FBgn0036751	Adgf-B	3L	17748833	17750588	1694
FBgn0036752	Adgf-A	3L	17751731	17764158	2588
FBgn0043025	Adgf-A2	3L	17754936	17764158	1911
FBgn0052182	CG32182	3L	17758112	17759553	1442
FBgn0052181	CG32181	3L	17759697	17762904	2276
FBgn0261998	CG42816	3L	17792088	17797594	4777
FBgn0052190	NUCB1	3L	17797738	17802279	2203
FBgn0036754	ais	3L	17802490	17804715	2112
FBgn0052191	CG32191	3L	17806451	17809146	2419
FBgn0001134	Grd	3L	17823333	17839767	4071
FBgn0036759	CG5577	3L	17838650	17841427	2162
FBgn0036760	CG5567	3L	17841540	17843544	1288
FBgn0036761	MED19	3L	17843725	17846501	1853
FBgn0036762	CG7430	3L	17846916	17849601	2252
FBgn0036763	TrpRS-m	3L	17849727	17852453	2477
FBgn0036764	CG5535	3L	17852624	17856794	2296
FBgn0054002	CG34002	3L	17858474	17860482	1148
FBgn0262532	CR43086	3L	17868740	17870573	1027
FBgn0262533	CR43087	3L	17874715	17876573	999
FBgn0036765	CG7408	3L	17879096	17883653	3171
FBgn0036766	CG5506	3L	17883649	17884376	661
FBgn0036769	Tsp74F	3L	17891820	17895862	1519
FBgn0036770	Prestin	3L	17898889	17907812	3553
FBgn0036771	Wdr92	3L	17908143	17909683	1485
FBgn0036772	CG5290	3L	17909483	17912565	2917
FBgn0000568	Eip75B	3L	17950953	18064696	13451
FBgn0052192	CG32192	3L	18040317	18041738	992
FBgn0259739	CG42393	3L	18042733	18044214	1142
FBgn0264748	CG44006	3L	18068728	18070150	1240
FBgn0264746	CG44004	3L	18072362	18073863	1302
FBgn0036774	mRpS26	3L	18106579	18107499	825
FBgn0036775	Polr3D	3L	18107848	18109574	1544
FBgn0002901	mus304	3L	18109814	18112847	2816
FBgn0036777	CG7341	3L	18112959	18121003	1455
FBgn0052195	CG32195	3L	18112959	18119150	4961
FBgn0036778	Cyp312a1	3L	18128940	18132689	3383
FBgn0003997	hid	3L	18167745	18185641	4018
FBgn0011706	rpr	3L	18397535	18398435	901
FBgn0052196	CG32196	3L	18459464	18461024	826
FBgn0013717	not	3L	18618305	18622129	2989
FBgn0259791	bora	3L	18622692	18624751	2002
FBgn0036801	MYPT-75D	3L	18625959	18667177	5204
FBgn0260027	CG42495	3L	18667361	18668135	654
FBgn0042134	Capr	3L	18668153	18673324	4080
FBgn0040322	GNBP2	3L	18673474	18675413	1501
FBgn0040323	GNBP1	3L	18675800	18677876	1785
FBgn0286925	CR46422	3L	18677931	18679297	1207
FBgn0085283	CR34254	3L	18679559	18680779	1085
FBgn0036804	Sgf11	3L	18681037	18681836	800
FBgn0052202	CG32202	3L	18682184	18682860	616
FBgn0036805	Chmp1	3L	18682895	18684061	1096
FBgn0036806	Cyp12c1	3L	18684259	18686319	1884
FBgn0036809	CG12477	3L	18721893	18723272	1325
FBgn0036810	CG6885	3L	18744488	18745699	1212
FBgn0036811	MED11	3L	18745856	18746623	713
FBgn0036812	Nufip	3L	18746611	18748367	1640
FBgn0036813	Atg3	3L	18748687	18750483	1221
FBgn0001078	ftz-f1	3L	18750607	18801309	8581
FBgn0036814	CG14073	3L	18802265	18820675	7804
FBgn0036815	HipHop	3L	18821171	18822353	1183
FBgn0000261	Cat	3L	18822604	18828188	1993
FBgn0036816	Indy	3L	18828632	18846267	3073
FBgn0036817	CG6865	3L	18863647	18865514	1025
FBgn0036818	CG14074	3L	18866225	18867431	1149
FBgn0036819	Dysb	3L	18867771	18869219	1391
FBgn0036820	Grx1	3L	18869230	18870057	696
FBgn0025807	Rad9	3L	18870045	18872553	1881
FBgn0085284	Blos3	3L	18870224	18870897	564
FBgn0014075	Uggt	3L	18872747	18878245	5316
FBgn0036821	CG3961	3L	18878250	18890483	3731
FBgn0036822	NijB	3L	18892383	18893278	741
FBgn0036824	CG3902	3L	18893120	18898293	1585
FBgn0036825	RpL26	3L	18898875	18900408	1179
FBgn0036826	arx	3L	18900595	18901554	892
FBgn0036827	CG6843	3L	18901594	18902952	1281
FBgn0027057	CSN1b	3L	18903057	18904930	1802
FBgn0036828	Prp6	3L	18905372	18908974	3382
FBgn0036829	Ir75d	3L	18908260	18911182	2312
FBgn0036830	COX6AL2	3L	18908260	18914150	3130
FBgn0036834	CG6836	3L	18950629	18955406	1309
FBgn0036835	CG14075	3L	18984961	18985634	674
FBgn0036836	CG11619	3L	18985905	18988323	2419
FBgn0036837	CG18135	3L	18990026	18998283	4072
FBgn0036838	CG3808	3L	18997875	19000608	2522
FBgn0002945	nkd	3L	19003741	19045449	5062
FBgn0015586	Acp76A	3L	19050757	19052026	1201
FBgn0036842	Ugt316A1	3L	19059400	19062816	3154
FBgn0036843	Sfxn2	3L	19063165	19066151	2062
FBgn0036844	Mkp3	3L	19066155	19086426	4736
FBgn0036846	MESR6	3L	19092670	19094760	1791
FBgn0036847	CNPYb	3L	19094890	19096217	1328
FBgn0036848	Naxd	3L	19096399	19097709	1233
FBgn0036849	CG14079	3L	19097999	19099064	1008
FBgn0036850	Gem2	3L	19099123	19100363	1190
FBgn0016797	fz2	3L	19140975	19235373	7422
FBgn0036853	mRpL21	3L	19253290	19255061	1696
FBgn0040075	rept	3L	19255340	19257111	1772
FBgn0026630	nes	3L	19257282	19260679	2377
FBgn0260857	Bet1	3L	19261394	19262437	987
FBgn0017578	Max	3L	19262232	19264184	1289
FBgn0036856	Mettl5	3L	19263766	19266838	1635
FBgn0259720	CG42374	3L	19263766	19266838	1635
FBgn0266456	CG45081	3L	19266061	19266838	657
FBgn0036857	Aldh7A1	3L	19266473	19268913	2053
FBgn0036859	CG14085	3L	19269351	19274168	2948
FBgn0036858	CG14088	3L	19269772	19270642	871
FBgn0036862	Gbs-76A	3L	19281364	19292766	5392
FBgn0028380	fal	3L	19294564	19298830	2722
FBgn0003089	pip	3L	19298623	19337609	10964
FBgn0052206	CG32206	3L	19340321	19412912	7272
FBgn0053255	CR33255	3L	19423758	19424146	330
FBgn0053062	CG33062	3L	19441719	19446444	1006
FBgn0023395	Chd3	3L	19447173	19450238	3066
FBgn0036870	CG14095	3L	19464049	19464759	641
FBgn0036871	CG14096	3L	19466567	19467079	458
FBgn0052214	CG32214	3L	19467346	19468160	756
FBgn0036872	CG12519	3L	19472491	19473145	600
FBgn0262031	CR42842	3L	19478284	19478670	330
FBgn0052212	CG32212	3L	19487560	19488348	730
FBgn0036875	CG9449	3L	19492053	19497723	2750
FBgn0036877	CG9452	3L	19501010	19503870	1652
FBgn0036882	Dred	3L	19538425	19544205	5537
FBgn0286940	CG46434	3L	19538425	19544205	5537
FBgn0262517	Ltn1	3L	19544345	19552290	5404
FBgn0260461	Rcd7	3L	19545110	19547293	1906
FBgn0286941	CG46435	3L	19545110	19547293	1827
FBgn0036886	CG9300	3L	19552420	19554767	2156
FBgn0005564	Shal	3L	19566851	19584568	4606
FBgn0036887	CG9231	3L	19585093	19586003	847
FBgn0036888	CG9330	3L	19586253	19589111	2384
FBgn0036889	CG14100	3L	19589072	19590524	1393
FBgn0005386	ash1	3L	19590773	19598755	7615
FBgn0010417	Taf6	3L	19599088	19601382	2056
FBgn0036890	CG9368	3L	19601633	19604120	2423
FBgn0020277	lush	3L	19604398	19606090	979
FBgn0036891	CG9372	3L	19606208	19608368	1693
FBgn0036892	Lon	3L	19607857	19612199	3761
FBgn0036893	PIG-F	3L	19612455	19613489	1035
FBgn0260655	l(3)76BDm	3L	19613427	19618521	4347
FBgn0029094	asf1	3L	19618894	19620398	1505
FBgn0036895	ms(3)76Cc	3L	19620502	19624309	3746
FBgn0036896	wnd	3L	19624406	19635783	5251
FBgn0036897	Rnf146	3L	19637207	19642816	4488
FBgn0022774	Oat	3L	19647280	19649851	1501
FBgn0036899	tey	3L	19650506	19664104	3431
FBgn0036900	CG8765	3L	19683941	19687353	3082
FBgn0004623	Gbeta76C	3L	19687637	19689992	1466
FBgn0261341	verm	3L	19690033	19695260	2368
FBgn0260653	serp	3L	19700977	19708015	2541
FBgn0262516	Trpml	3L	19714418	19718328	3070
FBgn0261360	CG42637	3L	19719527	19793569	6521
FBgn0260434	CG42529	3L	19728994	19730402	1409
FBgn0261361	CG42638	3L	19745834	19749744	3070
FBgn0266136	Gyc76C	3L	19750943	19793569	6547
FBgn0036905	Vtld	3L	19760409	19761817	1409
FBgn0261283	SREBP	3L	19793935	19798979	4056
FBgn0036906	CG14102	3L	19798975	19801291	2055
FBgn0260874	Ir76a	3L	19799278	19803427	2109
FBgn0036908	TORIP	3L	19803738	19805080	1221
FBgn0036909	Ccdc58	3L	19805181	19806932	1642
FBgn0083952	CG34116	3L	19805241	19806036	796
FBgn0040786	CG14104	3L	19806811	19807199	389
FBgn0024889	Kap-alpha1	3L	19807232	19810398	2322
FBgn0036910	Cyp305a1	3L	19810403	19813339	1801
FBgn0023094	cyc	3L	19813770	19815938	1625
FBgn0036911	Fibp	3L	19816085	19817967	1423
FBgn0013799	Deaf1	3L	19818174	19830686	3698
FBgn0003744	trc	3L	19830864	19834304	2816
FBgn0052221	CG32221	3L	19834670	19836413	1606
FBgn0001324	kto	3L	19836614	19844944	7776
FBgn0020389	Papss	3L	19845293	19860925	3029
FBgn0262518	Rab8	3L	19867488	19871078	2314
FBgn0036913	Usp32	3L	19871139	19881783	6311
FBgn0262519	Mi-2	3L	19882051	19910215	6600
FBgn0014037	Su(Tpl)	3L	19889120	19909410	6626
FBgn0036915	Prp3	3L	19910300	19912504	2151
FBgn0036916	Mtr3	3L	19912405	19913715	1253
FBgn0028695	Rpn1	3L	19915051	19918160	3041
FBgn0020887	Su(z)12	3L	19918242	19923462	4098
FBgn0036918	Pfdn6	3L	19923671	19924688	847
FBgn0036919	Grasp65	3L	19924943	19927175	1797
FBgn0036920	CG8004	3L	19927194	19928508	1242
FBgn0036921	RhoGDI	3L	19928743	19932930	1540
FBgn0287592	CG46462	3L	19931691	19932331	572
FBgn0004852	Ac76E	3L	19939287	19977960	5320
FBgn0052219	CG32219	3L	19950023	19951135	997
FBgn0036922	CG14182	3L	19978713	19979812	1032
FBgn0036923	CG17732	3L	19981685	19984191	2373
FBgn0036924	hale	3L	19984426	19985868	1384
FBgn0013303	Nca	3L	19991887	19997568	899
FBgn0036926	CG7646	3L	19991887	19996269	1696
FBgn0036927	Gabat	3L	19997714	20000686	2330
FBgn0036928	Tom20	3L	20000644	20002446	1008
FBgn0036929	CG7668	3L	20002736	20004834	1736
FBgn0261574	kug	3L	20005301	20024607	14507
FBgn0036931	CG14183	3L	20024687	20027835	2712
FBgn0036932	Lamtor1	3L	20027819	20029020	759
FBgn0036937	Ir76b	3L	20108484	20111534	2308
FBgn0005198	gig	3L	20129181	20139010	5795
FBgn0036940	obst-J	3L	20130451	20131743	1235
FBgn0036942	CG7328	3L	20139210	20140607	1398
FBgn0261556	CG42674	3L	20149614	20198317	10693
FBgn0036945	Ssk	3L	20188522	20189779	898
FBgn0260397	Su(var)3-3	3L	20226381	20230250	3681
FBgn0036956	CG13813	3L	20231669	20233255	1527
FBgn0036958	CG17233	3L	20233173	20241903	5995
FBgn0024814	Clc	3L	20241053	20243735	1406
FBgn0036959	CG6951	3L	20241267	20245312	1184
FBgn0265959	rdgC	3L	20248080	20265554	5299
FBgn0052227	gogo	3L	20268859	20295133	5099
FBgn0036964	FRG1	3L	20295802	20296971	903
FBgn0288469	Pex23	3L	20297129	20302141	4504
FBgn0036967	SCCRO4	3L	20299410	20309511	2121
FBgn0052225	CG32225	3L	20304310	20306283	1293
FBgn0003124	polo	3L	20309654	20313466	2980
FBgn0250791	alphaSnap	3L	20313632	20316577	2070
FBgn0262057	Spn77Ba	3L	20317190	20320116	2161
FBgn0036969	Spn77Bb	3L	20320952	20322358	1161
FBgn0036970	Spn77Bc	3L	20342634	20344319	1440
FBgn0266934	CR45385	3L	20345323	20346034	712
FBgn0036973	Rbbp5	3L	20345736	20347942	1853
FBgn0036974	eRF1	3L	20348355	20353873	3112
FBgn0036975	CG5618	3L	20353449	20356632	2269
FBgn0024887	kin17	3L	20356807	20358331	1453
FBgn0036977	CG5665	3L	20358512	20359820	1188
FBgn0259676	Prim2	3L	20359833	20361585	1753
FBgn0036978	Toll-9	3L	20361843	20366724	3490
FBgn0001259	in	3L	20367198	20370259	3062
FBgn0036979	CG13247	3L	20370313	20371746	1305
FBgn0001247	Ide	3L	20371672	20375896	3439
FBgn0036980	RhoBTB	3L	20376242	20382398	3355
FBgn0027565	CG5498	3L	20382405	20384109	1523
FBgn0011205	fbl	3L	20384429	20391913	3513
FBgn0053969	CG33969	3L	20391685	20393553	1665
FBgn0028978	trbl	3L	20396288	20401609	2372
FBgn0036984	CG13248	3L	20407103	20410566	2856
FBgn0036985	zye	3L	20413604	20424309	7031
FBgn0036987	CG5274	3L	20426199	20427666	1390
FBgn0036988	CG5262	3L	20427962	20430475	2033
FBgn0029158	Las	3L	20430605	20432361	1373
FBgn0284421	Psn	3L	20432468	20435156	2048
FBgn0036990	mRpL15	3L	20435110	20436209	1029
FBgn0036991	CtIP	3L	20436250	20438370	1866
FBgn0036992	Hpd	3L	20438166	20439872	1518
FBgn0036993	CG5910	3L	20442419	20450580	1199
FBgn0036994	CG5199	3L	20450532	20452864	1643
FBgn0036995	atk	3L	20454690	20464862	5188
FBgn0036996	mag	3L	20460683	20462274	1477
FBgn0036997	Tdh	3L	20466944	20469592	1314
FBgn0052428	CG32428	3L	20469674	20473723	2299
FBgn0036998	CG5969	3L	20473783	20474791	947
FBgn0036999	isoQC	3L	20474466	20477003	2153
FBgn0037000	ZnT77C	3L	20484293	20494921	2536
FBgn0037001	ND-39	3L	20492082	20497084	1616
FBgn0052425	CG32425	3L	20497323	20514107	4295
FBgn0037003	CG18281	3L	20499836	20501500	1665
FBgn0037004	CG17637	3L	20504186	20505700	1515
FBgn0037005	CG5078	3L	20506032	20507375	1344
FBgn0037007	BNIP3	3L	20514598	20519393	2332
FBgn0037008	mTerf3	3L	20519590	20520772	1124
FBgn0037009	CG5104	3L	20521009	20522434	787
FBgn0287585	Pss	3L	20522440	20526174	2049
FBgn0037011	Nubp2	3L	20526576	20527910	950
FBgn0037012	Rcd2	3L	20527972	20540417	2245
FBgn0037013	CG13250	3L	20533709	20535335	579
FBgn0037015	cmpy	3L	20712838	20719200	2753
FBgn0037016	CG13252	3L	20730591	20744508	2532
FBgn0045474	Gr77a	3L	20737569	20739430	1396
FBgn0037017	CG4074	3L	20768207	20769500	1175
FBgn0040634	CG4186	3L	20769586	20770138	444
FBgn0037018	CG4042	3L	20770143	20771507	1025
FBgn0016696	Pitslre	3L	20771528	20776931	4544
FBgn0037019	Pex16	3L	20776766	20778264	1439
FBgn0037020	Pex14	3L	20778799	20780378	1249
FBgn0037021	Pcif1	3L	20780350	20786197	4254
FBgn0037022	CG11396	3L	20786340	20788137	1601
FBgn0027364	Six4	3L	20788886	20792777	1849
FBgn0037024	tzn	3L	20798645	20800081	1283
FBgn0037025	Spc105R	3L	20800410	20806853	6195
FBgn0037026	CG3634	3L	20806868	20809272	2340
FBgn0037027	HIPP1	3L	20809669	20813332	3369
FBgn0037028	CG3618	3L	20813353	20816075	2625
FBgn0259243	Pka-R1	3L	20816118	20836048	5167
FBgn0086915	Mst77F	3L	20816901	20818027	1065
FBgn0037030	CG3288	3L	20836182	20837153	908
FBgn0040636	CG13255	3L	20837488	20838839	1352
FBgn0027055	CSN3	3L	20839096	20841576	1679
FBgn0037031	CG11456	3L	20841987	20844340	1806
FBgn0052432	CG32432	3L	20844332	20885188	4487
FBgn0011591	fng	3L	20925891	20949512	1959
FBgn0037035	CG10589	3L	20927826	20929190	1365
FBgn0037036	Sems	3L	20955755	20956750	883
FBgn0037037	CG10588	3L	20956934	20960660	3727
FBgn0037038	CG11037	3L	20960398	20961386	913
FBgn0037040	CG12983	3L	20962655	20966762	3696
FBgn0053287	CG33287	3L	20966766	20970663	3434
FBgn0053286	CG33286	3L	20970812	20974700	3294
FBgn0037042	CG12984	3L	20991673	20992930	909
FBgn0003415	skd	3L	20992814	21027434	12307
FBgn0037044	Pdss2	3L	21027915	21030141	1990
FBgn0037045	CG10584	3L	21030280	21031360	1081
FBgn0028402	Polr3E	3L	21031825	21033561	1673
FBgn0037046	CG10581	3L	21033554	21034203	587
FBgn0026179	siz	3L	21034535	21075444	6940
FBgn0262482	CG43072	3L	21065852	21066238	387
FBgn0020294	ko	3L	21075581	21131159	4710
FBgn0037050	ICA69	3L	21131446	21133310	1735
FBgn0037051	CG10565	3L	21133250	21136353	2538
FBgn0024150	Ac78C	3L	21136447	21171930	6850
FBgn0021760	chb	3L	21172853	21183278	6205
FBgn0270926	AsnS	3L	21173118	21174973	1856
FBgn0259239	CG42337	3L	21183313	21193363	3910
FBgn0041100	park	3L	21194754	21196853	1687
FBgn0085290	Targ3	3L	21196831	21197738	796
FBgn0053054	Targ1	3L	21197411	21202882	773
FBgn0053056	Targ2	3L	21198261	21203232	1914
FBgn0037057	CG10512	3L	21202920	21208092	2394
FBgn0037059	CG10510	3L	21208148	21210084	1732
FBgn0037060	CG10508	3L	21210215	21216051	3270
FBgn0037061	Trmt112	3L	21215995	21216839	627
FBgn0028427	Ilk	3L	21216901	21219240	2220
FBgn0004865	Eip78C	3L	21226609	21266503	5878
FBgn0262854	CG43218	3L	21258020	21258758	682
FBgn0037063	CG9391	3L	21266680	21268335	1231
FBgn0037064	CG9389	3L	21268392	21270580	2043
FBgn0012034	AcCoAS	3L	21270722	21280243	3605
FBgn0027945	ppl	3L	21280491	21281506	900
FBgn0037065	CG12974	3L	21281752	21285962	2452
FBgn0259785	pzg	3L	21286099	21290310	4093
FBgn0037068	Cpr78Cb	3L	21294492	21296698	2124
FBgn0000551	Edg78E	3L	21296763	21297803	967
FBgn0037069	Cpr78Cc	3L	21300580	21301171	522
FBgn0037070	CG11309	3L	21301785	21304658	2205
FBgn0037071	CG7632	3L	21304697	21306197	1442
FBgn0003042	Pc	3L	21306138	21318020	2462
FBgn0086913	Rab26	3L	21318774	21335027	4353
FBgn0037073	Tsr1	3L	21335215	21338232	2844
FBgn0037074	Tbc1d8-9	3L	21337681	21343716	4645
FBgn0052436	CG32436	3L	21344033	21355049	5407
FBgn0037076	ebd2	3L	21344768	21349288	1853
FBgn0037078	CG12971	3L	21355100	21356495	969
FBgn0052437	CG32437	3L	21357683	21359867	2185
FBgn0052440	CG32440	3L	21360179	21361229	633
FBgn0261258	rgn	3L	21382501	21424416	4346
FBgn0002842	sa	3L	21405425	21406738	956
FBgn0037081	barc	3L	21420388	21433134	2287
FBgn0053288	CG33288	3L	21427790	21433066	3690
FBgn0005694	Aef1	3L	21433422	21438639	4007
FBgn0037082	CG5664	3L	21438628	21441363	2630
FBgn0283479	Alp1	3L	21442227	21444819	1806
FBgn0267849	Syx7	3L	21445834	21448128	1610
FBgn0037087	CG7519	3L	21493083	21493907	710
FBgn0015239	Hr78	3L	21494019	21497494	2420
FBgn0264561	Glg1	3L	21497549	21507538	4402
FBgn0037090	Est-Q	3L	21501421	21503959	1827
FBgn0037092	M6	3L	21507852	21512749	2613
FBgn0026371	SAK	3L	21512141	21515887	3371
FBgn0037093	Cdk12	3L	21516306	21522684	5121
FBgn0037094	CG7611	3L	21523186	21528163	4464
FBgn0052442	Arv1	3L	21528218	21529333	942
FBgn0029152	Mkrn1	3L	21529959	21533713	2884
FBgn0015283	Rpn10	3L	21537000	21538582	1422
FBgn0263911	COX8	3L	21538859	21539447	513
FBgn0028663	VhaM9.7-b	3L	21539862	21541215	1216
FBgn0053290	CG33290	3L	21542359	21543012	654
FBgn0037098	Wnk	3L	21543850	21554928	8262
FBgn0037102	CRIF	3L	21568059	21568898	840
FBgn0052438	SMC5	3L	21569176	21573523	3368
FBgn0052441	EMC10	3L	21574131	21575874	1032
FBgn0037105	S1P	3L	21613797	21617376	3136
FBgn0037106	CG11307	3L	21617623	21619873	1543
FBgn0037107	CG7166	3L	21620000	21625647	3466
FBgn0037108	Alg11	3L	21625806	21628571	1994
FBgn0037109	MED1	3L	21628325	21634446	5774
FBgn0037110	ORMDL	3L	21635305	21636251	674
FBgn0043783	CG32444	3L	21636947	21639060	1280
FBgn0052446	Atox1	3L	21640995	21642599	903
FBgn0264711	CG43980	3L	21644958	21666306	5927
FBgn0037115	CG11249	3L	21672139	21674518	2110
FBgn0037116	Als2	3L	21674394	21679755	5063
FBgn0037117	CG11248	3L	21680050	21683231	2998
FBgn0261059	Sfp78E	3L	21683098	21684042	829
FBgn0052447	CG32447	3L	21690612	21706365	5180
FBgn0037120	CG11247	3L	21724326	21728806	2861
FBgn0037121	Polr2H	3L	21728932	21729694	692
FBgn0037122	CG14570	3L	21729675	21730454	780
FBgn0037123	CG14569	3L	21730725	21731550	826
FBgn0037126	CG14567	3L	21737706	21738430	725
FBgn0037127	CG14566	3L	21739479	21740309	710
FBgn0037128	CG14572	3L	21741534	21742441	908
FBgn0037129	CG14565	3L	21743248	21744269	1022
FBgn0037130	Syn1	3L	21745359	21770534	3741
FBgn0037131	CG14564	3L	21757157	21758046	890
FBgn0037133	CG7370	3L	21769815	21771321	1410
FBgn0000560	eg	3L	21808703	21817600	2033
FBgn0022936	CycH	3L	21821997	21823309	1065
FBgn0037134	CG7407	3L	21823461	21824571	1049
FBgn0037135	eIF2A	3L	21824740	21827856	2827
FBgn0052448	CG32448	3L	21827774	21828480	516
FBgn0263001	CR43309	3L	21829541	21830219	631
FBgn0046301	CG7148	3L	21830544	21832253	1594
FBgn0037137	Nopp140	3L	21832774	21836685	3232
FBgn0037138	P5CDh1	3L	21836665	21841356	3026
FBgn0262737	mub	3L	21844788	21932702	12718
FBgn0037140	SLC22A	3L	21934704	21938636	2085
FBgn0037141	PolH	3L	21938634	21941812	3067
FBgn0037142	CG14562	3L	21942221	21949866	5378
FBgn0037143	CR7448	3L	21949825	21951550	1446
FBgn0037144	CG7458	3L	21955110	21958041	2166
FBgn0085291	CR34262	3L	21959254	21960503	1130
FBgn0037146	P5CS	3L	21972002	21984606	4686
FBgn0000045	Act79B	3L	21985210	21987190	1619
FBgn0037147	CG7140	3L	22026230	22028325	2096
FBgn0004514	Oct-TyrR	3L	22035003	22065279	3682
FBgn0037149	CG14561	3L	22065907	22067216	1310
FBgn0027532	CG7139	3L	22067270	22071848	3641
FBgn0037150	CG7133	3L	22073068	22074523	1456
FBgn0037151	CG7130	3L	22075056	22075756	701
FBgn0000100	RpLP0	3L	22075867	22077487	1328
FBgn0004414	msopa	3L	22082720	22083367	648
FBgn0037153	olf413	3L	22136090	22247702	8353
FBgn0028500	Rich	3L	22257749	22262921	4866
FBgn0015075	Ddx1	3L	22263369	22266017	2470
FBgn0037156	CG11523	3L	22265806	22266679	874
FBgn0004179	Csp	3L	22267382	22273745	3081
FBgn0025702	Srpk79D	3L	22273985	22284335	6233
FBgn0011771	Hem	3L	22284354	22288195	3777
FBgn0027086	IleRS	3L	22288665	22292810	3899
FBgn0004449	Ten-m	3L	22293044	22407863	13109
FBgn0052450	CG32450	3L	22329778	22330657	821
FBgn0037163	laza	3L	22458816	22461131	2316
FBgn0037166	CG11426	3L	22470556	22473509	1882
FBgn0037170	Trxr2	3L	22550226	22552019	1794
FBgn0037179	CG14453	3L	22694083	22694648	566
FBgn0037181	CG11370	3L	22712155	22713660	1323
FBgn0037182	ArfGAP3	3L	22714313	22717577	2692
FBgn0052452	CG32452	3L	22717728	22719943	2216
FBgn0016034	mael	3L	22721203	22726234	2152
FBgn0037183	CG14451	3L	22721230	22722091	862
FBgn0037184	CG14450	3L	22726234	22727789	1506
FBgn0037185	CG11367	3L	22728111	22733446	1796
FBgn0260481	CG32454	3L	22729766	22731600	1835
FBgn0037186	CG11241	3L	22732013	22738420	3450
FBgn0010830	l(3)04053	3L	22738602	22741388	2469
FBgn0037188	CG7369	3L	22741793	22748614	3790
FBgn0052451	SPoCk	3L	22749444	22787631	7863
FBgn0027339	jim	3L	22789233	22835194	14271
FBgn0052462	CG32462	3L	22852270	22853512	1243
FBgn0052459	CG32459	3L	22854583	22856059	1376
FBgn0037197	CG13239	3L	22860787	22861490	704
FBgn0053169	CG33169	3L	22863864	22864496	633
FBgn0053170	CG33170	3L	22864600	22867535	1168
FBgn0037199	EMC4	3L	22867175	22868243	957
FBgn0010348	Arf1	3L	22868380	22872231	2442
FBgn0037200	CG11109	3L	22872200	22873702	1503
FBgn0044324	Chro	3L	22873702	22878984	4263
FBgn0037202	Ssl1	3L	22879089	22880963	1713
FBgn0037203	slif	3L	22881045	22893821	3140
FBgn0037204	CG11131	3L	22898744	22900262	1379
FBgn0037205	BoYb	3L	22901912	22905470	3559
FBgn0037206	CG12768	3L	22910491	22923532	2633
FBgn0037207	Mes2	3L	22945657	22952248	2492
FBgn0052461	CG32461	3L	22954421	22955302	882
FBgn0052457	CG32457	3L	22987642	22988262	621
FBgn0262509	nrm	3L	22998372	23040300	9946
FBgn0024733	RpL10	3L	23093190	23095471	1235
FBgn0264492	CkIIalpha	3L	23097072	23103460	2256
FBgn0053217	CG33217	3L	23126025	23132209	2227
FBgn0084017	CR41454	3L	23136623	23138271	1058
FBgn0052350	Vps11	3L	23147656	23150499	2844
FBgn0266347	nAChRalpha4	3L	23206669	23287448	6050
FBgn0010215	alpha-Cat	3L	23318646	23338100	3487
FBgn0052230	ND-MLRQ	3L	23339326	23345936	538
FBgn0250816	AGO3	3L	23554593	23689640	3182
FBgn0039977	Spf30	3L	23715023	23716689	1307
FBgn0058298	CG40298	3L	23726829	23727989	1161
FBgn0040056	CG17698	3L	23737960	23749058	2560
FBgn0264699	CG43968	3L	23784231	23787405	3103
FBgn0058470	CG40470	3L	23839860	23986410	2990
FBgn0058045	CG40045	3L	24028515	24035859	1009
FBgn0011288	Snap25	3L	24074180	24299205	2282
FBgn0040045	CR12460	3L	24534090	24535468	762
FBgn0287187	mRpS5	3L	24537236	24543534	1682
FBgn0261640	CR42723	3L	24549636	24550445	810
FBgn0085810	CR41597	3L	24553110	24554200	1091
FBgn0287186	scro	3L	24724162	24758036	2105
FBgn0085736	CG40472	3L	24927130	24927710	460
FBgn0058002	ND-AGGG	3L	24976254	24977118	745
FBgn0040022	Set1	3L	25107594	25115180	5555
FBgn0040020	MED21	3L	25114924	25115946	967
FBgn0260008	UQCR-11	3L	25120709	25126171	1613
FBgn0058354	CR40354	3L	25201942	25203341	1400
FBgn0267429	lovit	3L	25236940	25670980	1967
FBgn0085734	CR40450	3L	25403776	25405940	1692
FBgn0287184	FASN3	3L	25752859	25762779	7395
FBgn0287183	l(3)80Fg	3L	25798441	26014112	3076
FBgn0085612	CR41320	3L	26165235	26178793	724
FBgn0058160	CG40160	3L	26215815	26229433	5187
FBgn0085599	CG41284	3L	26298455	26305572	1023
FBgn0260997	CG42598	3L	26354140	26371356	1158
FBgn0063670	CG40228	3L	27082091	27083906	1686
FBgn0260987	vtd	3L	27136525	27157999	2527
FBgn0028697	RpL15	3L	27267255	27268445	1018
FBgn0024804	Dbp80	3L	27279316	27422159	2367
FBgn0020660	eIF4B	3L	27842669	27858271	1922
FBgn0260469	CR14578	3L	27849226	27850751	927
FBgn0287182	l(3)80Fj	3L	27967244	28012599	8403
FBgn0267431	Myo81F	3R	567076	2532932	6519
FBgn0267430	Pzl	3R	2554162	3263582	6490
FBgn0010247	Parp1	3R	3461351	3587054	3112
FBgn0086378	Alg-2	3R	3623143	3627690	1290
FBgn0263977	Tim17b	3R	3734855	3745306	961
FBgn0069923	CG41128	3R	3750363	3752353	364
FBgn0039955	CG41099	3R	3846729	3868401	4390
FBgn0259821	CG42402	3R	4077939	4104326	5061
FBgn0287209	Gfat1	3R	4126442	4137882	4155
FBgn0058198	CG40198	3R	4160610	4162235	1567
FBgn0037213	CG12581	3R	4174632	4186751	5461
FBgn0053294	CR33294	3R	4186963	4196210	2235
FBgn0000500	Dsk	3R	4189692	4190260	569
FBgn0037215	beta-Man	3R	4197206	4204572	3247
FBgn0037217	CG14636	3R	4204493	4215314	1485
FBgn0037218	aux	3R	4211783	4227518	4542
FBgn0051516	CG31516	3R	4218463	4220130	1668
FBgn0261436	DhpD	3R	4227387	4229238	1590
FBgn0037220	CG14641	3R	4230779	4232342	1564
FBgn0015331	abs	3R	4233047	4235041	1995
FBgn0010225	Gel	3R	4235217	4241057	3376
FBgn0037222	CG14642	3R	4241045	4242717	1414
FBgn0085334	CG34305	3R	4242785	4243146	300
FBgn0037223	TwdlU	3R	4243606	4245511	1074
FBgn0037225	TwdlG	3R	4248723	4251341	2165
FBgn0250821	CG14644	3R	4251894	4253043	1095
FBgn0037227	TwdlV	3R	4254708	4255833	1067
FBgn0041621	Or82a	3R	4256972	4258444	1158
FBgn0037228	CG1092	3R	4266770	4268316	1492
FBgn0037229	flip	3R	4269221	4277928	1502
FBgn0041605	cpx	3R	4280221	4304604	11414
FBgn0037230	Nepl11	3R	4292274	4294840	2182
FBgn0037231	Vps24	3R	4307435	4310947	3326
FBgn0027930	MP1	3R	4307908	4309835	1525
FBgn0037232	Suv3	3R	4311555	4315398	3556
FBgn0261086	Syt14	3R	4314455	4319069	3871
FBgn0037234	CG9795	3R	4319683	4326379	3214
FBgn0027866	CG9776	3R	4327814	4334071	4260
FBgn0037236	Skp2	3R	4334879	4337674	2412
FBgn0040687	CG14645	3R	4335098	4335506	409
FBgn0037235	CG1103	3R	4337755	4339914	1392
FBgn0037238	CG1090	3R	4359883	4366855	4026
FBgn0037239	Sfxn1-3	3R	4378600	4381210	1788
FBgn0037240	Cont	3R	4381306	4387018	4742
FBgn0003882	tub	3R	4387742	4389813	2006
FBgn0037241	CG14646	3R	4390366	4392111	1694
FBgn0086608	CG34112	3R	4391711	4394259	1233
FBgn0037242	CG9855	3R	4395979	4397875	1718
FBgn0086605	CG9853	3R	4398381	4402027	1995
FBgn0037244	CG14647	3R	4400510	4402017	1178
FBgn0263594	lost	3R	4403076	4407182	2691
FBgn0052944	CG32944	3R	4407227	4419578	3175
FBgn0051528	CG31528	3R	4416438	4417665	1228
FBgn0037248	srl	3R	4422483	4429335	4642
FBgn0051525	CG31525	3R	4427030	4428200	1171
FBgn0037249	eIF3a	3R	4429798	4433895	3892
FBgn0037250	CG1074	3R	4433965	4436175	1687
FBgn0037251	Lipt2	3R	4436222	4437329	1108
FBgn0037252	CG14650	3R	4437387	4441328	3630
FBgn0051522	CG31522	3R	4441415	4462883	3468
FBgn0051523	CG31523	3R	4465421	4479207	4032
FBgn0037254	sac	3R	4480812	4484215	3404
FBgn0037255	Fip1	3R	4485008	4487677	2418
FBgn0085386	CG34357	3R	4491943	4558067	7704
FBgn0037260	Mur82C	3R	4541356	4543215	1785
FBgn0087012	5-HT2A	3R	4612870	4633304	5410
FBgn0037261	CG9775	3R	4638010	4641838	2504
FBgn0037262	MED31	3R	4641963	4643292	1098
FBgn0037263	slx1	3R	4641963	4644636	1139
FBgn0040466	Dlip2	3R	4644649	4645655	903
FBgn0022981	rpk	3R	4645981	4648884	2536
FBgn0087013	Karybeta3	3R	4649176	4654624	4364
FBgn0037265	spartin	3R	4654800	4657985	2242
FBgn0263346	smash	3R	4659579	4712193	10493
FBgn0053927	CG33927	3R	4689951	4690608	549
FBgn0037270	eIF3f1	3R	4712882	4714182	1301
FBgn0027570	Nep2	3R	4719458	4731878	3136
FBgn0026620	tacc	3R	4733654	4749056	6246
FBgn0010750	atms	3R	4750035	4777490	2040
FBgn0264907	CG44098	3R	4750409	4773197	4907
FBgn0037275	CG14655	3R	4777497	4780302	2137
FBgn0037276	Ccdc39	3R	4781120	4784722	3093
FBgn0260794	ctrip	3R	4786284	4812096	11869
FBgn0026417	Hus1-like	3R	4808336	4812096	1169
FBgn0037279	Gmppb	3R	4811444	4816025	2744
FBgn0037280	BBS5	3R	4816318	4817776	1228
FBgn0037282	CG14657	3R	4817980	4821432	3183
FBgn0004913	Gnf1	3R	4906622	4910081	3274
FBgn0265082	Cdep	3R	4910552	4945576	18664
FBgn0004436	Ubc6	3R	4948755	4952682	2166
FBgn0037288	Jhbp3	3R	4953506	4955252	1083
FBgn0037290	Jhbp1	3R	4965445	4968485	1116
FBgn0010313	corto	3R	5077779	5087072	9294
FBgn0037293	RabGGTa	3R	5128087	5129939	1853
FBgn0040684	CG12589	3R	5137057	5138989	1893
FBgn0037294	CG12590	3R	5159612	5160901	1290
FBgn0259212	cno	3R	5170004	5217456	13220
FBgn0037296	Prosbeta2R2	3R	5217751	5219528	1319
FBgn0037297	CG1116	3R	5219657	5221548	1699
FBgn0037298	CG2604	3R	5221632	5223365	1734
FBgn0040682	CG14664	3R	5224139	5225542	1404
FBgn0037299	Vps37B	3R	5226158	5227526	1041
FBgn0040208	Kat60	3R	5227289	5232209	2662
FBgn0037301	Mms19	3R	5232543	5236288	3233
FBgn0087005	rtp	3R	5236092	5237315	960
FBgn0260462	CtsF	3R	5237651	5251745	2985
FBgn0053293	CG33293	3R	5240014	5240735	661
FBgn0037304	CG1113	3R	5253153	5255403	1992
FBgn0037305	Enoph	3R	5255444	5256681	867
FBgn0264785	Hph	3R	5257037	5269507	4296
FBgn0037307	Tim17a2	3R	5258336	5262692	991
FBgn0266393	CR45033	3R	5269081	5269507	427
FBgn0013576	mtd	3R	5270116	5350443	13741
FBgn0051538	CG31538	3R	5275678	5277835	2158
FBgn0037310	Tim17b1	3R	5300145	5301186	785
FBgn0037312	CG11999	3R	5353717	5354747	904
FBgn0037313	CG1161	3R	5355092	5356748	1241
FBgn0250746	Prosbeta7	3R	5357012	5358364	1215
FBgn0037315	Cerk	3R	5358873	5368306	2821
FBgn0003275	Polr2F	3R	5371795	5372397	541
FBgn0086695	hd	3R	5372592	5374962	2255
FBgn0037317	CG14667	3R	5375022	5376460	1260
FBgn0001311	kkv	3R	5378093	5392866	5701
FBgn0264712	CG1172	3R	5393922	5399510	4339
FBgn0037322	Or83a	3R	5397643	5399196	1362
FBgn0037326	CG14669	3R	5414527	5458394	4885
FBgn0037327	PEK	3R	5458563	5464753	4873
FBgn0037328	RpL35A	3R	5465630	5467101	621
FBgn0037329	POLDIP2	3R	5467778	5469566	1675
FBgn0037330	mRpL44	3R	5469463	5470636	1122
FBgn0011715	Snr1	3R	5470926	5472754	1335
FBgn0025825	HDAC3	3R	5472810	5474600	1660
FBgn0266539	CG45100	3R	5472810	5474600	1660
FBgn0037332	Hcs	3R	5474899	5485393	3991
FBgn0015402	ksr	3R	5478390	5483906	5517
FBgn0051550	CG31550	3R	5485543	5489489	3357
FBgn0051547	NKCC	3R	5489505	5502702	3963
FBgn0010399	Nmdar1	3R	5508842	5523328	4170
FBgn0010051	Itpr	3R	5517117	5539411	10331
FBgn0264427	CG43845	3R	5522299	5523120	822
FBgn0037336	CG2519	3R	5539510	5547775	5935
FBgn0014342	mia	3R	5548115	5551168	2590
FBgn0086768	Pcmt	3R	5552823	5554316	998
FBgn0037338	Snm1	3R	5555084	5557786	2589
FBgn0037339	Pi4KIIalpha	3R	5557663	5563652	3934
FBgn0037340	CG14671	3R	5563977	5564815	774
FBgn0037341	CG12746	3R	5564865	5567435	1669
FBgn0037342	CG2931	3R	5567502	5568615	1114
FBgn0041191	Rheb	3R	5568921	5570491	1225
FBgn0023023	CRMP	3R	5571108	5579189	2814
FBgn0037344	CG2926	3R	5579301	5588380	8284
FBgn0037345	PolZ2	3R	5588873	5589703	831
FBgn0014366	noi	3R	5589601	5591459	1859
FBgn0283535	Vha26	3R	5591763	5595356	2926
FBgn0250753	kra	3R	5595364	5601136	2866
FBgn0037347	SecS	3R	5601433	5603185	1580
FBgn0261004	asl	3R	5603236	5606543	3187
FBgn0017550	Rga	3R	5607275	5613112	2902
FBgn0019637	Atu	3R	5613358	5615939	2351
FBgn0044823	Spec2	3R	5616644	5624125	1748
FBgn0037350	Dph4	3R	5622119	5624125	1325
FBgn0037351	RpL13A	3R	5624474	5625947	903
FBgn0051551	CG31551	3R	5627852	5632033	4182
FBgn0051549	CG31549	3R	5632192	5633321	1130
FBgn0037354	CG12171	3R	5633627	5634640	1014
FBgn0051546	CG31546	3R	5634626	5635624	999
FBgn0051548	CG31548	3R	5635901	5636852	952
FBgn0037356	CG12170	3R	5637234	5638657	1424
FBgn0027951	MTA1-like	3R	5638655	5648738	5326
FBgn0262125	Sec23	3R	5649065	5652629	2822
FBgn0037358	elm	3R	5652640	5654861	1321
FBgn0037359	MED27	3R	5655139	5656336	1080
FBgn0037360	CG2182	3R	5656236	5659912	2415
FBgn0046222	Wdr33	3R	5660635	5665169	2798
FBgn0010772	Xe7	3R	5665139	5669334	3325
FBgn0037363	Atg17	3R	5669713	5679930	6303
FBgn0037364	Rab23	3R	5680054	5685434	2267
FBgn0261261	plx	3R	5685855	5712837	7272
FBgn0037365	CG2104	3R	5690891	5693286	2396
FBgn0004878	cas	3R	5712975	5716805	3151
FBgn0037368	CG1239	3R	5733513	5734702	1058
FBgn0037369	CG2100	3R	5734698	5736355	1597
FBgn0037370	CG1236	3R	5736748	5738013	1190
FBgn0037371	Sym	3R	5738178	5742476	3986
FBgn0027497	Madm	3R	5742510	5747138	3777
FBgn0037372	Dcps	3R	5753318	5754774	1335
FBgn0266672	Sec8	3R	5754932	5758997	3363
FBgn0027608	CG2082	3R	5758680	5781076	3429
FBgn0037374	jagn	3R	5779315	5781308	1649
FBgn0037375	kat-60L1	3R	5781762	5787465	2739
FBgn0037376	Hat1	3R	5787337	5789384	1648
FBgn0028690	Rpn5	3R	5789493	5791569	1897
FBgn0037377	Hpf1	3R	5791879	5793383	1505
FBgn0037378	PSMG1	3R	5793308	5794317	893
FBgn0037379	CG10979	3R	5794705	5799994	4660
FBgn0263353	CG11000	3R	5802328	5813258	6816
FBgn0261561	CG42675	3R	5813609	5818820	2744
FBgn0037382	Hpr1	3R	5818794	5821440	2311
FBgn0037383	Sec20	3R	5822026	5824532	2454
FBgn0037384	dgrn	3R	5824615	5826576	1635
FBgn0037385	glob3	3R	5830062	5831785	1118
FBgn0037386	CG1208	3R	5831639	5838782	2499
FBgn0037387	CG1213	3R	5841170	5846568	2356
FBgn0037388	CG14676	3R	5847220	5848177	958
FBgn0037389	CR10991	3R	5848876	5849688	777
FBgn0029088	disp	3R	5849697	5856311	4884
FBgn0028436	ECSIT	3R	5856585	5857914	1330
FBgn0037391	CG2017	3R	5858083	5862405	2760
FBgn0083949	side-III	3R	5862865	5959555	8500
FBgn0010403	Obp83b	3R	5976177	5976817	528
FBgn0003261	Rm62	3R	6000426	6008579	5386
FBgn0026077	Gasp	3R	6088799	6100887	2355
FBgn0051559	CG31559	3R	6150116	6157235	2003
FBgn0037405	CG1077	3R	6167483	6170309	2302
FBgn0037412	Osi4	3R	6218318	6221781	1522
FBgn0037413	Osi5	3R	6227512	6228828	892
FBgn0027527	Osi6	3R	6234708	6237181	1846
FBgn0037419	Osi12	3R	6278531	6282495	1755
FBgn0037428	Osi18	3R	6330248	6331809	1270
FBgn0037429	Osi19	3R	6335362	6337196	1138
FBgn0037430	Osi20	3R	6340095	6341424	1264
FBgn0037431	CG17917	3R	6341968	6342873	706
FBgn0037432	CG10298	3R	6343002	6343799	745
FBgn0037433	CG17919	3R	6344029	6345087	778
FBgn0261789	SmD2	3R	6345000	6345911	778
FBgn0037435	CG18048	3R	6346111	6347519	1409
FBgn0037436	Hr83	3R	6349243	6350512	837
FBgn0267698	Pak	3R	6350896	6361614	5973
FBgn0261641	CG42724	3R	6361672	6368288	6156
FBgn0037439	CG10286	3R	6368965	6371115	2151
FBgn0037440	CRAT	3R	6371026	6376044	2657
FBgn0260766	CG42564	3R	6374475	6377348	1587
FBgn0027514	CG1024	3R	6377349	6380328	2701
FBgn0260645	CG42537	3R	6377797	6378233	376
FBgn0010282	TfIIFalpha	3R	6380467	6382604	1938
FBgn0037442	gzl	3R	6382914	6388304	3766
FBgn0037443	Dmtn	3R	6389162	6405895	3827
FBgn0264495	gpp	3R	6406855	6449274	11749
FBgn0037445	CG9727	3R	6449944	6456676	6313
FBgn0037446	Zif	3R	6457088	6458822	1515
FBgn0037447	Neurochondrin	3R	6468437	6471016	2580
FBgn0037448	CG15186	3R	6478311	6495025	6322
FBgn0037449	CG15185	3R	6527508	6528674	1167
FBgn0010355	Taf1	3R	6646889	6656048	6876
FBgn0026566	CG1307	3R	6656030	6657442	1159
FBgn0262801	twr	3R	6657882	6659442	855
FBgn0024912	agt	3R	6658806	6660100	1295
FBgn0004780	Ccp84Ad	3R	6692732	6693527	735
FBgn0004783	Ccp84Aa	3R	6704084	6704903	765
FBgn0000166	bcd	3R	6755842	6759466	2536
FBgn0000071	Ama	3R	6762593	6765261	1946
FBgn0026563	CG1979	3R	7054586	7058671	3425
FBgn0019828	dj	3R	7059315	7060524	1210
FBgn0037464	Mst84B	3R	7062175	7064370	2196
FBgn0037465	CG1105	3R	7064186	7067136	1796
FBgn0037466	CG1965	3R	7067401	7071624	3228
FBgn0037467	Ufl1	3R	7071624	7074452	2574
FBgn0037468	CG1943	3R	7074859	7077981	1349
FBgn0010774	Ref1	3R	7077904	7080387	1328
FBgn0037469	Dpck	3R	7082182	7083251	914
FBgn0037470	Tailor	3R	7083225	7086083	2003
FBgn0003884	alphaTub84B	3R	7086599	7088839	1752
FBgn0040670	e(y)2b	3R	7093935	7094727	662
FBgn0261238	Alh	3R	7094596	7124185	9675
FBgn0014863	Mlp84B	3R	7112850	7117732	3136
FBgn0037472	CG10098	3R	7124548	7126503	1532
FBgn0037473	CG10068	3R	7126271	7128027	1657
FBgn0262149	CR42875	3R	7128087	7129166	859
FBgn0051248	CG31248	3R	7129320	7130908	977
FBgn0037475	Fer1	3R	7136206	7141972	1452
FBgn0037477	CG14610	3R	7143729	7144295	513
FBgn0037478	CG2656	3R	7144724	7151270	1016
FBgn0250732	gfzf	3R	7145880	7150968	3958
FBgn0011020	Sas-4	3R	7151367	7154219	2802
FBgn0037481	MAGE	3R	7154238	7155180	943
FBgn0002306	sas	3R	7162808	7183702	6236
FBgn0037482	CG10055	3R	7184101	7186673	2422
FBgn0086372	lap	3R	7186994	7200941	6158
FBgn0037483	CG14609	3R	7200970	7203450	2081
FBgn0250845	CG1288	3R	7206652	7208431	1725
FBgn0037485	CG14606	3R	7214339	7217083	1925
FBgn0037486	CG14605	3R	7217679	7219705	1532
FBgn0037487	thw	3R	7224414	7241138	4222
FBgn0037489	Noc3	3R	7244232	7246969	2572
FBgn0037490	CG10053	3R	7247090	7248140	982
FBgn0037491	CG1227	3R	7248151	7249738	1415
FBgn0037492	Dtwd2	3R	7249795	7251750	1894
FBgn0011282	Obp84a	3R	7250725	7251957	817
FBgn0001112	Gld	3R	7252063	7265703	2899
FBgn0267337	rn	3R	7272617	7309629	6273
FBgn0037503	CG14598	3R	7439760	7441976	1230
FBgn0037504	CG1142	3R	7472458	7473781	911
FBgn0015569	alpha-Est10	3R	7486583	7493845	2341
FBgn0261508	CG42656	3R	7492961	7493271	255
FBgn0015577	alpha-Est9	3R	7493921	7505098	3455
FBgn0037506	Mics1	3R	7500951	7502376	1426
FBgn0015576	alpha-Est8	3R	7509343	7515670	2646
FBgn0017456	Ubc84D	3R	7518820	7519456	637
FBgn0015575	alpha-Est7	3R	7519563	7523753	2017
FBgn0015574	alpha-Est6	3R	7524567	7528777	1836
FBgn0015831	Rtnl2	3R	7528864	7530241	1026
FBgn0003885	alphaTub84D	3R	7530753	7532732	1980
FBgn0261393	alpha-Est5	3R	7533496	7536390	2490
FBgn0015572	alpha-Est4	3R	7536687	7538615	1749
FBgn0015571	alpha-Est3	3R	7538972	7541631	1932
FBgn0015570	alpha-Est2	3R	7541810	7545230	2141
FBgn0015568	alpha-Est1	3R	7545733	7549124	2123
FBgn0051146	Nlg1	3R	7658247	7694874	6006
FBgn0037513	pyd3	3R	7747913	7750079	1361
FBgn0037514	CG10919	3R	7758122	7759677	775
FBgn0037515	Sp7	3R	7759786	7763947	2372
FBgn0042104	CG18747	3R	7780884	7783446	1408
FBgn0042102	CG18745	3R	7783843	7786119	1567
FBgn0042103	CG18746	3R	7788282	7790187	1487
FBgn0037517	CG10086	3R	7790633	7793483	1864
FBgn0037518	CG2641	3R	7794069	7796599	1510
FBgn0037519	CG3014	3R	7799264	7802793	2573
FBgn0037521	CG2993	3R	7804665	7810014	3935
FBgn0051472	sgll	3R	7810532	7811912	1314
FBgn0051473	CG31473	3R	7811814	7813009	981
FBgn0085413	CG34384	3R	7814361	7855392	9058
FBgn0037525	CG17816	3R	7855582	7886733	7157
FBgn0037526	ArgRS-m	3R	7887045	7890150	2748
FBgn0037529	mRpS9	3R	7889277	7902667	1293
FBgn0260005	wtrw	3R	7891331	7901147	4367
FBgn0037530	EMC1	3R	7903030	7907363	3292
FBgn0024909	Taf7	3R	7907333	7909721	2261
FBgn0004901	Prat	3R	7909598	7911779	2105
FBgn0014930	Rfk	3R	7912017	7913290	1210
FBgn0014931	kipf	3R	7913851	7916550	2003
FBgn0037531	CG10445	3R	7916599	7920299	3399
FBgn0002542	lds	3R	7920431	7924491	3543
FBgn0000504	dsx	3R	7924323	7967408	9167
FBgn0037533	CD98hc	3R	7974409	7978428	2371
FBgn0037535	PIG-H	3R	7999832	8001064	1091
FBgn0266598	Kmn2	3R	8000548	8001309	580
FBgn0037536	CG2698	3R	8001562	8006033	3663
FBgn0037537	CG2767	3R	8005924	8008110	1309
FBgn0037538	CG3223	3R	8009400	8011018	1488
FBgn0037539	CG10435	3R	8010907	8013201	1822
FBgn0037540	Pbp95	3R	8013791	8016610	2649
FBgn0037541	CG2747	3R	8016210	8030790	7468
FBgn0001255	ImpE3	3R	8028453	8029546	1094
FBgn0037543	CG10903	3R	8030411	8032145	1263
FBgn0037544	CG11035	3R	8031130	8033009	1880
FBgn0288846	unc-45	3R	8033301	8037403	3987
FBgn0037547	CG7910	3R	8087252	8089526	1976
FBgn0037548	CG7900	3R	8094124	8105083	1879
FBgn0243512	puc	3R	8105332	8122294	3171
FBgn0037549	CG7878	3R	8122725	8125273	2375
FBgn0037550	CG9667	3R	8125290	8126357	883
FBgn0037551	Arl8	3R	8126605	8129835	1901
FBgn0001138	grn	3R	8147368	8181444	4090
FBgn0037552	CG7800	3R	8217957	8219734	1778
FBgn0037553	CG18249	3R	8220146	8222188	2043
FBgn0037554	PolI	3R	8233507	8237389	3284
FBgn0037555	Ada2b	3R	8236632	8240515	2636
FBgn0037556	CG9636	3R	8240747	8243792	2815
FBgn0042182	CG18749	3R	8244055	8248054	3544
FBgn0064126	CG33722	3R	8244055	8248054	3593
FBgn0040528	CG15864	3R	8248438	8250324	1542
FBgn0260386	mtg	3R	8250497	8260718	2402
FBgn0037560	CR18228	3R	8260706	8261898	992
FBgn0010173	RPA1	3R	8262120	8264451	2135
FBgn0014861	Mcm2	3R	8264970	8267924	2898
FBgn0037561	CG9630	3R	8267943	8269896	1954
FBgn0037562	Nazo	3R	8287876	8288613	681
FBgn0037565	CG9626	3R	8293843	8300978	5570
FBgn0037566	mRpL1	3R	8301440	8302770	1220
FBgn0265351	nac	3R	8302686	8304023	1225
FBgn0265101	Sgt1	3R	8304190	8305274	1085
FBgn0037569	tex	3R	8307473	8308645	1063
FBgn0037570	CG11693	3R	8308881	8310778	1898
FBgn0037573	CG7483	3R	8313208	8314864	1481
FBgn0037574	Coq2	3R	8314784	8316543	1643
FBgn0062412	Ctr1B	3R	8317612	8319205	953
FBgn0040529	COX7A	3R	8339944	8341043	697
FBgn0004908	Arl2	3R	8341100	8341872	656
FBgn0037578	PNKP	3R	8341661	8343516	1856
FBgn0037579	COX7AL	3R	8343669	8344310	587
FBgn0037580	DppIII	3R	8344400	8347465	2613
FBgn0037581	CG7352	3R	8347579	8349296	1581
FBgn0261108	Atg13	3R	8349815	8352817	3003
FBgn0020249	stck	3R	8356978	8359964	1583
FBgn0037583	Veneno	3R	8359958	8362554	2146
FBgn0037584	CG7963	3R	8362826	8363894	1069
FBgn0266801	CG45263	3R	8364328	8477617	13576
FBgn0037592	CG11737	3R	8517868	8521378	2324
FBgn0051454	CG31454	3R	8521658	8523520	1736
FBgn0051259	CG31259	3R	8523944	8526667	2464
FBgn0051453	pch2	3R	8559540	8561764	2108
FBgn0051450	mRpS18A	3R	8561917	8562593	581
FBgn0051460	CG31460	3R	8562673	8563445	717
FBgn0266916	Cenp-C	3R	8564105	8569248	4682
FBgn0037601	Cyp313b1	3R	8643070	8645650	2138
FBgn0024326	Mkk4	3R	8646172	8650796	4110
FBgn0037602	SLIRP2	3R	8651084	8651493	410
FBgn0000447	Dhod	3R	8651391	8652916	1472
FBgn0037603	Sys1	3R	8652821	8653847	804
FBgn0259992	CG42489	3R	8653802	8654766	658
FBgn0263231	bel	3R	8654975	8660761	3970
FBgn0086679	p	3R	8660903	8670684	3297
FBgn0037606	CG8032	3R	8664115	8667772	2796
FBgn0037607	CG8036	3R	8667868	8673702	2748
FBgn0037608	mRpL19	3R	8674109	8675196	1036
FBgn0037609	Unc50	3R	8675283	8676613	1021
FBgn0037610	CG8043	3R	8676915	8678233	1254
FBgn0037611	CG11755	3R	8676915	8678955	946
FBgn0037613	Cks85A	3R	8712906	8718456	3024
FBgn0037612	CG8112	3R	8712933	8715263	2229
FBgn0037614	TMEM216	3R	8716243	8721320	2812
FBgn0037616	CG8136	3R	8721371	8723051	1620
FBgn0037617	nom	3R	8723174	8725357	1862
FBgn0037618	ouib	3R	8725479	8726730	1141
FBgn0037619	CG8159	3R	8726854	8728370	1328
FBgn0037620	ranshi	3R	8728367	8729693	1159
FBgn0037621	M1BP	3R	8729790	8731698	1519
FBgn0037622	CG8202	3R	8732091	8735837	3092
FBgn0037623	CG9801	3R	8735879	8747675	3659
FBgn0037624	Nasp	3R	8747798	8754104	2253
FBgn0037625	CG11768	3R	8749206	8768200	7452
FBgn0083971	CG34135	3R	8749206	8768191	7398
FBgn0037626	CG8236	3R	8769394	8771150	1562
FBgn0037627	CG13318	3R	8771246	8772691	1271
FBgn0046874	Pif1B	3R	8774286	8801176	9209
FBgn0261015	Pif1A	3R	8774286	8801176	9951
FBgn0053191	CG33191	3R	8778379	8779923	1545
FBgn0053189	CG33189	3R	8780113	8780789	677
FBgn0037630	Ir85a	3R	8794684	8796966	2139
FBgn0037632	CCT7	3R	8801564	8806234	1964
FBgn0037633	CG9839	3R	8803471	8805802	2186
FBgn0037634	hng2	3R	8806322	8807581	1207
FBgn0037635	CG9837	3R	8807679	8813579	2642
FBgn0286516	aqz	3R	8813490	8820682	6529
FBgn0040532	CG8369	3R	8822008	8822838	774
FBgn0037637	IscU	3R	8822849	8824177	955
FBgn0037638	CG8379	3R	8824411	8827279	2450
FBgn0262614	pyd	3R	8827068	8931896	15772
FBgn0003015	osk	3R	8935126	8938395	2869
FBgn0037643	ScsbetaA	3R	8938724	8943027	2282
FBgn0037644	CG11964	3R	8942954	8945020	1885
FBgn0286204	ich	3R	8950246	8963037	4569
FBgn0037646	CAHbeta	3R	8980860	8982793	1142
FBgn0037647	RagA-B	3R	8982732	8984315	1408
FBgn0027503	CG11970	3R	8984718	8990649	5607
FBgn0260243	E(var)3-9	3R	8990645	8992949	2136
FBgn0037648	CG11975	3R	8993253	8995212	1733
FBgn0051100	CG31100	3R	8995229	9003650	2688
FBgn0037650	CG11977	3R	8997697	8998678	857
FBgn0037652	CG11980	3R	9004017	9005331	1238
FBgn0026380	Prosbeta3	3R	9005313	9006226	914
FBgn0037653	Iru	3R	9006456	9008030	1575
FBgn0037654	CG11983	3R	9008321	9010274	1813
FBgn0037655	Kcmf1	3R	9010282	9014909	2989
FBgn0040534	Sf3b5	3R	9014972	9015341	370
FBgn0037656	CG11986	3R	9015446	9016822	1262
FBgn0264075	tgo	3R	9016773	9020022	3108
FBgn0002932	neur	3R	9020348	9039471	4309
FBgn0037657	hyx	3R	9038760	9042349	2479
FBgn0010222	Nmdmc	3R	9042508	9050555	1516
FBgn0014018	Rel	3R	9044183	9047977	3499
FBgn0028708	Mst85C	3R	9048645	9052231	1463
FBgn0037659	Kdm2	3R	9052495	9063245	5489
FBgn0037660	beag	3R	9063132	9065078	1882
FBgn0037661	Ada	3R	9065183	9066303	1121
FBgn0003165	pum	3R	9066343	9237682	11798
FBgn0037662	CG11997	3R	9177517	9179098	1525
FBgn0000412	D1	3R	9238083	9240654	1877
FBgn0260935	Vps15	3R	9240757	9245869	4542
FBgn0037664	CG8420	3R	9246649	9251431	2330
FBgn0037666	CR16735	3R	9253545	9254683	1139
FBgn0037667	CG16734	3R	9255052	9256731	1393
FBgn0037668	CG16736	3R	9256689	9257716	908
FBgn0037669	Ibf2	3R	9257727	9258501	708
FBgn0037670	Ibf1	3R	9258964	9260400	963
FBgn0037671	ATP6AP2	3R	9260638	9262590	1468
FBgn0037672	sage	3R	9262654	9264142	1428
FBgn0010803	TrpRS	3R	9265027	9266904	1683
FBgn0285911	Vps16A	3R	9267019	9270224	2741
FBgn0037678	CG16749	3R	9330885	9331885	873
FBgn0037679	Aduk	3R	9332064	9334714	2113
FBgn0037680	pasi2	3R	9335170	9337459	1748
FBgn0266410	drn	3R	9340216	9362994	8254
FBgn0263750	CG43675	3R	9355495	9359189	2964
FBgn0037683	CG18473	3R	9363305	9364838	1282
FBgn0037684	Srr	3R	9365398	9367763	1727
FBgn0000723	FER	3R	9367603	9394546	5437
FBgn0037685	Or85f	3R	9398190	9399551	1179
FBgn0083953	CG34117	3R	9399570	9400053	428
FBgn0037686	RpL34b	3R	9400237	9401226	927
FBgn0037687	CG8132	3R	9401495	9402618	1069
FBgn0037688	CG9356	3R	9402564	9404269	1578
FBgn0037689	CG8135	3R	9404385	9407857	2767
FBgn0260237	BBIP1	3R	9404385	9407857	2767
FBgn0265201	CG44261	3R	9407694	9408169	476
FBgn0003889	betaTub85D	3R	9408383	9410282	1841
FBgn0037690	Task7	3R	9410329	9412293	1727
FBgn0011740	alpha-Man-IIa	3R	9412548	9417264	4002
FBgn0261552	ps	3R	9417940	9455500	13660
FBgn0037696	GstZ1	3R	9455517	9456546	913
FBgn0037697	GstZ2	3R	9456815	9460652	2325
FBgn0037698	CG16779	3R	9461084	9493677	12531
FBgn0043791	phu	3R	9494801	9496723	1862
FBgn0014380	RhoL	3R	9497101	9502581	1412
FBgn0037700	CG8149	3R	9504656	9505865	1156
FBgn0267790	rump	3R	9505853	9510324	2358
FBgn0003205	Ras85D	3R	9510561	9513067	1958
FBgn0014022	Rlb1	3R	9513327	9514827	1444
FBgn0014023	mRpL47	3R	9514822	9515908	905
FBgn0037702	CG8176	3R	9516007	9527237	5116
FBgn0037703	Kdm3	3R	9516007	9520938	3186
FBgn0000244	by	3R	9528238	9533011	4774
FBgn0037705	mura	3R	9535625	9551806	7274
FBgn0037707	RnpS1	3R	9552034	9553747	1370
FBgn0037708	CG9386	3R	9553696	9555408	1652
FBgn0037709	BckdhA	3R	9555785	9557776	1750
FBgn0024833	AP-1mu	3R	9557712	9559525	1755
FBgn0027950	MBD-like	3R	9559760	9561533	1225
FBgn0037710	CG9393	3R	9561583	9563673	1589
FBgn0261049	Vps45	3R	9563924	9566092	2055
FBgn0037712	CG16789	3R	9566195	9569189	2734
FBgn0037713	CG16790	3R	9569074	9570214	1028
FBgn0037714	CG9396	3R	9570414	9571623	681
FBgn0037715	CG9399	3R	9571911	9574211	1410
FBgn0027338	Kap-alpha3	3R	9574484	9577733	2867
FBgn0037716	Son	3R	9578042	9581225	3125
FBgn0037717	CG8301	3R	9581306	9586648	3094
FBgn0053654	CG33654	3R	9582515	9583222	507
FBgn0037718	P58IPK	3R	9586942	9589581	2217
FBgn0037719	bocks	3R	9589468	9591002	1535
FBgn0037720	CG8312	3R	9591309	9625073	4218
FBgn0037721	CG9427	3R	9625157	9626930	961
FBgn0037722	CG8319	3R	9627321	9628676	1295
FBgn0005585	Calr	3R	9628691	9630851	1677
FBgn0037723	SpdS	3R	9631641	9633673	1705
FBgn0003334	Scm	3R	9633359	9637611	4069
FBgn0012344	Dh44	3R	9638182	9650706	2402
FBgn0287844	Dhc1	3R	9651179	9674643	14650
FBgn0037727	Nepl12	3R	9675523	9677778	2197
FBgn0037728	p23	3R	9677927	9679658	1120
FBgn0028997	nmdyn-D7	3R	9679939	9681502	1392
FBgn0037730	CG9444	3R	9681415	9684264	2062
FBgn0069242	eca	3R	9684469	9685476	946
FBgn0037731	CG18542	3R	9685760	9687141	1263
FBgn0260463	Unc-115b	3R	9687060	9692775	3984
FBgn0053105	p24-2	3R	9687402	9692794	3554
FBgn0052939	CG32939	3R	9693079	9694461	1264
FBgn0051352	Unc-115a	3R	9694386	9705417	4280
FBgn0037734	trbd	3R	9705996	9711037	3679
FBgn0278604	dmt	3R	9711142	9714675	3190
FBgn0002431	hyd	3R	9714623	9725615	9083
FBgn0003886	alphaTub85E	3R	9731221	9733250	1560
FBgn0037736	side-VII	3R	9734012	9739979	4429
FBgn0037737	Pnn	3R	9740899	9742844	1847
FBgn0085438	CG34409	3R	9742877	9746367	2214
FBgn0051415	CG31415	3R	9743517	9744662	720
FBgn0037739	CG12948	3R	9746167	9747744	1519
FBgn0005777	PpD3	3R	9747875	9751094	2509
FBgn0037741	Tti1	3R	9751088	9754686	3376
FBgn0037742	Rpt3R	3R	9754735	9756510	1452
FBgn0037743	Alg12	3R	9756491	9759313	2527
FBgn0286506	Mpi	3R	9759622	9761208	1410
FBgn0266720	Snap24	3R	9761305	9763150	1846
FBgn0037746	CG8478	3R	9763650	9766135	2281
FBgn0024330	MED6	3R	9766031	9768984	2121
FBgn0037747	Naa80	3R	9767834	9770027	1506
FBgn0037749	CG9471	3R	9770532	9771542	956
FBgn0037750	Whamy	3R	9771795	9774419	2184
FBgn0037751	topi	3R	9775121	9777943	2652
FBgn0261599	RpS29	3R	9778042	9779528	1007
FBgn0037753	CG12947	3R	9780064	9783054	1695
FBgn0002868	MtnA	3R	9783407	9784370	700
FBgn0037754	CG8500	3R	9784653	9789323	3500
FBgn0037755	CG12945	3R	9787816	9791221	3095
FBgn0037756	CG8507	3R	9791483	9793098	1384
FBgn0037757	CG8516	3R	9793295	9797754	3515
FBgn0037758	CG9467	3R	9797769	9801026	3180
FBgn0037759	CG8526	3R	9801280	9803461	2069
FBgn0037760	FBXO11	3R	9803486	9809368	5638
FBgn0037765	CG9458	3R	9818914	9819877	900
FBgn0262104	CG42857	3R	9820514	9821191	621
FBgn0037766	Teh1	3R	9826081	9868120	4539
FBgn0267336	Glut4EF	3R	9874681	9995364	15711
FBgn0287598	CG46467	3R	9874681	9988876	4308
FBgn0037770	Art4	3R	9982816	9986060	3071
FBgn0037772	Spn85F	3R	9997163	10000314	2299
FBgn0037773	CG5359	3R	9999771	10001276	1311
FBgn0053208	Mical	3R	10001554	10042895	16335
FBgn0051407	CG31407	3R	10022845	10025150	900
FBgn0027524	CG3909	3R	10043270	10044606	1102
FBgn0037777	CG11722	3R	10044596	10045542	770
FBgn0037778	mtTFB2	3R	10045574	10047260	1512
FBgn0037779	CG12811	3R	10047252	10048797	1002
FBgn0037780	ohgt	3R	10049199	10051527	2061
FBgn0037781	Fancl	3R	10051508	10052869	1248
FBgn0041105	nerfin-2	3R	10071117	10073761	2454
FBgn0028734	Fmr1	3R	10101420	10110121	4904
FBgn0037788	CAH7	3R	10112237	10120081	2376
FBgn0051477	ATPsynepsilonL	3R	10121773	10122320	490
FBgn0001321	knk	3R	10122365	10125664	2674
FBgn0004889	tws	3R	10126129	10139772	5059
FBgn0037792	TAF1B	3R	10140103	10144184	3504
FBgn0261817	CG42759	3R	10143070	10143483	359
FBgn0086359	Invadolysin	3R	10144668	10159134	3610
FBgn0085332	CG34303	3R	10151153	10151880	546
FBgn0037794	CG6254	3R	10159144	10161331	2006
FBgn0040238	Best1	3R	10161464	10170487	3314
FBgn0037796	CG12814	3R	10171156	10189603	2507
FBgn0004575	Syn	3R	10190689	10222442	5803
FBgn0025879	Timp	3R	10203875	10213007	1591
FBgn0037797	CG12420	3R	10222698	10223745	855
FBgn0261928	CG42795	3R	10225690	10251277	11033
FBgn0037801	CG3999	3R	10251518	10255268	3197
FBgn0037802	Sirt6	3R	10255349	10261849	1114
FBgn0040078	pont	3R	10262123	10263899	1659
FBgn0262617	Nuak	3R	10264306	10308467	13227
FBgn0037807	CG6293	3R	10307806	10311613	2601
FBgn0266717	Bruce	3R	10312039	10331353	15702
FBgn0037809	CG12818	3R	10331581	10332695	1001
FBgn0037810	sle	3R	10333115	10338265	4875
FBgn0037811	CG12592	3R	10338342	10340872	2407
FBgn0037812	CG18545	3R	10340949	10341668	660
FBgn0051406	CG31406	3R	10348761	10350010	1010
FBgn0015396	jumu	3R	10350182	10361612	3860
FBgn0020379	Rfx	3R	10361760	10378068	5557
FBgn0259938	cwo	3R	10388258	10400752	5092
FBgn0045443	mthl11	3R	10401032	10402966	1630
FBgn0037814	CG6325	3R	10402967	10407285	3628
FBgn0024957	Irp-1B	3R	10408618	10412869	2901
FBgn0037815	Rrp46	3R	10413301	10414242	819
FBgn0037816	CG6345	3R	10414218	10416046	1829
FBgn0037817	Cyp12e1	3R	10434789	10436704	1621
FBgn0037819	Phyhd1	3R	10677737	10680925	1165
FBgn0262717	Skel	3R	10686943	10696270	5370
FBgn0020385	pug	3R	10696534	10703316	3481
FBgn0037822	CG14683	3R	10696647	10698976	1507
FBgn0287589	CG46459	3R	10696647	10698976	1507
FBgn0051391	CG31391	3R	10703372	10705075	1704
FBgn0051467	CG31467	3R	10705170	10706863	1694
FBgn0037824	CG14684	3R	10706974	10707460	487
FBgn0051278	CG31278	3R	10707398	10708340	883
FBgn0004841	TkR86C	3R	10737592	10751228	3223
FBgn0051272	CG31272	3R	10756296	10759398	2102
FBgn0051390	MED7	3R	10760071	10761032	901
FBgn0037831	Cap-H2	3R	10761310	10766756	4087
FBgn0010421	TfIIFbeta	3R	10766622	10767804	1118
FBgn0266446	CG45076	3R	10768001	10777374	3347
FBgn0261380	mRpL37	3R	10782563	10784092	1356
FBgn0260944	Rbp1	3R	10784383	10786465	1528
FBgn0037834	Art1	3R	10786481	10788226	1528
FBgn0017577	Mcm5	3R	10788524	10791150	2452
FBgn0037835	CG14687	3R	10792904	10793643	740
FBgn0037836	CG14692	3R	10794058	10803955	8671
FBgn0037837	CG14693	3R	10811581	10815047	2630
FBgn0037838	TTLL15	3R	10815288	10817490	2022
FBgn0261053	Cad86C	3R	10827079	10849030	7321
FBgn0259740	CG42394	3R	10849825	10851788	634
FBgn0037841	CG4565	3R	10852724	10853644	866
FBgn0037842	CG6567	3R	10853374	10854451	1017
FBgn0037843	CG4511	3R	10854501	10856412	1503
FBgn0037844	CG4570	3R	10856807	10858066	1260
FBgn0037845	CG14694	3R	10858202	10859813	1369
FBgn0037846	CG6574	3R	10860531	10862988	1962
FBgn0267376	SelR	3R	10863355	10868642	3121
FBgn0037848	Tsp86D	3R	10868708	10870555	1791
FBgn0011768	Fdh	3R	10870906	10872381	1337
FBgn0037849	CG4596	3R	10873038	10875582	2357
FBgn0022359	Sodh2	3R	10876384	10878257	1346
FBgn0037850	CG14695	3R	10878204	10879319	1116
FBgn0037852	Tpc1	3R	10879572	10882188	2161
FBgn0037853	CG14696	3R	10882433	10885001	1642
FBgn0037856	Leash	3R	10885540	10896418	3180
FBgn0042094	Ak3	3R	10887345	10889588	1522
FBgn0037855	CG6621	3R	10889768	10893531	3115
FBgn0083950	side-VI	3R	10972381	11050175	7339
FBgn0040256	Ugt35C1	3R	11126597	11128328	1671
FBgn0040251	Ugt302K1	3R	11151026	11153849	2556
FBgn0040257	Ugt302E1	3R	11154626	11156513	1595
FBgn0040259	Ugt302C1	3R	11157098	11159744	1994
FBgn0027584	CG4757	3R	11161207	11163498	2098
FBgn0040253	Ugt35E1	3R	11164423	11166074	1584
FBgn0040255	Ugt35E2	3R	11166177	11167981	1739
FBgn0026314	Ugt35B1	3R	11168503	11170246	1672
FBgn0026315	Ugt35A1	3R	11170817	11172664	1781
FBgn0040250	Ugt304A1	3R	11173441	11175408	1737
FBgn0040252	Ugt303A1	3R	11175529	11177910	2032
FBgn0037870	CG18577	3R	11196092	11197285	810
FBgn0261808	cu	3R	11197592	11208633	3253
FBgn0037873	SdhC	3R	11208887	11209849	906
FBgn0037874	Tctp	3R	11210247	11211898	1652
FBgn0037875	ZnT86D	3R	11212308	11214539	2003
FBgn0086472	RpS25	3R	11215028	11216287	857
FBgn0037876	CG4820	3R	11216535	11217898	1187
FBgn0037877	CG6689	3R	11217898	11220064	1909
FBgn0037878	CG6693	3R	11220268	11221639	1372
FBgn0020910	RpL3	3R	11221894	11225173	2231
FBgn0037879	scpr-C	3R	11225520	11226681	1109
FBgn0037880	CG17726	3R	11226762	11228227	1409
FBgn0037881	GCC88	3R	11228158	11230600	2322
FBgn0037882	CG17187	3R	11230617	11231879	1263
FBgn0037883	Dph3	3R	11231912	11232539	487
FBgn0037884	Arfip	3R	11232429	11235013	2004
FBgn0037885	CG17721	3R	11235140	11236077	880
FBgn0051441	CG31441	3R	11236286	11237624	1223
FBgn0051388	CG31388	3R	11237815	11240114	1562
FBgn0037889	scpr-A	3R	11241183	11242120	873
FBgn0037890	CG17734	3R	11242208	11243999	1317
FBgn0037891	CG5214	3R	11244302	11246862	1817
FBgn0004595	pros	3R	11328480	11407627	24892
FBgn0026063	KP78b	3R	11346294	11353131	4988
FBgn0026064	KP78a	3R	11346294	11353131	4988
FBgn0037892	mRpL40	3R	11407918	11408756	716
FBgn0264694	mgr	3R	11408792	11409875	946
FBgn0011774	Irbp	3R	11410047	11412440	2149
FBgn0037894	Ipo9	3R	11412522	11416142	3311
FBgn0037896	ninaG	3R	11419376	11421693	1937
FBgn0037897	Sptz	3R	11422092	11429969	7465
FBgn0037898	Dtd	3R	11430061	11430762	528
FBgn0037899	RpL24-like	3R	11430740	11431582	773
FBgn0037900	CG5276	3R	11431738	11433543	1752
FBgn0037901	Exd2	3R	11433488	11435703	1947
FBgn0037902	CG5281	3R	11435850	11437523	1613
FBgn0051374	sals	3R	11437547	11451791	3720
FBgn0046225	CG17230	3R	11437785	11467372	3785
FBgn0037906	PGRP-LB	3R	11452849	11460552	1775
FBgn0053512	dpr4	3R	11533483	11542949	2994
FBgn0037911	CG10898	3R	11557776	11559877	1969
FBgn0037912	sea	3R	11559896	11567054	1949
FBgn0037913	fabp	3R	11559896	11567054	2302
FBgn0263316	Mrp4	3R	11569250	11575937	4726
FBgn0037915	CG6790	3R	11575901	11578745	2783
FBgn0037916	CG5342	3R	11578826	11581476	2601
FBgn0037917	wkd	3R	11581576	11585305	2383
FBgn0037918	CG6791	3R	11585354	11590146	4451
FBgn0051363	Jupiter	3R	11590386	11619906	2522
FBgn0037920	CG14710	3R	11620090	11621728	1458
FBgn0037921	Zaf1	3R	11621466	11625644	3138
FBgn0037922	CG14711	3R	11623339	11624948	1319
FBgn0037923	CG6813	3R	11625051	11626638	1387
FBgn0042205	CG18764	3R	11626889	11628452	1378
FBgn0037924	CG14712	3R	11628759	11633206	4250
FBgn0262081	Csk	3R	11633278	11650706	5985
FBgn0037926	Elp1	3R	11650971	11655691	4315
FBgn0259227	CG42327	3R	11656149	11673974	5541
FBgn0037930	CG14715	3R	11674221	11674923	640
FBgn0037931	CG18476	3R	11674920	11678116	2946
FBgn0011290	Taf12	3R	11678386	11679690	1234
FBgn0037933	Ho	3R	11679743	11680976	1123
FBgn0037934	CG6830	3R	11680972	11684342	2781
FBgn0037935	CG6834	3R	11684672	11688133	2886
FBgn0037936	CG6908	3R	11688381	11690051	1439
FBgn0042110	CG18765	3R	11690386	11691799	1241
FBgn0037937	Fer3	3R	11693410	11694311	836
FBgn0265271	CG14717	3R	11696509	11698327	1819
FBgn0037939	CG14718	3R	11700614	11702720	2107
FBgn0037941	CG12594	3R	11721734	11732479	3469
FBgn0037942	CG14721	3R	11735447	11736877	1311
FBgn0002906	Blm	3R	11736810	11741783	4806
FBgn0037943	CG14722	3R	11741890	11744027	2063
FBgn0037944	CG6923	3R	11744229	11750029	5196
FBgn0262364	CG43062	3R	11750333	11750916	584
FBgn0017581	Lk6	3R	11750931	11764457	6807
FBgn0265276	l(3)neo38	3R	11765038	11779128	6563
FBgn0037949	prd1	3R	11781131	11787014	5206
FBgn0037950	HisCl1	3R	11787176	11789393	1872
FBgn0025802	Sbf	3R	11789293	11796948	6782
FBgn0051116	ClC-a	3R	11797244	11813207	5892
FBgn0259139	glo	3R	11815206	11819420	2372
FBgn0019624	COX5A	3R	11819359	11820299	796
FBgn0037955	Kyat	3R	11820381	11822493	1873
FBgn0037956	CG6959	3R	11822702	11869460	3050
FBgn0003312	sad	3R	11877235	11879754	1773
FBgn0037958	CG6962	3R	11879702	11882534	2492
FBgn0051368	CG31368	3R	11882790	11892382	4630
FBgn0037960	mthl5	3R	11883938	11887168	1952
FBgn0037962	Dnali1	3R	11892306	11893297	939
FBgn0037963	Cad87A	3R	11893512	11949129	7255
FBgn0085336	CG34307	3R	11897582	11898419	718
FBgn0037964	CG14731	3R	11931262	11933640	2062
FBgn0051211	CG31211	3R	11949680	11954038	2927
FBgn0013275	Hsp70Aa	3R	11954163	11956544	2382
FBgn0013276	Hsp70Ab	3R	11958535	11960909	2375
FBgn0260741	CG3281	3R	11960883	11962805	1870
FBgn0000147	aurA	3R	11963124	11964826	1577
FBgn0260742	CG12213	3R	11964674	11967691	2841
FBgn0260743	GC1	3R	11967708	11971686	1658
FBgn0260744	Tango9	3R	11971007	11974910	3673
FBgn0037972	CG10005	3R	11975156	11977197	1171
FBgn0037973	CG18547	3R	11978574	11980390	1131
FBgn0037974	CG12224	3R	11980704	11982062	1147
FBgn0037975	CG3397	3R	11983098	11984541	1187
FBgn0260745	mfas	3R	11984862	11993315	3518
FBgn0260746	Ect3	3R	11999278	12003516	2236
FBgn0037978	KLHL18	3R	12007476	12010434	2652
FBgn0037979	GCC185	3R	12010772	12015059	4040
FBgn0037980	DCAF12	3R	12014943	12017031	1897
FBgn0037981	Spt3	3R	12017156	12018550	1395
FBgn0051358	CG31358	3R	12027736	12031757	3625
FBgn0037988	CG14740	3R	12061070	12062944	1600
FBgn0037989	ATP8B	3R	12068375	12090612	7379
FBgn0051361	dpr17	3R	12094876	12111420	4475
FBgn0261714	Cpn	3R	12162887	12166186	2853
FBgn0037998	Cog1	3R	12213792	12219686	4839
FBgn0037997	CG14742	3R	12214501	12215659	612
FBgn0037999	CG4860	3R	12219881	12221464	1393
FBgn0003651	svp	3R	12258737	12302785	5595
FBgn0038012	CG10013	3R	12323521	12325210	1690
FBgn0038013	CG10038	3R	12348987	12350644	1212
FBgn0038014	CG10041	3R	12350815	12352103	976
FBgn0038016	MBD-R2	3R	12352143	12356265	3864
FBgn0038017	CG4115	3R	12360008	12363255	1115
FBgn0042206	GstD10	3R	12364776	12365735	876
FBgn0038020	GstD9	3R	12366163	12367564	786
FBgn0001149	GstD1	3R	12367817	12369268	843
FBgn0010038	GstD2	3R	12371971	12372704	734
FBgn0010039	GstD3	3R	12373068	12373813	746
FBgn0010040	GstD4	3R	12374100	12374824	725
FBgn0010041	GstD5	3R	12375733	12376572	840
FBgn0010042	GstD6	3R	12377128	12377907	780
FBgn0010043	GstD7	3R	12378500	12379255	756
FBgn0010044	GstD8	3R	12380008	12380815	808
FBgn0038029	GstD11	3R	12383336	12385624	1121
FBgn0085431	Sol1	3R	12386249	12402902	2277
FBgn0038032	CG10096	3R	12390166	12395980	5233
FBgn0038033	CG10097	3R	12390166	12395980	5233
FBgn0038034	Cyp9f3	3R	12396007	12398929	2039
FBgn0286075	DNAlig3	3R	12399011	12401839	2604
FBgn0038037	Cyp9f2	3R	12403340	12406028	1758
FBgn0038038	CG5167	3R	12406532	12408107	1576
FBgn0038039	CG5196	3R	12408316	12411768	2180
FBgn0000455	Dip-C	3R	12411809	12413759	1951
FBgn0082831	pps	3R	12413828	12421251	6730
FBgn0038042	Scgbeta	3R	12421236	12422429	1194
FBgn0038043	CG17202	3R	12422768	12423606	777
FBgn0004103	Pp1-87B	3R	12423621	12425917	2203
FBgn0038045	NANS	3R	12426578	12427877	1194
FBgn0038046	CG5641	3R	12427795	12429282	1365
FBgn0038047	CG5245	3R	12429560	12431235	1623
FBgn0086134	Prosalpha2	3R	12431321	12432556	920
FBgn0029512	Aos1	3R	12432533	12433822	1167
FBgn0038049	Srlp	3R	12434098	12435643	1355
FBgn0043043	Desat2	3R	12436248	12437857	1357
FBgn0038051	CG17207	3R	12437817	12439139	1323
FBgn0286930	CG46427	3R	12437817	12439139	1323
FBgn0086687	Desat1	3R	12439600	12447616	2488
FBgn0286507	vrs	3R	12447653	12449046	1328
FBgn0038053	CG18549	3R	12449296	12456355	2004
FBgn0038054	CG5509	3R	12452464	12453196	733
FBgn0038055	trus	3R	12456573	12458444	1746
FBgn0038056	CG5961	3R	12458421	12460294	1694
FBgn0038057	Polr3C	3R	12460414	12462418	1652
FBgn0038058	CG5608	3R	12462562	12465298	2244
FBgn0013277	Hsp70Ba	3R	12465453	12467776	2324
FBgn0051354	Hsp70Bbb	3R	12502510	12504856	2347
FBgn0267866	CR46154	3R	12504977	12505250	274
FBgn0013278	Hsp70Bb	3R	12505793	12508139	2347
FBgn0267867	CR46155	3R	12508260	12508533	274
FBgn0013279	Hsp70Bc	3R	12509076	12511461	2386
FBgn0250910	Octbeta3R	3R	12511570	12548229	6101
FBgn0028374	Hug	3R	12526188	12529076	1033
FBgn0038063	Octbeta2R	3R	12550625	12595725	7519
FBgn0005671	Vha55	3R	12623762	12627829	2786
FBgn0038065	Snx3	3R	12628031	12630495	1860
FBgn0260444	Not10	3R	12630647	12633188	2189
FBgn0042207	CG18530	3R	12633359	12634670	1188
FBgn0038067	CG11598	3R	12634917	12636283	1248
FBgn0038068	CG11600	3R	12636540	12637976	1330
FBgn0038069	CG11608	3R	12638481	12640033	1379
FBgn0038070	CG6753	3R	12640163	12642482	1774
FBgn0038071	Dtg	3R	12648058	12652910	2464
FBgn0038073	CG14395	3R	12662831	12673959	4562
FBgn0038074	Gnmt	3R	12674608	12676084	990
FBgn0263621	CG43630	3R	12676010	12676260	251
FBgn0026207	mbo	3R	12676487	12679052	2566
FBgn0001296	kar	3R	12682186	12689367	2678
FBgn0005355	Su(fu)	3R	12689873	12691468	1596
FBgn0051347	CG31347	3R	12691733	12692597	865
FBgn0011745	Arp1	3R	12691743	12694232	1469
FBgn0038079	NijC	3R	12695129	12697379	1334
FBgn0016693	Past1	3R	12697322	12704875	2896
FBgn0038080	CG12279	3R	12705094	12705818	601
FBgn0002905	PolQ	3R	12705523	12712299	6420
FBgn0002719	Men	3R	12713103	12722442	3074
FBgn0038082	Ugt37A2	3R	12739642	12741417	1710
FBgn0038083	Ugt37A3	3R	12741958	12743680	1667
FBgn0038088	CG10126	3R	12855544	12859246	978
FBgn0038092	beat-Vb	3R	12916056	12934813	1892
FBgn0040493	grsm	3R	12950042	12967712	2435
FBgn0087021	Spc25	3R	12961745	12963249	968
FBgn0038095	Cyp304a1	3R	12963791	12965923	1716
FBgn0038097	CG14384	3R	12965938	12967712	1213
FBgn0038098	CG7381	3R	12967775	12977471	3501
FBgn0038099	CG7091	3R	12978000	12980535	1880
FBgn0038100	Paip2	3R	12980792	12985488	2039
FBgn0051342	CG31342	3R	12986041	12991543	4054
FBgn0038102	CG14383	3R	12987376	12988511	1136
FBgn0041710	yellow-f	3R	12991449	12993201	1439
FBgn0038105	yellow-f2	3R	12993395	12995147	1462
FBgn0038106	CG7488	3R	12995620	12996925	1249
FBgn0038107	CG17327	3R	12996876	12997726	851
FBgn0265083	CG44194	3R	12996876	12997726	851
FBgn0038108	CG7518	3R	12998089	13008404	8450
FBgn0038110	CG8031	3R	13008384	13011310	1318
FBgn0038109	CG11656	3R	13009895	13011086	1113
FBgn0020496	CtBP	3R	13011649	13026275	6448
FBgn0283438	CG46280	3R	13026283	13030659	3052
FBgn0283439	CG46281	3R	13028920	13030307	1321
FBgn0002354	l(3)87Df	3R	13030913	13031598	551
FBgn0003308	ry	3R	13032528	13038020	4337
FBgn0038113	CG11668	3R	13038375	13040184	1349
FBgn0003450	snk	3R	13040165	13042770	1435
FBgn0038114	CG11670	3R	13042050	13044086	1418
FBgn0001217	Hsc70-2	3R	13044759	13047388	2174
FBgn0038115	CG7966	3R	13049398	13051453	1557
FBgn0260962	pic	3R	13052245	13056725	3881
FBgn0004666	sim	3R	13057755	13078124	3547
FBgn0038118	timeout	3R	13088651	13163876	4337
FBgn0260793	2mit	3R	13121951	13155687	8905
FBgn0038123	CG8508	3R	13185526	13186496	971
FBgn0000024	Ace	3R	13222951	13259517	8473
FBgn0040551	CG11686	3R	13260356	13262227	487
FBgn0038128	Ravus	3R	13262733	13264061	1269
FBgn0003598	Su(var)3-7	3R	13264364	13270038	5051
FBgn0038129	TBC1D5	3R	13269137	13272011	2318
FBgn0038130	CG8630	3R	13279721	13284527	2173
FBgn0038135	CG8773	3R	13294748	13298288	3145
FBgn0038136	CG8774	3R	13298768	13302334	3150
FBgn0052473	CG32473	3R	13302648	13312785	4559
FBgn0086371	Elp6	3R	13361816	13366910	1465
FBgn0027610	Dic1	3R	13364938	13369278	1879
FBgn0038142	CheA87a	3R	13369648	13370346	643
FBgn0023495	Lip3	3R	13370240	13371904	1434
FBgn0038143	CG9813	3R	13373104	13379775	2859
FBgn0038144	CG8870	3R	13379842	13381509	1535
FBgn0044511	mRpS21	3R	13381276	13381809	475
FBgn0038145	Droj2	3R	13382106	13385283	2373
FBgn0038146	CG9799	3R	13385648	13388709	2939
FBgn0038149	GILT1	3R	13398526	13401862	1122
FBgn0053977	Dpm3	3R	13402559	13403051	425
FBgn0000046	Act87E	3R	13425983	13428375	1989
FBgn0004049	yrt	3R	13428867	13434984	4464
FBgn0038156	side-IV	3R	13450590	13464184	5123
FBgn0038157	CG12538	3R	13522951	13523535	585
FBgn0051337	CG31337	3R	13543966	13545400	849
FBgn0038163	CG10841	3R	13631942	13634861	2406
FBgn0263396	sqd	3R	13634862	13646304	7745
FBgn0015778	rin	3R	13647004	13654527	5711
FBgn0010258	Rbp4	3R	13654556	13656394	1515
FBgn0004237	Hrb87F	3R	13656846	13660531	2759
FBgn0004587	B52	3R	13661311	13666891	4313
FBgn0038165	Task6	3R	13667046	13674542	4932
FBgn0038166	CG9588	3R	13675092	13676681	1226
FBgn0038167	Lkb1	3R	13676549	13679430	2627
FBgn0038168	omd	3R	13679440	13687210	3498
FBgn0024555	flfl	3R	13683921	13693905	5739
FBgn0038170	CG14367	3R	13694053	13695513	1204
FBgn0028487	f-cup	3R	13695263	13700838	3529
FBgn0002937	ninaB	3R	13700565	13703164	2164
FBgn0038172	Adgf-D	3R	13703084	13705402	1613
FBgn0038173	Adgf-C	3R	13706757	13709129	1737
FBgn0051469	Argp	3R	13709159	13709939	613
FBgn0040076	primo-2	3R	13710017	13711835	1336
FBgn0040077	primo-1	3R	13710017	13711835	1336
FBgn0085412	kmr	3R	13715207	13764667	14179
FBgn0259721	CG42375	3R	13779624	13780795	1117
FBgn0260464	CG9288	3R	13779624	13780795	1117
FBgn0038183	CG9286	3R	13780964	13782082	999
FBgn0000454	Dip-B	3R	13782288	13785676	2102
FBgn0266464	Nsf2	3R	13833497	13837991	3521
FBgn0051495	CG31495	3R	13838240	13839934	1695
FBgn0008646	E5	3R	13867345	13874916	2122
FBgn0016672	Ipp	3R	13958789	13960474	1402
FBgn0015270	Orc2	3R	13964885	13967075	1995
FBgn0264493	rdx	3R	13967061	14032057	6511
FBgn0038194	Cyp6d5	3R	14029228	14031483	1640
FBgn0038195	CG3061	3R	14032371	14035041	1981
FBgn0038196	CG9922	3R	14035018	14036398	1006
FBgn0038197	foxo	3R	14056945	14087978	4130
FBgn0038198	Npc2b	3R	14089517	14092425	922
FBgn0038199	CCHa1	3R	14092504	14096835	857
FBgn0038201	PK1-R	3R	14099832	14103122	2512
FBgn0038202	CG12402	3R	14104488	14108321	3476
FBgn0038203	Or88a	3R	14109445	14110823	1206
FBgn0038204	CG14357	3R	14111151	14112166	960
FBgn0038205	Kif19A	3R	14112451	14118450	2683
FBgn0020510	Abi	3R	14119262	14122420	2528
FBgn0038206	twf	3R	14122654	14124474	1377
FBgn0010340	140up	3R	14124163	14125548	1200
FBgn0262955	Polr2B	3R	14125791	14130111	4060
FBgn0038207	CG14356	3R	14130680	14132072	740
FBgn0038208	CG14355	3R	14148508	14151940	3292
FBgn0011582	Dop1R1	3R	14165379	14214810	14565
FBgn0038211	CG9649	3R	14215459	14217882	1713
FBgn0051326	CG31326	3R	14218136	14220205	1761
FBgn0053109	CG33109	3R	14220560	14221584	1025
FBgn0053329	Sp212	3R	14222074	14224155	1681
FBgn0027563	CG9631	3R	14225098	14226762	1449
FBgn0038213	CG9624	3R	14228018	14229145	1128
FBgn0262983	CG43291	3R	14234984	14244677	2154
FBgn0027083	MetRS-m	3R	14249043	14259991	4314
FBgn0262808	CG43179	3R	14256108	14256930	701
FBgn0038219	CG14839	3R	14262387	14263367	981
FBgn0003862	trx	3R	14263358	14286903	14052
FBgn0285913	red	3R	14289071	14302276	3003
FBgn0038221	IFT54	3R	14302428	14304458	1843
FBgn0003567	su(Hw)	3R	14304455	14308589	3682
FBgn0004855	Polr2I	3R	14309089	14310178	1035
FBgn0051321	CG31321	3R	14310362	14314412	2198
FBgn0011474	Set8	3R	14316038	14320494	4183
FBgn0038223	Afti	3R	14320191	14326689	5489
FBgn0038224	ATPsynE	3R	14326947	14327735	720
FBgn0003480	spn-B	3R	14328051	14329608	1384
FBgn0024321	NK7.1	3R	14329413	14372951	4373
FBgn0288976	Dnaaf5	3R	14358356	14361786	3431
FBgn0038225	soti	3R	14380663	14381699	1037
FBgn0285955	cv-c	3R	14391683	14481713	9760
FBgn0085417	natalisin	3R	14418593	14421865	1999
FBgn0038233	HtrA2	3R	14509049	14511712	2512
FBgn0038234	mRpL11	3R	14511838	14512691	734
FBgn0038235	CG8461	3R	14512639	14513637	883
FBgn0038237	Pde6	3R	14513901	14558304	6535
FBgn0051313	CG31313	3R	14566432	14567429	793
FBgn0038243	CG8066	3R	14567611	14568847	1173
FBgn0004629	Cys	3R	14569103	14569644	484
FBgn0038244	CG7987	3R	14570472	14575887	4416
FBgn0020299	stumps	3R	14577217	14608079	5599
FBgn0003169	put	3R	14619030	14625703	4013
FBgn0013981	His4r	3R	14625755	14626614	796
FBgn0038248	CG7886	3R	14626676	14642563	3436
FBgn0038247	Cad88C	3R	14630478	14641776	6745
FBgn0086686	l(3)L1231	3R	14642672	14655716	6264
FBgn0038250	CG3505	3R	14657447	14659228	1185
FBgn0038251	Hexim	3R	14659438	14661177	1548
FBgn0025808	Rad17	3R	14661176	14663197	1823
FBgn0038252	BigH1	3R	14663450	14664822	1279
FBgn0265140	Meltrin	3R	14664907	14697292	6854
FBgn0262127	kibra	3R	14697689	14724261	5750
FBgn0038256	CG7530	3R	14724760	14731509	2646
FBgn0011217	eff	3R	14732414	14741319	2375
FBgn0263929	jvl	3R	14741582	14795868	9425
FBgn0038257	smp-30	3R	14745901	14751246	1666
FBgn0038258	CG7362	3R	14751748	14754460	2654
FBgn0038260	CG14855	3R	14796305	14798474	1973
FBgn0038261	CG14856	3R	14798986	14801163	1999
FBgn0038262	CG14857	3R	14801773	14804342	2071
FBgn0266756	btsz	3R	14804092	14875488	17286
FBgn0038268	CG3631	3R	14879457	14882631	2776
FBgn0038269	Rrp6	3R	14882498	14886246	3233
FBgn0067628	CG33331	3R	14886456	14887739	1284
FBgn0067629	CG33332	3R	14886456	14889146	1315
FBgn0004597	CycC	3R	14889004	14890205	1142
FBgn0038271	UQCR-C1	3R	14890231	14892387	1632
FBgn0038272	Dph2	3R	14892392	14893954	1510
FBgn0038273	CG14860	3R	14894784	14896446	1603
FBgn0038274	Nup93-2	3R	14895703	14898372	2497
FBgn0038275	CG3817	3R	14898739	14899617	879
FBgn0038277	RpS5b	3R	14900432	14901563	951
FBgn0028662	VhaPPA1-1	3R	14902330	14904061	1352
FBgn0038279	Sdr	3R	14918628	14923083	4074
FBgn0038282	dpr9	3R	15054930	15077206	4826
FBgn0038285	CG6974	3R	15078530	15079285	756
FBgn0038286	CG6966	3R	15079320	15095631	4578
FBgn0261859	CG42788	3R	15095957	15131926	6686
FBgn0038290	CG6912	3R	15135138	15137004	1428
FBgn0038291	CG3984	3R	15137148	15139007	1731
FBgn0038292	CG3987	3R	15139958	15141715	1483
FBgn0266064	Glys	3R	15141843	15147531	3340
FBgn0038295	Gyc88E	3R	15150375	15191242	4824
FBgn0038296	Kpc1	3R	15191058	15196210	4431
FBgn0260659	CG42542	3R	15196598	15203074	2765
FBgn0028984	Spn88Ea	3R	15203069	15206447	1521
FBgn0038299	Spn88Eb	3R	15206703	15208762	1431
FBgn0038300	Mau2	3R	15209204	15211347	2086
FBgn0038301	CG6654	3R	15211277	15213658	2262
FBgn0038302	CG4210	3R	15213974	15214845	682
FBgn0038303	SIDL	3R	15214762	15218874	3634
FBgn0038304	CG12241	3R	15219256	15222371	2986
FBgn0051155	Polr2G	3R	15222251	15223180	759
FBgn0051344	CG31344	3R	15223378	15225329	1450
FBgn0263979	Caf1-55	3R	15225576	15227564	1828
FBgn0038306	Art3	3R	15227605	15229408	1804
FBgn0038307	mRpS10	3R	15229665	15230516	783
FBgn0085345	CG34316	3R	15230585	15231686	907
FBgn0045035	tefu	3R	15232212	15242236	8416
FBgn0266599	Hsc70-4	3R	15242687	15246614	2716
FBgn0038309	Amt	3R	15247163	15249137	1773
FBgn0259823	CG42404	3R	15250094	15257765	5536
FBgn0263740	eIF2gamma	3R	15257844	15263458	2203
FBgn0263755	Su(var)3-9	3R	15259864	15263458	2386
FBgn0014879	Set	3R	15263552	15265253	1169
FBgn0016691	ATPsynO	3R	15265591	15266690	802
FBgn0038311	CG14864	3R	15266684	15268538	1814
FBgn0038312	Zip88E	3R	15268662	15270532	1539
FBgn0000283	Cp190	3R	15270432	15275241	4293
FBgn0038313	CG4338	3R	15275522	15276474	953
FBgn0027378	MRG15	3R	15276440	15278109	1511
FBgn0011476	l(3)neo43	3R	15277981	15278668	627
FBgn0003721	Tm1	3R	15278220	15308779	9804
FBgn0266745	CG45218	3R	15290309	15290799	437
FBgn0004117	Tm2	3R	15310193	15315197	2613
FBgn0038315	CG14866	3R	15316471	15318285	1759
FBgn0038316	CG6276	3R	15318203	15320069	1806
FBgn0026441	ear	3R	15320756	15325279	3988
FBgn0038318	CG6236	3R	15325325	15328269	2416
FBgn0000533	ea	3R	15328729	15330408	1527
FBgn0038319	mRpL9	3R	15330738	15331588	794
FBgn0013269	Fkbp39	3R	15331584	15333133	1299
FBgn0038320	Cyfip	3R	15333266	15338365	4628
FBgn0038321	Nagk	3R	15337908	15343256	2091
FBgn0021750	SerRS-m	3R	15340667	15343218	2552
FBgn0019925	Surf4	3R	15343653	15346176	1641
FBgn0051301	CG31301	3R	15346205	15348012	1520
FBgn0261679	CG42726	3R	15348048	15350391	2285
FBgn0261680	CG42727	3R	15348048	15350391	2285
FBgn0266722	Trs33	3R	15350345	15350995	583
FBgn0038324	Tmtc4	3R	15351225	15353926	2702
FBgn0038325	Atg4b	3R	15353720	15356924	2665
FBgn0038326	Hibch	3R	15357229	15359263	1702
FBgn0026634	Cog2	3R	15358481	15361657	3015
FBgn0038327	Trax	3R	15361692	15362850	1109
FBgn0026737	CG6171	3R	15362796	15363857	1001
FBgn0085433	CG34404	3R	15363786	15367665	3263
FBgn0038330	CG14868	3R	15367816	15369945	1844
FBgn0038332	CG6136	3R	15370036	15372212	2177
FBgn0038331	Ccm3	3R	15371957	15374237	1589
FBgn0262483	Rbp	3R	15374635	15402543	9119
FBgn0038334	h-cup	3R	15381407	15382951	1545
FBgn0038337	CG6125	3R	15402598	15407070	2532
FBgn0041188	Atx2	3R	15408423	15417277	5786
FBgn0038339	CG6118	3R	15421108	15434738	4659
FBgn0000047	Act88F	3R	15439969	15442177	1595
FBgn0286071	AdamTS-A	3R	15442246	15476193	7745
FBgn0038342	B9d1	3R	15481906	15482904	881
FBgn0019940	Rh6	3R	15483158	15484699	1407
FBgn0038343	Trissin	3R	15484730	15485396	551
FBgn0038344	obe	3R	15486050	15493310	6970
FBgn0038345	maca	3R	15494602	15495620	1019
FBgn0264776	CG44014	3R	15507940	15508886	846
FBgn0264775	CG44013	3R	15508896	15509917	940
FBgn0051296	CG31296	3R	15530072	15531473	1288
FBgn0267408	AOX1	3R	15532137	15537292	4228
FBgn0038348	AOX2	3R	15537713	15542414	3950
FBgn0038349	AOX3	3R	15542748	15548188	4562
FBgn0038350	AOX4	3R	15548628	15552833	3832
FBgn0263041	CG43336	3R	15637168	15638181	840
FBgn0053207	pxb	3R	15666183	15690513	5086
FBgn0051446	CG31446	3R	15693086	15694194	884
FBgn0038353	CG5399	3R	15695241	15697142	1546
FBgn0038354	CG5404	3R	15704676	15708434	2762
FBgn0038360	CG9590	3R	15786703	15788339	1578
FBgn0038361	Uros2	3R	15788521	15789494	974
FBgn0000246	c(3)G	3R	15789473	15792579	2629
FBgn0038363	Acyp2	3R	15792688	15793487	619
FBgn0262527	nsl1	3R	15793782	15802102	6544
FBgn0038365	CG9593	3R	15802275	15803653	1270
FBgn0026616	alpha-Man-IIb	3R	15804248	15824118	6029
FBgn0003227	rec	3R	15823019	15832632	4131
FBgn0038366	CG4576	3R	15825747	15830321	2433
FBgn0263023	CG43318	3R	15832708	15833432	618
FBgn0263022	CG43317	3R	15833462	15834425	863
FBgn0038369	Arpc3A	3R	15834648	15836021	1123
FBgn0017567	ND-23	3R	15836048	15837117	819
FBgn0003483	spn-E	3R	15837419	15844415	4678
FBgn0038371	Pbp45	3R	15838146	15839515	1370
FBgn0265048	cv-d	3R	15844466	15853581	4744
FBgn0038373	CG4546	3R	15846534	15848436	1773
FBgn0038376	Hmt-1	3R	15853868	15857470	2986
FBgn0051183	CG31183	3R	15857871	15875939	5256
FBgn0038377	CG9632	3R	15860196	15861478	1283
FBgn0038380	CG14877	3R	15889194	15896078	1478
FBgn0027657	glob1	3R	15896926	15904643	1805
FBgn0051292	CR31292	3R	15906240	15906750	452
FBgn0038381	EndoU	3R	15908398	15910367	1645
FBgn0266566	CG45105	3R	15910372	15918007	5376
FBgn0038385	Fbxl7	3R	15920898	15932887	3176
FBgn0038387	blp	3R	15933847	15934940	967
FBgn0013334	Sap47	3R	15935100	15962124	6401
FBgn0051088	CG31088	3R	15950201	15950943	628
FBgn0286741	CG46383	3R	15950201	15950943	628
FBgn0038388	CG4287	3R	15962167	15963867	1648
FBgn0038389	CG5516	3R	15963884	15964761	811
FBgn0052856	CG32856	3R	15964678	15965351	620
FBgn0038390	Rbf2	3R	15965446	15968138	2693
FBgn0002783	mor	3R	15968134	15972913	3983
FBgn0022787	Hel89B	3R	15973298	15983451	6581
FBgn0003507	srp	3R	15986152	16004085	5831
FBgn0038391	GATAe	3R	16009105	16019133	3493
FBgn0003117	pnr	3R	16026079	16041796	4361
FBgn0038394	Jhbp4	3R	16043498	16044832	1047
FBgn0038395	Jhbp5	3R	16044747	16046130	1125
FBgn0024222	IKKbeta	3R	16046347	16049421	2488
FBgn0038396	CG5013	3R	16049670	16050693	973
FBgn0027948	msps	3R	16050801	16060675	7590
FBgn0038397	CG10185	3R	16060589	16067594	5379
FBgn0026059	Mhcl	3R	16068523	16098761	11176
FBgn0052855	CG32855	3R	16078980	16080992	2013
FBgn0038398	sxe2	3R	16083878	16087222	1829
FBgn0010379	Akt	3R	16099228	16105670	4889
FBgn0003319	Sb	3R	16116161	16145284	4180
FBgn0038400	Mic26-27	3R	16144401	16146855	2392
FBgn0038401	CG5916	3R	16147029	16149636	2396
FBgn0038402	Fer2	3R	16149369	16151312	1363
FBgn0063649	CG6006	3R	16154982	16171766	4384
FBgn0038404	CG8925	3R	16171991	16180475	2398
FBgn0038405	CG8927	3R	16181020	16186235	1454
FBgn0024491	Bin1	3R	16186156	16189564	3336
FBgn0086370	sra	3R	16186999	16197584	2372
FBgn0038407	CG6126	3R	16198000	16203083	2126
FBgn0051287	CG31287	3R	16203371	16204961	1425
FBgn0010438	mtSSB	3R	16204194	16205250	575
FBgn0040071	tara	3R	16225651	16260329	4855
FBgn0287225	bor	3R	16261355	16264115	2457
FBgn0020407	asun	3R	16264271	16266891	2497
FBgn0020399	Mst89B	3R	16267012	16268433	1287
FBgn0261286	Mat89Ba	3R	16268329	16272415	3797
FBgn0250823	gish	3R	16272452	16304768	7405
FBgn0038412	Zip89B	3R	16305758	16308700	2011
FBgn0040271	Sulf1	3R	16310542	16339575	5307
FBgn0038414	CG6901	3R	16323415	16325128	1581
FBgn0038415	CG17929	3R	16325492	16327331	1670
FBgn0038416	CG17930	3R	16327849	16329622	1653
FBgn0283477	SF2	3R	16338943	16341988	2576
FBgn0038418	pad	3R	16342318	16345829	3276
FBgn0038419	CG14879	3R	16345825	16349226	2016
FBgn0027095	Manf	3R	16349404	16350801	847
FBgn0038420	CG10311	3R	16350786	16357015	1086
FBgn0038421	CG17931	3R	16357535	16359466	1515
FBgn0038422	js	3R	16360329	16368306	2599
FBgn0003513	ss	3R	16374434	16403690	5191
FBgn0051279	CG31279	3R	16430681	16432897	1582
FBgn0038424	Fntb	3R	16432998	16434740	1569
FBgn0038425	CG14881	3R	16434899	16436066	1054
FBgn0038426	mRpS33	3R	16436045	16436597	491
FBgn0038427	ema	3R	16436880	16441661	3590
FBgn0038428	Ttc1	3R	16441843	16443007	1111
FBgn0038429	CG14882	3R	16443207	16445010	1754
FBgn0044826	Pak3	3R	16445007	16453821	4983
FBgn0038431	CG10405	3R	16454492	16455797	929
FBgn0038432	CG14883	3R	16456052	16458233	1838
FBgn0250754	CG42232	3R	16458280	16469663	10901
FBgn0027053	CSN5	3R	16470099	16471406	1196
FBgn0038435	Gyc89Da	3R	16472601	16475477	2494
FBgn0038436	Gyc89Db	3R	16477110	16481070	2784
FBgn0004087	Dhfr	3R	16481167	16481878	662
FBgn0038437	Sdhaf3	3R	16481861	16482452	470
FBgn0038438	Der-2	3R	16482694	16484223	1390
FBgn0038439	Cad89D	3R	16484566	16495422	6918
FBgn0028381	Decay	3R	16499058	16501050	1111
FBgn0259244	CG42342	3R	16502770	16571363	7112
FBgn0038446	CG14903	3R	16573179	16573752	442
FBgn0038448	CG12783	3R	16611419	16613400	1684
FBgn0022344	CG10340	3R	16613398	16614391	938
FBgn0285925	Fas1	3R	16625238	16639771	4871
FBgn0015520	nonA-l	3R	16640205	16643112	2908
FBgn0038453	Arl6IP1	3R	16643605	16645171	1294
FBgn0038454	CG10324	3R	16645072	16647004	1811
FBgn0015019	CCT3	3R	16647605	16649978	2165
FBgn0015351	Mettl4	3R	16649981	16651157	1177
FBgn0038455	CG14907	3R	16651217	16652319	1103
FBgn0051217	modSP	3R	16652446	16655662	2289
FBgn0000014	abd-A	3R	16807214	16830049	5477
FBgn0288835	MSAmiP	3R	16831115	16896293	1754
FBgn0000015	Abd-B	3R	16927212	16972236	11791
FBgn0015011	AhcyL2	3R	16978439	16982158	1969
FBgn0038460	CG18622	3R	16983510	16987732	1272
FBgn0043069	MESK4	3R	16988814	16990419	1488
FBgn0038461	EMC2B	3R	16990334	16991878	1216
FBgn0051274	CG31274	3R	16993016	16994532	1399
FBgn0038462	EMC2A	3R	16994542	16996071	1230
FBgn0038463	CG3534	3R	16996446	16999449	1979
FBgn0266917	Sf3a1	3R	16999384	17002355	2558
FBgn0038465	Irc	3R	17002875	17007208	2390
FBgn0038466	CG8907	3R	17008269	17012533	2467
FBgn0004577	Pxd	3R	17014576	17027987	2630
FBgn0038467	Adsl	3R	17018780	17021120	2341
FBgn0038468	CG5225	3R	17028693	17030701	1835
FBgn0038469	CG4009	3R	17033588	17036045	2214
FBgn0038470	CG18213	3R	17036394	17040203	2997
FBgn0038471	Trm7-32	3R	17040682	17041895	1102
FBgn0038472	bdwf	3R	17041896	17043136	1185
FBgn0266053	Patr-1	3R	17043564	17048421	4285
FBgn0020493	Dad	3R	17054007	17070408	3906
FBgn0038473	Ns1	3R	17070523	17072675	1895
FBgn0038474	mRpS11	3R	17072732	17073795	729
FBgn0038475	Keap1	3R	17073942	17079945	3447
FBgn0038476	kuk	3R	17080244	17084781	2433
FBgn0266465	GckIII	3R	17085513	17087988	2476
FBgn0038478	cal1	3R	17088280	17091938	3602
FBgn0014141	cher	3R	17091533	17125389	9428
FBgn0085307	CG34278	3R	17120465	17120808	344
FBgn0261847	CG42779	3R	17121577	17122087	511
FBgn0038481	CG17475	3R	17129339	17130426	1088
FBgn0038484	CG5246	3R	17136111	17137195	1085
FBgn0038487	TwdlW	3R	17141208	17142404	1126
FBgn0038488	m-cup	3R	17144475	17149412	3792
FBgn0264291	Det	3R	17149667	17150455	651
FBgn0038490	Smug	3R	17150587	17151630	983
FBgn0038491	CG5292	3R	17151861	17153771	1855
FBgn0038492	Mur89F	3R	17152995	17202130	7334
FBgn0051262	CG31262	3R	17217116	17223074	2341
FBgn0038494	beat-IIb	3R	17232253	17265049	2456
FBgn0038499	Brf	3R	17374833	17391337	2975
FBgn0262871	lute	3R	17379944	17390265	4070
FBgn0028992	sds22	3R	17391594	17393020	1354
FBgn0025456	CREG	3R	17393272	17394640	1010
FBgn0038504	Sur-8	3R	17395199	17402515	4681
FBgn0000564	Eh	3R	17446642	17448858	704
FBgn0261046	Dscam3	3R	17473935	17505667	8512
FBgn0038515	CG5823	3R	17532325	17534587	1850
FBgn0038516	P5cr-2	3R	17534815	17537136	1452
FBgn0010926	l(3)07882	3R	17535533	17539963	4315
FBgn0025571	SF1	3R	17540421	17545148	3112
FBgn0038519	Prx3	3R	17545222	17546531	1017
FBgn0264005	Hmx	3R	17558930	17569097	3384
FBgn0038524	sll	3R	17606106	17608541	1994
FBgn0038527	CG14324	3R	17618281	17618799	464
FBgn0038528	CG14326	3R	17619100	17619688	524
FBgn0038530	AttD	3R	17625268	17626086	742
FBgn0262794	CG43175	3R	17630717	17645262	684
FBgn0038532	CG14322	3R	17647679	17669985	5917
FBgn0038533	CG7523	3R	17669144	17670895	1134
FBgn0000063	Mps1	3R	17671271	17673828	2141
FBgn0038535	alt	3R	17673732	17682515	4464
FBgn0038536	CG7655	3R	17682669	17683773	1046
FBgn0051251	CG31251	3R	17683740	17684915	1060
FBgn0051360	CG31360	3R	17685097	17685807	649
FBgn0051249	CG31249	3R	17685689	17687071	1176
FBgn0261885	osa	3R	17687818	17718350	10723
FBgn0261987	Pxt	3R	17719454	17722955	2716
FBgn0016650	Lgr1	3R	17725777	17733207	3222
FBgn0038541	TyrRII	3R	17736611	17747470	4428
FBgn0038542	TyrR	3R	17750129	17763188	5491
FBgn0262562	CG43102	3R	17768272	17794490	12189
FBgn0038545	pasi1	3R	17795075	17796317	874
FBgn0038546	CG7379	3R	17796376	17798304	1787
FBgn0038547	CG17803	3R	17798877	17801512	2238
FBgn0038548	CG17806	3R	17801542	17803260	1613
FBgn0038549	Nnk	3R	17803225	17805249	1706
FBgn0038550	CG17801	3R	17805679	17807085	1220
FBgn0038551	Odj	3R	17807407	17809222	1645
FBgn0038552	Alg1	3R	17809401	17811134	1615
FBgn0261649	tinc	3R	17811541	17872507	7148
FBgn0053547	Rim	3R	17872748	17916578	14257
FBgn0263995	cpo	3R	17919832	18018892	11566
FBgn0000477	DNaseII	3R	18019375	18021161	1228
FBgn0038564	CG7785	3R	18021600	18023689	1747
FBgn0038565	CG7794	3R	18023707	18025378	1549
FBgn0010389	htl	3R	18045216	18052984	4094
FBgn0003499	sr	3R	18090803	18135583	8113
FBgn0038569	CG7218	3R	18161392	18164397	2543
FBgn0022943	Cbp20	3R	18164661	18165439	600
FBgn0038570	Prx5	3R	18165442	18167273	1449
FBgn0038571	CG7215	3R	18165442	18167273	1449
FBgn0042693	wrd	3R	18167757	18180049	7793
FBgn0261532	cdm	3R	18179275	18183479	3691
FBgn0038575	CG7208	3R	18183656	18185715	1744
FBgn0038576	Arp5	3R	18185498	18187875	2320
FBgn0038577	CG12321	3R	18187805	18188707	903
FBgn0038578	MED17	3R	18189072	18191265	2060
FBgn0038579	CG14313	3R	18191244	18191967	652
FBgn0011481	Ssdp	3R	18192494	18199595	5521
FBgn0028499	CG7985	3R	18199857	18215001	2729
FBgn0038581	CG14314	3R	18216142	18218014	1606
FBgn0038583	CG7183	3R	18218147	18220699	2367
FBgn0038582	CG7988	3R	18220526	18221473	885
FBgn0038584	mTerf5	3R	18221522	18223682	1999
FBgn0038585	Non3	3R	18223722	18224942	1093
FBgn0038586	CG7168	3R	18224902	18226082	1034
FBgn0262559	Mdh2	3R	18226396	18228718	1335
FBgn0011701	repo	3R	18236192	18239602	2996
FBgn0038588	CG7156	3R	18239420	18242159	2619
FBgn0020238	14-3-3epsilon	3R	18242531	18250550	3366
FBgn0038590	CG12320	3R	18251069	18252734	1666
FBgn0038589	CG18598	3R	18251115	18251539	360
FBgn0263738	Ada2a	3R	18252843	18255487	2445
FBgn0263757	Polr2D	3R	18252843	18255487	722
FBgn0261019	moi	3R	18255530	18257677	2089
FBgn0266195	Tgs1	3R	18255530	18257677	2089
FBgn0038592	CG18599	3R	18267789	18271172	1847
FBgn0038593	Vps39	3R	18271189	18274446	2915
FBgn0026250	eIF1A	3R	18274665	18283005	1720
FBgn0038595	CG7142	3R	18278181	18279522	1342
FBgn0038597	CG8064	3R	18283660	18286624	2901
FBgn0038598	CG7131	3R	18286620	18288777	2040
FBgn0010877	l(3)05822	3R	18288866	18298879	3531
FBgn0024432	Dlc90F	3R	18299229	18300044	816
FBgn0038601	Polr1E	3R	18300195	18301728	1414
FBgn0038603	PKD	3R	18303279	18314407	4316
FBgn0038606	CG15803	3R	18330932	18360728	5268
FBgn0038607	hmw	3R	18361994	18364277	2041
FBgn0038608	WRNexo	3R	18364244	18366162	1498
FBgn0038609	Nup43	3R	18366638	18367913	1211
FBgn0004618	gl	3R	18367927	18372738	3399
FBgn0038610	CG7675	3R	18378124	18381178	1390
FBgn0038612	cona	3R	18385828	18386887	857
FBgn0038613	Vha100-4	3R	18386841	18389805	2728
FBgn0028670	Vha100-2	3R	18390323	18399169	3222
FBgn0264751	Vti1b	3R	18396995	18400339	1080
FBgn0038617	Wdr37	3R	18400373	18402716	2167
FBgn0264816	koko	3R	18403026	18404726	1419
FBgn0038619	CG7685	3R	18404940	18406002	940
FBgn0051122	CG31122	3R	18406064	18412874	3563
FBgn0038621	CG10864	3R	18410080	18411631	1552
FBgn0004652	fru	3R	18414273	18545586	18433
FBgn0262823	hemo	3R	18564264	18565173	910
FBgn0262846	CG43210	3R	18564264	18565173	910
FBgn0023083	fray	3R	18573091	18589459	4423
FBgn0038627	CG7694	3R	18573091	18590726	1207
FBgn0263974	qin	3R	18591027	18650137	6098
FBgn0038629	CG14304	3R	18592801	18621327	3837
FBgn0038630	Tssk	3R	18598691	18600097	1407
FBgn0051224	CG31224	3R	18650121	18659309	7361
FBgn0027841	CstF64	3R	18659618	18661126	1446
FBgn0261065	Cpsf73	3R	18661121	18663552	2190
FBgn0044871	Gos28	3R	18663738	18665307	894
FBgn0051231	CG31231	3R	18665361	18667733	2241
FBgn0051229	CG31229	3R	18667852	18669083	777
FBgn0038638	CG7702	3R	18669390	18674679	2404
FBgn0051230	CG31230	3R	18671679	18672094	416
FBgn0286828	dind	3R	18674626	18677539	2328
FBgn0038640	CG7706	3R	18677818	18680321	2394
FBgn0038641	ChT	3R	18680604	18686739	4748
FBgn0284234	CG46318	3R	18680604	18685290	3299
FBgn0038642	Muc91C	3R	18687556	18692719	3111
FBgn0000303	ChAT	3R	18705501	18732344	4011
FBgn0038645	CG7714	3R	18725399	18726434	953
FBgn0038646	CG7715	3R	18727573	18728468	823
FBgn0038647	CG14302	3R	18732681	18733034	281
FBgn0024329	Mekk1	3R	18733106	18743594	6046
FBgn0038649	PGS1	3R	18744063	18746041	1921
FBgn0260399	gwl	3R	18746370	18750360	3099
FBgn0038651	Epg5	3R	18750436	18758873	7607
FBgn0038652	CG7720	3R	18759236	18795169	3261
FBgn0038653	Octalpha2R	3R	18799280	18849224	9804
FBgn0038654	CG14298	3R	18875528	18877204	875
FBgn0003248	Rh2	3R	18899423	18901019	1365
FBgn0038658	CG14292	3R	18904933	18905655	648
FBgn0038659	EndoA	3R	18906609	18910755	4147
FBgn0038660	Sgsh	3R	18911053	18912922	1870
FBgn0261113	Xrp1	3R	18914968	18926989	4826
FBgn0038662	Mpc1	3R	18926996	18928659	1155
FBgn0261262	CG42613	3R	18929196	18978088	8714
FBgn0263983	CG43732	3R	18950196	18976557	5507
FBgn0038666	Smu1	3R	18978980	18981324	1942
FBgn0022338	dnk	3R	18980995	18982749	1393
FBgn0261792	snRNP-U1-C	3R	18982964	18983650	687
FBgn0026239	gukh	3R	18984025	19022436	7699
FBgn0038672	CG6005	3R	19022458	19024030	1456
FBgn0038673	CG14286	3R	19024092	19024853	762
FBgn0038674	CG14285	3R	19025099	19026203	989
FBgn0260779	GatA	3R	19026174	19028857	1661
FBgn0027785	NP15.6	3R	19027368	19028015	648
FBgn0015781	P5cr	3R	19028931	19030159	1168
FBgn0027784	Prp18	3R	19029968	19031271	1304
FBgn0038675	CG6013	3R	19031503	19032409	844
FBgn0038676	CG6026	3R	19033538	19044693	5461
FBgn0004876	cdi	3R	19044882	19094270	6526
FBgn0038678	mRpL55	3R	19094394	19094905	456
FBgn0016120	ATPsynD	3R	19095000	19096271	950
FBgn0038679	CG6040	3R	19096961	19131929	6526
FBgn0038680	Cyp12a5	3R	19132648	19134704	1820
FBgn0038681	Cyp12a4	3R	19135158	19137136	1697
FBgn0261285	Ppcs	3R	19139054	19147910	4134
FBgn0038682	CG5835	3R	19148632	19153686	1344
FBgn0038683	CG11779	3R	19154097	19159878	2948
FBgn0002962	nanos	3R	19157238	19160202	2349
FBgn0259704	Nsun5	3R	19160099	19162300	1498
FBgn0259705	CG42359	3R	19161259	19162300	966
FBgn0010768	sqz	3R	19164211	19170576	3258
FBgn0038685	CG14282	3R	19177000	19177986	987
FBgn0038686	CG5555	3R	19178085	19180538	2110
FBgn0051475	myd	3R	19180659	19201096	2688
FBgn0025680	cry	3R	19212154	19215442	1896
FBgn0267975	vib	3R	19215434	19226651	3569
FBgn0038690	CG11703	3R	19226903	19228180	1278
FBgn0038691	CG5250	3R	19228217	19229276	1060
FBgn0038692	Polr2M	3R	19229463	19230832	1247
FBgn0038693	unc79	3R	19230764	19246130	10179
FBgn0000463	Delta	3R	19302731	19326217	5278
FBgn0289122	Ino80	3R	19368995	19403153	5243
FBgn0051404	CG31404	3R	19375043	19376023	981
FBgn0038700	CG3734	3R	19387861	19389866	1619
FBgn0038701	CG18493	3R	19390270	19392132	1566
FBgn0038702	CG3739	3R	19393360	19395188	1586
FBgn0051244	CG31244	3R	19397430	19398567	1138
FBgn0038704	Aptx	3R	19403455	19406294	2693
FBgn0038705	CG11626	3R	19408873	19411265	2098
FBgn0051221	CG31221	3R	19412689	19460311	4352
FBgn0260003	Dys	3R	19461085	19597288	21204
FBgn0038708	Scsalpha2	3R	19461879	19463066	1188
FBgn0038709	CG15025	3R	19489570	19491115	1413
FBgn0038714	Cpr92A	3R	19597502	19598955	1120
FBgn0038715	CG7333	3R	19600635	19602629	1698
FBgn0038717	CG17751	3R	19607254	19609322	1666
FBgn0038718	CG17752	3R	19610225	19612437	1716
FBgn0038719	CG16727	3R	19613381	19615784	2014
FBgn0038720	CG6231	3R	19616024	19632718	4343
FBgn0038721	subdued	3R	19633418	19642722	4351
FBgn0083974	CG34138	3R	19634949	19635879	748
FBgn0283536	Vha13	3R	19643018	19644386	943
FBgn0038722	Nup58	3R	19645026	19646906	1820
FBgn0038723	CG6195	3R	19646930	19648410	1250
FBgn0051220	CG31220	3R	19648487	19650586	1421
FBgn0051219	CG31219	3R	19651018	19652430	1139
FBgn0038725	CG6184	3R	19652369	19657866	3641
FBgn0003011	ort	3R	19659748	19663672	2158
FBgn0038727	CG7432	3R	19665007	19670827	2921
FBgn0051216	Naam	3R	19671450	19698742	2084
FBgn0085315	CG34286	3R	19715186	19715927	686
FBgn0024963	GluClalpha	3R	19730715	19775231	6633
FBgn0038730	Acsx1L	3R	19771382	19773225	1724
FBgn0038731	Acsx1R	3R	19775459	19777280	1705
FBgn0038732	Acsx2	3R	19778750	19780727	1800
FBgn0038733	Acsx3	3R	19781246	19783145	1789
FBgn0038734	Acsx4	3R	19783522	19785519	1831
FBgn0014135	bnl	3R	19794073	19836817	4559
FBgn0038735	MICU3	3R	19847311	19854403	2767
FBgn0261984	Ire1	3R	19853908	19861291	4034
FBgn0038737	Mrm2	3R	19861610	19862600	991
FBgn0038738	CG4572	3R	19862517	19864393	1877
FBgn0038739	CG4686	3R	19864496	19866869	1195
FBgn0038740	Mrp5	3R	19865417	19875678	6617
FBgn0038741	CG17186	3R	19875974	19877514	1482
FBgn0038742	Arc42	3R	19877737	19879309	1418
FBgn0014006	Ask1	3R	19879719	19886030	5168
FBgn0002940	ninaE	3R	19886255	19888206	1588
FBgn0038744	CG4733	3R	19890689	19898738	3663
FBgn0038745	ClpX	3R	19897372	19903689	4139
FBgn0038746	Surf6	3R	19903665	19904868	1150
FBgn0038747	RhoGAP92B	3R	19905164	19914272	3980
FBgn0260234	Xport-B	3R	19914320	19915412	1029
FBgn0038749	Xport-A	3R	19914396	19915412	949
FBgn0038750	CG4465	3R	19915868	19917839	1917
FBgn0038751	CG4770	3R	19918507	19920584	1565
FBgn0038752	CG4462	3R	19921744	19925371	2194
FBgn0038755	Hs6st	3R	19929277	20008512	3100
FBgn0021776	mira	3R	19931799	19935120	3322
FBgn0051213	CG31213	3R	19972898	19979569	6020
FBgn0038760	MED25	3R	20008947	20011712	2766
FBgn0270925	CG4836	3R	20013872	20018248	4089
FBgn0038763	PIG-L	3R	20018269	20021338	2275
FBgn0243511	psidin	3R	20021704	20026482	3509
FBgn0038765	CG4424	3R	20026487	20028040	1258
FBgn0038766	CG4854	3R	20028058	20029561	1220
FBgn0038767	trem	3R	20029560	20031309	1525
FBgn0038768	idc	3R	20031823	20034330	1824
FBgn0038769	Regnase-1	3R	20033881	20036056	2176
FBgn0040571	CG17193	3R	20036421	20056097	3938
FBgn0260466	Indy-2	3R	20042757	20048716	4064
FBgn0038771	CG4390	3R	20056418	20059750	1190
FBgn0038772	mdlc	3R	20057748	20059291	1419
FBgn0038773	CG10887	3R	20114838	20117139	2188
FBgn0083975	Nlg4	3R	20204809	20245473	6265
FBgn0262582	cic	3R	20252770	20303942	12579
FBgn0038783	CG4367	3R	20303955	20304977	962
FBgn0038784	CG4362	3R	20306216	20307537	829
FBgn0261550	Orp8	3R	20309344	20324196	5637
FBgn0038787	CG4360	3R	20324274	20328003	3569
FBgn0038788	Sirt2	3R	20328465	20330915	2285
FBgn0038789	Ir92a	3R	20338973	20343902	2037
FBgn0262146	MtnE	3R	20534021	20534704	604
FBgn0053192	MtnD	3R	20534962	20535301	274
FBgn0016917	Stat92E	3R	20535323	20552311	5210
FBgn0067783	DPCoAC	3R	20552385	20557667	2265
FBgn0067782	att-ORFB	3R	20552635	20554400	1327
FBgn0043457	CG5180	3R	20557930	20559760	1517
FBgn0040575	CG15922	3R	20559708	20560280	462
FBgn0038803	CG5191	3R	20560865	20573000	3325
FBgn0038804	CG10877	3R	20562486	20564067	1582
FBgn0038805	TFAM	3R	20575245	20577010	1242
FBgn0038806	CG5412	3R	20577053	20578131	1020
FBgn0023212	EloB	3R	20578222	20579850	1207
FBgn0038808	Srp14	3R	20580115	20580764	464
FBgn0054008	CG34008	3R	20580683	20581522	715
FBgn0038809	CG16953	3R	20581770	20585833	2813
FBgn0014029	Septin2	3R	20586129	20588356	1688
FBgn0038810	Srp72	3R	20588711	20591040	2149
FBgn0038811	Pus1	3R	20591024	20592671	1466
FBgn0023097	bon	3R	20593139	20612540	5811
FBgn0038814	CG15923	3R	20611251	20616901	4319
FBgn0038815	CG5466	3R	20617883	20621269	2907
FBgn0001169	H	3R	20621938	20628915	6004
FBgn0015279	Pi3K92E	3R	20628972	20634732	4839
FBgn0038816	Lrrk	3R	20635480	20644279	8022
FBgn0051201	GluRIIE	3R	20644154	20648716	3444
FBgn0038818	Nep4	3R	20652567	20659904	4019
FBgn0261857	CR42786	3R	20734748	20735323	510
FBgn0004107	Cdk2	3R	20735623	20738414	2299
FBgn0038821	CG17267	3R	20737325	20739100	1510
FBgn0259222	CG42322	3R	20740108	20756639	4229
FBgn0265606	Prosalpha4T1	3R	20748184	20749074	891
FBgn0038826	Syp	3R	20756729	20810726	11225
FBgn0051195	CG31195	3R	20757269	20762369	4001
FBgn0046689	Takl1	3R	20770828	20772601	1323
FBgn0038827	Fancd2	3R	20810804	20816190	4587
FBgn0038828	CG17270	3R	20816445	20818929	1362
FBgn0038829	CG17271	3R	20819129	20821848	1916
FBgn0019936	RpS20	3R	20822181	20823356	564
FBgn0038830	CG17272	3R	20823313	20824239	670
FBgn0027493	Adss	3R	20824667	20830580	1951
FBgn0051223	CG31223	3R	20831127	20832455	1270
FBgn0053094	Synd	3R	20832799	20840118	2356
FBgn0038832	CG15695	3R	20842140	20844981	2723
FBgn0038833	CG15696	3R	20847068	20847748	681
FBgn0038834	RpS30	3R	20850516	20851427	619
FBgn0259215	Ir93a	3R	20851709	20859945	2742
FBgn0038837	KaiR1D	3R	20860187	20866231	3607
FBgn0028396	TotA	3R	20871036	20871700	579
FBgn0051191	CG31191	3R	20909213	20945530	4416
FBgn0038842	hdly	3R	20914296	20929213	2589
FBgn0002921	Atpalpha	3R	20948714	20976239	6680
FBgn0013995	Calx	3R	20978183	21015613	8959
FBgn0038845	Alp5	3R	21005160	21006990	1674
FBgn0038846	CG5697	3R	21015949	21017120	987
FBgn0026056	Rlip	3R	21017684	21020753	2518
FBgn0046763	peg	3R	21021044	21024163	1934
FBgn0013812	Dhc93AB	3R	21024580	21042499	14010
FBgn0038849	CG7079	3R	21047462	21048829	1237
FBgn0038850	Jhbp15	3R	21050014	21050975	842
FBgn0011672	Mvl	3R	21051383	21060800	5647
FBgn0025865	Cortactin	3R	21061680	21064471	2450
FBgn0000083	AnxB9	3R	21065241	21070917	2073
FBgn0003257	r-l	3R	21070557	21073319	2039
FBgn0038851	dmrt93B	3R	21074007	21076798	978
FBgn0038852	HHEX	3R	21076862	21080926	1267
FBgn0038853	RhoGAP93B	3R	21083043	21097827	5353
FBgn0038854	CG7044	3R	21098229	21101718	3171
FBgn0038855	Tbc1d22	3R	21102199	21105113	1816
FBgn0266674	Sec15	3R	21105046	21107972	2799
FBgn0028468	rtet	3R	21108446	21110834	1722
FBgn0015790	Rab11	3R	21111408	21116146	1815
FBgn0010770	ppan	3R	21116254	21117899	1477
FBgn0038857	Bdbt	3R	21117857	21118856	1000
FBgn0283468	slmb	3R	21119252	21127485	3492
FBgn0038858	CG5793	3R	21127573	21129601	1633
FBgn0038860	Ice2	3R	21130216	21132720	2505
FBgn0038861	Trm7-34	3R	21132734	21133881	1038
FBgn0038862	Usp8	3R	21134262	21138214	3369
FBgn0250820	meigo	3R	21138270	21140365	1868
FBgn0264357	SNF4Agamma	3R	21140739	21214269	11990
FBgn0038865	cDIP	3R	21159238	21161092	1855
FBgn0038866	CG5810	3R	21163778	21165161	1384
FBgn0260004	Snmp1	3R	21165167	21168205	2280
FBgn0038868	Ddrgk1	3R	21215079	21216226	1090
FBgn0264706	CR43975	3R	21216820	21217242	423
FBgn0038869	Smyd5	3R	21217268	21218791	1356
FBgn0038870	Oga	3R	21219077	21222843	3409
FBgn0038871	CG3337	3R	21220704	21223584	2819
FBgn0038872	Nelf-A	3R	21223704	21229512	4648
FBgn0000527	e	3R	21229839	21237177	3142
FBgn0038873	CG5892	3R	21242618	21245418	2329
FBgn0038874	ETHR	3R	21247011	21265134	4512
FBgn0285937	Rab1	3R	21266029	21269060	1804
FBgn0043012	AP-2sigma	3R	21269209	21270075	751
FBgn0038876	Idi	3R	21270126	21271408	1227
FBgn0038877	CG3308	3R	21271078	21273817	2124
FBgn0038878	CG3301	3R	21274243	21276249	1293
FBgn0038881	aus	3R	21318300	21349601	7188
FBgn0002781	mod(mdg4)	3R	21350846	21377401	12432
FBgn0266178	pre-mod(mdg4)-B	3R	21354445	21359768	4972
FBgn0267648	pre-mod(mdg4)-G	3R	21354445	21359768	4693
FBgn0267649	pre-mod(mdg4)-H	3R	21354445	21359768	4693
FBgn0266173	pre-mod(mdg4)-K	3R	21355692	21359768	3725
FBgn0266174	pre-mod(mdg4)-L	3R	21355692	21359768	3725
FBgn0266175	pre-mod(mdg4)-P	3R	21355692	21359768	3725
FBgn0266176	pre-mod(mdg4)-J	3R	21355692	21359768	3725
FBgn0266177	pre-mod(mdg4)-I	3R	21355692	21359768	3725
FBgn0261837	pre-mod(mdg4)-T	3R	21360176	21362131	1824
FBgn0261838	pre-mod(mdg4)-Z	3R	21360176	21362131	1824
FBgn0266170	pre-mod(mdg4)-C	3R	21362968	21365290	2255
FBgn0266171	pre-mod(mdg4)-AB	3R	21362968	21365290	2255
FBgn0266172	pre-mod(mdg4)-E	3R	21362968	21365488	2365
FBgn0261839	pre-mod(mdg4)-Y	3R	21365609	21368279	2671
FBgn0261840	pre-mod(mdg4)-X	3R	21365609	21369330	3406
FBgn0261841	pre-mod(mdg4)-AD	3R	21365609	21368279	2455
FBgn0261842	pre-mod(mdg4)-AE	3R	21365609	21368279	2455
FBgn0261843	pre-mod(mdg4)-W	3R	21365609	21370249	4377
FBgn0261844	pre-mod(mdg4)-V	3R	21365609	21370249	4276
FBgn0261845	pre-mod(mdg4)-U	3R	21365609	21370249	4318
FBgn0267650	pre-mod(mdg4)-AA	3R	21370918	21373575	2658
FBgn0267651	pre-mod(mdg4)-O	3R	21370918	21373575	2658
FBgn0267652	pre-mod(mdg4)-N	3R	21370918	21373575	2658
FBgn0004110	tin	3R	21378977	21381970	1664
FBgn0038889	Fancm	3R	21482325	21487444	4722
FBgn0004863	C15	3R	21499986	21512814	1856
FBgn0038890	sp3	3R	21520928	21528598	5037
FBgn0002941	slou	3R	21548661	21557182	2670
FBgn0283499	InR	3R	21570248	21619321	11367
FBgn0011766	E2f1	3R	21620304	21660871	6451
FBgn0289108	Archease	3R	21661186	21662972	1222
FBgn0038894	Jhbp16	3R	21664389	21666676	1217
FBgn0259113	PolA1	3R	21666562	21671750	4624
FBgn0054034	CG34034	3R	21738345	21739110	637
FBgn0038897	CG5849	3R	21740105	21744431	3063
FBgn0051343	CG31343	3R	21745266	21749003	3004
FBgn0051233	CG31233	3R	21749853	21753237	3059
FBgn0051198	CG31198	3R	21754324	21757758	3019
FBgn0038901	Burs	3R	21769518	21770279	640
FBgn0027575	GABA-B-R2	3R	21770333	21775840	3988
FBgn0038902	CG6800	3R	21776138	21777213	909
FBgn0038903	Polr1H	3R	21777203	21777847	530
FBgn0003867	tsl	3R	21778114	21782536	2059
FBgn0013759	CASK	3R	21783400	21822674	9545
FBgn0041229	Gr93a	3R	21832503	21834013	1450
FBgn0045470	Gr93b	3R	21842521	21843765	1188
FBgn0045469	Gr93c	3R	21844014	21845265	1194
FBgn0045468	Gr93d	3R	21845454	21846659	1146
FBgn0015229	glec	3R	21850694	21856266	2050
FBgn0260940	lsn	3R	21865168	21866238	941
FBgn0038909	CG6569	3R	21866172	21867919	1582
FBgn0067317	Cby	3R	21868003	21868770	622
FBgn0051174	CG31174	3R	21868681	21869514	721
FBgn0051431	CG31431	3R	21870681	21873640	2018
FBgn0064912	CG31178	3R	21873739	21874922	1184
FBgn0038912	CG6656	3R	21875293	21877788	1542
FBgn0083984	CG34148	3R	21877870	21878686	600
FBgn0053092	P5CDh2	3R	21877936	21880696	2472
FBgn0051465	CG31465	3R	21880810	21883990	3079
FBgn0038914	fit	3R	21883924	21884454	531
FBgn0038916	dnd	3R	21885676	21887355	836
FBgn0038917	CG6678	3R	21887029	21907182	2843
FBgn0264426	CG43844	3R	21889539	21890171	633
FBgn0264490	Eip93F	3R	21949114	22014539	12686
FBgn0038921	Theg	3R	22014697	22016212	1316
FBgn0038922	Idh3b	3R	22016391	22019382	2059
FBgn0019960	Mitofilin	3R	22019505	22023335	3000
FBgn0038923	mRpL35	3R	22023527	22024341	751
FBgn0038924	CG6028	3R	22024259	22025506	1091
FBgn0038925	Cchl	3R	22025975	22027480	1356
FBgn0019957	ND-42	3R	22027709	22029393	1618
FBgn0038926	CG13409	3R	22029440	22031900	2087
FBgn0038927	CG6015	3R	22032150	22034286	2012
FBgn0266538	CG45099	3R	22032150	22034286	2012
FBgn0266581	pit	3R	22034298	22038925	2958
FBgn0038928	Fadd	3R	22034455	22035617	1163
FBgn0264491	how	3R	22042191	22079321	5086
FBgn0259736	CG42390	3R	22120061	22133367	5689
FBgn0051163	SKIP	3R	22133830	22296126	6833
FBgn0038938	CG7084	3R	22298805	22304420	3810
FBgn0038947	Sar1	3R	22356685	22360711	1815
FBgn0038948	JMJD6	3R	22360782	22362371	1590
FBgn0083967	Muted	3R	22362620	22364580	1766
FBgn0260467	CG7071	3R	22362620	22364580	1826
FBgn0038950	CG5382	3R	22364573	22365983	1165
FBgn0038951	Polr3F	3R	22366080	22367373	1103
FBgn0267385	PyK	3R	22367536	22372746	2242
FBgn0038952	CG7069	3R	22372835	22375579	2693
FBgn0038953	CG18596	3R	22375923	22379955	3665
FBgn0083985	CG34149	3R	22380128	22381253	1072
FBgn0263047	CG43342	3R	22381340	22382147	748
FBgn0263048	Gpdh3	3R	22382035	22386548	4226
FBgn0038956	CAH8	3R	22386489	22389714	1471
FBgn0038957	CG7059	3R	22389780	22392349	1661
FBgn0038958	CG13857	3R	22392189	22394104	1435
FBgn0038960	CG13855	3R	22405939	22408640	2337
FBgn0038961	CG13850	3R	22408566	22410915	1935
FBgn0261279	lqfR	3R	22411301	22419051	5967
FBgn0038964	Nop56	3R	22419095	22421068	1746
FBgn0038965	mats	3R	22421161	22423302	1716
FBgn0038966	pinta	3R	22423316	22424929	1341
FBgn0038967	CG13847	3R	22425214	22436150	3083
FBgn0038968	CG12499	3R	22440152	22446587	6384
FBgn0085317	CG34288	3R	22446763	22447263	436
FBgn0085405	CG34376	3R	22448099	22460749	3458
FBgn0028688	Rpn7	3R	22460662	22462054	1393
FBgn0263351	AP-2mu	3R	22462455	22464603	2025
FBgn0038972	CG7054	3R	22464985	22465938	893
FBgn0038973	Pebp1	3R	22466034	22466679	646
FBgn0038974	CG5377	3R	22466905	22468157	1253
FBgn0038975	Nrx-1	3R	22468512	22486969	10699
FBgn0038976	Pfdn5	3R	22487039	22488110	894
FBgn0038977	CG5376	3R	22488033	22488955	812
FBgn0003676	CCT1	3R	22489105	22491439	1980
FBgn0038980	Octbeta1R	3R	22497215	22520078	5405
FBgn0038981	CG5346	3R	22520087	22528663	1921
FBgn0053099	CG33099	3R	22528920	22530572	1248
FBgn0038984	AdipoR	3R	22543693	22547846	2899
FBgn0038986	sit	3R	22558342	22562572	1722
FBgn0053110	CG33110	3R	22570188	22580392	2005
FBgn0028837	CSN6	3R	22580773	22582033	1203
FBgn0024558	Dph5	3R	22582028	22583225	1128
FBgn0053107	CG33107	3R	22583352	22584718	1067
FBgn0038989	CG6937	3R	22584773	22586209	1307
FBgn0014949	btn	3R	22586149	22586625	477
FBgn0051158	Efa6	3R	22587755	22608842	8255
FBgn0051156	CG31156	3R	22608670	22613656	3193
FBgn0038993	CG13843	3R	22609485	22610715	1183
FBgn0051159	mRRF2	3R	22613686	22616622	2481
FBgn0051161	CG31161	3R	22616511	22618300	1666
FBgn0263863	mRpL45	3R	22618492	22619826	1268
FBgn0020278	loco	3R	22619968	22639387	7671
FBgn0266418	wake	3R	22639808	22683827	9604
FBgn0046114	Gclm	3R	22685006	22686510	1505
FBgn0039003	wfs1	3R	22687542	22690380	2671
FBgn0039004	Nup133	3R	22690607	22694772	3742
FBgn0263986	cd	3R	22694959	22697990	2619
FBgn0039006	Cyp6d4	3R	22698319	22700307	1872
FBgn0039008	CG6972	3R	22702007	22704338	1308
FBgn0039009	CG13842	3R	22704254	22707278	2504
FBgn0039010	CG4907	3R	22707786	22710762	2919
FBgn0051151	wge	3R	22710883	22721150	6473
FBgn0024958	Irp-1A	3R	22721320	22724587	2882
FBgn0039013	RNF220	3R	22724884	22726414	1531
FBgn0266409	CG45049	3R	22726967	22732362	3708
FBgn0039015	Takl2	3R	22732356	22733851	928
FBgn0039016	Dcr-1	3R	22734007	22741091	6913
FBgn0039017	CG6985	3R	22741150	22743081	1757
FBgn0263143	vret	3R	22742954	22745581	2328
FBgn0039019	HP1c	3R	22745620	22746605	986
FBgn0039020	CG17141	3R	22746446	22747599	1099
FBgn0051139	CG31139	3R	22747690	22749056	1312
FBgn0086253	rumi	3R	22749014	22750597	1534
FBgn0039025	Usp12-46	3R	22750901	22776374	2208
FBgn0039026	CG7029	3R	22750901	22794030	8549
FBgn0039022	Nepl13	3R	22758810	22761076	2267
FBgn0039023	Nepl14	3R	22761440	22763711	2272
FBgn0039024	Nepl15	3R	22763960	22766172	2213
FBgn0040588	CG13841	3R	22766732	22767699	835
FBgn0262537	CG43091	3R	22768121	22768733	549
FBgn0262538	CG43092	3R	22768883	22769667	722
FBgn0262539	CG43093	3R	22769775	22770307	476
FBgn0262541	CG43095	3R	22771156	22771770	554
FBgn0039028	CG13840	3R	22814483	22816178	1696
FBgn0017590	klg	3R	22899284	22961731	4052
FBgn0051281	Tpl94D	3R	22966284	22967842	1491
FBgn0263390	Nha2	3R	22981459	22998528	2796
FBgn0085404	CG34375	3R	23000139	23010562	2266
FBgn0039039	lmd	3R	23021222	23026713	3356
FBgn0039043	CG17121	3R	23044664	23048214	1433
FBgn0039044	p53	3R	23049657	23054082	2136
FBgn0041225	Gr94a	3R	23051689	23052903	1215
FBgn0039045	Ctns	3R	23054410	23058958	1570
FBgn0053193	sav	3R	23058609	23061304	2235
FBgn0027526	Ublcp1	3R	23061493	23062751	1202
FBgn0039048	CG17111	3R	23062713	23067259	2959
FBgn0039054	Cow	3R	23070516	23112730	4391
FBgn0039049	CG6726	3R	23091724	23095184	3023
FBgn0039050	CG17110	3R	23091724	23095441	3171
FBgn0039051	CG17109	3R	23095690	23097240	1373
FBgn0039052	CG6733	3R	23097728	23099191	1291
FBgn0039053	CG6738	3R	23099533	23100983	1291
FBgn0039055	Rassf	3R	23114014	23117931	3473
FBgn0039056	CenB1A	3R	23118400	23124217	3527
FBgn0051365	CG31365	3R	23123962	23126422	2335
FBgn0051457	CG31457	3R	23126581	23127981	1342
FBgn0004644	hh	3R	23128169	23141906	2370
FBgn0004395	unk	3R	23149653	23157862	6328
FBgn0039058	VhaAC39-2	3R	23158017	23159316	1233
FBgn0039059	CG13829	3R	23160477	23161338	810
FBgn0265042	Irk1	3R	23168317	23185642	5246
FBgn0284226	CG46310	3R	23173873	23185642	3202
FBgn0262975	cnc	3R	23185580	23226711	9178
FBgn0011596	fzo	3R	23201644	23204034	2391
FBgn0039064	CG4467	3R	23227727	23248903	7390
FBgn0039065	Rad60	3R	23249443	23251477	1677
FBgn0039066	EloA	3R	23251563	23255071	2869
FBgn0039067	wda	3R	23255070	23258087	2744
FBgn0039068	Pex11c	3R	23258365	23260602	1091
FBgn0004882	orb	3R	23260610	23280856	9551
FBgn0025781	Cdc16	3R	23281201	23284123	2615
FBgn0039069	CG6763	3R	23284002	23286041	1974
FBgn0039070	wam	3R	23286093	23288051	1959
FBgn0039071	bb8	3R	23288217	23290189	1795
FBgn0003118	pnt	3R	23290231	23346167	6119
FBgn0264326	PolE1	3R	23348128	23355163	6849
FBgn0016119	ATPsynCF6	3R	23355220	23356064	704
FBgn0024509	Sec13	3R	23356278	23358531	1809
FBgn0002622	RpS3	3R	23358812	23360207	1133
FBgn0039073	CG4408	3R	23361889	23363574	1686
FBgn0039075	CG4393	3R	23375928	23384777	6076
FBgn0039078	CG4374	3R	23408684	23472278	5842
FBgn0039080	Ir94h	3R	23487501	23489180	1680
FBgn0039084	CG10175	3R	23522264	23530986	4025
FBgn0039085	Ugt303B3	3R	23532945	23534767	1764
FBgn0039094	CG10184	3R	23602507	23605495	1330
FBgn0051145	CG31145	3R	23605751	23669659	4945
FBgn0039098	GILT3	3R	23677358	23678421	773
FBgn0039099	GILT2	3R	23678895	23679855	712
FBgn0040227	eIF3d1	3R	23680039	23682317	2012
FBgn0039101	CG16710	3R	23682503	23683980	1215
FBgn0042106	CG18754	3R	23684057	23686537	1723
FBgn0039102	SPE	3R	23686255	23688147	1267
FBgn0027512	CG10254	3R	23689007	23694983	5028
FBgn0039104	CG10252	3R	23695221	23696245	833
FBgn0043005	prt	3R	23696372	23699027	2177
FBgn0039106	CG10301	3R	23710158	23711338	1000
FBgn0039108	CG10232	3R	23719343	23721625	1864
FBgn0039109	CG10365	3R	23723331	23731499	1985
FBgn0028691	Rpn9	3R	23731375	23733462	1679
FBgn0263782	Hmgcr	3R	23733324	23750992	3818
FBgn0039110	RanBP3	3R	23750937	23752834	1770
FBgn0028684	Rpt5	3R	23752876	23754623	1627
FBgn0028475	Hrd3	3R	23754623	23758557	3296
FBgn0039111	PTPMT1	3R	23758339	23759606	1068
FBgn0039112	SdhD	3R	23759483	23760600	894
FBgn0039113	udt	3R	23760737	23763263	2262
FBgn0039114	Lsd-1	3R	23763857	23766662	1960
FBgn0039115	CG10214	3R	23766519	23767488	970
FBgn0039116	CG10375	3R	23767712	23768984	1008
FBgn0039117	tst	3R	23768399	23772859	4332
FBgn0039118	CG10208	3R	23772998	23774127	1064
FBgn0039120	Nup98-96	3R	23774225	23781621	6846
FBgn0015513	mbc	3R	23781765	23801634	7465
FBgn0053111	CG33111	3R	23801714	23819237	2916
FBgn0085384	CG34355	3R	23803859	23859167	5589
FBgn0260634	eIF4G2	3R	23808285	23819237	9097
FBgn0025574	Pli	3R	23860162	23890052	2975
FBgn0013347	TfIIA-S	3R	23890388	23891060	617
FBgn0039124	tbrd-1	3R	23891597	23893560	1903
FBgn0016754	sba	3R	23894174	23922973	6427
FBgn0051141	CG31141	3R	23923300	23924319	961
FBgn0039125	Ndc1	3R	23924399	23926436	1978
FBgn0039126	CG13601	3R	23926372	23927634	1091
FBgn0264740	CG43998	3R	23927728	23929000	1155
FBgn0264741	CG43999	3R	23927728	23929000	1159
FBgn0047114	CG31142	3R	23929243	23929988	644
FBgn0015282	Rpt2	3R	23929873	23931558	1625
FBgn0039128	CG13599	3R	23931639	23932728	1029
FBgn0039129	RpS19b	3R	23932729	23933530	666
FBgn0039130	CG5854	3R	23933912	23935964	1562
FBgn0001098	Gdh	3R	23935958	23943101	2343
FBgn0039131	CG12268	3R	23943628	23948424	1923
FBgn0005674	GluProRS	3R	23952136	23958391	5453
FBgn0039132	AP-1sigma	3R	23958651	23962555	2026
FBgn0051140	CG31140	3R	23963180	23983232	7622
FBgn0039135	CG13603	3R	23985213	23986569	1046
FBgn0039136	CG5902	3R	23986642	23988738	1956
FBgn0039137	Epp	3R	23988806	23992916	3259
FBgn0015795	Rab7	3R	23993008	23995452	1700
FBgn0053108	CG33108	3R	23995659	23997544	1100
FBgn0051184	LSm3	3R	23996262	23997017	643
FBgn0020647	KrT95D	3R	23997538	24031827	5938
FBgn0039139	Mettl3	3R	24032157	24034257	1971
FBgn0039140	Miro	3R	24034362	24038847	3791
FBgn0039141	spas	3R	24038215	24042982	3929
FBgn0005649	Rox8	3R	24043056	24048265	4010
FBgn0043455	CG5986	3R	24047790	24049168	1321
FBgn0264325	Atg6	3R	24049180	24050782	1493
FBgn0026576	Pisd	3R	24050783	24053592	2110
FBgn0039145	CG6000	3R	24054391	24055092	702
FBgn0001230	Hsp68	3R	24055080	24057310	2231
FBgn0040283	SMC1	3R	24058287	24062815	3924
FBgn0053100	eIF4EHP	3R	24063077	24108960	6418
FBgn0013343	Syx1A	3R	24101600	24105763	4164
FBgn0039147	CG10694	3R	24107391	24108358	968
FBgn0039149	CG18428	3R	24109336	24110010	675
FBgn0039150	CG13605	3R	24109944	24112389	2174
FBgn0039152	Root	3R	24113286	24128193	7408
FBgn0039153	GatB	3R	24128049	24130255	1786
FBgn0026317	Tsc1	3R	24130307	24134654	3896
FBgn0266673	Sec10	3R	24134831	24137538	2380
FBgn0039154	Npc2f	3R	24137895	24140936	712
FBgn0039155	Kal1	3R	24141395	24147490	1993
FBgn0051133	Slimp	3R	24147436	24148967	1532
FBgn0267339	p38c	3R	24149020	24150203	1184
FBgn0015765	p38a	3R	24150416	24152321	1634
FBgn0039156	CG6178	3R	24152347	24154896	2008
FBgn0039157	Myo95E	3R	24154826	24161498	5377
FBgn0039158	TBC1d7	3R	24161727	24163215	1373
FBgn0039159	mRpS24	3R	24162829	24163545	600
FBgn0026598	Apc2	3R	24163966	24168264	4039
FBgn0039160	CG5510	3R	24167675	24169562	1362
FBgn0029503	mora	3R	24186359	24187785	1241
FBgn0039163	CG5515	3R	24187724	24188896	1119
FBgn0266282	SMC6	3R	24189050	24193423	3590
FBgn0039165	CG6204	3R	24193832	24196880	2810
FBgn0011725	twin	3R	24196893	24221965	4723
FBgn0039167	CG17786	3R	24214631	24218718	4088
FBgn0026257	cav	3R	24221103	24223528	2049
FBgn0039169	Spps	3R	24223445	24226934	3490
FBgn0039170	CG13609	3R	24227023	24228538	1516
FBgn0039172	Spase22-23	3R	24228342	24230035	1694
FBgn0043884	mask	3R	24230562	24250248	14639
FBgn0039175	beta-PheRS	3R	24250460	24252679	1960
FBgn0011225	jar	3R	24252826	24271233	5641
FBgn0086365	Orct2	3R	24273029	24275728	2700
FBgn0019952	Orct	3R	24276260	24278792	2533
FBgn0286199	shps	3R	24279572	24281576	1548
FBgn0039178	CG6356	3R	24283955	24288617	2887
FBgn0263398	Uck	3R	24290172	24293371	2485
FBgn0039180	CG5715	3R	24293366	24294399	978
FBgn0259685	crb	3R	24295078	24314541	8144
FBgn0028471	Nab2	3R	24314660	24318419	3490
FBgn0011785	BRWD3	3R	24319000	24328619	7244
FBgn0039182	Rrp5	3R	24328455	24333316	4622
FBgn0039183	Dis3	3R	24333433	24337248	3588
FBgn0039184	CG6432	3R	24336922	24340645	2715
FBgn0011581	Ms	3R	24341551	24343825	1178
FBgn0039186	CG5746	3R	24343895	24348791	4576
FBgn0039187	CG6454	3R	24349182	24356241	5326
FBgn0039188	Golgin84	3R	24356070	24357938	1814
FBgn0039189	CG18528	3R	24358095	24360144	1676
FBgn0053340	CG33340	3R	24363138	24364289	1152
FBgn0053341	CG33341	3R	24368358	24369419	946
FBgn0039200	CG13616	3R	24392889	24393762	752
FBgn0000036	nAChRalpha1	3R	24393896	24457157	11027
FBgn0004118	nAChRbeta2	3R	24509228	24515106	4018
FBgn0039201	DZIP1	3R	24515278	24518128	2622
FBgn0003134	Pp1alpha-96A	3R	24518270	24522331	3210
FBgn0039202	CG13622	3R	24522478	24523678	1201
FBgn0039203	Jhbp12	3R	24524794	24527533	1021
FBgn0039204	CG6607	3R	24528047	24529815	1514
FBgn0039205	CG13623	3R	24529773	24530558	725
FBgn0262167	ana1	3R	24530576	24536395	5610
FBgn0039207	Cftr	3R	24536204	24543914	5283
FBgn0266758	Esyt2	3R	24544719	24556549	3510
FBgn0039209	REPTOR	3R	24557368	24582864	7133
FBgn0039210	CG13625	3R	24583067	24585160	2094
FBgn0263490	mld	3R	24585653	24623899	7369
FBgn0039212	Syx18	3R	24623802	24625562	1442
FBgn0039213	atl	3R	24625671	24634714	3349
FBgn0046685	Wsck	3R	24627066	24630075	2895
FBgn0262858	MtnF	3R	24634625	24635165	481
FBgn0039214	puf	3R	24635270	24650043	13438
FBgn0000139	ash2	3R	24650125	24653376	2235
FBgn0051125	CG31125	3R	24653371	24654820	1450
FBgn0039215	CG6695	3R	24655160	24659379	3170
FBgn0051126	CG31126	3R	24659621	24660265	589
FBgn0020018	Ppox	3R	24660197	24661851	1655
FBgn0003429	slo	3R	24662491	24711595	10153
FBgn0039217	CG13627	3R	24712780	24717430	2728
FBgn0039218	Polr2L	3R	24717511	24717998	405
FBgn0039219	CG13630	3R	24717937	24719364	1301
FBgn0004885	tok	3R	24719697	24749125	5411
FBgn0003719	tld	3R	24749731	24753510	3359
FBgn0000140	asp	3R	24753849	24760513	6338
FBgn0015591	AstA	3R	24760530	24765071	1459
FBgn0040600	CG13631	3R	24769351	24770933	1583
FBgn0259233	CG42331	3R	24772181	24784562	5302
FBgn0039223	CG5805	3R	24784552	24787421	2278
FBgn0039224	CG13634	3R	24788248	24790136	1837
FBgn0039226	Ude	3R	24797460	24799668	1608
FBgn0039227	polybromo	3R	24799967	24805259	5119
FBgn0027539	lili	3R	24805445	24814012	2831
FBgn0039228	CG6980	3R	24807621	24808677	927
FBgn0083986	CG34150	3R	24814262	24814930	495
FBgn0027617	CG5808	3R	24814903	24817007	2043
FBgn0039229	Saf-B	3R	24817464	24822350	4332
FBgn0045980	niki	3R	24822401	24825648	2791
FBgn0051118	RabX4	3R	24826665	24828409	1416
FBgn0051357	Kaz	3R	24828279	24829959	1681
FBgn0262962	CG43273	3R	24830301	24830973	619
FBgn0039232	sosie	3R	24833952	24840488	2151
FBgn0013953	Esp	3R	24841935	24850412	2907
FBgn0039233	CG7006	3R	24850627	24851385	708
FBgn0039234	Nct	3R	24851601	24854869	2906
FBgn0051119	HDAC11	3R	24854496	24856243	1692
FBgn0051105	ppk22	3R	24857585	24859801	1851
FBgn0015625	CycB3	3R	24867934	24870816	2883
FBgn0039240	CG3744	3R	24871202	24876654	4723
FBgn0039241	CG11089	3R	24877045	24881478	2285
FBgn0043799	CG31381	3R	24877045	24878827	1699
FBgn0051121	CG31121	3R	24881466	24894605	3557
FBgn0039244	CG11069	3R	24894742	24897613	2038
FBgn0040601	CG13643	3R	24897685	24906004	3284
FBgn0265190	PIG-S	3R	24913216	24917864	1764
FBgn0265189	sud1	3R	24915840	24917864	1826
FBgn0039249	CG11168	3R	24918106	24922385	3373
FBgn0039250	Mink	3R	24922473	24925160	2511
FBgn0039251	Trf4-2	3R	24925216	24927085	1870
FBgn0039252	CG11771	3R	24932010	24934919	2853
FBgn0020626	Osbp	3R	24934869	24938222	3248
FBgn0029157	ssh	3R	24938710	24944956	5086
FBgn0039254	Nmnat	3R	24945237	24947400	1645
FBgn0285912	mah	3R	24947632	24949539	1584
FBgn0039257	tnc	3R	24984384	25022867	10448
FBgn0039258	beta4GalT7	3R	25023256	25024482	1099
FBgn0039259	EMC6	3R	25024473	25025017	489
FBgn0015240	Hr96	3R	25025235	25029351	2834
FBgn0039260	Smg6	3R	25029429	25033465	3310
FBgn0039261	Ythdf	3R	25033876	25039249	3361
FBgn0051115	CG31115	3R	25036944	25037982	981
FBgn0045866	bai	3R	25039374	25040443	807
FBgn0259178	5PtaseI	3R	25040427	25045151	3313
FBgn0039264	CG11786	3R	25046323	25047409	768
FBgn0039265	CG11790	3R	25047706	25049455	1146
FBgn0039266	CG11791	3R	25049616	25053074	2533
FBgn0051109	CG31109	3R	25053369	25054653	978
FBgn0051111	CG31111	3R	25055076	25056177	952
FBgn0266719	stac	3R	25056286	25064348	4312
FBgn0039269	veli	3R	25064418	25065591	1047
FBgn0039270	PQBP1	3R	25065791	25066718	868
FBgn0011336	Stt3B	3R	25066712	25069637	2703
FBgn0039271	CG11839	3R	25069927	25070914	836
FBgn0039272	CG11836	3R	25071126	25072712	1408
FBgn0039273	shams	3R	25072729	25074607	1496
FBgn0039274	CG11920	3R	25074877	25076382	1012
FBgn0053095	CG33095	3R	25097672	25102146	3581
FBgn0053096	CG33096	3R	25097672	25102146	3906
FBgn0266534	CG45095	3R	25102553	25103617	1065
FBgn0054027	CG34027	3R	25103670	25109032	4560
FBgn0039277	Nepl16	3R	25109226	25112516	2680
FBgn0051108	TTLL5	3R	25112867	25122920	3463
FBgn0051510	CG31510	3R	25117218	25122920	4289
FBgn0046214	vig2	3R	25123373	25125619	1773
FBgn0039280	Mocs2B	3R	25125632	25127359	1420
FBgn0260229	Mocs2A	3R	25125632	25127359	1420
FBgn0259152	Clbn	3R	25127502	25131155	3386
FBgn0039282	Bili	3R	25131306	25136709	4328
FBgn0039283	danr	3R	25138072	25139903	1832
FBgn0039286	dan	3R	25184383	25192806	3968
FBgn0022800	Cad96Ca	3R	25197571	25208283	2939
FBgn0039290	CG13654	3R	25199818	25214255	3999
FBgn0039291	Saysd1	3R	25214325	25215188	802
FBgn0039293	Alg9	3R	25221589	25224118	2363
FBgn0039294	Cad96Cb	3R	25224156	25232321	3028
FBgn0039296	Sil1	3R	25233636	25235529	1831
FBgn0039297	Jhbp7	3R	25237614	25238895	1045
FBgn0039299	CG11854	3R	25242020	25243262	1039
FBgn0000158	bam	3R	25243039	25245109	1946
FBgn0039300	RpS27	3R	25245955	25247514	729
FBgn0039301	Nup37	3R	25247658	25249100	1227
FBgn0039302	Nup358	3R	25249348	25258672	8553
FBgn0039303	CG11857	3R	25258898	25260759	1801
FBgn0039304	Kdsr	3R	25260963	25262498	1402
FBgn0039305	CG11858	3R	25262741	25263292	493
FBgn0027090	GlnRS	3R	25263267	25265721	2455
FBgn0039306	RIOK2	3R	25265844	25267757	1751
FBgn0039307	CR13656	3R	25268661	25269965	1248
FBgn0039308	CG11889	3R	25270209	25273267	2944
FBgn0039312	CG10514	3R	25278427	25279846	1358
FBgn0039313	CG11892	3R	25281548	25283237	1607
FBgn0051300	CG31300	3R	25283620	25285224	1474
FBgn0051104	CG31104	3R	25285473	25286974	1382
FBgn0039315	CG13658	3R	25287474	25288930	1334
FBgn0039316	CG11893	3R	25289889	25291366	1415
FBgn0051098	CG31098	3R	25291370	25292977	1487
FBgn0051102	CG31102	3R	25293458	25295594	1756
FBgn0051097	CG31097	3R	25296128	25297778	1477
FBgn0051288	CG31288	3R	25297960	25299557	1377
FBgn0039319	CG13659	3R	25300891	25302317	1301
FBgn0051370	CG31370	3R	25302464	25303986	1408
FBgn0051436	CG31436	3R	25304137	25305651	1402
FBgn0039321	CG10550	3R	25306407	25308391	1594
FBgn0051099	CG31099	3R	25309429	25310943	1401
FBgn0051087	CG31087	3R	25311027	25313833	1458
FBgn0039323	CG10559	3R	25314494	25316116	1435
FBgn0039325	CG10560	3R	25318550	25320101	1367
FBgn0045761	CHKov1	3R	25323156	25329316	1463
FBgn0039328	CHKov2	3R	25329530	25331203	1450
FBgn0039329	CG10669	3R	25331363	25335243	3310
FBgn0028647	CG11902	3R	25335257	25340088	4601
FBgn0261575	tobi	3R	25344761	25346921	2104
FBgn0004509	Fur1	3R	25347431	25473058	9128
FBgn0039331	ND-49L	3R	25358285	25360034	1700
FBgn0039332	alrm	3R	25381065	25382781	1717
FBgn0051439	Muc96D	3R	25397788	25400645	2796
FBgn0039335	Vps33B	3R	25473490	25475756	2091
FBgn0039336	CG4553	3R	25475636	25476915	1280
FBgn0039337	MED28	3R	25477003	25477745	743
FBgn0039338	XNP	3R	25477868	25482834	4688
FBgn0039339	CG5116	3R	25483098	25485855	2563
FBgn0259991	CG42488	3R	25483098	25485481	2158
FBgn0040212	Gnpat	3R	25485618	25490936	3781
FBgn0039341	CG5112	3R	25491460	25493262	1803
FBgn0053494	CG33494	3R	25493481	25495161	849
FBgn0039343	CG5111	3R	25506275	25508279	2005
FBgn0011666	msi	3R	25516118	25608423	11500
FBgn0039344	CG4582	3R	25581223	25583179	1758
FBgn0261287	ymp	3R	25591502	25609127	1842
FBgn0039348	Npl4	3R	25611013	25624662	2476
FBgn0039346	CG5079	3R	25613666	25614451	786
FBgn0039347	CG5071	3R	25618414	25621838	3425
FBgn0039349	Ssadh	3R	25624805	25626924	1876
FBgn0039350	jigr1	3R	25637843	25651874	4549
FBgn0027508	Tnks	3R	25653091	25661286	5486
FBgn0261986	RASSF8	3R	25661795	25665640	3429
FBgn0039354	Lgr3	3R	25665809	25677214	3005
FBgn0039355	CG4730	3R	25677072	25678682	1513
FBgn0039356	CG5039	3R	25678683	25679529	719
FBgn0039357	CG4743	3R	25679242	25680550	1082
FBgn0039358	Idh3g	3R	25680845	25683780	2376
FBgn0039359	RpL27	3R	25683623	25685051	987
FBgn0039360	CLS	3R	25685236	25687370	1572
FBgn0051092	LpR2	3R	25698727	25740465	5510
FBgn0066101	LpR1	3R	25741348	25763105	6638
FBgn0039373	CG5024	3R	25811096	25811775	680
FBgn0011273	Acam	3R	25811911	25813134	1224
FBgn0039374	CG17770	3R	25811911	25813134	1224
FBgn0011670	Mst57Dc	3R	25829321	25829698	378
FBgn0039378	alpha4GT2	3R	25832230	25842878	1520
FBgn0040602	CG14545	3R	25850410	25851291	813
FBgn0039379	CG5886	3R	25851632	25853989	1894
FBgn0039380	CG5890	3R	25856154	25872670	4649
FBgn0027865	Tsp96F	3R	25872900	25881427	3343
FBgn0039381	SppL	3R	25881984	25888230	2985
FBgn0028717	Lnk	3R	25888542	25893270	3335
FBgn0039385	CG5913	3R	25893495	25895026	1532
FBgn0039386	Sodq	3R	25895822	25897174	951
FBgn0039387	Mco3	3R	25897476	25899744	2202
FBgn0051091	CG31091	3R	25899903	25902172	2149
FBgn0051089	CG31089	3R	25902643	25904178	1408
FBgn0250757	kumpel	3R	25907022	25921046	8363
FBgn0259146	fid	3R	25970080	25982736	5847
FBgn0015269	Nf1	3R	25983013	25995737	10064
FBgn0262576	CG43116	3R	25995879	25996996	897
FBgn0002734	E(spl)mdelta-HLH	3R	25997621	25998633	1013
FBgn0002735	E(spl)mgamma-HLH	3R	25999851	26000761	911
FBgn0002733	E(spl)mbeta-HLH	3R	26005046	26006023	978
FBgn0002732	E(spl)malpha-BFM	3R	26010893	26011568	676
FBgn0002578	Kaz-m1	3R	26014721	26016487	1705
FBgn0002592	E(spl)m2-BFM	3R	26016514	26017470	957
FBgn0002609	E(spl)m3-HLH	3R	26021823	26023127	1305
FBgn0002633	E(spl)m7-HLH	3R	26037038	26038019	982
FBgn0001139	gro	3R	26041736	26049911	4455
FBgn0266668	Exo84	3R	26049731	26052257	2246
FBgn0039402	Vps2	3R	26052821	26054128	1248
FBgn0028833	Cmpk	3R	26054237	26055438	1202
FBgn0039403	Sld5	3R	26055657	26056547	773
FBgn0039404	CG14543	3R	26056630	26057350	657
FBgn0039405	PIG-P	3R	26057347	26058223	814
FBgn0260224	Tcs6	3R	26057347	26058223	814
FBgn0039406	RpL34a	3R	26058420	26059267	621
FBgn0039407	Trmt61	3R	26059496	26061293	1069
FBgn0039408	CG14551	3R	26061268	26063011	1432
FBgn0039411	dysf	3R	26076592	26098711	4225
FBgn0051324	Cipc	3R	26106868	26130674	3925
FBgn0039413	CG14556	3R	26126659	26127868	1210
FBgn0039415	CG6142	3R	26133154	26137148	2161
FBgn0051323	CG31323	3R	26170847	26187307	3558
FBgn0051086	CG31086	3R	26185251	26186227	906
FBgn0039417	CG6073	3R	26187018	26188807	1564
FBgn0039419	CG12290	3R	26230248	26234700	4453
FBgn0000064	Ald1	3R	26254069	26261591	3809
FBgn0039420	CG6154	3R	26262662	26277050	3893
FBgn0053970	osy	3R	26318355	26362588	4058
FBgn0039421	Nil	3R	26344290	26345473	1184
FBgn0039424	ppk15	3R	26401909	26403656	1452
FBgn0039425	Ald2	3R	26414088	26416192	1983
FBgn0288888	tx	3R	26440778	26448991	2411
FBgn0042711	Hex-t1	3R	26449079	26450585	1507
FBgn0039427	CG5447	3R	26452534	26454585	1392
FBgn0262577	CG43117	3R	26454794	26455112	319
FBgn0023178	Pdf	3R	26455462	26456141	680
FBgn0039428	CG14237	3R	26456877	26457242	366
FBgn0039429	CG14238	3R	26458249	26460981	1910
FBgn0039430	CG5455	3R	26461527	26470008	3002
FBgn0039431	plum	3R	26470078	26535217	7490
FBgn0263289	scrib	3R	26536350	26604051	17197
FBgn0051081	TwdlR	3R	26634885	26635998	1059
FBgn0039448	TwdlQ	3R	26692546	26693590	893
FBgn0023179	amon	3R	26697697	26714159	3991
FBgn0039449	CG6425	3R	26715165	26717389	2101
FBgn0288631	Yif1	3R	26717871	26719806	1522
FBgn0039451	CG6420	3R	26719847	26725216	4175
FBgn0039453	CG6403	3R	26735417	26736307	749
FBgn0039454	CG14247	3R	26737610	26738593	984
FBgn0262473	Tl	3R	26799041	26842403	5198
FBgn0051072	Lerp	3R	26842462	26863130	3615
FBgn0039459	IntS12	3R	26863376	26864559	1184
FBgn0027889	ball	3R	26864605	26866807	2027
FBgn0001197	His2Av	3R	26866929	26869220	1224
FBgn0026562	SPARC	3R	26869238	26871995	1201
FBgn0004903	Rb97D	3R	26872129	26875742	3286
FBgn0039461	CG5500	3R	26876630	26880459	859
FBgn0003267	ro	3R	26876771	26881171	1241
FBgn0004359	T48	3R	26881734	26910997	2449
FBgn0004510	Ets97D	3R	26910775	26912886	1858
FBgn0285963	CG46339	3R	26915761	26945309	5294
FBgn0039462	CG14252	3R	26945534	26947248	1301
FBgn0039464	CG6330	3R	26949692	26958491	2326
FBgn0039465	Tsp97E	3R	26961064	26964817	2635
FBgn0039466	CG5521	3R	26966930	26977878	7742
FBgn0039467	CG14253	3R	26978541	26985706	2708
FBgn0284229	CG46313	3R	26978541	26985706	1886
FBgn0051075	CG31075	3R	26985624	26988517	1874
FBgn0039470	CG6296	3R	27003236	27005469	2127
FBgn0039471	CG6295	3R	27005899	27007055	1091
FBgn0039474	CG6283	3R	27020238	27021378	1083
FBgn0039478	Nep5	3R	27057908	27064199	3946
FBgn0085321	CG34292	3R	27062216	27063059	844
FBgn0003495	spz	3R	27064990	27070070	2364
FBgn0264563	CG43935	3R	27065436	27065807	372
FBgn0039479	CG14257	3R	27075870	27082818	2628
FBgn0039480	Cpr97Ea	3R	27083130	27087778	1781
FBgn0243514	eater	3R	27095867	27099679	3301
FBgn0039485	Jhbp11	3R	27101230	27102917	1171
FBgn0039486	CAH9	3R	27102988	27106184	1130
FBgn0039487	gb	3R	27108467	27112270	2635
FBgn0027574	CG5815	3R	27112566	27115126	2302
FBgn0039488	CG6066	3R	27115152	27116707	1556
FBgn0039489	CG5880	3R	27116745	27118532	1526
FBgn0039490	CG5882	3R	27118646	27121590	2601
FBgn0039491	CG6059	3R	27121618	27124688	2897
FBgn0039492	CG6051	3R	27124759	27151069	4494
FBgn0029155	Men-b	3R	27151662	27157603	3381
FBgn0039494	grass	3R	27157948	27159781	1391
FBgn0039495	CG5909	3R	27161158	27162911	1455
FBgn0051065	ppk31	3R	27163124	27165131	1266
FBgn0085322	CG34293	3R	27164708	27165575	780
FBgn0003482	spn-D	3R	27165716	27167122	1026
FBgn0004197	Ser	3R	27172090	27194267	5831
FBgn0261995	CG42813	3R	27227070	27228561	1366
FBgn0261996	CG42814	3R	27228673	27229468	796
FBgn0051064	CG31064	3R	27229505	27239085	5244
FBgn0051068	CG31068	3R	27233698	27236360	2419
FBgn0005696	PolA2	3R	27239163	27241228	2066
FBgn0039498	CG17991	3R	27241267	27242330	1064
FBgn0042111	CG18766	3R	27242335	27245249	1824
FBgn0039500	CG5984	3R	27246403	27247992	1447
FBgn0039501	TTLL6B	3R	27248234	27251007	2472
FBgn0011289	TfIIA-L	3R	27251112	27256463	1645
FBgn0010441	pll	3R	27251131	27253182	1931
FBgn0010328	woc	3R	27256595	27264055	6332
FBgn0039503	CG14262	3R	27264374	27265430	1004
FBgn0039504	CG14260	3R	27265457	27266423	919
FBgn0002441	l(3)mbt	3R	27266326	27273273	5398
FBgn0039505	CG5934	3R	27273705	27274565	784
FBgn0046247	CG5938	3R	27274794	27277418	1887
FBgn0039507	mrt	3R	27277249	27282661	3110
FBgn0039508	CG3368	3R	27283780	27287448	3558
FBgn0039509	bigmax	3R	27287366	27288526	954
FBgn0015737	Hmu	3R	27288769	27291592	2360
FBgn0040609	CG3348	3R	27291535	27292209	561
FBgn0039510	CG3339	3R	27294286	27322325	14788
FBgn0016061	side	3R	27375088	27437482	11723
FBgn0004387	Klp98A	3R	27547775	27559145	5530
FBgn0039525	CG5646	3R	27559379	27561319	1273
FBgn0027492	wdb	3R	27561675	27582241	7655
FBgn0040080	pins	3R	27582840	27586376	3279
FBgn0039527	CG5639	3R	27586474	27596130	5099
FBgn0039528	dsd	3R	27597563	27607396	5800
FBgn0039530	Tusp	3R	27607879	27634932	6092
FBgn0039529	CG5612	3R	27623359	27626011	1507
FBgn0039531	CG5611	3R	27634625	27636060	1375
FBgn0039532	Mtl	3R	27636412	27639871	2427
FBgn0266579	tau	3R	27639886	27656996	7252
FBgn0002772	Mlc1	3R	27657078	27660177	1414
FBgn0039536	unc80	3R	27662439	27677099	10271
FBgn0039537	Hsdl2	3R	27677522	27679013	1492
FBgn0039538	CG12883	3R	27679291	27680336	976
FBgn0003330	Sce	3R	27680431	27682029	1542
FBgn0051055	CG31055	3R	27685632	27688134	2073
FBgn0046258	CG12880	3R	27685962	27692790	1894
FBgn0263025	HSPBAP1	3R	27695235	27696531	1297
FBgn0086346	ALiX	3R	27696466	27700110	2892
FBgn0045862	btz	3R	27700361	27703445	3085
FBgn0039543	CROT	3R	27703379	27706751	2899
FBgn0039544	CG12877	3R	27707100	27710857	3250
FBgn0085382	CG34353	3R	27767966	27905843	5049
FBgn0039554	CG5003	3R	27913777	27916516	2491
FBgn0039555	mRpS22	3R	27916908	27918248	1341
FBgn0053213	Boh1	3R	27918182	27919460	1279
FBgn0039557	CG12259	3R	27919844	27921089	1246
FBgn0039558	BCAS2	3R	27921283	27922356	1007
FBgn0003279	RpL4	3R	27922821	27924888	1400
FBgn0027579	mino	3R	27925191	27933077	3928
FBgn0051053	nenya	3R	27927357	27928174	818
FBgn0039559	NSD	3R	27932982	27937853	4589
FBgn0039560	BOD1	3R	27938245	27942778	4054
FBgn0039561	mfrn	3R	27942796	27948021	3037
FBgn0039562	Gp93	3R	27948711	27952151	2841
FBgn0039563	CG4951	3R	27952051	27954112	1646
FBgn0039564	Nep7	3R	27954917	27957326	2346
FBgn0039565	CG4884	3R	27957356	27959245	1718
FBgn0259990	CG42487	3R	27957356	27959245	1718
FBgn0051253	CG31253	3R	27959346	27960573	1228
FBgn0051054	CR31054	3R	27960768	27961476	523
FBgn0267108	CR45548	3R	27961443	27961821	321
FBgn0051131	CG31131	3R	27961992	27963219	1228
FBgn0039566	CG4849	3R	27963415	27966958	3123
FBgn0003890	betaTub97EF	3R	27967008	27988384	1869
FBgn0085391	trv	3R	28026615	28090740	9239
FBgn0085383	CG34354	3R	28146880	28240526	4609
FBgn0262588	CG43125	3R	28262735	28263622	777
FBgn0262587	CG43124	3R	28263871	28264773	784
FBgn0085465	CG34436	3R	28282580	28283548	853
FBgn0085466	CG34437	3R	28283719	28284725	876
FBgn0002865	Mst98Ca	3R	28291338	28292656	1319
FBgn0004171	Mst98Cb	3R	28292798	28293863	1066
FBgn0261618	larp	3R	28318162	28336440	9126
FBgn0039580	Gfat2	3R	28337019	28339765	2545
FBgn0039581	Moca-cyp	3R	28340334	28345169	3893
FBgn0039584	beat-VI	3R	28418208	28474814	3540
FBgn0039585	CG1894	3R	28484557	28486062	1425
FBgn0013813	Dhc98D	3R	28486953	28519398	15919
FBgn0051051	CG31051	3R	28519548	28520515	853
FBgn0003137	Ppn	3R	28520665	28540324	9544
FBgn0039588	mIF2	3R	28542274	28544817	2255
FBgn0000659	fkh	3R	28580976	28585264	4289
FBgn0026400	Noa36	3R	28598059	28599288	1138
FBgn0001215	Hrb98DE	3R	28599834	28605777	2743
FBgn0039589	CG9986	3R	28606079	28608372	2179
FBgn0039590	CG10011	3R	28607939	28635099	8682
FBgn0039591	CG9988	3R	28636411	28638799	2274
FBgn0039592	CG14062	3R	28641585	28642891	1180
FBgn0053346	CG33346	3R	28669233	28670452	1096
FBgn0039593	Sid	3R	28670704	28672021	1214
FBgn0039594	snu	3R	28675041	28695939	4491
FBgn0027655	htt	3R	28696242	28734816	12044
FBgn0039596	CG10000	3R	28748384	28751661	2597
FBgn0005642	wdn	3R	28807983	28811337	3184
FBgn0039600	Prp39	3R	28812102	28817354	4834
FBgn0039601	CG1523	3R	28817342	28819668	2150
FBgn0039602	CG1647	3R	28820221	28824508	4103
FBgn0024273	WASp	3R	28824506	28832024	3125
FBgn0015589	Apc	3R	28832301	28844748	8506
FBgn0264324	spg	3R	28845270	28870439	8100
FBgn0265274	Inx3	3R	28853606	28859497	2242
FBgn0053203	CG33203	3R	28870606	28887709	3243
FBgn0039609	Nepl17	3R	28872905	28875031	2127
FBgn0039611	Nepl18	3R	28875621	28877805	2185
FBgn0039612	Nepl19	3R	28878024	28880122	2099
FBgn0039613	Nepl20	3R	28880792	28882945	2154
FBgn0027578	Nepl21	3R	28883693	28886015	2323
FBgn0265998	Doa	3R	28888073	28922772	13651
FBgn0039616	CG11828	3R	28923044	28925086	1556
FBgn0039620	wat	3R	28992977	29020406	2274
FBgn0039621	CG14518	3R	29024971	29026159	625
FBgn0039622	eIF4E6	3R	29026439	29027174	686
FBgn0039623	CG1951	3R	29027236	29030938	3224
FBgn0041780	Ssl2	3R	29030951	29032642	1519
FBgn0039625	beta4GalNAcTB	3R	29032660	29034008	1349
FBgn0027873	Cpsf100	3R	29034573	29037062	2431
FBgn0039626	Slu7	3R	29037058	29039071	1831
FBgn0003093	Pkc98E	3R	29039156	29049148	5772
FBgn0039627	CG11837	3R	29049493	29050721	1103
FBgn0039628	CG11841	3R	29051056	29052267	1076
FBgn0039629	CG11842	3R	29052680	29053913	1118
FBgn0039630	CG11843	3R	29054347	29055837	1223
FBgn0039631	Sirt7	3R	29055927	29059204	3058
FBgn0288875	Cul5	3R	29059272	29062975	3325
FBgn0039633	Bicra	3R	29063040	29108948	12599
FBgn0039634	alpha-Man-Ib	3R	29109053	29112822	3211
FBgn0039635	Pdhb	3R	29113071	29116197	2041
FBgn0039636	Atg14	3R	29116391	29118390	1866
FBgn0005596	yem	3R	29118330	29122879	4239
FBgn0039637	Ctl2	3R	29123370	29128247	3509
FBgn0039638	dgt6	3R	29128584	29130972	2196
FBgn0028671	Vha100-1	3R	29131193	29137980	3289
FBgn0039639	Alg13	3R	29137970	29138573	604
FBgn0039640	superdeath	3R	29138662	29145787	3849
FBgn0039641	CG14511	3R	29145678	29146893	1216
FBgn0039642	CG11882	3R	29147016	29148172	1087
FBgn0014869	Pglym78	3R	29148248	29149901	1136
FBgn0041588	eIF2D	3R	29149896	29151794	1841
FBgn0041186	Slbp	3R	29152074	29153266	1132
FBgn0028692	Rpn2	3R	29153524	29157255	3412
FBgn0039644	rdog	3R	29158122	29164966	5031
FBgn0039645	CG11898	3R	29165643	29171508	4472
FBgn0039647	jus	3R	29171191	29194994	4726
FBgn0014427	CG11899	3R	29200454	29201770	1176
FBgn0039650	Mesh1	3R	29201756	29202525	642
FBgn0039651	Cyt-c1L	3R	29202660	29204133	1293
FBgn0029176	eEF1gamma	3R	29220172	29222109	1695
FBgn0062442	Cisd2	3R	29222217	29223428	675
FBgn0039654	Brd8	3R	29223485	29226276	2792
FBgn0039655	CG14507	3R	29226204	29227725	1233
FBgn0028476	Usp1	3R	29229161	29235302	5004
FBgn0039656	CG11951	3R	29235322	29238723	2726
FBgn0051427	CR31427	3R	29238830	29240308	1182
FBgn0051445	CG31445	3R	29240580	29244827	3221
FBgn0263236	SP1029	3R	29244961	29250451	3715
FBgn0003525	stg	3R	29251826	29255800	3064
FBgn0039659	CG14506	3R	29293743	29297180	3302
FBgn0015622	Cnx99A	3R	29315254	29319644	2795
FBgn0004369	Ptp99A	3R	29377646	29487131	9139
FBgn0039663	CG2321	3R	29484783	29489265	3605
FBgn0039664	CG2006	3R	29489468	29491383	1916
FBgn0040623	Spase12	3R	29490544	29491150	493
FBgn0039665	CG2310	3R	29491524	29493518	1279
FBgn0039667	FipoQ	3R	29494782	29498923	2488
FBgn0039668	Trc8	3R	29499025	29503797	3719
FBgn0000492	Dr	3R	29556386	29565244	2552
FBgn0051041	CG31041	3R	29590070	29590906	700
FBgn0086361	alph	3R	29591831	29617157	3149
FBgn0039673	CG7568	3R	29598670	29600862	2031
FBgn0039674	CG1907	3R	29619065	29620758	1623
FBgn0266137	Dop1R2	3R	29630304	29659984	5164
FBgn0039676	ppk20	3R	29666814	29668877	1779
FBgn0039678	Obp99a	3R	29671657	29672334	610
FBgn0039679	ppk19	3R	29672456	29674223	1536
FBgn0025457	Bub3	3R	29674007	29675421	1362
FBgn0039680	Cap-D2	3R	29675651	29680257	4301
FBgn0013972	Gycalpha99B	3R	29682503	29685758	2354
FBgn0039682	Obp99c	3R	29685736	29689311	669
FBgn0039683	dmrt99B	3R	29692591	29697025	2350
FBgn0039685	Obp99b	3R	29716254	29716896	594
FBgn0039686	CG15506	3R	29718663	29722388	1471
FBgn0024841	Pcd	3R	29723163	29724226	725
FBgn0039687	Naa40	3R	29724159	29724950	736
FBgn0042213	CG18731	3R	29725027	29725690	615
FBgn0039688	Kul	3R	29725830	29735360	7696
FBgn0027583	CG7601	3R	29735269	29736745	1250
FBgn0039689	CIA30	3R	29736965	29738070	1048
FBgn0039690	Gnpnat	3R	29738275	29741952	1564
FBgn0027518	Wdr24	3R	29741972	29745092	2702
FBgn0039691	IntS11	3R	29745337	29747513	2043
FBgn0020235	ATPsyngamma	3R	29747704	29749163	1460
FBgn0260990	yata	3R	29749219	29754528	4765
FBgn0001297	kay	3R	29765995	29794113	7789
FBgn0039694	fig	3R	29779273	29780452	1180
FBgn0262112	sro	3R	29794597	29795805	1154
FBgn0039696	Rnb	3R	29795697	29799354	3158
FBgn0019972	Drice	3R	29799658	29801584	1927
FBgn0039697	Etfb	3R	29801599	29802945	1156
FBgn0039698	CG7789	3R	29803196	29804389	1130
FBgn0002924	ncd	3R	29804290	29807127	2720
FBgn0000247	ca	3R	29806811	29815047	7026
FBgn0039702	Vps16B	3R	29814921	29816451	1531
FBgn0039703	CG7829	3R	29816738	29817764	976
FBgn0039704	neo	3R	29819131	29825800	3005
FBgn0039705	Atg16	3R	29827281	29835101	2563
FBgn0260969	CG42592	3R	29835610	29836288	679
FBgn0039707	Prtl99C	3R	29835950	29837447	1053
FBgn0039709	Cad99C	3R	29841657	29854699	5800
FBgn0039710	dgt1	3R	29854695	29857491	2535
FBgn0039711	CG7824	3R	29857652	29858936	1229
FBgn0051032	CR31032	3R	29859041	29859865	770
FBgn0039712	CG15514	3R	29860055	29861494	1369
FBgn0039713	RpS8	3R	29861582	29863902	1250
FBgn0039714	Zip99C	3R	29863701	29868895	2223
FBgn0083969	CG34133	3R	29869365	29875159	4263
FBgn0051038	CG31038	3R	29877059	29903231	6269
FBgn0051036	CG31036	3R	29908107	29912892	3322
FBgn0003357	Jon99Ciii	3R	29922216	29923455	1240
FBgn0003358	Jon99Ci	3R	29925226	29926189	907
FBgn0051202	alpha-Man-Ic	3R	29928701	29930386	1686
FBgn0051040	Cog7	3R	29930551	29933057	2340
FBgn0260759	CG42557	3R	29933287	29934587	1095
FBgn0260760	CG42558	3R	29933287	29934587	1095
FBgn0039726	eIF2Balpha	3R	29934582	29935888	1005
FBgn0039727	Vps13B	3R	29935978	29948207	11469
FBgn0004622	TkR99D	3R	29950796	29969447	2880
FBgn0039728	CG7896	3R	29983426	29990785	4955
FBgn0000032	Acph-1	3R	29991144	29993411	2024
FBgn0039730	CG7903	3R	29993475	29995231	1515
FBgn0039731	Sas-6	3R	29995357	29997034	1507
FBgn0039732	CG15525	3R	29996961	29997676	654
FBgn0039733	CG11504	3R	29997900	29999755	1856
FBgn0039734	Tace	3R	30000530	30003678	2461
FBgn0039735	Nph	3R	30003681	30004861	818
FBgn0016685	Nlp	3R	30004785	30010352	1080
FBgn0039736	CG7912	3R	30006034	30009189	1992
FBgn0039737	CG7920	3R	30010476	30015284	1910
FBgn0039738	Mgat2	3R	30015513	30022221	3394
FBgn0026597	Axn	3R	30022842	30035311	4985
FBgn0039740	ZIPIC	3R	30035240	30036870	1631
FBgn0001281	janB	3R	30037984	30038728	569
FBgn0001280	janA	3R	30038622	30039533	740
FBgn0003510	Sry-alpha	3R	30039719	30043071	3300
FBgn0003511	Sry-beta	3R	30039719	30043071	3300
FBgn0003512	Sry-delta	3R	30043341	30044886	1546
FBgn0002626	RpL32	3R	30045229	30046161	796
FBgn0039741	CG7943	3R	30046470	30048665	2066
FBgn0039742	CG15528	3R	30048635	30052112	1032
FBgn0039743	Jasper	3R	30052514	30054697	2042
FBgn0003479	spn-A	3R	30054696	30056037	1342
FBgn0039744	Rpp14b	3R	30055957	30056603	566
FBgn0085346	Rpp14a	3R	30056859	30058131	1168
FBgn0260468	CG7950	3R	30056859	30058131	1192
FBgn0266411	sima	3R	30058311	30121798	7194
FBgn0266442	CG45072	3R	30122023	30123263	1122
FBgn0266443	CG45073	3R	30123801	30124735	816
FBgn0051025	Ppi1	3R	30125633	30129119	3376
FBgn0051029	CG31029	3R	30129279	30132395	3002
FBgn0086355	Tpi	3R	30132981	30134599	1558
FBgn0039747	AdoR	3R	30134856	30149606	3527
FBgn0039749	CG11498	3R	30153022	30160473	2506
FBgn0051030	VhaAC45RP	3R	30164692	30166419	1671
FBgn0051028	Rsod	3R	30166631	30171207	3775
FBgn0002773	Mlc2	3R	30171438	30174551	2286
FBgn0039751	CG1983	3R	30175786	30177700	1582
FBgn0260860	Bet5	3R	30180232	30181486	1051
FBgn0039754	CG9747	3R	30185423	30191252	2318
FBgn0039755	CG15531	3R	30194790	30196228	1158
FBgn0039756	CG9743	3R	30196360	30202998	1733
FBgn0039757	RpS7	3R	30206447	30209020	1139
FBgn0000094	Anp	3R	30209948	30210382	373
FBgn0000276	CecA1	3R	30210874	30211273	339
FBgn0000277	CecA2	3R	30212156	30212568	355
FBgn0000278	CecB	3R	30213315	30213797	425
FBgn0000279	CecC	3R	30216484	30216938	386
FBgn0039758	CG9737	3R	30241268	30243312	1635
FBgn0039759	CG9733	3R	30243978	30246703	1467
FBgn0039760	CG9682	3R	30250928	30252830	1649
FBgn0010113	heca	3R	30277932	30372382	15063
FBgn0085329	CG34300	3R	30305808	30306640	641
FBgn0015222	Fer1HCH	3R	30385573	30388178	2376
FBgn0015221	Fer2LCH	3R	30387804	30390584	1648
FBgn0027544	CG2217	3R	30418767	30422971	4135
FBgn0261704	CG42740	3R	30418767	30422971	4135
FBgn0039764	CG15535	3R	30423032	30423929	828
FBgn0039765	mRpS18C	3R	30423974	30424556	528
FBgn0039766	CG15536	3R	30424499	30425162	664
FBgn0039767	CG2218	3R	30425427	30428276	2529
FBgn0039770	CG15537	3R	30435177	30443599	1600
FBgn0039771	Osi23	3R	30444076	30445046	853
FBgn0028646	aralar1	3R	30445635	30455867	3376
FBgn0039773	CG2224	3R	30456441	30459300	2140
FBgn0039774	CDase	3R	30459521	30465736	2951
FBgn0039776	PH4alphaEFB	3R	30466050	30485799	2248
FBgn0260440	spdo	3R	30476684	30478849	2087
FBgn0039779	PH4alphaSG2	3R	30490074	30491987	1683
FBgn0026190	PH4alphaMP	3R	30491813	30496153	1882
FBgn0051371	CG31371	3R	30501124	30503506	1748
FBgn0039783	PH4alphaNE2	3R	30510083	30512214	1782
FBgn0051524	CG31524	3R	30512325	30514355	1691
FBgn0039784	CG9698	3R	30514777	30516980	1752
FBgn0027654	jdp	3R	30517059	30527037	2178
FBgn0082582	tmod	3R	30532607	30578905	8320
FBgn0039787	CG9702	3R	30579429	30582117	2318
FBgn0039788	Rpt6R	3R	30582198	30583697	1445
FBgn0039789	CG9717	3R	30584020	30587302	2679
FBgn0039790	CG2246	3R	30592971	30601489	2431
FBgn0051019	CG31019	3R	30597004	30599296	1980
FBgn0051017	PH4alphaNE3	3R	30604181	30606144	1627
FBgn0051015	PH4alphaPV	3R	30646106	30648551	1949
FBgn0039795	Spn100A	3R	30690642	30692768	2038
FBgn0039796	CG12069	3R	30693572	30695498	1750
FBgn0000274	Pka-C2	3R	30695537	30697138	1349
FBgn0039797	eIF4H2	3R	30726087	30728052	1906
FBgn0039798	CG11313	3R	30729837	30731165	1222
FBgn0039799	CG15543	3R	30742880	30744474	1595
FBgn0039800	Npc2g	3R	30744605	30745263	659
FBgn0039801	Npc2h	3R	30745479	30746290	812
FBgn0004606	zfh1	3R	30765926	30789202	6915
FBgn0011739	wts	3R	30789625	30806619	5803
FBgn0039802	dj-1beta	3R	30807117	30807978	733
FBgn0027598	cindr	3R	30808617	30827005	4662
FBgn0039804	CG15544	3R	30827819	30842034	4209
FBgn0039806	CG15545	3R	30870939	30872351	1267
FBgn0039807	CG15546	3R	30874365	30876186	1822
FBgn0039808	CG12071	3R	30877084	30881027	2640
FBgn0039809	CG15547	3R	30881792	30883503	1601
FBgn0000416	Sap-r	3R	30883464	30889062	3527
FBgn0004573	5-HT7	3R	30968236	31016875	4486
FBgn0053773	CG33773	3R	31035346	31036124	605
FBgn0010015	CanA1	3R	31039374	31046821	3064
FBgn0053920	CG33920	3R	31044391	31045105	543
FBgn0016123	Alp4	3R	31048929	31052540	2412
FBgn0010808	Chchd3	3R	31052616	31053915	940
FBgn0002413	dco	3R	31054085	31061210	4783
FBgn0024288	Sox100B	3R	31065253	31083407	2049
FBgn0039818	Mayo	3R	31106362	31109191	2764
FBgn0039821	Ktch	3R	31127965	31130666	2643
FBgn0013973	Gycbeta100B	3R	31134392	31178278	4066
FBgn0086704	stops	3R	31158156	31169106	2297
FBgn0051004	mesh	3R	31178389	31195762	5175
FBgn0039827	CG1544	3R	31196916	31203722	2932
FBgn0267435	chp	3R	31204180	31210730	4872
FBgn0061476	Zwilch	3R	31210966	31213376	2232
FBgn0039828	CG1542	3R	31213458	31214784	1207
FBgn0039829	CG15561	3R	31214776	31215942	1167
FBgn0039830	ATPsynC	3R	31216145	31219630	1868
FBgn0039831	CG12054	3R	31220702	31231259	6238
FBgn0039832	CG15563	3R	31231685	31232336	652
FBgn0039833	CG15564	3R	31232415	31235362	1822
FBgn0051005	qless	3R	31236035	31252608	3218
FBgn0039835	mRpL32	3R	31252872	31253686	704
FBgn0039836	CG1750	3R	31253659	31254900	1075
FBgn0086362	spn-F	3R	31255127	31256659	1465
FBgn0039838	CAH6	3R	31257599	31260049	1101
FBgn0085376	CG34347	3R	31311157	31371748	6911
FBgn0039844	CG1607	3R	31382109	31391893	3183
FBgn0051002	Ugt35D1	3R	31393582	31395304	1663
FBgn0019990	Gcn2	3R	31395660	31402013	5743
FBgn0039846	PNPase	3R	31401560	31405452	3127
FBgn0261988	Gprk2	3R	31405245	31457873	4690
FBgn0039848	Loxl1	3R	31458380	31459869	1435
FBgn0039849	CG11334	3R	31459822	31463037	1732
FBgn0039852	nyo	3R	31543032	31566165	3812
FBgn0028968	gammaCOP	3R	31572143	31575707	3276
FBgn0043900	pygo	3R	31575835	31580699	4507
FBgn0003268	rod	3R	31580951	31588244	6479
FBgn0039854	CG1635	3R	31588673	31590392	1548
FBgn0039855	CG1638	3R	31590581	31592316	1567
FBgn0039856	CG1774	3R	31592803	31594719	1860
FBgn0039857	RpL6	3R	31594792	31596204	967
FBgn0039858	CycG	3R	31596642	31612664	6143
FBgn0288966	Med	3R	31611046	31615375	3425
FBgn0039859	Mnat9	3R	31615284	31616160	826
FBgn0039860	CG1792	3R	31616303	31617837	1344
FBgn0039861	pasha	3R	31617977	31622217	3214
FBgn0039862	kek6	3R	31622136	31664646	6616
FBgn0039863	Zmynd8	3R	31669465	31677971	5868
FBgn0003870	ttk	3R	31713867	31735392	7557
FBgn0039867	CstF50	3R	31735503	31736963	1407
FBgn0039868	CG11563	3R	31737035	31737999	831
FBgn0000557	eEF1alpha2	3R	31738468	31743306	2656
FBgn0039869	Tbca	3R	31743490	31744248	704
FBgn0039870	CG1896	3R	31744282	31745178	835
FBgn0000150	awd	3R	31745172	31746077	727
FBgn0261479	nero	3R	31746445	31747558	1114
FBgn0022349	CG1910	3R	31747643	31751894	3199
FBgn0039872	salt	3R	31751825	31754705	2114
FBgn0017448	CG2187	3R	31755356	31758637	2580
FBgn0039873	Smvt	3R	31759404	31761579	1996
FBgn0270927	betaGlu	3R	31769293	31771848	2331
FBgn0039875	sip3	3R	31772219	31775163	2660
FBgn0039876	CG2126	3R	31775049	31776652	1317
FBgn0005632	faf	3R	31777020	31790681	10488
FBgn0039877	Mccc1	3R	31790592	31793907	2920
FBgn0027620	Acf	3R	31793981	31799799	5079
FBgn0250755	CG42233	3R	31799634	31805278	3032
FBgn0039879	Ir100a	3R	31800963	31802774	1812
FBgn0039881	CG1971	3R	31805468	31806769	1278
FBgn0039882	Rift	3R	31806867	31810186	2158
FBgn0266268	FeCH	3R	31810460	31812296	1521
FBgn0039883	RhoGAP100F	3R	31812609	31846570	13106
FBgn0011224	heph	3R	31846987	32015520	12120
FBgn0039886	CG2003	3R	31978121	31990909	2014
FBgn0039887	Pos	3R	32038330	32039753	1374
FBgn0040206	krz	3R	32045314	32051993	5281
FBgn0002780	mod	3R	32052060	32054974	2287
FBgn0002645	Map205	3R	32055279	32068441	6046
