flybase_gene_id	control_rep1	control_rep2	msl2_rep1	msl2_rep2	mof_rep1	mof_rep2
FBgn0025836	0.64610902437633	0.48798903665395	0.453527	0.56589	1.2373872001429	1.36341003566799
FBgn0284435	0.143756	0.17372	0.0	0.185207	0.0	0.142753
FBgn0025835	0.1082837	0.0	0.0	0.09524010000000001	0.374851	0.0
FBgn0040373	4.7691102010829995	6.56517	12.6093	8.03401	9.66204	8.631826
FBgn0040372	12.6322	14.40254	11.06428	10.53245	10.017330000000001	13.188830000000001
FBgn0259722	18.1401	23.0026	8.22017	7.04931	9.96784	13.928040000000001
FBgn0000316	24.517400000000002	28.11015	15.28819	16.03481	19.3446	23.93062
FBgn0261446	8.6595	6.20116	3.05204	2.5388	4.81121	3.50334
FBgn0029518	0.0	0.0	0.0	0.0	0.0	0.606925
FBgn0005427	11.06608150137312	11.827724	10.76841446866	9.734067	9.149705017519999	10.406614
FBgn0024989	0.0	0.44694379598804995	0.0	0.10843387590999999	0.0	0.2448490237
FBgn0040370	0.300631	0.726586	0.953616	0.5288349999999999	0.607795	0.2985341
FBgn0040371	0.0	0.548759	0.0	0.0	0.0	0.0
FBgn0029521	3.14431	5.22459	2.49348	5.18541	2.26771	5.85446
FBgn0052816	0.276863	0.334571	0.292741	0.0	0.638964	0.274932
FBgn0262810	0.0	0.0	1.11384	0.0	0.0	0.0
FBgn0004034	4.65021	4.34233	3.35243	7.43647	2.92694	3.35838
FBgn0010019	0.0	0.0	0.0	0.0	0.21565	0.0
FBgn0266572	13.604506421279998	14.4146803	11.25747031547	10.665100985252002	12.1720644	10.7686
FBgn0029523	2.62156	3.51933	2.19644	3.60802	1.95653	2.12514
FBgn0029522	15.0838	14.2023	4.199	3.96474	8.13863	7.32031
FBgn0052817	1.25382	17.9358	0.0	3.9845885	11.89919	7.6731300000000005
FBgn0029526	5.569514	5.165380000000001	3.5708151725899997	1.1907	4.23669	3.7100112000000003
FBgn0029524	37.617	11.542394999999999	18.07405	14.659829	5.3749199999999995	8.71225
FBgn0029525	9.53787	7.43095	6.17727	8.65325	7.95521	6.70377
FBgn0023536	4.89064	5.69114	3.63894	3.66426	3.13527	2.87794
FBgn0023537	95.45240000000001	94.369	79.05276	68.93001	80.50985	61.391000000000005
FBgn0023534	0.0	1.23075	0.446748	0.0	0.0	0.337122
FBgn0004648	29.129457000000002	37.323243899999994	26.886715937524322	24.57017502222774	26.8527801745299	20.627091918577
FBgn0260400	10.271195	8.85041	6.112371032693099	6.671784000000001	5.303979	6.949931
FBgn0023535	2.31089	2.7078	1.97328	1.08031	1.57233	1.64684
FBgn0024983	14.464585043	13.348434924	8.620597085	11.84859	7.283260525999999	8.096172656
FBgn0000108	0.0634494	0.185961	0.325422	0.473722	0.0	0.152812
FBgn0261930	0.137161	0.0	0.0	0.0	0.0	0.136205
FBgn0025633	18.75864	22.844087288099	15.9474340976	15.00503	15.94711231	15.454713766307
FBgn0029529	18.1401	21.9211	16.4403	10.2568	19.4373	10.2934
FBgn0016038	23.2373	25.069395996	13.895240169565099	19.7537275176346	17.942128115	18.77
FBgn0025640	20.312	21.1767	21.898	22.4191	20.2216	17.0063
FBgn0026879	153.005	174.902	107.125	101.84	135.997	119.086
FBgn0025635	4.28015	5.17108	4.1142	4.32143	4.93902	3.47752
FBgn0002579	2862.3251	2876.2556	2138.1275	2182.3444	2267.9784	2004.332
FBgn0001341	12.1718	13.4943	11.3349	9.33057	12.1126	11.6433
FBgn0020381	20.48135553	18.041303770000003	14.63175512229	16.56308	13.00612668376	16.20674
FBgn0003575	13.253649999999999	14.8581419	12.354298	12.80752	14.2357717	12.98798364575
FBgn0266102	9.56207	0.0	0.0	0.0	0.0	0.0
FBgn0025634	18.7818	12.1694	11.2563	14.9309	9.96046	8.28581
FBgn0025638	95.4191	94.99437999999999	87.6597	77.73391	118.23002	68.66576
FBgn0025639	13.97806	11.76717	13.28512	12.01797	15.13297	13.95854
FBgn0025637	170.78117	180.79914	136.919790339342	119.993910556752	149.76360259999998	139.511996
FBgn0021764	4.34086204133079	4.4918550216007995	2.8758509394702	3.44106629263183	3.0937690435371	2.946199
FBgn0029531	0.0	0.0	0.0	0.0	0.603299	0.0
FBgn0040383	21.7411	28.5376	11.8903	15.4956	19.0321	14.8893
FBgn0029532	0.284565	0.0	0.300885	0.0	0.0	0.0
FBgn0040382	18.98662833324	20.23805	26.460970000000003	25.2201147638	20.27065726334	13.3572
FBgn0015288	773.98	751.789	813.806	703.136	836.867	668.332
FBgn0027343	0.0	0.0	0.0	0.324838	0.0	0.37659
FBgn0086368	0.0	0.190023	0.0	0.0	0.0	0.0
FBgn0025620	0.0	0.0	0.292741	0.0	0.319482	0.274932
FBgn0025621	10.85148	8.27388	7.7858	8.635352	5.96282	5.3879
FBgn0015799	28.6422	27.6074	22.4733	19.6938	26.1	22.912
FBgn0025616	0.484985	0.87911	0.2564	0.0	0.839463	0.240801
FBgn0026874	4.74815	3.44271	3.01228	1.67048	1.82636	2.82902
FBgn0260855	35.498	39.2462	26.86632	33.17706	33.1185	36.00040000375531
FBgn0264449	2.18081	3.63255	3.0646740017983998	2.906234	2.7428225210000003	2.87744761089
FBgn0040892	0.0	1.48182	0.0	0.0	0.0	0.0
FBgn0040341	0.0	0.0	0.0	0.0	0.657702	0.0
FBgn0040344	13.5048	14.73645	10.86929	10.19382	12.7925	8.70687
FBgn0040339	25.0784	31.4713	27.5365	25.451	15.5825	22.9879
FBgn0040345	0.352736	0.0	0.0	0.620493	0.0	0.0
FBgn0040342	0.577586	1.39595	0.610711	0.762017	0.0	0.573558
FBgn0052815	0.289978	0.35042	0.0	0.63762	0.268514	0.346607
FBgn0040340	50.91722	40.1033500500879	38.182649999999995	35.052939	41.230153	33.0448649
FBgn0040346	21.5625	20.3458	15.9281	14.8084	20.7916	15.5458
FBgn0040347	4.88844	3.64334	3.98124	3.59916	3.81799	2.40491
FBgn0040348	7.34474	5.69106	4.12497	3.18654	3.38825	1.64914
FBgn0003638	46.28568000208671	41.3440879	34.458018890000005	31.7091495403493	33.909669448797	44.312906999999996
FBgn0040351	0.51531	0.0	0.181621	0.151079	0.594635	0.341144
FBgn0052814	0.265335	0.0	0.0	0.0	0.0	0.0
FBgn0040337	7.69099	10.4558	6.43789	7.89198	6.65618	4.77334
FBgn0026143	13.1179	12.5885	10.8106	11.0288	9.7947	7.85418
FBgn0053082	3.255574	3.14732	2.75383	1.44716	1.50269	3.879439
FBgn0014903	4.53619	3.24237	4.6101	3.56764	4.25719	5.14161
FBgn0266569	32.5058	20.1841	15.2523	26.20767	23.44354	12.105166500000001
FBgn0040398	306.52	261.253	245.338	204.834	284.545	224.886
FBgn0040397	2.066701	1.5486469999999999	1.19537	1.1124392	1.028282	1.458159
FBgn0040365	0.0	1.61979	0.0	0.0	0.0	0.0
FBgn0040364	0.518633	0.939476	0.548377	0.45616	0.0	0.515016
FBgn0040360	0.0	0.0	0.0	0.281624	0.0	0.0
FBgn0040359	0.155176	0.0	0.0	0.136484	0.0	0.154094
FBgn0040358	0.163326	0.0	0.172693	0.0	0.188468	0.162187
FBgn0029568	0.276863	0.669142	0.585482	0.243513	0.0	0.549864
FBgn0040357	0.0	0.757642	0.0	0.0	0.0	0.0
FBgn0040367	0.503192	0.608075	0.798075	0.0	0.0	0.249841
FBgn0040366	2.716179	4.0117329999999995	4.148377	1.8581050000000001	2.437791	2.09785
FBgn0261444	16.601570689069	16.10074480606	14.325988	11.042805999999999	13.42198692	12.4830635
FBgn0026876	8.23366	7.50603	8.09493	7.49595	10.6679	6.88525
FBgn0028550	3.155155928	5.134604774	2.91149442	2.4723491060000002	3.177456364	4.11481951
FBgn0025642	6.470293	9.62331	3.22935	6.12866	4.594655	6.4251629999999995
FBgn0025641	23.04806	19.4588	14.68013885	10.85382050490481	16.02017423395	10.1619
FBgn0052811	0.0	0.0	0.0	0.0	0.0	1.88295
FBgn0004650	0.0609081	0.0736036	0.128802	0.321427	0.140568	0.665316
FBgn0024366	0.27778600729367997	0.4475830228971	0.195811045731	0.24432500548792	0.0	0.27584900507956
FBgn0024362	19.1824	19.9004	14.00638	9.23171	16.0794	9.34461
FBgn0024360	8.2705457198	10.25815	11.187836	7.8563381	8.88642	5.854331
FBgn0024361	4.37373	1.32134	3.46843	5.28946	4.808450000000001	0.0
FBgn0024365	27.586981259999998	28.553919999999998	20.646439380100002	18.87196242	21.10475	19.72859
FBgn0024364	17.3641	14.7507	14.5425	10.5849	14.879	11.2677
FBgn0000826	16.5682	14.8879	14.8233	16.067	12.2555	11.8122
FBgn0029573	1.58336	0.956697	0.837084	2.08895	1.8271	0.78616
FBgn0024987	31.56720000178497	27.369993	23.199675	18.80038	26.62566000221193	19.3279278
FBgn0023169	25.826166999999998	20.921198999999998	13.21106	12.9453	17.03339	13.035845
FBgn0024986	50.4346	53.5145	42.2714	33.54	43.2939	32.3706
FBgn0052813	4.198887	2.9543312572100002	2.82526	3.5811870000000003	2.64286	2.299647
FBgn0024985	14.907613248889998	15.0415	15.6965300053688	13.486174	13.44078	9.412097016992199
FBgn0259108	0.77332	1.032878	0.81767	0.7517640000000001	0.798429	1.0306389999999999
FBgn0265139	0.0	0.0	0.0	0.250838	0.342668	0.0
FBgn0027795	3.33772	3.72315	3.25766	1.58074	1.48135	2.29461
FBgn0027794	18.3184	15.0529	13.9456	10.8486	11.6965	11.0356
FBgn0027793	1.15862	2.80023	2.45012	1.52858	2.00545	1.7258
FBgn0266284	49.1965	35.4664	35.0507	27.85643	38.0088	24.7412
FBgn0027791	34.6729	34.0437	31.5059	20.9662	17.5045	14.7946
FBgn0026872	28.69	28.6424386	30.320059999999998	16.72090328951991	16.746887463	21.86144
FBgn0029580	4.20992	5.08741	1.48378	2.76575	0.0	2.98767
FBgn0052808	3.59922	5.98046	4.28134	5.1442	2.59579	4.02088
FBgn0013720	21.065771	23.271389379	18.8379	21.965998	13.58003	18.15088
FBgn0025383	11.0055	10.6396	6.98202	8.51825	2.53994	3.06006
FBgn0025382	15.093	11.7004	11.1409	8.51598	5.25776	4.24181
FBgn0260986	49.273833	38.497662999999996	31.60682	22.731910018612698	30.842760000000002	21.47677
FBgn0025381	324.631	288.38570000000004	227.6152	201.5791	237.2239	223.5762
FBgn0003517	5143.069	4010.2794000000004	4716.229	3681.122	4196.875	3473.8217
FBgn0025394	62.59875000000001	59.605830000000005	47.52835	39.93383	42.12256	43.588386
FBgn0053513	0.66379	1.0128031093099998	0.4768	0.5226109999999999	0.290138	0.413991
FBgn0025390	1.507917	1.611389	0.65498	1.31211	1.18345	2.107739
FBgn0283451	33.489392	26.667864	33.880465	29.760342	32.87728	27.103437
FBgn0000482	36.4831	26.3256	23.5893	22.0464	23.0182	18.2446
FBgn0023530	65.1826	84.8336	47.4471	50.221	40.3398	49.3614
FBgn0001189	35.53401	36.3189	28.968899999999998	32.422	25.292209999999997	29.18526
FBgn0023531	10.4037430573353	11.151214541	13.4113109871	11.862401845774901	11.85463771141726	13.60893682
FBgn0029587	0.379094	0.762826	0.356905	0.8426654	0.428827	1.266521
FBgn0024897	1.00184	0.0	0.42372	0.528698	1.15606	0.397943
FBgn0029588	5.56102	8.06417	11.7599	14.6735	4.49195	15.4623
FBgn0023130	14.115384500000001	12.963539999999998	12.677209999999999	11.769210000000001	13.8352	10.3651
FBgn0025391	8.66062	10.7405	8.56303	11.0105	9.17487	16.0756
FBgn0283741	34.62005067649	38.011748571599995	23.49305267479	40.631357578066996	26.506820004160783	28.340007448999998
FBgn0026086	36.7824971201	42.6752929157	30.686704581942	29.22706033513539	34.1612565422	36.665346231
FBgn0052806	0.0	0.0	0.0	0.0	0.0	0.63908
FBgn0029589	0.7504128050000001	0.0	0.7934431799999999	0.660019142	0.0	0.0
FBgn0029590	0.0	0.0	1.26464	0.525987	0.0	1.78156
FBgn0026090	63.418099999999995	74.8335	52.855199999999996	57.0914	49.9348	57.0486
FBgn0028969	148.4245	145.5066	105.4179	95.6854	104.35149999999999	100.62003696260001
FBgn0023515	23.1814	21.3785	14.06150000368556	12.19540666	17.45776	15.878730000000001
FBgn0026873	70.7305	65.0182	47.3011	42.0054	36.2749	40.2213
FBgn0023516	22.45226	22.91998	17.133580000000002	19.13648	17.40517	14.036470000000001
FBgn0023513	22.93666064	22.7575	15.1898202	13.3784	16.0197	14.6252634
FBgn0023517	58.2426	50.60047	49.2663	33.3923	44.8055	24.8917
FBgn0014411	63.8462	66.3325	43.3102	40.4027	46.501	39.1933
FBgn0026089	109.4442	129.2159	93.1087	79.6641	78.3879	57.463499999999996
FBgn0023514	51.9148	52.1237	39.3257	30.668	47.3886	40.524
FBgn0026088	186.974	166.4303	99.3497	109.1173	103.85130000000001	83.0804
FBgn0029594	46.97263	52.65019	57.58438	37.72189	73.8424	54.757200000000005
FBgn0023518	24.717100867615	24.26860000092881	22.255302066539997	17.790902155250002	19.608900210401	18.792034638
FBgn0023519	83.5449	70.8112	69.3194	50.008	57.575500000000005	39.1766
FBgn0000117	301.8806621977	275.117200205945	175.1327805	151.99197000343753	186.870297505	161.47608
FBgn0052803	44.48307	45.5319	35.38708	33.54085	35.244	28.0617
FBgn0052801	14.748	7.63802	7.23999	6.48575	4.25457	7.32258
FBgn0023511	43.990900238006	42.1495	30.8930728	28.8850780916	27.7435686	22.78292
FBgn0023509	36.606	32.7087	29.6279	22.5481	32.6095	24.7469
FBgn0023510	27.0364	29.148400000000002	17.23629	16.02797	17.05207	17.17475
FBgn0023512	46.5051	37.167	31.54071	30.47371	29.5044	33.11762
FBgn0023508	53.760999999999996	49.1715	32.217659999999995	28.2218309	32.68364	35.296641
FBgn0023522	57.1132	59.475924325	37.4695200311469	33.303176527	40.2413	40.351935
FBgn0023520	11.7958	8.77195	10.5534	9.89602	6.70107	7.56871
FBgn0023521	15.4457	11.4064	12.7022	10.9436	8.91165	8.52107
FBgn0264562	3.9695051529999996	7.347699782	7.401292353	5.4769371520000005	7.010128987000001	7.3739389854
FBgn0023545	67.367	65.9692	65.9087	54.4847	53.6119	41.5224
FBgn0261954	42.2052779	43.963847	37.65599	36.229974820900004	37.692607699999996	39.7457621
FBgn0000667	47.712030006731666	41.556747	30.913445558062	25.24515211	27.435533	27.15042588493
FBgn0003964	52.70154	45.83802	41.526799999999994	28.638579999999997	39.89723	30.66699
FBgn0025632	5.668033	6.562915	4.476609	5.42284	3.9457	7.0703570000000004
FBgn0026878	4.04912	1.22328	2.14067	2.67103	2.336211	0.0
FBgn0025631	33.5230345	39.591254	20.99536113507	17.995647841345903	22.14474536487	17.57012138
FBgn0025625	2.31792	2.80106	2.20577	2.10667	0.980736	0.997427
FBgn0025626	49.8313	48.0219	40.8507	37.4486	37.6675	33.9809
FBgn0029596	4.8522	7.81811	6.84064	3.31934	5.59913	3.74761
FBgn0025628	160.2871356	161.38392752369901	118.4562800964568	111.630117202106	119.79247002018678	97.65332000000001
FBgn0025627	3.46294	4.18475	2.74616	2.66508	3.99602	4.72834
FBgn0025630	27.319000240917	28.0364	22.022001980259997	21.7045	20.10660131731	23.0796
FBgn0025629	111.675	72.0178	88.5598	65.1672	79.3022	68.777
FBgn0025624	78.7886	69.0393	54.8801	51.8913	57.7388	48.9458
FBgn0040394	55.4988	56.2496	52.0563	41.7277	49.0645	35.1115
FBgn0040395	51.84494	60.01921	50.82065	45.99667	44.83844	43.07167
FBgn0000382	11.242597	10.460249999999998	9.340095999999999	8.05894	8.377801315205	9.761049
FBgn0004860	11.3191	10.6985894	11.308100058761	10.107800275734999	12.13568	11.8471
FBgn0004861	14.29245	12.825964	13.19307	9.56588	13.1241386921	12.42466
FBgn0023507	52.3417	47.03004	37.88012	29.07578	38.524831999999996	36.5166300027871
FBgn0004654	173.5859	124.7092	121.70769999999999	91.23320000000001	109.0084	85.1365
FBgn0013432	77.1767	77.0062	47.9135	54.8023	46.5711	53.4359
FBgn0004655	27.10099	24.895690000000002	25.19414	19.70126	28.79353	20.93364
FBgn0005670	4.2461199999999995	7.1091999999999995	3.39496	5.6496200000000005	2.48334	1.86992
FBgn0023540	15.833590000000001	12.4371	7.81279	6.96317	11.2671	9.519293000000001
FBgn0025839	108.0455	118.5603	95.85814	66.6307	64.4884	57.962320000000005
FBgn0023541	1.3079176639999999	1.58053791	0.82975414	0.920297046	0.603699738	1.0390412740000001
FBgn0011576	4.77814	6.113720000000001	4.45779	4.9442070000000005	4.540669	1.70196
FBgn0015036	6.22711	5.49909	3.03888	3.15981	3.31647	4.28101
FBgn0003116	13.2363	9.79301	8.85425	7.36528	7.48108	6.70612
FBgn0023542	58.6003	56.6518	48.5362	37.1528	49.8705	39.5218
FBgn0040899	51.679	54.305	68.8974	55.3351	38.89187	33.476901999999995
FBgn0040900	1.0738	0.0	2.27076	3.77781	0.0	0.0
FBgn0024984	2.80864	2.71525	4.1576	5.43469	2.59279	1.67343
FBgn0023549	3.2150600000000003	1.53398	1.789621486	0.372161	1.41332	1.12048
FBgn0029603	0.42716	0.599538	0.26229	0.0	0.286249	0.246333
FBgn0023550	0.0	0.0	0.277334	0.0	0.302667	0.260462
FBgn0053548	0.8064640000000001	0.97456	0.0	1.41864	0.0	0.8008379999999999
FBgn0004397	84.129834	75.3823	58.247804	51.314530108800994	49.715897513600005	48.805100001576555
FBgn0029606	0.0	0.676856	0.0	0.0	0.0	0.0
FBgn0003048	21.66471991	23.3598	15.78118375	15.325002	15.32604604	16.290294217000003
FBgn0001330	7.791869999999999	10.34431	6.9623099999999996	5.019299999999999	8.86468	5.90231178
FBgn0000810	9.40111	10.3728	7.49122	5.63228	6.44608	5.54721
FBgn0023523	0.363966	0.879659	0.384839	0.96037	0.419993	0.722855
FBgn0000377	34.2609	33.0336	22.9301	24.5239	23.763	21.1732
FBgn0023525	4.45094	3.13756	6.74522	2.60986	3.92606	3.378594
FBgn0029608	17.14922	25.7895	24.1992	19.77607	23.7469	23.463
FBgn0023524	0.103188	0.3733958	0.2177865	0.18149880000000002	0.1192262	0.1022373
FBgn0027296	7.81338	9.32779	7.745139999999999	6.44268	7.53678	5.8962
FBgn0023527	32.0544	27.0058	21.9586	19.6558	28.3927	20.6228
FBgn0023528	29.717280000000002	31.673814	23.43245052	23.8917653178	26.0525433335	27.06872
FBgn0023529	109.64779999999999	129.2504	94.5774	103.7414	106.36959999999999	103.0974
FBgn0085362	0.0	0.287653	0.251689	0.0	0.0	0.236377
FBgn0023526	7.12287	6.81474	4.809668	8.23316	4.90956	5.54368
FBgn0003079	19.129731	18.955938	17.395008	17.27408	17.659606	14.183910000000001
FBgn0040392	2.58111	2.37641	2.7291410000000003	2.270201	4.765499999999999	6.664085
FBgn0040391	1.88436	1.95182	2.56169	1.89414	1.24253	2.40584
FBgn0044047	66.12630000000001	66.702760879375	53.856249999999996	53.44518	45.37077	35.4626
FBgn0040389	63.2767	63.7333	80.54937	60.990700000000004	46.2077	55.2821
FBgn0003159	8.7286460488132	6.2116000650761	4.8197082913500005	8.165808001068982	5.259972773214	6.3600960097246
FBgn0264598	0.1472969	0.0519564	0.0	0.0	0.0992264	0.0
FBgn0001150	0.983468	1.48557	1.03987	0.865001	1.70229	0.976608
FBgn0003714	56.235286	34.502933	37.33007	36.899162000000004	28.082508999999998	35.809054
FBgn0040388	55.554269999999995	45.55303	47.29656	35.12578	48.965538	37.60277
FBgn0004050	27.050199999999997	22.287599999999998	27.11572	15.91272	21.890520000000002	20.2334
FBgn0284408	136.1623737643801	173.59893521141305	112.355787425108	129.73557467424462	138.554585021484	121.97985490084208
FBgn0260753	1.29046	0.519813	0.303215	0.789588	0.49637	0.854307
FBgn0040377	0.844644	0.508102	0.896245	0.369257	1.95385	1.26222
FBgn0040376	0.528861135	0.0	0.0	0.930317	0.0	0.52517265
FBgn0040375	16.03612	20.00439	14.8918374	10.0556	10.554179999999999	12.65056
FBgn0040066	60.6776	43.20933	47.83166	34.07004	55.0142	35.507
FBgn0001404	51.7747	56.5897	65.08506999999999	59.98968	62.71073	61.125510000000006
FBgn0011606	54.6459	48.410399999999996	40.350899999999996	30.4021	37.5811	41.8643
FBgn0004643	64.6765	59.3124	40.962	36.3837	43.1884	37.818
FBgn0011566	21.6368	14.1252	19.7221	17.2805	17.2189	16.7935
FBgn0029629	547.394	478.815	385.196	349.324	427.967	340.318
FBgn0040334	58.613	51.2757	33.0784	33.525	37.7597	31.066000000000003
FBgn0040336	19.5832	16.0311	14.9174	13.3349	11.9063	11.9189
FBgn0040333	0.697873	0.880071	0.737897	0.613809	0.0	0.361597
FBgn0267350	36.386	32.60983	31.8122	24.06814	29.254189999999998	22.2212
FBgn0003371	64.37904919503	58.9003097499331	59.1748651815613	54.087998381860004	54.551227582	52.0612273413471
FBgn0011276	0.316286	0.382212	0.0	0.0	0.0	0.0
FBgn0025838	0.0	0.0	0.0	0.457686	0.600472	0.0
FBgn0003068	2.1076	2.861886	1.84091	1.85373	0.634445	1.27394
FBgn0000092	1.43261	3.46244	1.51477	1.68006	2.20419	0.948414
FBgn0024992	40.9319	34.3589	30.78935	35.39724	32.33388	40.6464
FBgn0024993	3.7635	5.84736	3.695135	5.43811	5.89385	4.27114
FBgn0024994	31.571573800000003	29.0988	22.8842	22.4351700373684	22.649500016821598	16.678
FBgn0024996	53.3729	56.7904	37.2676	38.9721	45.3201	48.0005
FBgn0024997	24.0616	21.1878	16.5666	12.6323	18.0799	19.2632
FBgn0024998	16.8525	11.7903	14.3021	13.6523	11.2586	7.48668
FBgn0024991	17.7058266	15.072341	13.90576320612	13.114714	14.079459	8.61677
FBgn0024973	28.2893	28.2771	28.8038	28.7214	28.0094	27.2249
FBgn0000928	23.0664	19.1991	19.163	13.8703	17.111	14.4912
FBgn0000927	1.14553	1.15358	1.00935	0.50377	0.220311	0.18959
FBgn0283545	6.18974	3.73995	0.654472	1.63324	2.14277	1.22931
FBgn0000520	30.8299	28.3979	33.0539	26.5473	22.3903	23.9781
FBgn0250874	139.31740000000002	119.8154	141.1248	124.1007	124.6795	110.5755
FBgn0024975	11.6251	13.7556	11.7797	14.4851	14.812	7.21503
FBgn0000376	21.1671000776001	22.99776	24.567	23.773	25.92859	23.4072
FBgn0024980	43.5326	32.414	33.4758	22.431800000000003	34.3484	26.199399999999997
FBgn0028369	0.0	0.305651	0.0	0.195964	0.215288	0.267223
FBgn0040384	19.53343	15.511809999999999	19.473503534	12.5172092197	10.948168032	15.51773
FBgn0003996	1.08328	0.218178	0.763601	0.0	0.208339	0.53786
FBgn0040356	0.0	0.612435	0.0	0.445752	0.584815	0.0
FBgn0040354	0.678384674	0.0	0.0	0.0	0.0	0.0
FBgn0040355	0.0	0.0	0.0	0.0	0.0	1.16794
FBgn0025643	0.569755	0.235576	0.451823	0.34292	0.197426	0.580749
FBgn0025644	0.0	0.0	0.0	0.0	0.0	0.455731
FBgn0052793	0.0	0.188801	0.0	0.0	0.0	0.0
FBgn0029643	0.283527	0.342624	0.0	0.0	0.0	0.0
FBgn0029648	3.60478	2.17807	2.541007	2.642128	1.38656	3.5796399999999995
FBgn0003285	0.0	0.155234	0.0	0.296074	0.0	0.0
FBgn0004647	32.403379	32.7399	30.6538	26.766209999999997	34.585595	29.610649000000002
FBgn0028746	13.5284	11.98868	16.21145	14.27854	5.203620000000001	10.747219999999999
FBgn0040396	48.2348	30.85867	50.25102	33.06613	40.10779	44.376450000000006
FBgn0000479	12.44442571	11.8328698494329	14.186267079	8.459607	15.39477641299	11.663320167723
FBgn0003374	0.0	0.0	0.0	0.0	0.0	0.512622
FBgn0288967	0.0	0.0	0.0	0.234172	0.0	0.0
FBgn0262656	56.62245	57.784	46.88955	54.76347	60.465	51.890330000000006
FBgn0029657	1.10745	0.0	0.0744715	0.124774	1.24253	0.0
FBgn0029658	0.0	0.762562	0.0	0.555019	0.0	0.0
FBgn0029659	1.21982	2.45679	0.85985	1.43051	2.34599	1.61508
FBgn0029660	0.997346	2.24295	2.24288	1.86571	0.917912	1.31652
FBgn0029661	0.593457584	1.792894216	1.5687303469999998	2.0878860930000003	1.369618917	2.3572771070000003
FBgn0029662	7.99521	10.436482999999999	10.2639	9.59978	7.88965	9.587006976
FBgn0029663	1.25479	3.29806	2.2089220000000003	1.756468	2.0684994171	1.51304
FBgn0029664	29.61945077	35.5921	23.5692	38.729783	29.2471857	45.7684
FBgn0029665	23.6609	17.1556	16.4403	19.027	12.4815	7.38443
FBgn0029666	12.675913	13.98958	10.13662	8.29371	7.147079262	11.3058774
FBgn0029667	0.896691	0.288183	0.474058	0.197169	0.825557	0.940098
FBgn0052791	4.125380455815	3.91649	4.85275	4.00908	4.9656400000000005	4.9587900000000005
FBgn0029669	0.976672	2.36049	1.03268	1.71805	1.12702	1.87381
FBgn0052792	0.315385	0.0	0.0	0.256649	0.357236	0.700362
FBgn0029672	17.113970000000002	17.40634000495831	14.31901	17.34751	19.74291	21.94216
FBgn0266429	0.0	0.13592000794472	0.11892603135470001	0.0	0.2595790509208	0.0
FBgn0044046	0.0	0.555903	0.0	0.0	0.0	0.0
FBgn0023216	6.69622	10.3172	9.55834	7.80373	9.07924	9.97427
FBgn0023215	19.97065780617832	20.40792607	15.902143851	17.521330637782	19.88353	18.31297412377818
FBgn0015286	24.69014	22.93016	18.494092	16.71477	17.39207	19.985509999999998
FBgn0283657	57.209559999999996	53.77216	45.180155	41.427576	47.30459054907	47.696968
FBgn0029676	45.197900000000004	48.89513	63.782600208867	39.232111688299995	49.86088896383	39.15927695
FBgn0021738	0.719381	1.56025	0.0	0.0	0.0	0.0
FBgn0053221	0.309168	0.0	0.32737	0.529934	0.692612	0.327744
FBgn0260484	19.8235	18.8818	9.72687	18.4307	22.4357	25.038
FBgn0264954	0.0	0.1672856	0.0	0.0	0.0	0.137466
FBgn0000542	5.06028206326	5.3681138402299995	4.011960321399999	3.1126911126900003	4.69651939866	3.873500529895
FBgn0029679	0.0	0.0	0.0	0.135564	0.0	0.0
FBgn0265575	38.06460000837394	51.2166909	21.282615	23.63015000839854	22.3677761	25.9343247
FBgn0028491	8.92475200448571	10.8439700105011	9.3309000509525	6.028919999999999	7.798497021693	6.87910761
FBgn0285910	96.8739	91.1168	91.3352	84.3462	101.368	79.2363
FBgn0029681	0.0	0.0	0.228592	0.0	0.0	0.0
FBgn0260658	0.32621300000000003	0.658200893	0.0864826	0.1721508047	0.0752858	1.2992465850000001
FBgn0029685	34.32517	37.63404	25.958440000000003	23.792450000000002	23.74183	20.428910000000002
FBgn0029686	6.27637	8.52257	4.91297	3.4414999999999996	3.82286076	3.82419
FBgn0052783	1.5852	2.01421	0.0	0.0	0.0	0.311247
FBgn0029687	86.62441	87.84898	67.34510999999999	64.0575300175774	73.49552	69.52545
FBgn0029688	26.7281	31.064700000000002	21.28991	22.41146	21.641199999999998	23.0593
FBgn0029689	15.2376	10.1463	10.6862	11.8978	8.79164	10.9625
FBgn0029690	0.0	0.560212	0.0	0.0	0.0	0.0
FBgn0263772	0.0	0.0707412	0.09241200668197999	0.0775352	0.20074601053070001	0.0875074
FBgn0029693	16.71454	17.02671	10.954379999999999	12.2712	11.47683	13.442960000000001
FBgn0029694	0.0	0.0	0.0	0.33097	0.0	0.0
FBgn0004832	25.8085	21.5916	23.93	16.7628	18.7852	20.5028
FBgn0000221	13.3611	17.648	13.1418	11.7517	6.454	8.63959
FBgn0026084	146.94689599999998	166.7293	110.25554	117.50328	136.9553	106.70053999999999
FBgn0026079	31.5128	26.3639	28.0108	19.6454	23.3767	23.0399
FBgn0026085	24.93649	35.4519	20.162660000000002	10.321250000000001	25.3898	13.109580000000001
FBgn0026080	19.75323	19.892159999999997	15.9131755997	17.58066	16.55273	13.0769700618746
FBgn0026083	52.2325736779	48.241696927975994	43.14297398173574	36.943680336416	44.57566342135	42.0155040704731
FBgn0066114	25.7049	22.7794	16.3075	23.3622	18.1267	20.4205
FBgn0000635	0.75327	0.522899	0.610031	0.0	0.332878	0.994765
FBgn0029697	0.0	0.0	0.0	0.0	0.0	0.0946321
FBgn0052774	0.0	0.0	0.0	0.0	0.295684	0.0
FBgn0029701	0.0	0.0	1.09895	0.0	0.0	0.0
FBgn0029702	0.0	0.215081	0.0	0.313088	0.205381	0.176742
FBgn0040904	1.25798	0.0	0.0	0.0	0.0	2.49841
FBgn0040905	0.0	0.0	0.0	1.58283	0.0	0.0
FBgn0040906	3.2803	0.0	1.73421	1.44258	0.0	1.62871
FBgn0002707	7.557311	6.9918499999999995	6.9969100032114495	8.100719999999999	4.73963	4.8717900626738
FBgn0266570	32.14994	31.20880363912	27.1061815	28.77923	30.4587584	27.3428358
FBgn0040907	67.3774	78.2897	41.1008	75.2162	32.8939	43.7472
FBgn0262738	14.882264	16.98641	15.96909	14.35191649	17.08406	17.00322
FBgn0029705	0.269194	0.0	0.284632	0.236767	1.55316	0.0
FBgn0029706	25.4735	25.1505	22.006	18.0194	18.1372	20.0214
FBgn0000179	0.0	0.122042	0.0	0.0	0.0	0.0
FBgn0029708	0.349093	0.127266	0.0	0.153521	0.0	0.0
FBgn0003210	20.70326	21.616343999999998	14.2987	15.331748	16.22934	14.1267865
FBgn0029709	133.151	137.029	94.918	86.134	100.119	93.40873
FBgn0029710	2.60184	2.51533	1.92574	1.6019	2.10165	1.80859
FBgn0029711	5.220498	4.944614	2.2378	3.4747640000000004	3.4191	2.6621
FBgn0029712	1.69252	4.09061	2.98264	3.96971	5.20816	5.60239
FBgn0029713	24.0108	22.4805	14.4093	16.7426	16.2248	13.1031
FBgn0029714	27.7294	24.9796	26.1212	23.0588	23.853	17.0222
FBgn0029715	90.3477	93.20202	64.3075	60.470600000000005	67.63892	66.52228
FBgn0003053	0.214701	0.687981	0.468195	0.667649	0.364974	0.104382
FBgn0025387	1.00324	1.39419	0.309615	0.666366	1.19385	0.598102
FBgn0025388	11.7567	11.38623	10.35	10.1512	9.88505	11.097
FBgn0025739	24.2745	21.7073	17.4533	13.0949	19.9813	16.0701
FBgn0029718	68.8269	47.2573	47.1378	30.956	48.7361	46.6001
FBgn0025615	91.1607	94.4245	76.3599	60.7421	71.95060000000001	61.5255
FBgn0022942	46.98221	41.74577	30.587020000000003	27.45839	32.58824	29.79504
FBgn0029719	1.30005	1.12216	0.392746	0.9801	1.71449	1.29098
FBgn0029720	0.0	0.252955	0.0	0.0	0.197079	0.0
FBgn0262699	11.9307	10.7157	8.1837122	6.94844	13.7673	9.12578
FBgn0022768	30.574849999999998	24.600929999999998	23.637	19.52704	24.377860000000002	23.34339
FBgn0011760	312.34753	358.9952	281.37291000000005	282.67805469876	312.25503000000003	294.04841999999996
FBgn0028325	153.0501	138.58780000000002	122.57507000000001	89.20786	119.95445000000001	113.48651
FBgn0029722	0.694548	0.839317	1.46876	0.203628	0.53431	1.14951
FBgn0029723	0.0	0.0	0.0	0.0	0.0	0.156087
FBgn0029728	0.0	0.08471377162100001	0.0	0.123315379356	0.0	0.0
FBgn0260971	0.0	0.0	0.0	0.0741534	0.0	0.0
FBgn0029733	0.0	0.0	0.0	0.204848	0.0	0.0
FBgn0052772	16.978855	12.55209	11.405163094999999	8.89093	10.602918	11.997412
FBgn0029736	30.6475	26.4274	18.0753	15.5775	17.0606	18.505
FBgn0029737	42.1644	49.9825	28.44791	24.19382	24.55924	23.1284
FBgn0266000	29.142037739000003	32.53739	26.11147000168742	26.79968151663	27.600890004890008	32.4360876284634
FBgn0004368	32.6904705351905	34.928047899999996	26.747578214826	31.529017584	25.5850223	30.4610497781921
FBgn0061196	2.32996	3.75415	3.69538	3.07395	2.24052	5.78428
FBgn0003028	0.0730806	0.0883132	0.0	0.128555	0.0	0.145142
FBgn0052767	18.64376273	17.9167113248069	15.499321036256001	14.3999665	18.0501841673	15.89656462
FBgn0029746	0.0382465	0.0	0.0	0.0	0.0	0.0
FBgn0266098	0.2656035	0.625047	0.367325	0.470083	0.592142572858	0.6189827000000001
FBgn0029745	0.0	0.0	0.0	0.0	0.504559	0.0
FBgn0029747	0.0	0.24402	0.0	0.0	0.0	0.0
FBgn0261803	0.640916	0.0	0.0	0.0	0.0	0.0
FBgn0029750	0.160031	0.0	0.169209	0.0	0.0	0.158915
FBgn0263237	31.1797	26.3795	29.8273	18.2314	26.2844	23.2627
FBgn0003449	83.1216	79.0282	68.5014	42.4677	67.7061	52.1956
FBgn0029752	0.0	0.0	0.0	0.3777735	0.0	0.0
FBgn0029754	0.230829	0.0	0.244067	0.203024	0.532723	0.0
FBgn0029755	25.224	21.1767	23.8632	17.5149	26.043	24.7844
FBgn0014024	47.040362437439995	46.7000000406968	30.293731305999998	26.605850229071	32.590869999999995	28.4507410279
FBgn0284442	45.156929729	40.558259989999996	30.676409999999997	23.481588900000002	28.1666653	22.59409
FBgn0029756	4.672571	3.699396	4.088579	4.534882	3.52899	3.200012
FBgn0026751	37.5881	42.7639	23.2646	27.2546	22.4276	27.8579
FBgn0010014	0.0	0.494982	0.0	0.0	0.0	0.0
FBgn0029761	0.3121783	0.49315699999999996	0.20764880000000002	0.0686529	0.1944312	0.23501
FBgn0029762	0.510125	0.205485	0.0	0.0	0.0	0.168856
FBgn0263987	106.595783	106.60316	100.438	90.67348	100.62098	95.46284299999999
FBgn0029763	23.73998	22.34845	21.0049500132464	19.58925	20.897680035601297	18.84675
FBgn0029765	1.20719	0.0	0.0	1.06178	1.39302	0.0
FBgn0029766	906.4153	1124.6532	691.2308999999999	966.9150999999999	784.9038	785.5835000000001
FBgn0029768	0.0	0.0	0.0	0.131244	0.0	0.0
FBgn0029771	38.050889999999995	41.02319	37.8664	34.45165	34.86829	33.34015
FBgn0250904	1.04213	0.314838	0.275475	0.22915	0.300639	0.0
FBgn0029778	20.8481	20.3174177241	20.62155741	19.6397000330509	17.84900311839	13.811888000000001
FBgn0004687	202.2939	189.939	140.8530324184	136.385	132.2434	134.5192
FBgn0026702	10.2452	5.82621	10.1956	7.81845	12.3439	7.18148
FBgn0259994	0.8845610272982001	0.9501650567800001	1.143134244686	1.0373500274259	1.0207302043789999	0.7807930169545999
FBgn0259150	0.0996834	0.0	0.0527001	0.0438379	0.115028	0.0494941
FBgn0029783	10.6439	7.20299	7.65295	9.73624	4.91296	8.03295
FBgn0028474	35.095	33.0024	25.18772	21.50266	27.05687	22.29074
FBgn0015794	78.4788	74.0912	49.9174	53.3869	54.4772	52.3602
FBgn0029785	4467.4699	3981.949	3585.596	3265.643	3616.7873	2865.983
FBgn0046687	86.3145	78.3426	49.1584	48.0471	47.8484	56.2083
FBgn0003747	1.80658	1.81928	0.636729	2.64827	1.38978	2.39197
FBgn0259926	0.41047	0.0	0.0	0.722052	1.42097	2.03804
FBgn0029789	12.1928	12.4362	8.98896	6.00155	7.61572	8.44211
FBgn0000394	38.20552	37.307560708870994	29.64896	31.13709	33.1662	29.58556
FBgn0027564	17.2905	20.6365	13.9937	11.4527	6.89702	8.69093
FBgn0029791	0.490029	0.444127	0.518132	0.646502	0.282731	0.486611
FBgn0053080	3.1849437617	3.11569404117	2.4054338370000004	1.2005597066	3.3252016970000002	1.8072796761
FBgn0052758	74.96985	71.3484	62.38823	55.01063	48.47999	49.16259
FBgn0029795	0.263179	0.954106	1.11309	1.62034	2.025074	0.435671
FBgn0261383	16.050674	15.967211299999999	13.907632079999999	11.913623095345299	12.97514	11.85188
FBgn0029798	16.8789	15.8644	14.6742	12.3165	13.41763	12.1674
FBgn0029799	6.67448	6.45754	5.73334	5.74618	2.25733	3.72351
FBgn0029800	30.531280000000002	30.596	26.7707	14.40923	23.20099	15.52888
FBgn0029801	25.46737	28.303240000000002	19.065472	19.4532	22.7387	21.41265
FBgn0013987	126.56339	117.29908000000002	114.519800575501	100.74578	107.8884691	93.93117
FBgn0261610	4.07976	3.32497	3.41086	2.67038	2.95605	3.01492
FBgn0029804	0.21789	0.0	0.0	0.191643	0.0	0.21637
FBgn0259149	0.250946	0.0	0.0	0.220718	0.0	0.0
FBgn0029807	0.0	0.0	0.0	0.0	0.265494	0.0
FBgn0029809	0.0	0.761326	0.0	0.0	0.0	0.0
FBgn0029810	0.0	0.0	0.191702	0.0	0.209213	0.0
FBgn0029813	6.15381	3.71824	7.59118	1.80418	8.87638	3.05544
FBgn0029814	0.18888	0.114426	0.0	0.166128	0.326934	0.0
FBgn0029817	0.0	0.0	0.0	0.0	0.550372	0.0
FBgn0029818	51.4973	51.2871	51.6342	36.3914	43.8512	28.3905
FBgn0014340	14.6372	13.1827	12.9946	13.8457	21.6708	15.6321
FBgn0029819	25.18757	27.48471	23.4521	19.01233	18.219720000000002	13.252550000000001
FBgn0029820	43.23127	52.906400000000005	45.3233	48.4964	37.203239999999994	42.5659
FBgn0000042	5470.7325	4431.696800000001	4908.6923	4041.9345	5146.6660999999995	4283.8965
FBgn0029821	1.61293	0.605723	0.529991	0.661299	0.0	1.49325
FBgn0029822	20.45892	18.827	23.780569999999997	22.14846	24.56942	26.3398
FBgn0029823	153.60475	123.23170999999999	200.72520000000003	165.3835	183.0481	143.64053
FBgn0029824	7.62469	7.214410545253	5.78028	2.65719	3.9549718	4.55002
FBgn0029825	14.76983	19.26213	14.645579999999999	21.16872	11.31521	16.50856
FBgn0052756	11.6692	17.269333	10.2468	11.533859	10.3081	12.17757
FBgn0029826	1.28148	3.09717	0.903315	1.87853	1.47875	2.1209
FBgn0052755	0.0	0.818359	1.07406	0.297815	0.390725	0.0
FBgn0029827	0.405334	0.489821	0.85716	0.0	0.0	0.0
FBgn0029830	0.0	0.13905800554844	0.1216720226669	0.0	0.0	0.11427000161654
FBgn0029831	0.481879	0.0	0.339676	0.0	0.0	0.319012
FBgn0029003	0.0	0.0	0.0	0.181568	0.238212	0.0
FBgn0003302	8.32962	7.129950000000001	10.6422	4.88417	7.60938	7.58223
FBgn0029833	82.41546	63.5205	82.3389	63.355540000000005	60.65568999999999	37.376000000000005
FBgn0029834	0.2404791	0.3487196	0.25425760000000003	0.886495	0.1664914	0.5253686
FBgn0029835	0.0	0.0	0.0	0.107716	0.0	0.146881
FBgn0029838	0.0	0.0	0.0	0.0	0.0	0.85023
FBgn0029839	0.0	0.0	0.0	0.0	0.416871	0.0
FBgn0029840	15.24476	12.431296	13.680940000000001	12.150123	11.709043999999999	11.645359000000001
FBgn0026060	8.02131	10.0025	10.7722	5.7091	6.26954	5.79819
FBgn0029843	0.101572	0.0	0.0	0.0907343	0.234415	0.0
FBgn0264386	0.036600600559999995	0.0884575435	0.0	0.0	0.0	0.0363456089
FBgn0029848	0.227585	0.0	0.240637	0.0	0.0	0.0
FBgn0029849	32.9996	34.3067	23.20922	24.36373	29.1195	23.8542
FBgn0003514	295.92020279442	276.17113	226.0915774	207.35590000000002	260.92377767	176.18599999999998
FBgn0262730	29.61553	31.899050000000003	22.11379949078	29.057859999999998	25.44223	27.80162
FBgn0029851	4.13821	4.33399	2.2383	3.39708	3.18348	3.01352
FBgn0023458	57.348	59.7692	46.0224	37.2206	40.3452	36.554
FBgn0015818	56.2615	46.8437	50.0952	34.8048	40.3822	40.3647
FBgn0040918	201.4566	205.3171	151.2278	141.231	161.3179	138.0515
FBgn0029853	88.3914	78.0814	69.4123	55.0118	56.6656	44.6574
FBgn0028982	31.7806	33.52411	26.74252	22.197680000000002	28.1158	24.26086
FBgn0029854	134.001664	139.18152	69.08686	91.56075999999999	75.39773	68.18311
FBgn0086558	403.8905	513.2077	301.38849999999996	351.5932	327.9826	407.4601
FBgn0052745	0.0	0.0	2.23526	0.0	0.0	0.0
FBgn0029856	20.1255	31.56	13.3598	22.818	13.6748	13.9515
FBgn0026015	36.8464	33.13997	30.41234	29.19191	29.69793	26.53432
FBgn0029857	41.8238	31.96	28.9397	20.8273	26.2602	25.0414
FBgn0028685	131.414	126.525	97.3954	82.0972	96.0172	74.7007
FBgn0029858	8.33312	6.51591	5.701251	5.82035	6.7876900000000004	3.89412
FBgn0029859	0.567924	0.790807	0.0	2.45713	1.12379	0.0
FBgn0029860	98.1506	65.7633	67.8164	54.7027	66.1615	58.8656
FBgn0029861	13.9697	13.1644	11.112	8.45429	10.0566	8.27243
FBgn0043796	19.0191	13.6867	13.5572	10.3376	10.6035	7.42724
FBgn0029864	0.0562134	0.07202363665999999	0.0	0.0	0.0	0.0
FBgn0250869	9.320070000000001	12.36153	4.3264	8.79721	8.9186	8.57787
FBgn0029866	2.97867	2.24219	2.22167	1.74657	1.33816	2.21842
FBgn0029867	40.1773	41.7545	45.2428	36.5506	39.4077	40.2899
FBgn0029868	142.93189	126.11639	126.34103	103.09964	91.63036	100.63141
FBgn0261955	76.8685	73.27552	63.8477	54.5902	60.3635	57.9591
FBgn0016974	0.777876	0.849779	3.31957	0.675256	0.390725	0.0
FBgn0003655	12.3039	9.44886	12.3388	11.9526	12.0565	12.4927
FBgn0029870	62.17054066	57.32401375	43.204086000000004	42.849603	47.23907	49.12807599999999
FBgn0003139	32.129668270651905	31.8251	27.28912877883	31.2706	25.3016176	29.16479
FBgn0259242	0.352177	0.53198	0.651655	0.696948	0.203195	0.0
FBgn0029873	40.4974	35.0333	32.0325	25.3637	29.7074	22.4307
FBgn0029874	19.3904	18.0429	16.4237	13.2098	12.1792	8.38897
FBgn0014031	2.24691	1.16368	1.35758	1.69393	1.48159	0.637497
FBgn0014026	3560.38238	3369.8419999	2998.4	2670.28830327051	3274.67518	2316.020199229
FBgn0000524	13.2821	13.0734	10.0798	7.91372	11.9894	8.82843
FBgn0085446	37.11682336527083	28.605764250390003	16.54306363	14.924784662219999	23.050011419627	14.3199230041413
FBgn0029877	0.0	0.536843	0.939448	1.1722	1.02526	1.32344
FBgn0029878	36.779788	38.152747	27.796999999999997	27.119349	27.716100315245	22.750586311
FBgn0029879	1.348370357065	1.629420769643	1.81061	1.355370313456	1.55593211888	1.338960260632
FBgn0029881	49.542100000000005	45.4207031439	40.690000367375	38.93082	42.4237000170722	37.9178
FBgn0029880	0.965993	0.466936	0.612836	1.52934	0.668816	0.383702
FBgn0029882	101.793	75.6988	61.5034	64.4429	72.9302	60.5388
FBgn0028360	14.159220000000001	13.606525000000001	9.372353	12.2441	11.141444559	12.73419
FBgn0029885	49.4837	51.1524	51.6912	30.4137	48.1575	42.6262
FBgn0062413	43.781420000000004	33.86154	34.67096	28.52016	32.44486	31.93637
FBgn0029887	21.7979	20.1722	18.5926	14.0406	18.0468	15.4498
FBgn0025815	62.8606	44.7801	45.0507	30.2174	47.6813	35.606
FBgn0029888	84.33671	76.89995	50.261399999999995	48.55265	50.429059	31.2153
FBgn0286222	93.3788	80.1896	60.1385000102649	50.5371190146	58.7489	54.06095
FBgn0029890	1.41014	3.41638	0.915372	0.971163	1.90735	2.53031
FBgn0029891	29.3469	28.03136309	19.60308	18.736561303320002	17.84478013764172	14.4839709462161
FBgn0265362	32.584	21.4997	16.7543	18.7598	4.35824	19.884
FBgn0029892	7.93297	4.79324	5.87155	4.18643	2.28854	2.75717
FBgn0029893	25.9718	23.4625139	19.515586310000003	13.35379510367	19.216069266481	16.99483
FBgn0029894	12.60961	14.35881	9.23038	9.384419999999999	9.976510000000001	9.63205
FBgn0029895	0.184307	0.13725	0.451653	0.242248	0.42376199999999997	0.311144
FBgn0029896	36.5835	45.2723	16.7487000884488	23.349356	36.7024	24.8431
FBgn0029897	3753.8900000000003	2899.6041999999998	3453.881	2810.7219999999998	2968.493000271954	2397.37207162452
FBgn0287725	19.07066	19.566119999999998	17.80949	16.67399	18.64455	18.139699999999998
FBgn0029502	55.5308	34.2238	21.1376	21.9788	28.8355	18.7488
FBgn0003390	2.02719944	2.7023900000000003	0.803795537	1.783002569	0.848994474	0.7548977347000001
FBgn0259228	87.72634049999999	83.63925499999999	67.20684	55.072893553600004	63.351017999999996	53.991501938
FBgn0029903	55.174924367837	56.696156991	39.6866022612446	39.956269533684	46.949715987	40.130131809699996
FBgn0086693	1.05597	1.27608	0.496237	0.928773	0.270783	0.233024
FBgn0029905	19.0267	15.2506	13.5444	10.5731	13.206	12.8443
FBgn0029906	11.8692	13.3652	12.8351	10.2022	12.7624	9.91128
FBgn0029907	2.25016	4.07877	4.75842	0.989556	2.59654	2.23447
FBgn0263968	22.35904	21.2432	16.9165	18.8666	15.8390062	17.4565
FBgn0029909	0.762935	0.0	0.0	0.671034	0.0	0.378807
FBgn0029911	18.99366	16.2251	15.581631	10.801132	15.682321	9.5932
FBgn0029912	13.9329	10.5038	9.05543	9.89361	8.85011	8.7584
FBgn0029913	5.92812	4.09358	4.17873	2.48287	2.93172	3.64419
FBgn0029914	16.53609	14.35389	8.619110000000001	8.60362	9.94395	9.71371
FBgn0029915	77.5967	66.347242	56.504000000000005	50.865284	45.6156	46.524116
FBgn0263993	22.0542600813916	24.917846276	25.4425780582	21.772599700770893	22.236849487419	21.94606076
FBgn0029922	0.190316	0.154786	0.07896418665	0.197055539366	0.291857	0.328446
FBgn0052732	20.8087	17.3885	17.9687	17.8677	15.4146	16.5304
FBgn0029924	3.99952	5.98392	2.61789	3.51775	0.879084	0.567375
FBgn0029925	27.6698	29.1227	30.2004	24.7292	26.2643	22.1587
FBgn0004646	1.30441	0.31526	0.551689	0.458915	0.685861	0.518127
FBgn0261284	6.17009	4.6601	11.4169	8.81863	6.2299	4.59529
FBgn0027106	0.0	0.0	0.0	0.0	0.0	0.268993
FBgn0027108	30.333930000000002	26.625061000000002	28.331146999999998	25.214544	29.688788	20.681834000000002
FBgn0000330	22.03745	22.192320000000002	20.3886	18.036830000000002	21.19143	13.6773
FBgn0052736	11.5901	10.7738149291	8.48412	5.09701	5.08563	5.3119832387
FBgn0259204	11.5901	10.7738149291	8.48412	5.09701	5.08563	5.3119832387
FBgn0029928	2.85587	0.766919	0.671034	2.511858	1.24253	1.6039
FBgn0029929	32.67463	24.50808	38.71815	33.6937	29.25349	24.05538
FBgn0264270	57.632324633701394	56.269123709569705	40.88081456	50.43743682	36.387067984176	47.84103234902473
FBgn0029935	12.7089	9.00287	10.1941	7.70894	8.84969	10.4443
FBgn0029936	16.6407	12.56824	13.4712	8.46153	10.2012	6.19673
FBgn0029937	88.9396	75.8346	57.7608	45.665	60.4322	47.9703
FBgn0027342	6.9860409454	7.8406020000000005	5.44069	5.80478	5.65504	6.220510000000001
FBgn0029941	67.86308	55.73511	53.18396	42.200450000000004	47.18383	44.94982
FBgn0029942	28.47275	38.3968	29.2331	41.0125	30.9511	43.8455
FBgn0025549	14.06411	19.52388	14.40316	17.458750000000002	13.0484	15.91303
FBgn0024250	12.8571	14.2568	10.7406	7.61556	12.7828	11.6873
FBgn0029943	24.8727	24.6622	24.2761	19.3524	19.5023	16.4661
FBgn0029944	9.81247	11.572	7.75016	9.35835	10.0952	7.86566
FBgn0029945	0.841376	1.27094	1.55685	0.555019	0.242723	0.62663
FBgn0026144	0.0	0.236524	0.206952	0.1721508	0.0	0.1943628
FBgn0029946	0.0	0.0	0.0	0.574608	0.0	0.0
FBgn0029948	0.0	0.899881	0.0	0.0	0.0	0.0
FBgn0029949	0.608319	0.0	0.0	0.0	0.0	0.0
FBgn0052719	1.11177	1.46564	1.2824	0.977849	1.6328	1.50548
FBgn0262612	1.32216	0.0	0.0	1.1629	0.0	0.0
FBgn0052720	0.0	0.0	0.0	0.0	0.394853	0.0
FBgn0029951	0.0	0.206116	0.180346	0.150018	0.19682	0.0
FBgn0029952	0.681957	0.0	0.0	0.0	0.786935	0.0
FBgn0004198	20.99411	21.10229	23.95008	20.354525	23.598499999999998	25.061320000000002
FBgn0029504	39.615569	30.981719999999996	26.256610000000002	26.36396	32.930036	27.15146
FBgn0029955	0.0	0.2875751	0.0	0.0	0.0	0.2351118
FBgn0022786	13.9991	15.0211	14.2915	11.8882	11.28	9.94671
FBgn0027553	19.3687	15.0631	16.6269	11.1321	12.3922	10.6642
FBgn0029957	21.2396	23.402	13.3755	10.1647	13.6963	14.1127
FBgn0029958	15.03564	14.963239999999999	17.76832	10.89075	10.7163	14.49165
FBgn0029959	35.52773	38.3872	27.84254	27.204330000000002	21.7042	24.90347
FBgn0016041	67.11070000000001	55.974199999999996	59.04443	44.245483	53.1461	41.12771
FBgn0000427	0.0	0.0	0.07493392	0.0	0.0	0.0
FBgn0259188	0.871559	0.526612	0.230386	0.383287	0.251431	0.0
FBgn0029968	4.06656	2.31256	1.01171	1.26237	2.48429	1.66279
FBgn0029969	35.3914	44.9067	38.044799999999995	31.90645	39.4781	32.2158
FBgn0029970	3.59015	6.70491	3.6235	4.16241	1.69478	1.2964
FBgn0029971	93.35068	86.1388	88.08760000000001	66.4789	68.87159	88.7385
FBgn0266490	93.35068	86.1388	88.08760000000001	66.4789	68.87159	70.1331
FBgn0040087	30.404	32.3323	21.69966	23.93379	24.90985	24.45549
FBgn0260447	0.0	0.0	2.41329	2.01113	0.0	2.27046
FBgn0053222	3.412141371	0.0	0.00438363	0.0	3.9346702287	0.0014434537787
FBgn0261592	3294.003	2818.426	2962.765	2629.944	2976.431	1987.047
FBgn0010292	43.0269	35.6132	44.2481	32.4007	46.9297	42.1415
FBgn0029974	1.587679	1.04531	1.398939	2.327378	2.44276	2.627667
FBgn0029975	198.229	174.67	147.919	126.677	136.115	137.383
FBgn0029976	55.5171	57.1068	29.7567	30.244	31.1449	29.2818
FBgn0029977	4.62023	5.21104	0.977041	2.1673	1.77715	1.22347
FBgn0260858	42.8505	44.0148	31.392	33.3815	28.9617	33.7374
FBgn0029979	40.537099999999995	38.961200000000005	29.903599999999997	24.76439	27.3411	22.592380000000002
FBgn0029980	29.1452033779	28.13066	23.05081	18.52456	17.908	16.5116
FBgn0004403	3459.9	3157.4300000000003	2469.0699999999997	2415.59	2667.11	2277.3500000000004
FBgn0004404	1571.82	1320.147	1451.039	1102.45	1286.348	945.70551
FBgn0260970	25.899532	24.7093	19.537480000000002	17.92864	16.74632	19.7802217
FBgn0027280	131.1706	145.3456	69.9433	77.898	77.55330000000001	86.18180000000001
FBgn0029986	0.215474	0.520774	0.455663	0.758075	0.0	0.213971
FBgn0029987	0.0	1.06759	0.0	0.0	0.0	0.0
FBgn0003656	20.984270000000002	19.561094450836	15.50339	14.393683000000001	14.4452	14.957101
FBgn0003447	0.133947	0.223898	0.403928	0.455451	0.0	0.368043
FBgn0010329	1.523345	1.7093729999999998	0.345151	0.883441	1.130553	0.972463
FBgn0029989	0.478714	0.289248	0.253084	0.421049	0.0	0.237687
FBgn0029990	1.82068	1.83348	0.0	0.800683	1.40063	1.50665
FBgn0004656	97.59659300000001	92.84633812051	74.4645628639	69.01001558881299	74.4866092539	76.37053000141744
FBgn0004657	133.96112	136.89638	105.47879999999999	105.72765999999999	106.98270000000001	99.34004
FBgn0029992	14.5001	15.3081	12.1306	12.333	11.9516	13.1332
FBgn0029993	0.0	0.0	0.0	0.0	0.0	0.183637
FBgn0029994	1.61293	0.779648	0.341086	0.283728	0.744486	0.0
FBgn0029995	0.41047	0.496027	0.0	0.0	0.0	0.0
FBgn0029996	34.0674800191471	40.8139000515287	18.6554300976293	23.32869	26.226560142946	28.10408
FBgn0029997	5.575011	3.7244	4.0948	2.589333	3.179008	4.28251
FBgn0040319	44.6964	55.46019	39.22861	40.91414	39.33702	37.289320000000004
FBgn0029999	28.141364825700002	31.56050217438	20.98493	19.765604069429997	23.70996	22.06598
FBgn0030000	25.1965	18.4772	18.2164	14.9637	17.3954	12.8312
FBgn0030001	6.9013	4.16989	6.38495	4.69843	3.58364	3.7201
FBgn0030003	22.8011	22.5199	16.6907	14.8481	12.1436	20.2473
FBgn0030004	3.12975	3.593	2.97832	2.75275	2.88923	1.70936
FBgn0030005	0.406606	0.0	0.429925	0.357627	1.40759	0.40377
FBgn0025800	32.6981	36.9848	24.8929	23.58269	30.185299999999998	22.72906
FBgn0030006	11.793009999999999	12.058639999999999	8.15302	6.38305	10.467979999999999	7.65703
FBgn0030007	47.6824	45.7212	37.5388	32.5937	37.0804	33.1964
FBgn0030008	8.5526	7.49307	5.19978	6.58207	5.67476	3.6095
FBgn0030010	5.9579987	4.59121	2.771788	5.63902	3.28811	2.358
FBgn0030011	0.577586	1.74494	0.610711	1.01602	0.0	0.573558
FBgn0030012	8.68795	8.12813	6.22291	5.66944	6.46796	6.12264
FBgn0265464	4.05381	2.90298	2.69878	3.5655	3.98483	2.83279
FBgn0030013	29.1633	25.0403	25.5612	23.96282	23.468239999999998	20.95776
FBgn0030016	0.74538	0.0	0.0	0.327796	0.43006	0.0
FBgn0030017	2.94266	2.98246	3.547	2.67168	2.62888	3.21034
FBgn0030018	18.1826267	19.4981900707493	15.501595	13.0388600224754	14.08222596302	16.3478170271255
FBgn0261873	14.193211999999999	10.868343188542498	7.904957573	6.6757441	6.36459	7.6818730997551
FBgn0030025	41.9273	36.9264	39.0721	30.0015	32.8009	27.5213
FBgn0030026	18.01997	20.22046	20.41434	18.11348	17.32822	18.32029
FBgn0020653	159.27456999999998	134.863	155.62246000000002	129.32994	155.12275	123.81503
FBgn0017566	94.7548	67.134	79.55992	60.542226	72.6401	53.703784
FBgn0030027	0.0996962	0.120477	0.210828	0.0	0.0	0.0990009
FBgn0030028	1.75691	3.18466	1.39325	2.31791	2.5342	0.872326
FBgn0030029	0.0	0.0	0.0	0.0	0.598869	0.51536
FBgn0030030	14.34958	14.45993	6.46691	7.77026	8.233929999999999	9.447659999999999
FBgn0015519	0.0377137	0.0	0.110814	0.0	0.0	0.0
FBgn0040928	1.75492	3.18107	1.85557	5.01647	4.55641	3.0497
FBgn0030034	26.665619999999997	20.068489999999997	25.7009	19.97344	22.36176	15.78314
FBgn0030035	43.0232	38.0322	38.7644	32.5401	37.0896	26.7643
FBgn0262976	6.86447	8.006046999999999	7.29722	5.777226000000001	6.66655	6.1825399999999995
FBgn0261793	14.382770067305241	14.50495866330049	10.366355738799001	11.654950600000001	9.078738834000001	11.850766807
FBgn0052712	0.0	1.17142	0.0	0.0	0.0	0.0
FBgn0030037	15.08671	18.231369	13.78563	9.993003000000002	11.39114	9.06287
FBgn0030038	79.577269	78.68	55.0119	59.42712218979	58.595	49.558167999999995
FBgn0030039	25.301	22.792	21.4016	25.8948	20.1716	11.4202
FBgn0021767	1.08428	0.491358	0.429925	0.476836	0.312798	0.67295
FBgn0052713	0.0	1.42168	0.0	0.0	3.55289	0.0
FBgn0030040	197.183	235.88779999999997	132.84	131.6208	147.9432	158.8623
FBgn0023506	12.195	15.0439	8.05899	11.1729	12.3132	8.83016
FBgn0014032	16.471	10.4497	18.2864	14.4869	13.3045	6.13354
FBgn0053223	0.793297	1.26886	0.838793	0.0	0.0	0.787764
FBgn0030041	0.567054	1.3705	0.299787	1.24687	0.981516	0.281549
FBgn0014466	0.0	0.503471	0.440523	0.0	0.0	0.0
FBgn0000359	0.423899	0.0	0.0	0.372837	0.0	0.0
FBgn0003023	0.0	0.167345	0.146423	0.0	0.0	0.0
FBgn0053181	2.250814	1.946427	1.3308767000000001	0.6188083999999999	1.5583772	1.788094
FBgn0264975	37.087900250000004	39.38201025	28.7068248	23.633390733726	28.216021299999998	20.08862818
FBgn0024943	0.0999269	0.483021	0.316973	0.17578	0.345928	0.0992299
FBgn0026679	20.7029	20.8485	17.8645	14.5464	16.6131	12.8786
FBgn0030048	75.7953	86.4768	54.622	61.0787	62.5433	73.30012
FBgn0030049	32.62047	28.243775552	24.108072	19.03026	24.52849000119619	18.668924218
FBgn0030050	0.899804	0.0	0.0	0.0	0.0	0.0
FBgn0030051	0.865736	0.0	0.610257	0.0	0.0	0.286566
FBgn0030052	274.96547	241.0791903655202	191.34583704544	163.16181	187.210145012227	167.44313669705002
FBgn0030053	16.4536	14.9123	14.98107	11.85913	9.75688	12.0272
FBgn0040929	14.5001	12.131	8.84523	8.82934	9.00967	3.32285
FBgn0025864	53.3748158898	51.8386	38.30353	37.0129	33.544380193369996	36.8244
FBgn0030054	34.4828	34.8271	22.9882	17.6104	27.772	23.096
FBgn0030055	10.16162	8.5139	8.30899	5.369120000000001	7.3482	6.99624
FBgn0030056	77.64609999999999	83.52077279	50.79873	54.18165	48.71919	57.12272
FBgn0030057	52.3117	50.5722	60.8428	54.858399999999996	50.1487	51.54712
FBgn0027864	7.01653	8.90298	6.30609	8.94843	5.2628	4.87731
FBgn0041629	415.952	349.702	286.075	227.399	303.426	203.244
FBgn0030060	35.607620548263	35.069510229764	26.3549	26.737110053029397	25.50002652	30.367089999999997
FBgn0030061	46.8979	47.6186	37.2921	32.4348	44.6267	31.8022
FBgn0027330	19.466	17.738	25.3625	17.499000000000002	20.5005	18.23862
FBgn0030063	28.8155	34.8217	21.7629	28.9651	24.4295	23.3588
FBgn0026411	0.0	0.0	0.0	0.136407	0.0	0.134378
FBgn0030065	31.900008999999997	29.314786889	21.3490709	19.083690526214	20.363259	14.476642586399999
FBgn0011661	973.51864	885.747034	828.2452900019307	720.0325897836	848.385466	684.4258308
FBgn0030066	28.681963999999997	29.187559999999998	21.9471	15.26896	20.032420000000002	14.240939
FBgn0030067	179.95440000000002	166.827	165.35250000000002	151.03820000000002	199.0208	160.49489999999997
FBgn0011586	236.06193000000002	225.60631289000003	181.2709495	170.12035117	239.9097487	212.51005999999998
FBgn0261549	5.844590999999999	5.224554274741	3.7449982624	3.6450140958228	4.049687562349	4.4337510350369
FBgn0030071	9.77901	5.47116	11.63231	11.82644	18.33708	9.710799999999999
FBgn0262900	4.00738	6.45688	7.062	9.39908	7.70709	5.3059
FBgn0030073	115.948	103.074	108.506	96.1204	92.2737	65.2899
FBgn0259734	3.2292	3.865317	4.272069	3.8737395845000004	3.7237238133033	4.578345
FBgn0030077	5.85675	5.323367129999999	3.2556000000000003	2.8259181300000003	4.80237000400617	2.729648933
FBgn0030078	0.407886	0.0	2.10774	0.0	0.0	0.989755
FBgn0265413	214.43937	195.50218	139.78809	117.0569	153.103691	110.60259
FBgn0030081	9.90761	10.699	12.2589	11.8661	15.3247	13.1878
FBgn0030082	77.22823	66.37278573500001	47.212984	37.73683	53.46992	51.5524
FBgn0052707	14.78980000543824	16.0091696	11.1035026	9.78255	7.79124000273529	9.41863
FBgn0052708	25.4798	25.0622	18.1696	17.1817	24.6157	25.8905
FBgn0030085	2.30009	6.25391	3.04	1.51727	0.0	1.14202
FBgn0030086	308.829	248.067	222.612	179.662	214.708	157.856
FBgn0030087	50.13099260600001	49.659324913	30.228188940400003	35.8599630262691	28.520472877240003	34.833523667899996
FBgn0004856	59.76831	58.0484	44.705299999999994	38.35571	47.2564	35.391
FBgn0030088	22.4093	23.9556	13.6699	13.6453	12.9295	14.978
FBgn0030089	43.9367345	39.234358	32.519355442267	29.80621569181	34.693075108500004	32.135803589033
FBgn0030090	7.619614	7.673177	5.98141	6.397142	5.728469	2.5221530000000003
FBgn0030091	21.7864	20.092	19.9038	16.6407	17.6422	15.8463
FBgn0030092	22.0129	20.1131	13.6246	16.5279	11.1519	9.06364
FBgn0030093	57.9373	46.4221	51.6049	33.6491	47.9619	34.0822
FBgn0004828	627.9918939	568.1033	504.594	428.54943	479.2017	419.7844
FBgn0014868	198.795	167.661	175.476	152.472	165.903	141.594
FBgn0040467	8.69076467	3.8189933500000004	3.34153	3.47449782	6.38180481	5.49191804
FBgn0040931	139.2724	108.0146	92.31206	62.1621	57.568299999999994	51.6048
FBgn0030096	26.5567	20.7321	24.3524	17.9834	21.153	17.5032
FBgn0265725	0.50879	0.61484	0.0	0.447502	0.0	0.0
FBgn0026206	23.380263	20.538137	17.265186999999997	14.846153	18.035878	15.538992411799999
FBgn0030099	38.2005	32.4387	34.3872	20.4318	22.6361	21.0175
FBgn0030100	9.78984	7.044	5.76723	6.92272	5.10811	9.29265
FBgn0030101	9.6933	12.5781	7.56959	8.4582800229188	6.61283017676	5.3703200116483005
FBgn0086450	195.087	174.977	105.835	104.277	98.5415	88.9016
FBgn0086367	0.27126	0.3278	0.286817	0.238585	0.0	0.0
FBgn0030108	0.296729	0.0	0.0	0.0	0.0	0.0
FBgn0030109	67.0199	80.3073	44.01	42.814	44.6111	41.3326
FBgn0052704	0.0	0.0	0.0	0.0	0.171728	0.0
FBgn0260789	15.71843	17.15129	13.043479999999999	9.8	12.8573	11.920630000000001
FBgn0260771	14.0778	12.1878	10.8862	9.24032	11.8806	9.38929
FBgn0000077	21.89401	16.71001	13.80858	10.47297	11.96732	13.34995
FBgn0010269	33.6847	24.135329999999996	18.911450000000002	20.97498	21.87657	21.31311
FBgn0030114	18.6814800147726	20.99232	13.92574	11.2025	11.994030248224998	13.343274999999998
FBgn0028292	21.875	20.85403	14.86904	13.281009999999998	14.82489	9.42519
FBgn0030116	0.0	0.0	0.0	0.309124	0.0	0.0
FBgn0030117	0.0	4.94389	0.0	3.93091	0.0	4.70769
FBgn0052703	0.564829	0.4480091	0.0	0.0	0.0	0.0
FBgn0030120	1.11954	0.468079	0.457419	1.16901	0.0	0.418918
FBgn0030121	18.522	18.8121	13.7529	11.38711	9.22385	10.3292
FBgn0030122	28.005499999999998	32.8275	18.6553	15.3841	22.29834	13.905059999999999
FBgn0040236	45.8239	55.127	30.128590000000003	40.4245	29.482	43.73585
FBgn0002576	0.594548	0.143695	0.424303	0.470601	0.68607	0.53132
FBgn0040235	32.3001	26.9191	26.694	17.3068	23.1345	24.3327
FBgn0040234	9.54642333611	13.3283	9.80137	9.04864	10.6951186525	9.20373237756
FBgn0085478	39.80314189	34.19993481013	30.38817336954	27.58552625	32.548161414999996	26.739686460999998
FBgn0085479	0.610708	1.107	0.322866	0.805715	0.0	0.606448
FBgn0026149	19.3694	14.4288	19.9192	16.3361	21.1264	14.4916
FBgn0261260	19.79023651	19.503706	15.0447992	13.245752	17.734866	13.282352
FBgn0267253	0.0	0.0	0.0	0.0	0.361154	0.310793
FBgn0054028	0.0	0.0	0.0	0.0	1.20904	0.0
FBgn0028327	207.714	187.4067	225.16799999999998	204.403	223.55689999999998	196.1934
FBgn0030136	3843.566	4357.882	2901.389	3337.972	3090.9660000000003	3126.514
FBgn0030137	16.1447	14.2572	15.1009	9.83075	10.7481	7.39944
FBgn0052702	13.1431	15.7562	8.9574	11.9892	9.49403	14.7132
FBgn0052699	46.7094	50.6826	31.9343	35.7056	36.4035	34.4842
FBgn0259741	9.53903	2.92612	5.67343	7.96799	2.75186	8.88047
FBgn0001186	81.3395	80.6252	62.015620000000006	70.21119999999999	64.38369	66.4202
FBgn0030141	35.6158	30.2145	24.1546	20.0927	23.8702	19.6485
FBgn0264691	40.0917	43.3327	31.3325	30.882	29.3097	24.2335
FBgn0027084	113.7518	99.83072	91.55658	71.89546999999999	91.2718235	85.6050500161698
FBgn0261931	15.947292000000001	16.862395	10.54041	12.27191	8.689910000000001	10.55739
FBgn0028341	27.11867	25.0808171	23.585850006116438	21.32557	22.937343183	20.032215
FBgn0030148	0.519673	0.209331	0.549476	0.152358	0.19989	0.344032
FBgn0261617	54.52371	46.235559	41.969339999999995	35.62479	39.07334835	37.569379999999995
FBgn0000233	0.142126	0.172015	0.150502	0.0	0.0	0.141135
FBgn0020378	0.0	0.0	0.0	0.213682	0.0	0.1137314
FBgn0030151	93.5517	97.4367	81.7819	77.22263000000001	76.738268283	73.076
FBgn0052698	0.0485409	0.30053564615	0.5259216553	0.21874084667000002	0.28698137263	0.337416
FBgn0266431	1.32216	0.0	0.0	2.32579	1.52569	0.0
FBgn0052695	0.0	0.0	0.290671	1.83813	0.0	0.0
FBgn0030158	0.0	0.0	0.0	0.0	0.0	0.826562
FBgn0030160	6.73517	12.68564	5.08674	6.12343	4.01689	1.15225
FBgn0030162	0.0	0.0	0.0	0.0	0.362028	0.0
FBgn0026415	2.95601	3.21494	1.56277	1.29997	2.38773	2.34832
FBgn0052694	0.0	0.0	0.0	0.135135	0.0	0.0
FBgn0288690	5.47051	2.9662	4.72172	4.61516	4.8954	4.43459
FBgn0263132	0.4656359	0.511836	0.356067	0.2328323	0.7173397	0.6454497100000001
FBgn0005391	0.287087	0.346926	0.0	0.0	0.0	0.0
FBgn0004045	0.0	0.342624	0.0	0.0	0.0	0.0
FBgn0030174	0.908922	0.732249	0.961048	0.84158	0.34961299999999995	0.3008606
FBgn0052685	47.40789	47.55353	35.525030212189996	31.682869999999998	35.203597802000004	33.479
FBgn0030177	34.49817	26.58891	32.4556	18.63563	29.7781	29.132399999999997
FBgn0030178	6.98989	10.7932	8.62255	7.17255	3.58484	3.85619
FBgn0083940	0.961079	0.57518900711695	1.01283	1.5350200462335402	1.08172	0.63021100257454
FBgn0030183	3.065645	3.4319309999999996	1.732991	0.710203	0.372707	1.085043
FBgn0028342	223.0747	209.2195	182.1817	161.06289999999998	164.245097	134.7295
FBgn0085437	21.82628183604344	23.273959	14.629720654177579	12.8719077	16.94033381078	14.55872100172505
FBgn0030187	0.344301	0.0	0.0	0.0	0.0	0.341899
FBgn0263220	8.5928123	6.823638	4.05309	4.28844150977446	4.7509239999999995	7.5741204
FBgn0040942	27.5652	33.8753	25.194	37.3944	30.1911	27.3729
FBgn0259170	21.57506537175324	22.01243718419541	17.3964937	18.696446440000003	22.2274661	18.50445741
FBgn0030189	25.2163	31.5052	22.3693	29.5091	22.9332	24.1916
FBgn0011770	24.8739	18.2709	26.8161	16.301	15.7584	10.6551
FBgn0028331	103.523600363356	102.155300152062	80.3098	81.57870131243999	80.0611000281894	72.88570009791
FBgn0028480	94.0326	81.7809	74.82014	73.09843	68.7763	63.66598
FBgn0052686	0.698919	0.844599	1.23167000163319	0.804214	0.940926	0.907978
FBgn0030195	0.736204	1.33448	1.94606	1.61881	0.0	0.731069
FBgn0052681	0.94956	1.04317	2.09931	1.74628	0.896508	1.62871
FBgn0030196	22.50923	21.33505	14.1033	16.642415	12.734952999999999	13.598370000000001
FBgn0000711	41.255152	43.27741	35.527100000000004	29.552819999999997	37.84384	30.581809999999997
FBgn0083167	224.75490000000002	180.3264	167.5203	140.9691	191.3259	153.6705
FBgn0261710	143.45702	117.18978	117.19357	82.41138000000001	114.60682	95.834855
FBgn0030206	12.077	12.1207	10.3888	9.72204	8.50337	10.1634
FBgn0030207	0.0	0.0	0.0	0.0	0.0	0.745902
FBgn0030208	46.082442369999995	42.75301	28.6086211878805	30.93985876376	31.63365	29.3782611206
FBgn0052687	27.26249	35.5631	18.3264	19.21452	22.29225	13.98437
FBgn0085443	39.998623603956	42.64498667479798	28.53802611237832	25.70681926	33.1133207281724	33.201090372296896
FBgn0001206	9.76759	10.8634	7.86007	7.07047	8.17908	8.32609
FBgn0030217	6.48553	4.67538	3.22098	2.51034	3.3163	4.09904
FBgn0030218	18.5392	12.046869999999998	17.72517	12.716190000000001	15.0982	11.85215
FBgn0030222	0.0	0.0	0.0	0.0	0.0	0.142175
FBgn0052677	0.04712665	0.05695936	0.0995698	0.09725211	0.11777601	0.04678821
FBgn0030223	0.0	0.0	0.0	0.0	0.0	0.148121
FBgn0030224	0.0	0.0	0.0	0.0	0.0	0.462281
FBgn0052676	15.422537	15.504989	15.0509	12.9152	13.655491000000001	13.5858
FBgn0003204	53.32276	46.02426	56.28137	39.14889289218	51.0511	45.039829999999995
FBgn0030230	12.57739	13.507114999999999	7.887483	8.3293	8.02512	5.757957
FBgn0052675	106.58394	98.49396	59.785669999999996	75.43275	70.13838000000001	89.73115
FBgn0052672	180.83609	235.30164	102.47959999999999	128.52926	122.02183000000001	134.5779
FBgn0030228	14.17426	13.6817	10.640989999999999	10.98678	11.466660999999998	12.233648
FBgn0030234	15.82478	17.54619	10.535906	9.49486	6.9196	10.89866774
FBgn0025111	10.5649	9.2449277	6.5484	7.6901549828	6.3058	8.32062
FBgn0003360	507.917	494.6298	462.73474284400004	385.87868	500.7649	390.16610000000003
FBgn0285926	35.94876	46.07604	43.607910000000004	34.63188	36.935423	33.85791184
FBgn0003321	43.619699999999995	48.319	41.5573	36.56697	39.848	43.3155
FBgn0040850	4.74043	9.16562	1.00246	3.33553	4.37613	4.70737
FBgn0030237	401.564	420.214	255.316	215.224	315.812	193.531
FBgn0052669	4.87798	6.53539	4.37191	5.213	2.91208	2.8587
FBgn0030239	49.7892	33.3456	38.6906	26.3805	26.304	26.2102
FBgn0030240	18.7969	18.7064	17.6666	16.7488	15.7362	15.1279
FBgn0030241	50.1399	35.2567	45.0724	32.5757	44.5529	32.9622
FBgn0030242	9.7507	7.93094	10.1116	5.93734	11.0353	6.5172
FBgn0030243	32.30733	21.88598	25.24624	21.22748	25.74005	18.2569
FBgn0030244	0.0	0.0	0.510569	0.0	0.0	0.0
FBgn0030245	74.78256999999999	71.65063	45.699892545	43.930586	52.042609999999996	50.782708
FBgn0030246	32.7055	32.4334	23.700000000000003	25.75296	23.680500000000002	24.291510000000002
FBgn0264502	0.167992	0.0	0.15971570000000002	0.0442134	0.1175637	0.1170225
FBgn0030251	0.0	0.26257	0.0	0.0	0.0	0.0
FBgn0263705	0.0	0.0924408175	0.12135141632	0.033640855387	0.13243694815999998	0.113943757299
FBgn0030257	0.0	0.0	0.217004943	0.0	0.0	0.203803096
FBgn0003366	0.0975202	0.0	0.154669	0.0	0.0	0.0
FBgn0030262	1.60295	3.87413	2.54232	2.81973	0.924851	0.0
FBgn0030263	140.9094	124.145	92.8438	89.4413	84.5042	76.5115
FBgn0027498	11.299669999999999	10.86775	4.97438	6.01738119	5.25941	4.310494
FBgn0259101	0.0	0.289783	0.0	0.0	0.0	0.0
FBgn0015245	341.702000014747	258.16	240.929000437791	205.37926000000002	230.512	207.312
FBgn0030266	11.4623	12.1298	8.25098	8.11655	8.18268	8.93871
FBgn0028686	182.2902	143.1473	119.5416	81.56244	113.97059999999999	90.50909999999999
FBgn0010391	88.1256	88.0284	69.4974	56.3376	66.1839	57.1627
FBgn0030268	102.93529000000001	94.246235633	78.33951006234	66.1177100408581	76.19513	71.40277
FBgn0265535	0.889509	1.07492	0.470261	0.782361	1.53966	0.441653
FBgn0030269	25.7238	23.602	19.64378	13.617	24.4616	15.37394
FBgn0052667	2.30009	0.0	0.0	0.0	2.65416	0.0
FBgn0030270	0.835947	2.02038	0.0	0.0	0.0	0.0
FBgn0030271	0.0	3.004718	1.7527	8.01878	0.956403	0.0
FBgn0030272	1.3404	0.0	1.41727	0.0	3.09347	0.0
FBgn0020255	637.0621	560.889547	519.7733000000001	399.17990624715	510.12786000000006	461.01425945
FBgn0030274	21.91367	25.18005	14.53856	15.47543	15.437750000000001	16.11592
FBgn0261277	0.963359	0.614037	0.475704	0.0	1.17269	0.504581
FBgn0030276	51.39720961267	51.52850000424951	35.22351400616	32.218250000000005	39.759	41.3981
FBgn0052668	0.47079	0.56892	0.49779	0.966186	0.362174	0.623342
FBgn0026268	0.517597	1.25097	0.0	0.0	0.597274	0.513987
FBgn0265595	0.210344	0.0	0.0	0.0	0.0	0.0
FBgn0001491	41.2514	41.5415	17.8942	28.8398	28.683	29.4099
FBgn0030286	21.5378	23.441	14.817	15.2397	13.7808	17.2746
FBgn0028421	17.99056118	17.972436787642	12.808441403200002	11.401715840000001	12.1791649122	10.36173
FBgn0085377	15.8141	20.4117	11.1474	9.2728	6.22601	11.0055
FBgn0030289	30.73692	24.33544	23.81437	18.877499999999998	21.097559999999998	15.6559
FBgn0030291	13.605	22.704	10.9602	17.0946	9.71865	14.1535
FBgn0030292	79.7007	43.9323	38.4396	34.4351	40.3375	31.9356
FBgn0030293	44.2899752	42.59805	35.4649767	31.24653	34.699623	27.6814248084
FBgn0000499	29.2455	24.6857	22.687	17.1915	17.8143	12.3099
FBgn0287454	12.7849	17.7508	9.77907	6.69907	8.789	7.83354
FBgn0004864	21.533	19.7336	16.9279	16.6862	13.6709	16.6929
FBgn0027359	98.441	96.5912	80.0666	48.1017	61.1663	77.7022
FBgn0001624	110.397873944532	107.68718308	69.7440098738945	66.13171355440001	85.13924144642756	77.08287033698001
FBgn0030296	0.2818813899	0.0	0.0	0.0	0.0	0.559831334
FBgn0030297	0.0	0.446519	0.0	0.0	0.0	0.0
FBgn0030298	0.0	0.0	0.0	0.0	0.0856017	0.220995
FBgn0045502	0.0	0.0	0.0	0.0	0.0856017	0.220995
FBgn0001145	20.043470000000003	22.2287200261278	9.336596293	13.964617921239999	9.79235	17.125504682
FBgn0262740	16.06904	17.824150000000003	14.240760339509299	14.262293099999999	13.032177870000002	14.21431131
FBgn0030300	1.44743	0.583043	1.36039	0.848717	1.29908	0.933505
FBgn0030301	24.907970000000002	19.0777	20.292270000000002	17.70317	22.89022	21.48633
FBgn0262685	0.497397	0.0	0.0	0.0	0.0	0.0
FBgn0030305	40.3533	32.3826	39.3341	30.7786	46.5651	29.4277
FBgn0030306	157.486	173.0775	132.15712	110.48262	144.9504	119.1308112
FBgn0052666	67.7605	65.41257642000001	52.77584	61.49564	54.31518	52.1943
FBgn0030309	697.0184573199999	651.2810071463	504.49300000000005	479.926000248199	532.3036	545.6654
FBgn0030310	177.7618	137.2669	157.54	138.1839	131.0761	138.4342
FBgn0003277	102.1	107.285	88.7154	83.5247	85.7719	84.9717
FBgn0030311	162.1852	144.8625	105.315	77.5265	68.1474	55.1434
FBgn0027259	91.17	109.17160000000001	69.23169999999999	51.0286	70.7738	61.7277
FBgn0030313	1.7124	3.44888	1.81061	1.00409	1.31734	1.05035
FBgn0030314	23.2924	20.5337	19.3796	17.464	12.778	15.3568
FBgn0000618	38.3601	40.175	29.744	16.8697	26.5591	21.5858
FBgn0030316	29.0455	27.7033	29.92884	22.6007	26.4539	24.309060000000002
FBgn0002948	21.4688	17.238	21.6899	15.9077	20.4641	16.562649999999998
FBgn0030317	5.55578	3.11402	6.26606	3.86577	5.79245	6.10206
FBgn0262853	11.2174	7.43113	12.5062	12.4392	8.10706	18.3292
FBgn0262852	3.69207	2.98325	4.66628	4.41226	1.73141	4.31497
FBgn0262851	0.0	11.4909	0.0	0.0	3.16754	15.1024
FBgn0262850	0.0	11.4909	0.0	0.0	3.16754	15.1024
FBgn0262849	3.69207	2.98325	4.66628	4.41226	1.73141	4.31497
FBgn0262848	40.6127	26.2418	20.2582	21.1788	19.6361	1.38652e-06
FBgn0262847	3.69207	2.98325	4.66628	4.41226	1.73141	4.31497
FBgn0030318	115.1793	103.413	78.7843	69.3808	69.7446	62.8742
FBgn0030319	2.03516	0.819787	2.86917	0.59667	0.0	0.673655
FBgn0030320	22.28892	22.2056200205188	16.29494	15.79515	14.9909600290686	17.833179
FBgn0030321	89.6388	100.5249	64.9663	76.38765617700001	73.6526	81.3521
FBgn0288833	104.5668	107.13329999999999	84.1245	87.9721	80.005	77.878
FBgn0002723	10.272495	8.71597	5.1997100000000005	5.09425	5.67469	5.96858
FBgn0004370	16.2432335425	15.767595200913783	12.54767100329381	10.178633959999999	12.352400561209999	13.386074239592899
FBgn0030323	14.6267	18.21105	11.71632	14.81401	10.32234	11.00354
FBgn0014133	62.620143000000006	54.447807	51.105235	43.795224000000005	52.95246	45.466840000000005
FBgn0011754	24.74423	24.584546000000003	14.65986	19.72826	17.3627	19.94706
FBgn0030326	7.96911	9.63017	8.42614	6.22492	3.76935	4.3964
FBgn0030327	12.8773	11.5806	13.2992	10.2726	10.7127	7.28591
FBgn0030328	54.649596379995685	52.242361388999996	44.872737336065	38.811760504966	43.536227024607484	41.839461829899996
FBgn0030329	53.933035355	52.660683922504	39.77306000559856	39.4886092	30.68807429	30.11450378
FBgn0030330	7.47264	8.194080005350742	7.754875	6.20736000146356	5.7486291031	5.90893
FBgn0030331	35.23	32.7486	31.3405	25.6233	27.7536	24.3881
FBgn0259918	0.800375	0.806002	0.282092	0.586636	0.15393	0.529862
FBgn0085350	3.07395	4.72777	3.54572	3.44104	1.93481	3.60752
FBgn0085351	1.08479	1.3109	1.91167	2.54431	4.58984	1.79537
FBgn0002577	4.334	3.96707	2.44239	2.66973	2.90304	3.47511
FBgn0030332	41.3824	30.3419	29.4982	25.3556	30.0466	21.2395
FBgn0004511	0.0	0.0	0.107803	0.0	0.0	0.111724
FBgn0030334	734.83217	794.15747	559.74092	542.8893	603.7032	587.37911
FBgn0000259	124.019351	119.48487	103.37829500000001	94.89806399999999	106.65702652	99.05291546000001
FBgn0001218	388.077	386.202925	337.59027	386.31596	378.6793	337.837964
FBgn0030336	33.51384	33.35704	23.64225	20.998540000000002	24.57465	24.10119
FBgn0266019	21.98671	23.67177	14.316076	15.0245120544	14.602035	15.841285
FBgn0030338	0.0	4.94461	0.0	0.0	0.0	0.0
FBgn0030339	0.289223	0.349507	0.0	0.0	0.0	0.0
FBgn0030340	25.4833	19.6107	21.7167	20.8525	24.4319	20.5214
FBgn0030341	88.77537	91.65621999999999	82.01944	76.94455	80.56044999999999	64.61931
FBgn0030342	26.75222	26.42787	22.6415	15.18238	15.502020000000002	19.528
FBgn0030343	22.7578	22.140970000000003	19.16885	17.38718	16.802680000000002	14.459610000000001
FBgn0030344	22.8893	24.9796	18.9778	18.0036	18.5006	20.3266
FBgn0030345	17.007839999999998	18.76569	13.291979999999999	12.35754	11.94624	11.25948
FBgn0030346	10.3091	4.39692	7.37379	9.06733	6.9977	5.11862
FBgn0030347	22.20316	20.83800444394	16.33147	11.8248	8.7687	10.22528
FBgn0030348	0.0	0.0	0.954354	0.264622	0.347177	0.298765
FBgn0030349	62.30482	58.533397	44.03119604	44.216420330000005	41.5473400177728	41.7603365227
FBgn0030350	86.0374	84.5229	56.2846	65.3296	69.2828	50.4018
FBgn0030351	32.8913	32.5203	24.5024	23.6694	27.6033	20.0425
FBgn0030352	28.16164	19.078310000000002	19.4	15.7623	23.634	11.01659
FBgn0260780	0.759062	0.38143699999999997	0.7509250000000001	0.2776248	0.546347	0.705252
FBgn0030354	34.07796	32.7046	28.851399999999998	24.96573	26.455599999999997	25.590899999999998
FBgn0250871	0.0	0.0	0.126659	0.10536	0.0	0.0
FBgn0030357	26.01838	24.110561	15.262782	16.955279	13.449743	15.5483
FBgn0030358	3.47747	3.80833	2.64277	2.963	4.63977	2.80573
FBgn0263111	2.6083450145600002	2.4620170000000003	1.6792479999999999	2.3555657394161003	1.82955	2.631563
FBgn0000808	7.25300312084	6.50532	7.0581	6.94419874	5.2309355004	6.9772830921999995
FBgn0003865	0.0	0.0	0.0	0.0	0.0	0.561053
FBgn0030359	0.362439	0.656976	0.0	0.31878	0.418231	0.0
FBgn0001083	6.75756	5.02528	4.39699	4.20621	3.35905	3.92302
FBgn0030360	0.843201	2.03791	0.297186	1.73047	0.648666	0.0
FBgn0030361	6.47499	6.78134	5.47707	3.79668	3.7358700000000002	4.28656
FBgn0030362	1068.1106	878.6874	936.6123	652.266	763.1445	418.93653
FBgn0043001	23.9948	18.36424	10.9941	13.3452	15.0073000400408	15.88495
FBgn0030364	50.9912	49.1171	32.0368	36.7241	42.2117	41.4624
FBgn0030365	45.1359	40.9905	41.0719	27.4283	32.1973	24.4478
FBgn0030366	56.5967	57.6416	43.3749	42.3135	49.3266	45.1892
FBgn0030367	8.80775	9.22446	6.51902	8.7797	2.03272	2.33235
FBgn0030369	1.38333	0.557222	0.487554	1.41948	1.33023	1.37368
FBgn0267001	12.553040070809999	11.6199421	8.6448556732	8.4131846411	11.338281	10.564347686
FBgn0052656	0.0	0.100673	0.0	0.0	0.0	0.0
FBgn0085352	0.0	0.0	0.717292	0.0	2.34844	2.02097
FBgn0030373	12.068	5.37282	5.37266	2.23459	5.13051	0.630726
FBgn0030377	0.391443	0.945147	0.620808	0.346111	0.908632	2.15263
FBgn0052655	0.369853	0.0	0.0	0.325301	0.0	0.0
FBgn0287828	0.0638623	0.0771453	0.0675803	0.120215	0.0	0.0
FBgn0030390	0.0	0.478836	0.0	0.0	0.0	0.0
FBgn0030391	14.89805	8.6069	10.65250210494	9.10727	9.26525	6.58054
FBgn0259143	22.28159	19.472359	14.271701708999998	16.045941	19.53862	10.99633
FBgn0030394	0.0	0.0	0.0	0.0	0.398006	0.0
FBgn0030396	0.369326	0.446307	0.976267	0.162419	0.213089	0.183375
FBgn0264542	1.03279	1.887534	0.955516	2.04385635176	0.7448592067594301	1.7306760010621502
FBgn0030400	29.316478	25.25117	18.437537	18.749807	22.357160999999998	20.67021
FBgn0283712	36.89743	39.96297	25.263706999999997	24.17758	28.402461999999996	24.37509
FBgn0030403	40.7226	37.8231	25.7992	22.2008	24.6607	23.7284
FBgn0052654	23.807024999999996	25.860132	19.93557722	17.271143	20.359633	19.954900000000002
FBgn0030406	11.92352	16.51869	14.29594	8.58858	10.69928	9.41599381125
FBgn0030407	2.42442	2.44147	1.70543	1.41864	2.39299	2.00626
FBgn0030410	8.04794	5.83525	7.65854	4.60103	7.89379	5.99386
FBgn0030411	8.26255	5.90009	3.17688	10.5706	6.50077	5.22131
FBgn0030412	30.87213421	31.212511405049998	21.112093751303263	21.541563999999997	22.723591773438898	19.129022654
FBgn0015024	90.83278757129	92.333330193131	59.89110128347	70.94749999999999	64.6135195913	72.686406
FBgn0011837	82.3565197361	66.1812638	65.57204	65.41636	85.0863	75.33477
FBgn0265523	110.40400000000001	99.81291	89.445810353412	69.97537	85.7433	74.0529
FBgn0030417	2.78642	3.19811	1.867	3.4812	1.52109	2.04501
FBgn0030418	13.793499	12.6789196853	9.36874	11.558656	8.566220000000001	12.880445
FBgn0020513	238.65164000000001	238.3809	308.9365	252.3725	254.43788	213.82555
FBgn0030420	32.04795	35.3735	32.913129999999995	35.72024	34.32713	38.6766
FBgn0030421	8.375925	9.726569999999999	5.683546	7.9338	7.39262	8.23593
FBgn0052647	0.0	0.0	0.404536	0.334205	0.0	0.565989
FBgn0259171	5.61228	5.862304999999999	4.67607	3.7517245587	4.644060334600001	3.02728
FBgn0030425	0.201721	0.487533	0.426579	0.0	0.232773	0.400627
FBgn0052650	6.42505	5.33793	6.36893	6.0043	6.48733	3.58888
FBgn0052649	23.7227	30.0217	22.9106	27.2725	13.795	18.7345
FBgn0030431	30.715	34.55864	30.23792	32.16779	28.49582	40.2046
FBgn0030432	0.259663	0.0	1.09822	0.685154	0.0	0.257852
FBgn0030433	80.1982	71.219208	85.66281	80.61449999999999	63.26959	63.7746
FBgn0030434	79.5414	82.7474	71.6705	55.0555	63.4519	51.513
FBgn0030435	62.97443	54.467999999999996	76.7261	45.26688	56.06903	59.043499999999995
FBgn0086675	0.10399	0.0590842	0.0	0.076381	0.0	0.0
FBgn0030438	0.0	0.180322	0.0	0.393733	0.0	1.03725
FBgn0265597	0.053876	0.0	0.0	0.0	0.124339	0.160501
FBgn0010303	72.765795	63.229189999999996	61.62373	58.080600000000004	63.11816	63.958619999999996
FBgn0261524	103.169	89.0143	76.9468	64.2023	82.6955	70.2828
FBgn0030447	54.9469	40.6082	69.1416	36.7454	41.3968	40.1336
FBgn0263005	9.00709	9.1797	6.9993099999999995	7.635769999999999	6.303893893000001	4.31049
FBgn0250862	0.313733	0.0	0.331726	0.275942	0.0	0.311545
FBgn0052638	74.6877	76.9222	51.75	59.4702	59.4153	56.4679
FBgn0030451	107.36961	92.73333101401	98.81829	81.48866000000001	86.773218	76.2328
FBgn0030452	53.602410000000006	48.452529999999996	51.51251	49.900600000000004	57.641918	47.3575
FBgn0052645	0.116452	0.281449	0.12313	0.102424	0.134378	0.346918
FBgn0030456	33.637	32.6556	29.1722	26.4272	24.4229	24.395
FBgn0025463	142.999	134.134	121.386	99.3986	117.238	103.112
FBgn0030457	36.9411	38.592799	34.775721000000004	33.74898	28.87683	23.430089000000002
FBgn0085440	0.0	0.0	0.0	0.326758	0.0	0.177959
FBgn0052640	97.5428	117.874	37.7143	69.1466	77.2788	105.537
FBgn0052641	0.0	0.0	37.7143	0.0	0.0	0.0
FBgn0030459	1.42163	0.245422	0.429476	0.178627	0.0	1.00837
FBgn0030460	42.0552	47.9709855	37.4021530424	32.84098024789	39.4581	27.3208
FBgn0265630	26.1468	25.6102	25.31389	21.641	28.16024	27.03265
FBgn0265629	2.60883	3.1526	0.919482	0.382429	2.50868	2.15886
FBgn0029133	226.1131	269.7045	243.1442	209.0219	235.4144	222.3847
FBgn0004456	103.7448212	100.10101	100.16328	89.8112	108.0940108795569	120.37039485212
FBgn0052639	0.877462	1.06036	1.85557	3.08706	1.01253	1.74268
FBgn0030462	0.0	0.663472	0.0	0.0	0.0	0.0
FBgn0000346	9.90709	12.47092	8.39664354814	9.19779	7.14509	4.2358
FBgn0041210	121.96281756841	116.58809393800001	98.91129833270449	88.127948338	94.592706	90.9826000241813
FBgn0030465	43.507272	33.6683	42.71077	34.16193	29.40158	26.868710354031002
FBgn0030466	28.1501	26.2688	26.1711	22.8417	27.4518	22.1593
FBgn0030467	58.1773	42.025099999999995	57.0463	44.5946	56.6316	47.1209
FBgn0030468	122.1502	111.36674000000001	105.39857485511	87.15681	95.27590000000001	88.33813
FBgn0283680	73.9321	75.87818	62.71564	56.25032	64.72431000839799	59.45781
FBgn0040309	1470.7957000059685	1446.7331	1420.7284000000002	1363.6181	1401.5324999999998	1157.529
FBgn0010198	9669.105353831448	10088.3702562825	8564.073499150112	9004.14100864	9423.61820075566	9216.7200994478
FBgn0030474	38.42246	47.637100000000004	30.24966	29.259	41.0742	35.3466
FBgn0261085	0.420512	0.3048956	0.1778486	0.1479432	0.0970476	0.2505476
FBgn0030477	0.358925	0.433738	0.0	0.315689	0.414176	0.0
FBgn0030478	64.055777328732	65.9430718	53.4506	46.885043	50.963449999999995	37.5130800757333
FBgn0030479	70.8655	59.2266	46.184	39.177499999999995	46.69564	40.4073695
FBgn0030480	53.4113	48.40809	32.9434	45.6725	42.80081	35.3592
FBgn0288857	40.6554	39.75199	30.2664	31.7445	32.15085	32.16397
FBgn0030481	35.0052	36.902	27.32466	28.9114	33.9412	25.5687
FBgn0030482	141.122	136.185	102.085	108.145	103.064	115.25
FBgn0030483	0.0	0.0	0.995178	1.65565	0.0	0.0
FBgn0030484	168.659	219.917	117.949	169.774	117.3	128.164
FBgn0030485	38.5013	33.1053	26.6177	22.1416	24.7772	24.9984
FBgn0030486	26.011940000000003	25.80189	25.440939999999998	23.784280000000003	25.0141	24.538909999999998
FBgn0265416	0.0	0.0	0.0613079	0.0	0.0	0.12203739999999999
FBgn0085353	2.78982	2.80944	1.47491	3.68065	4.29237	2.30864
FBgn0086674	30.0564	28.41942	26.945339999999995	28.2909	27.99502	24.24601
FBgn0284227	15.1581	10.6562	16.2384	13.3511	15.9331	10.9467
FBgn0004169	4.188863503	6.018057	1.69279	1.63194	2.0670600574663403	5.08795998
FBgn0030499	25.149	18.66402	18.35376	16.5897	18.1377	12.89396
FBgn0030500	32.6358	24.1794	18.4861	16.0609	19.2781	23.9203
FBgn0030501	135.901	140.076	87.1676	72.9486	91.6708	80.3762
FBgn0030502	72.7784	68.0063	48.4679	41.0617	47.19891	43.69865
FBgn0030503	18.76746	13.50684	9.3167886892	9.918793899999999	6.715203000000001	8.18252
FBgn0030504	73.8727	65.2231	62.256600000000006	54.424499999999995	67.10470000000001	60.273700000000005
FBgn0030505	24.033390092174802	24.12735904801	20.073254162	19.560974	21.01079872	19.24615335
FBgn0030506	14.0928	18.1877	12.0076	11.6732	12.3151	10.1902
FBgn0030507	41.56559	46.04365	35.4037	31.14264	35.973029999999994	35.92513
FBgn0030508	0.0885659	0.222309	0.0	0.161804	0.102199	0.0
FBgn0030509	0.539883	0.0	0.0	0.0	0.0	0.0
FBgn0030510	28.782700000000002	31.28095	28.237180000000002	27.313100000000002	20.54439	20.23564
FBgn0030511	14.0699	14.3355	13.71	12.8377	8.59541	8.49264
FBgn0030512	21.0295	24.729	17.8483	19.31654	19.10189	21.13596
FBgn0265726	3.358148	3.37776	3.785286	3.145400323566	3.347968	2.758972
FBgn0030514	39.4852	33.6909	25.6704	22.2922	24.4749	24.3736
FBgn0002878	16.7342	14.6887	13.7326	9.37291	10.7599	9.42482
FBgn0001087	40.7637	41.026335484	26.3429199	23.297489999999996	26.761533999999997	28.94145800677
FBgn0001612	23.5431	27.653	20.7382	20.1657	20.1711	16.0868
FBgn0030518	47.6204	45.501700089093596	20.491900246059	26.2994	23.002700193487	19.2452
FBgn0030519	243.7335	261.19	175.0317	166.981	174.4649	164.7555
FBgn0030520	176.08142461	203.40220000000002	142.37359807869998	160.056268	165.87428939	140.634145
FBgn0052625	3.92642	5.93104	2.0758	3.45345	2.26542	3.89903
FBgn0020909	56.0851	43.4785	51.4693	46.2267	56.5779	49.7392
FBgn0004047	0.603127	2.18652	0.637717	1.06095	0.69597	1.79676
FBgn0003218	13.0020876069	13.729728	9.8029748021337	11.9884983678718	11.5663842688	9.7529950286
FBgn0030521	326.255	324.909	245.06300000000002	239.5474	260.1314	221.9678
FBgn0030522	35.4354	31.7917	28.3846	24.5558	24.7819	20.7931
FBgn0261244	49.800229	48.199822999999995	33.380338	30.554169	34.804536999999996	34.756204000000004
FBgn0030524	0.0	0.0	0.796528	0.0	0.869288	1.49614
FBgn0030525	0.369853	0.0	0.0	0.650603	0.426787	0.367273
FBgn0030528	10.9616	10.1895	10.2529	9.6412	7.2975	8.79186
FBgn0030529	664.197	611.476	517.871	500.05400000000003	535.533	505.16200000000003
FBgn0027537	150.708	132.732	112.483	100.704	127.266	123.694
FBgn0030530	63.84310001720611	50.3918	52.8073	40.15294	50.443999999999996	54.02995
FBgn0052626	88.53337	92.55586	76.02030859999999	68.739549	75.768024	77.114614
FBgn0267033	36.3996192	35.30037	31.294995999999998	33.8009439	32.7423235	33.135698
FBgn0030536	0.362946	0.438598	0.0	0.95768	0.0	0.0
FBgn0000173	164.103373286	177.680100107251	186.17245770000002	166.2352098855	191.962398	164.464594158
FBgn0044817	0.0	1.29049	0.0	1.29081	0.0	0.0
FBgn0053247	0.0	0.0	0.0	0.0	0.0	0.000180877
FBgn0053245	0.0	0.0	0.0	0.0	0.0	0.000180877
FBgn0053244	0.0	0.0	0.0	0.0	0.0	0.000180877
FBgn0053243	0.0	0.0	0.0	0.0	0.0	0.000180877
FBgn0053242	0.0	0.0	0.0	0.0	0.0	1.90473
FBgn0053241	0.0	0.0	0.0	0.0	0.0	0.000180877
FBgn0053240	0.0	0.0	0.0	0.0	0.0	0.000180877
FBgn0053239	0.0	0.0	0.0	0.0	0.0	0.000180877
FBgn0053238	0.950405	0.0	0.0	0.0	0.0	8.37791e-06
FBgn0053237	0.0	0.0	0.0	0.0	0.0	0.000180877
FBgn0053236	0.0	0.0	1.02752	0.0	0.0	0.0
FBgn0030544	0.996706	0.0	0.0	0.0	0.0	0.0
FBgn0030545	31.4779	28.3081	45.6676	33.4809	27.8762	21.0812
FBgn0026713	48.06099999999999	43.82786	30.5939	35.4988	32.09455	28.06101
FBgn0040153	3.0710230000000003	3.60874	1.40516	2.851073	2.0101630000000004	1.2356142
FBgn0030551	0.799004	0.482773	0.422414	0.351379	0.0	0.396716
FBgn0030552	39.1955	33.2731	27.4006	25.9268	28.0346	19.6219
FBgn0259166	27.259700000000002	25.5045	19.12603	16.95786	15.863800000000001	14.40257
FBgn0030555	8.50991	9.58649	7.16786	7.10424	7.65619	7.44795
FBgn0030554	19.5515	13.0569	13.60051	11.992239999999999	9.79632	9.70758
FBgn0030556	59.8596	54.8688	39.6128	37.4676	39.7202	43.0572
FBgn0260482	0.0	0.454292	0.0	0.33065	0.0	0.0
FBgn0002873	34.20565	36.8055142294	23.540572	22.204662633	23.2380382329	26.376672681659997
FBgn0030558	0.0	0.0	0.115777	0.0	0.0	0.0
FBgn0284233	0.0	0.0	0.115777	0.0	0.0	0.0
FBgn0030559	0.332804	0.0	0.351891	0.0	0.0	0.0
FBgn0002917	0.253202	0.0634181	0.0	0.0461579	0.0	0.0521135
FBgn0052602	0.0389416	0.0	0.0	0.0685016	0.0	0.0773401
FBgn0030562	4.46799	5.89013	2.57686	2.85803	2.81224	1.21004
FBgn0030569	0.11154	0.0	0.235873	0.0981038	0.12871	0.110762
FBgn0030571	31.2487	34.01557	29.054000000000002	23.76287	30.934649999999998	24.233151466440003
FBgn0030572	80.0297	46.7612	57.6528	44.8636	49.7264	56.7653
FBgn0030573	7.59895	6.35736	5.56252	5.65535	3.37258	4.64366
FBgn0030574	0.383475	0.154468	0.257202	0.0	0.0	0.126933
FBgn0030575	6.3956800000000005	7.299404	7.13817	7.8128899999999994	8.610243	4.93973
FBgn0015774	2.969076	2.628986000817683	3.32358228267941	1.70588	2.2587669964000003	1.75569772452
FBgn0262534	19.7117	27.1552	19.1748	18.3775	16.3772	25.055
FBgn0266710	33.9654	44.4655	28.9302	35.6829	39.1939	39.35
FBgn0030576	13.50807	14.63482	13.13311	14.47564	10.57048	12.02628
FBgn0030577	0.0	0.592356	0.0	0.0	0.0	0.0
FBgn0015010	0.0	0.578495	0.506168	0.421049	0.0	0.475375
FBgn0003301	4.8132138606499995	5.038262388450001	6.137926100884999	3.744662	4.859030260320001	3.4549987895869996
FBgn0030581	16.8313222	13.787410000000001	13.200420000000001	15.95626	13.945810931699999	14.0448083
FBgn0030582	51.415103	43.56888	48.73442	48.827898	38.92502	37.2737347
FBgn0030583	17.1914	9.23318	9.08864	8.40029	6.61257	11.381
FBgn0030584	91.17	70.1101	75.3661	69.2531	60.2534	51.8513
FBgn0052590	13.2163	29.1238	13.1523	14.3595	16.1479	14.6682
FBgn0264078	30.366843582200005	22.17953	23.70355500658272	21.2313402666	29.06157	21.5773
FBgn0030586	0.206106	0.747197	0.548537	0.682071	0.475666	0.204668
FBgn0030587	0.390277	0.707437	0.5123	0.212386	0.0	0.387555
FBgn0030588	22.5761	50.93	11.7264	58.083	17.1518	31.1952
FBgn0030589	0.213822	0.0	0.684298	0.188731	0.0	0.217644
FBgn0030590	0.558499	0.134982	0.472423	0.785958	0.386684	0.332762
FBgn0266434	0.123011	0.0	0.0	0.108194	0.0709736	0.0
FBgn0266435	0.123011	0.0	0.0	0.108194	0.0709736	0.0
FBgn0030592	0.40212	0.0	0.0	0.353681	0.0	0.133105
FBgn0030593	0.609272	0.245422	0.429476	0.893134	0.234354	0.201674
FBgn0030594	0.544165	0.506729	0.575373	0.319078	0.418621	0.360247
FBgn0030595	2.20861	0.0	0.878223	0.0	0.0	0.0
FBgn0030596	0.436759	0.0	0.692711	0.384148	0.251996	0.216856
FBgn0030597	0.210572	0.508925	0.0	0.0	0.0	0.0
FBgn0030598	0.501568	0.202038	0.176778	0.14705	0.192926	0.830117
FBgn0052591	0.598024	0.0	0.31616	0.0	0.0	0.593853
FBgn0027601	12.485510000000001	11.86922	9.68114	10.39585	10.757579999999999	9.58812
FBgn0030599	0.0	0.0	1.33444	0.0	0.0	1.25326
FBgn0000535	4.4553666516804	6.557086975000001	2.2464852497463	2.090968	2.274597837	1.1844953868
FBgn0030600	12.8827	12.926	9.64447	10.3384	9.2776	10.0849
FBgn0052594	88.284	79.50527	54.10369	60.89707	59.81669	60.899249999999995
FBgn0030603	25.299300000000002	32.668634973699994	23.790603993	25.2542	25.3824726026	28.3459
FBgn0030605	133.8201	105.2419	135.8799	95.2814	106.6232	79.0992
FBgn0264389	93.1185	102.06009999999999	76.1339	83.3301	71.8434	70.427
FBgn0030607	1.17366	0.850975	1.24097	0.206456	0.270865	0.466189
FBgn0053177	2.34519	1.41701	0.619922	1.03135	0.0	4.07546
FBgn0053178	5.03518	1.50076	1.31313	2.65719	1.43308	2.46648
FBgn0030610	127.962	90.4464	89.3497	99.8069	80.7952	98.2992
FBgn0030611	41.4759	20.9809	31.616	29.6928	38.9562	33.5239
FBgn0030612	20.9112	21.6197	23.0931	16.1443	21.1809	19.6117
FBgn0030613	0.0	0.167137	0.14624	0.060824	0.0797995	0.0
FBgn0030615	2.60508	1.34918	1.37724	2.12762	2.57666	0.923897
FBgn0260006	6.1821	4.57388	3.73523	3.32903	2.76615	3.50799
FBgn0030616	3959.373	3512.771	3801.269	3689.8149999999996	3284.485	3236.7439999999997
FBgn0263994	0.0514106	0.0	0.054359	0.0	0.0	0.0
FBgn0030625	7.455181	7.6565788150300005	7.05297	8.51278	4.980566	4.8055699999999995
FBgn0261703	32.3776	31.272689999999997	31.83565	30.092609000000003	29.577280000000002	28.84664
FBgn0004924	73.873605	76.11413999999999	61.71223	61.87154	69.16643	71.39047
FBgn0015926	21.4751686	13.7389	11.112967000000001	9.52344065489	12.128217000000001	16.4867
FBgn0030628	17.0844	14.6516	8.54649	7.75558	9.1152	9.48593
FBgn0026428	18.895780000000002	14.941040390000001	11.419267635	9.2548170412	11.462149173	11.5136923367
FBgn0030629	12.1804	14.4963	8.0485	8.44736	12.774	9.66418
FBgn0030630	64.5619	65.3096	51.2591	45.7421	51.7022	53.4261
FBgn0030631	24.5585	24.4607	24.1412	18.6471	18.1547	19.4336
FBgn0000028	0.0	0.113354	0.17310190571373	0.0825028	0.270294	0.0
FBgn0030634	0.512142	0.89078	1.558818	1.2012	1.37895	1.6952319999999999
FBgn0263257	0.842283	1.073932	0.300692	0.406456	0.32816	0.3177
FBgn0040285	120.42647358925	119.77416	82.51982442862	76.1482416	85.96185634250999	74.50975
FBgn0014455	262.01484640999996	206.832	191.55399999999997	158.425781	182.4354862388	144.2501
FBgn0030638	75.3919	63.0023	43.776	36.8641	38.6328	39.844
FBgn0004391	20.7909	22.4326	12.8236	13.4972	12.7097	13.4567
FBgn0030640	3.79277	5.47374	2.49961	2.835307	3.8305800000000003	4.03767
FBgn0030641	48.98429	58.900683499576004	33.022999999999996	25.611532	29.09464	25.05411
FBgn0030642	7.05272	3.98161	1.74264	1.08373	4.03269	2.04708
FBgn0030643	1.81643	0.0	0.0	0.0	2.09604	0.0
FBgn0026433	6.03485	6.00578	5.12979	5.93237	3.82328	3.87767
FBgn0030645	17.2067	12.2869	10.7507	10.3187	10.8303	7.76669
FBgn0267977	10.8479	7.72577	7.57344	6.51979	5.63299	4.8475
FBgn0030647	0.5777566749999999	0.418908807	0.244355575	0.5081607890000001	1.3333842299999998	0.344235576
FBgn0030648	32.92125000448828	34.629217	42.13306	33.4385600141375	29.602138	29.56188
FBgn0027287	42.66893	47.39772	24.292736	21.867800000000003	29.39193	23.71774
FBgn0022710	1.094973	1.5437356999999998	0.964808	1.2841	0.772157	1.2685613
FBgn0259196	0.0	0.0	0.779902	0.0	0.0	0.0
FBgn0030653	9.28276	7.57642	2.862744	6.38507	1.78529	1.15225
FBgn0030654	8.33878	7.36388	7.12143	7.898490000000001	5.1813	5.73274
FBgn0030655	19.039160000000003	19.89192	15.5177	11.338239999999999	8.46758	9.059280000000001
FBgn0259195	0.809824	0.0	0.0	0.712274	0.0	0.0
FBgn0262163	0.94578	1.14291	0.0	0.0	0.0	0.0
FBgn0030657	11.3569	12.47644	12.554	11.11481	15.4879	14.054780000000001
FBgn0030658	42.7747	42.6447	47.772	37.1519	38.562	37.1669
FBgn0030659	20.0369	13.7209	19.3028	15.0777	13.6159	14.3701
FBgn0030660	13.98637	15.62604	14.230429999999998	14.854759999999999	13.703240000000001	11.00624
FBgn0030662	7.120609999999999	3.80869	7.89926	4.32791556	2.89935	2.897932
FBgn0030661	1.13494	0.342874	0.900018	1.74689	0.982233	1.97228
FBgn0003463	7.82105	6.08356	4.562532	5.534787	5.8092	7.14162
FBgn0030663	0.680763	0.0	1.43961	0.0	0.0	0.0
FBgn0030664	0.725216	0.0	1.53361	0.637858	0.0	0.0
FBgn0030665	0.0	0.627154	0.0	0.427632	0.598869	0.0
FBgn0030666	0.280256	0.0	0.888987	0.0	0.323398	0.0
FBgn0030667	1.11284	1.3448	1.17666	0.978791	0.770489	1.21559
FBgn0030668	22.81739	21.55564	20.6894	20.846529999999998	16.5132	20.32036
FBgn0030669	29.0988	34.5005	24.3819	27.0423	15.8387	15.8109
FBgn0030670	62.55705	72.35656	42.26181	45.61916	41.1237	38.3383
FBgn0030671	33.7183	29.5989	21.8621	21.82286	17.6191	20.53212
FBgn0030672	190.73263999999998	172.02621	162.77072564	150.5709	156.7849800065	140.10906
FBgn0030673	11.54081	16.61912	6.615991	5.8343300000000005	10.353612530000001	6.5870999999999995
FBgn0030674	55.106364840000005	53.5248500123	45.1259827	40.78659664	41.441110619999996	43.11549830541
FBgn0030675	11.4451	8.84519	9.21116	9.10642	2.89873	5.8955
FBgn0030676	10.3036	5.34283	9.96315	11.1953	12.5069	6.76516
FBgn0026666	44.7519	65.45582	48.1043	35.88058	36.2857	35.2121
FBgn0011741	61.287	60.1494	50.123	41.0985	50.0129	39.6764
FBgn0030678	14.773	18.2242	13.6677	15.1591	12.0751	11.0025
FBgn0030679	53.4842	51.9366	43.928380000000004	37.381299999999996	30.30765	22.28776
FBgn0030680	8.80252	10.8636	8.81227	7.16564	8.32054	7.25327
FBgn0027329	339.591	284.838	263.998	211.477	277.973	190.876
FBgn0030683	13.0636	18.2423	7.366847	12.000699	7.034807000000001	7.49523
FBgn0030685	54.182115239201	54.59908162000001	36.67413110510415	33.17229616	35.0501852901	34.0344272542786
FBgn0030684	1.05343	1.69734	1.11384	1.23538	0.0	0.697388
FBgn0030686	65.9029	62.5417	43.6992	42.5727	35.6608	40.3012
FBgn0030687	17.9577	24.1491	15.9691	13.0406	13.4959	15.4548
FBgn0030688	1.10588	2.00457	0.0	0.972665	1.27611	0.0
FBgn0053172	6.20703	5.6256	4.51207	2.38846	2.98438	4.62281
FBgn0263747	1.17201	0.755358	0.495689	0.824663	0.360646	0.465533
FBgn0263748	0.0	0.688765	0.0	0.0	0.0	0.565989
FBgn0030691	0.16471	0.597125	0.348312	0.434608	0.190065	0.654245
FBgn0025809	10.1042	11.021360000000001	8.31328	7.46851	11.803239999999999	6.19732
FBgn0030692	46.2643	44.956500000000005	42.865899999999996	30.8332	42.10339999999999	39.5477
FBgn0026374	10.86693	10.33338	11.8669	9.8713	9.04506	9.199
FBgn0030693	82.77150456637	105.24700999999999	53.228657199999994	54.04562000000001	65.163301638	65.23005275
FBgn0052581	0.907756	0.0	0.0	0.0	0.0	0.0
FBgn0030694	20.774060000000002	28.9664	15.629290000000001	17.2176	19.36196	23.406229999999997
FBgn0030695	7.78079	6.2684	4.4563	2.28118	2.24463	3.21939
FBgn0003345	86.255142	88.6421964546	61.0063888531903	63.384430447530704	66.120879104602	71.7981800253976
FBgn0030696	1.95334	2.36049	2.06537	0.572683	2.25403	1.29315
FBgn0000319	197.4692868945	195.58587041919003	138.94385070966	131.72305418	150.7072191845651	140.89227479
FBgn0030697	0.0	0.0	0.0	0.0	0.0	0.157746
FBgn0027093	43.1683	53.8646	38.0013	36.7322	32.6684	42.8672
FBgn0030699	66.7676	67.67413	38.0385	42.36776999999999	51.715599999999995	47.2288
FBgn0014391	269.71479999999997	285.0007	251.69819999999999	176.4205	178.9041	165.9545
FBgn0026076	32.173069999999996	30.5108	18.63165	19.500772	22.455530010062205	20.914060000000003
FBgn0030700	9.21729	6.52947	6.04918	2.79552	2.56735	3.15621
FBgn0002914	70.2076	73.27840332954	53.5366942	48.854161027300904	59.498111422920005	57.04716079
FBgn0287210	0.0	0.0	1.74865	3.33403	1.42292e-06	2.95381
FBgn0065035	6.71486	7.6636700075432795	8.28328	6.22287	4.32224	7.02577
FBgn0001105	173.51703	166.33384000150335	127.92351000117793	127.00559	148.5236995101	119.97681578571999
FBgn0001092	710.952	840.4	483.72700000000003	625.6279999999999	516.12	502.663
FBgn0030701	30.1785500790348	26.80501991	23.16631	20.8906	22.186688658	19.588442950868
FBgn0260938	30.92812	30.247812468	22.85348735	21.0727542	25.498045996	23.06150614
FBgn0030703	152.1994	206.23680000000002	107.5360000863914	128.64348999999999	111.3117	127.05619999999999
FBgn0030704	26.0849	23.4869	15.6832	19.3439	18.8864	27.4266
FBgn0003392	94.0924287148631	96.40649966159398	59.00782697505	60.35387868090734	60.158407591	65.67328569568
FBgn0010315	34.75668	29.932000000000002	21.96548	23.54241	24.202460046071497	25.1914400031017
FBgn0030706	0.457111	0.404424	0.453965	0.392471	0.131869	0.737624
FBgn0010240	1.92657	0.885396	2.40521	1.05061	0.410952	1.51388
FBgn0053180	27.966301	29.2247200291743	20.06683000773537	18.20698	21.4887407	18.84209
FBgn0045073	87.9354	105.64885000000001	62.805949999999996	69.781556	64.80817	74.6248
FBgn0030710	6.21683	10.0828	7.09232	7.62637	7.74018	7.47315
FBgn0030711	39.89926	48.94625	28.124959999999998	28.71255	36.27487	31.816869999999998
FBgn0259110	18.600083439419	19.411556001965998	9.8574600010563	11.97921	13.247142254051	12.844051
FBgn0030715	0.0	0.0	0.0	0.0	0.0	0.364843
FBgn0261834	0.0	0.0	0.0	0.0	0.0	0.903991
FBgn0030716	27.36264	29.827416000000003	22.503529999999998	26.97803	25.275924399999997	28.62158
FBgn0030717	29.4247	29.5692	14.7374	17.7075	18.228	14.1484
FBgn0030718	144.7717	122.2262000472624	86.59209999999999	101.7124	85.35740000000001	74.2090000319367
FBgn0030719	84.12230896863	106.51996857623828	73.44638100245817	85.8197700154561	80.67101592427001	77.2364831477
FBgn0284228	0.0	9.23829e-09	2.45816e-09	0.0	5.92427e-06	0.0
FBgn0000611	63.17644000315014	64.6431200100706	47.56757600596238	33.96069	45.241830016533896	35.7352
FBgn0030720	47.0052	46.5279	48.8528	33.3002	45.3551	41.5795
FBgn0003969	61.894929999999995	68.99787	41.83990000871019	48.523703409999996	45.023180029622196	55.75021585
FBgn0030721	10.7028	11.8329	5.5379	6.20893	6.30654	8.36682
FBgn0052580	2.90732	4.42309	2.2018	2.71208	2.57853	3.06201
FBgn0030722	3.40979	4.12051	1.54514	2.14218	1.12419	2.41857
FBgn0030723	1.59899	1.73905	1.18349	0.703191	0.738055	1.11149
FBgn0030724	52.56552	51.5672	33.3659000209025	33.432200442486	37.6553	43.0871700139477
FBgn0028397	5.737457	4.3895629000000005	2.424047	2.375717	2.34708	2.6106599999999998
FBgn0030725	0.215117	0.0	0.227453	0.378408	0.0	0.213616
FBgn0259699	1.37743	2.29735	1.14145	1.57628	1.24572	1.83105
FBgn0259700	37.43103000291707	47.304721204059994	30.840439999999997	35.58580210215	33.67142	30.13335000342714
FBgn0285879	0.0	0.0	0.0958956	0.0483376	0.0	0.0853614
FBgn0040207	26.9818367886	24.54074	20.9151	17.169130000000003	19.52187116	19.0048
FBgn0030731	86.9142000046008	81.6129	84.39260288932	76.9512651	80.36774396999999	69.1607
FBgn0004066	398.264	380.791	304.996	261.405	273.631	256.019
FBgn0000536	54.76356766824	51.85437406323	44.472049503639994	38.584625075860004	47.81989695785	37.43890228337
FBgn0052576	78.87385	91.27170000000001	49.69564	39.690200000000004	60.60263	52.052899999999994
FBgn0030733	451.77	372.23	271.853	287.785	262.071	365.992
FBgn0285954	317.065223533979	262.53876	273.33342	221.73380999999998	237.11808518	276.501900900584
FBgn0030734	239.81879999999998	220.13	171.5044	154.36669999999998	144.39958632	152.4571
FBgn0030735	31.70351	33.97737370259835	21.071953951999998	20.26714637723	23.858871993483802	22.6353606203643
FBgn0027521	0.569958	0.733679	0.152466	0.266999	0.326447	0.45216673
FBgn0286508	10.22888	9.18212	7.54764	9.32931	6.37066	8.73615
FBgn0030738	30.8504	27.21494	20.2242	18.45133	19.757649999999998	22.210520000000002
FBgn0030739	7.52203	9.22974	5.8733	6.41238	4.40674	6.20549
FBgn0004432	943.429	864.537	663.691	524.81	621.778	575.627
FBgn0030740	212.41660000000002	197.18619999999999	109.0126	118.26050000000001	120.7304	121.08449999999999
FBgn0052579	35.81654	40.1956	28.51634	32.836200000000005	22.95323	34.96415
FBgn0260450	22.8105	27.565	18.502	17.4519	14.9638	18.7727
FBgn0030742	0.8069005	0.0	0.8531333999999999	1.655976	0.620714	0.8012781
FBgn0030743	72.7842	54.1262	49.89604	43.615790000000004	49.83923	47.6548
FBgn0278608	81.76243140392	78.6071256851	65.52284000181515	56.58438	66.5000295956154	57.7727609779
FBgn0003416	13.8346	19.1187	11.7024	13.3537	12.362	13.1744
FBgn0005411	105.575356	111.5883864914	85.4319	76.44018	97.6551	78.11690999999999
FBgn0086448	7.63851	7.52128	4.78612	3.2347829999999997	1.63229	3.37122
FBgn0004227	48.041336	50.202258	38.314966000000005	36.869155	44.297334	47.081269999999996
FBgn0004598	100.61703341979799	97.30665500117789	67.9185077936	57.96907274909	65.94532711799715	65.42128112063699
FBgn0030744	66.3322302196805	49.9065	33.87361	38.10346	37.375784	42.258660650146
FBgn0030745	40.5774	53.074565	22.441125999999997	29.4242	26.801588000000002	27.34216
FBgn0010416	67.2777	57.65449	40.914860000000004	36.93517	49.98015	42.79237
FBgn0004367	7.72383	7.56461	6.72559	6.17181	5.12632	5.56448
FBgn0030746	0.728189	1.76026	0.879934	0.731969	0.839987	1.23918
FBgn0030747	39.5758	45.70617	35.46019	34.050399999999996	35.35386	39.306538
FBgn0030748	67.6450900325068	83.18352	50.670821324407356	54.054	44.2526000238022	45.26003
FBgn0030749	88.86138	79.3656717763	61.318259999999995	60.09442	62.862336539819	63.99501
FBgn0026575	65.78464	69.07339	59.03019	58.36491	56.72741	61.68327
FBgn0030752	354.116	318.738	202.94129999999998	177.5208	208.76090000000002	180.6513
FBgn0030753	90.3207	84.67269999999999	59.8102	53.552099999999996	65.7509	59.4613
FBgn0261609	316.875	313.472	250.05399999999997	233.2783	259.00419999999997	244.097
FBgn0054015	18.6977	17.8382	6.24317	6.92439	3.40673	14.6584
FBgn0262734	93.583966232	92.263748306	84.231247	71.3440215	69.11070645000001	78.50477000000001
FBgn0285944	0.101103	0.213809	0.1491051	0.133386	0.0291666	0.125497
FBgn0264077	1.62956	0.648803	1.70412	1.09025	1.64068	0.53411
FBgn0030756	0.544039	0.0	0.28762	0.239252	0.313893	0.270122
FBgn0030757	6.94542	9.081050000000001	5.0563400000000005	6.60759	4.97924	4.7988800000000005
FBgn0011742	132.6545000191189	130.47420087499	91.082800419858	92.209	95.479493615	100.079500106501
FBgn0011826	36.236008	29.896238	37.712928	29.151994000000002	40.73773	29.950019
FBgn0267912	44.404560000000004	42.850655	30.067592	26.291764	33.151543000000004	28.08825
FBgn0030759	38.4643	37.1853	29.1869	20.2986	18.2763	18.8733
FBgn0015615	43.541	44.6257	33.2378	30.5117	29.8174	34.2464
FBgn0267384	72.6459	73.341218	43.558258	42.0354136	48.2666	44.341
FBgn0030761	15.136248	17.495929999999998	13.480827	16.241584	13.6692000967046	10.456095
FBgn0061200	52.03264	51.213089000000004	48.86587354189	39.00855658	53.021043719999994	47.522602071
FBgn0025743	21.9048	25.5525	21.1529	20.3799	18.5558	19.9918
FBgn0030763	0.322051	0.389178	0.0	0.849772	0.371626	0.0
FBgn0026181	49.549978100000004	47.4550694	37.0168355	38.08418	34.306644899999995	38.44659
FBgn0030764	0.897036	1.08401	0.948481	0.788981	0.690081	1.18771
FBgn0010412	6591.6269999999995	5080.1175	5964.6480043348	4515.099	5473.497	3672.054
FBgn0261791	512.1700000000001	393.128	375.729	306.67560000000003	327.27099999999996	288.26070000000004
FBgn0030766	8.18924	7.806970000000001	7.50437	5.762219999999999	8.71486	7.40926
FBgn0052573	4.11702	4.56056	2.07711	3.92285	1.92512	3.06623
FBgn0260238	2.78982	7.86643	2.07711	2.45377	2.367253	2.77037
FBgn0030768	34.5525	29.7808	25.7888	24.1335	32.2489	22.7061
FBgn0003189	49.96644	40.25993	42.99366	33.039053100000004	43.3362812	39.81900677835
FBgn0015336	0.361036	0.581719	0.0	0.846791	0.277742	0.59753
FBgn0030769	0.7279320803897	0.0	0.0	0.0	0.0	0.7228540576449
FBgn0030770	0.806464	1.94912	0.852715	0.0	0.930608	0.0
FBgn0261245	1.85879	2.91798	1.95675	2.20395	3.35201	0.544871
FBgn0000152	29.954	30.0761	19.3976	18.3671	14.8226	20.9695
FBgn0259923	1.55833	0.209237	1.83077	1.29124	1.12938	1.45784
FBgn0030778	0.0	0.0	0.0	0.232421	0.0	0.262409
FBgn0085354	2.972963104	2.86077	1.9646601	0.980567218	3.4305972799999997	4.79737061
FBgn0052572	0.37648	0.454952	0.995178	0.33113	0.217217	0.373854
FBgn0001250	0.2126453234	0.0	0.0	0.0	0.0823027630157	0.07082626491543999
FBgn0030786	69.3059	60.6897	54.6949	43.2886	54.4754	42.8894
FBgn0030787	8.32113	10.6302	7.79282	7.52789	11.2481	8.26309
FBgn0030788	25.96879	25.2444	26.56174	25.1186	23.19049	18.84460000308704
FBgn0030789	29.708920000000003	20.4672	25.8348	19.2925	27.874400005666992	18.19731
FBgn0030790	27.74956	30.04602	23.70751	23.62583	26.129309999999997	25.7924
FBgn0030791	47.8996	45.19276	40.6127221	31.84	36.9337	36.22857
FBgn0030792	119.806	118.857	87.9547	101.233	84.5187	87.2796
FBgn0030793	39.5595	40.3226	36.7361	29.3482	32.9468	28.6941
FBgn0030794	6.80465	4.11149	3.82229	3.36655	3.43531	5.70138
FBgn0030795	6.4428	4.24675	5.98656	4.29296	5.18168	4.26524
FBgn0030796	111.98690593526001	108.168286	66.83332	55.453199999999995	86.61421	79.946335
FBgn0030797	19.27429	11.53736	13.38336009	18.62746	18.116799999999998	7.8013
FBgn0284222	4.46003	10.133	0.00090009	1.39517	5.0108	3.72121
FBgn0024941	0.0	0.0	0.0	0.0645444	0.0	0.0
FBgn0030798	0.0822504	0.0993944	0.0	0.0	0.0949117	0.0816768
FBgn0030799	10.2765	14.0433	21.7931	16.8647	13.6552	5.52882
FBgn0030800	20.9675	20.4319	23.8545	18.9376	13.0877	15.4795
FBgn0030801	31.2792	26.6626	23.770519999999998	21.02317	18.949689999999997	22.16279
FBgn0030802	74.6724365912	69.3613954	80.88759999999999	46.8898	70.5695	50.9658
FBgn0030803	27.08512	34.1693	28.012847999999998	24.346	22.324640000000002	24.2362
FBgn0027556	11.120270000000001	9.85464	6.7935300000000005	6.9552	8.83988	5.153264999999999
FBgn0030805	22.85192	27.0515	26.3815	31.78953	28.5223	36.35433
FBgn0030806	20.8197	16.8715	13.9852	16.1575	15.2627	14.3505
FBgn0030808	39.76998	38.61706	23.71199	24.5391	26.487019999999998	28.04399
FBgn0030807	2.51596	4.56056	1.33012	1.10645	1.45163	2.49841
FBgn0030809	52.240899999999996	48.43643	40.61019	36.21476	40.231178	40.768029999999996
FBgn0266354	0.3969217937845	0.3426014726641	0.11989901422369999	0.14961911046787002	0.1308532420507	0.22523319654949
FBgn0030812	40.58683	36.21830000671012	29.66739398	25.47440000533306	31.597022	31.532834953
FBgn0030813	4.28573	7.76854	2.49233	4.3349	2.96727	3.61746
FBgn0030815	0.0	0.0	0.0	0.0	0.0	0.0928565
FBgn0030814	0.0	0.0	0.250768	0.0	0.0	0.0
FBgn0030816	0.521999	1.05134	0.551936	0.612161	0.200785	0.518359
FBgn0065032	82.3374809	89.5791	76.0283	73.0914	74.07705	76.2457
FBgn0260748	171.8826	158.72064	141.59581	135.65686	124.35442	107.5112
FBgn0002709	13.112129999999999	13.56299	14.24895236811	16.39313	9.531096284	11.655292
FBgn0028581	4.02083	5.26565	4.27069	5.38341	4.4112	3.87087
FBgn0002590	4606.59256	4247.37802	4266.517622	4012.61961	3772.44268	3094.27275
FBgn0260747	199.40273	179.17001	185.22767	133.72970999999998	155.139	126.41847
FBgn0286809	16.70204	16.29621	16.68727	15.31973	14.81421	13.21012
FBgn0000163	11.0678272	10.332398999999999	11.3916883276	9.11223200111313	12.768342	9.313769548
FBgn0030826	0.0	0.0	0.0	0.0	1.04073	0.0
FBgn0030828	1.31434	2.46489	0.616205	0.578008	0.758331	0.978878
FBgn0262111	0.5705610000000001	0.689487	0.388771	0.358452	0.47028	0.242821
FBgn0030833	4.609733	5.43131	3.2900139999999998	3.75037	2.393702	4.463139
FBgn0262101	1.21664	0.735114	1.28641	0.535042	1.40392	0.0
FBgn0030834	29.8669	45.25	37.2359	43.1285	49.8964	39.3972
FBgn0030838	33.962312	29.26335	26.46389	27.0673	24.80019	30.810200000000002
FBgn0030837	0.0	0.982715	0.0	0.0	0.0	0.0
FBgn0024238	138.6693	153.04697	88.1688	81.2411	100.47488999999999	84.85040000000001
FBgn0004854	0.0	0.0	0.14158105702850002	0.0	0.0	0.0
FBgn0027602	17.529239999999998	16.093519999999998	19.13628	11.78036	20.8843	16.72872
FBgn0030839	7.46685	6.54096	4.239390128422	5.46604	6.08207	2.3989439999999997
FBgn0030841	0.0	0.0	0.0	0.0	0.0	0.157682
FBgn0263706	6.145387000000001	6.071288	5.3045990820224	5.215755	4.064792000000001	5.832791
FBgn0028343	66.83100754707	60.4813324948	53.05171857446	54.898030886	49.555145	57.921349344495766
FBgn0030847	0.756256	0.228472	0.59972	0.332579	0.218168	0.187745
FBgn0030846	0.0	0.0	0.25479307	0.0	0.0	0.0
FBgn0026313	44.2864257479	46.95875571	36.20848	37.73365000711457	35.08501747	33.579372400000004
FBgn0030850	78.82316999999999	95.26463000000001	61.313069999999996	63.90734	61.73166	60.81555
FBgn0030851	20.5166	20.8084	26.7291	22.5565	20.2927	22.9201
FBgn0267967	1.7479274999999999	2.6403003000000003	0.4620265	1.1530303	0.0	0.8678706
FBgn0030853	106.1133	92.3531	56.9714	61.8984	65.3479	58.4193
FBgn0030854	79.92048385	80.7315	52.0628153648	54.18910000328869	56.534403	58.232333981500005
FBgn0030855	37.1566	31.2775	27.367	27.7927	30.0501	29.6441
FBgn0026375	35.113417126893	35.1420518	26.414903128091638	27.95800028	27.5912839	30.083562999999998
FBgn0030858	22.9711	22.0719	26.3026	20.7954	23.7918	20.808
FBgn0250788	134.8077	138.83916000000002	91.695753579	93.75761100000001	94.14163	91.94823
FBgn0030859	0.18241	0.881723	0.578613	0.160437	0.0	0.181138
FBgn0263258	0.173418	0.37760248775	0.275045	0.27483243797	0.27042980161	0.54301247692
FBgn0030863	65.79817	76.08777	52.66046	50.21534	55.13465	56.89538999999999
FBgn0026192	34.187200000000004	40.91592	31.629379999999998	31.5148	26.7425	29.54202
FBgn0030864	42.5326	47.4943	31.5941	26.7547	47.8374	35.0184
FBgn0261570	45.5642079103	46.791751511777534	33.3253938967	31.845516706	37.43511783170745	37.69498045853
FBgn0030869	31.292469999999998	27.00295	27.962400000000002	23.8015	25.68857	30.384
FBgn0030870	0.234025	0.0	0.0	0.0	0.0	0.0
FBgn0000617	80.6847	67.0329	61.318	50.2673	50.4319	45.9032
FBgn0030871	71.2961	47.2029	44.5092	38.025	52.5135	44.061
FBgn0030872	34.587559999999996	36.01668	28.307570000000002	27.27127	29.52572	23.83579
FBgn0030873	115.10873	105.3717	87.14787	67.83337	80.60242	78.6142838902
FBgn0030874	16.1089	17.3507	10.7381	9.85634	8.08203	4.52077
FBgn0052554	16.3537	10.6413	11.9711	8.29834	6.53232	6.87063
FBgn0052557	0.201199	0.243136	0.0	0.884813	1.16085	0.199795
FBgn0030876	36.635220000000004	28.967309999999998	18.847018	12.038440000000001	17.515644641	14.37873
FBgn0030877	36.0817	32.5895	30.8748	25.5192	25.5396	16.6222
FBgn0030878	112.72449999999999	92.1708	84.2098	66.2769	86.6	67.2238
FBgn0259168	26.41833	25.596196900000002	27.047542	22.339720044931397	27.51847	25.86849
FBgn0030881	1.00704	0.811292	0.709859	0.590486	0.0	0.666674
FBgn0030880	1.04493	0.0	0.0	0.0	1.20579	0.0
FBgn0030882	80.01316	72.6233500111197	53.992393	55.40518	50.16150000765346	42.4554186
FBgn0052496	2.31185	8.11292	5.67887	1.77146	1.11832	0.666674
FBgn0052495	80.01316	72.6233500111197	53.992393	55.40518	50.161500007653466	42.4554186
FBgn0030883	22.9366	27.7175	14.6789	14.8649	16.7163	12.5871
FBgn0283469	161.04548	154.61321999999998	115.98841	100.40273	123.40122	110.1964
FBgn0030884	0.99212700161117	0.35967700126573005	1.3637300279105	1.13440000153722	0.22897000331707001	0.985208
FBgn0003380	0.357604	0.0613155	0.0	0.22099	0.132747	0.0
FBgn0030886	0.0	0.621758	0.272011	0.0	0.0	0.0
FBgn0283476	0.03175	0.115104	0.0671418	0.0279255	0.0366375	0.0315286
FBgn0030890	24.673358999999998	28.86571	21.28938979	20.347659999999998	18.55970000274122	22.71488775
FBgn0030891	18.65328	17.95664	16.71446	13.48658	15.32266	15.06966
FBgn0030892	30.57022	34.3905	20.758000000000003	23.43990610699	16.082160000000002	20.60918
FBgn0021765	173.35789999999997	128.3875	146.259	108.9271	120.0847	86.10210000000001
FBgn0030893	62.298959999999994	61.10509999999999	63.19023000000001	53.259259	54.5643	47.10805
FBgn0030894	40.6083981	44.1362	28.1542	25.737951000000002	28.68703	31.47865
FBgn0022724	24.1671	20.1551	19.0748	14.3702	19.2461	15.2103
FBgn0030895	0.294705	0.356132	0.623212	0.0	0.0	0.0
FBgn0283471	0.46833218753600003	0.0	0.0	0.411918144587	1.0808521284100001	0.0
FBgn0017418	31.834912	35.57234	21.09028754	17.122649438	24.324779	28.202469999999998
FBgn0030897	0.07208919999999999	0.1742299	0.15244449999999998	0.25362229999999997	0.16637059999999998	0.28634689999999996
FBgn0030904	2.83734	2.11	0.923096	1.91966	2.26669	2.16735
FBgn0053542	4.42159	3.25239	4.4719	4.39623	6.43325	5.15436
FBgn0004956	0.0	0.0	0.0	0.152358	0.0	0.0
FBgn0030912	0.929941	0.0	0.0	0.278868	0.365867	0.0
FBgn0265784	49.32043	52.643604260000004	47.931231	35.4215851	46.71916	40.074625
FBgn0004957	12.022129999999999	7.97615	11.71461	9.12264	6.269456	8.427018
FBgn0030915	20.9336	15.2654	14.8833	11.7456	9.16264	11.1106
FBgn0008635	169.513	139.796	108.088	105.504	108.256	105.367
FBgn0022355	0.213815	0.0	0.452154	0.940296	0.0	0.0
FBgn0052549	107.5624	117.0068	73.78884000000001	86.31318300000001	80.479	65.67499
FBgn0085357	1.30441	4.72891	0.0	1.14729	4.51563	3.88595
FBgn0052548	0.0	0.0	0.347429	0.0	0.0	0.326293
FBgn0052547	0.108398	0.0	0.0	0.0	0.0	0.0
FBgn0030925	3.845739	2.14492	2.502337	3.6426819999999998	3.072278	1.76258
FBgn0030926	0.0	0.0	0.0	0.0	0.310203	0.0
FBgn0030927	0.0	0.0	0.254023	0.0	0.0	0.0
FBgn0030928	1.24788	1.50799	0.659725	1.09757	2.15997	3.09795
FBgn0030929	2.35585	0.0	0.83032	2.07207	0.906167	2.33942
FBgn0030930	57.0272	48.1634	51.1563	44.489351	44.12625	38.798500000000004
FBgn0030931	0.833259	1.51041	0.0	0.366443	1.44229	0.413724
FBgn0010194	22.464840000000002	23.930770000000003	21.614269999999998	19.946	21.3772	18.3963
FBgn0030932	0.193103	0.233352	0.408354	0.0	0.222828	0.0
FBgn0030933	0.0	0.736266	0.0	0.0	0.0	0.605022
FBgn0027087	104.47818	97.13591	92.92245000202472	79.69682999999999	91.58546000000001	91.903867
FBgn0265598	8.169335	7.030506000000001	6.223148	5.4367958000000005	5.901547000000001	5.58473
FBgn0030936	1.32554	1.20138	0.700782	0.582936	0.764796	0.658149
FBgn0030937	0.0	0.389501	0.0	0.0	0.0	0.0
FBgn0030938	1.63785	0.659744	2.30904	0.480185	0.0	1.08428
FBgn0030940	0.0	0.0	0.069205	0.0	0.0755267	0.12999
FBgn0030941	25.9611	27.9808	25.0389	16.19972	17.0029	20.7286
FBgn0027335	266.0513	250.05704999999998	220.9426	213.388638109	240.96847	221.5401128196
FBgn0030943	76.2623	56.8159	61.4555	43.3063	46.1369	39.7033
FBgn0030944	92.5045	76.1094	71.2761	41.9791	72.6769	48.3727
FBgn0030945	10.9263	10.5182	10.7696	10.0988	4.27397	6.06867
FBgn0030946	66.8586	56.9875	48.1701	50.4661	53.4228	41.327
FBgn0001079	11.4628	15.699	11.1775	11.5383	8.36747	8.83023
FBgn0030947	0.0	0.0	0.0	0.0	0.599687	0.571997
FBgn0010383	0.272783	0.0	0.144213	0.0	0.224276	0.40632
FBgn0030954	0.574174	0.0	0.202368	0.168337	0.220853	1.14034
FBgn0030955	506.14657	462.22207	478.74915	428.37264999999996	452.32226	347.45345
FBgn0030956	12.9593	20.3496	7.61168	11.2458	9.89261	8.22401
FBgn0030958	4.29081	0.0	0.0	0.0	9.93102	0.0
FBgn0030959	29.6119	23.7213	22.2182	18.9505	19.0713	20.5999
FBgn0283473	18.7309	20.701040000000003	12.1386	14.570347	14.6419	11.800100127946001
FBgn0030960	10.8304	8.251	7.96624	7.45494	10.5957	7.24781
FBgn0001090	0.235015	0.0	0.745481	0.620118	0.0	0.0
FBgn0030961	0.625663	0.756074	0.850558	0.628911	0.515697	1.06508
FBgn0259927	0.079557	0.0	0.0	0.0	0.0515756	0.0
FBgn0030963	7.4336	7.48586	7.85992	3.81393	9.29273	5.22874
FBgn0030964	0.0	0.0	0.0	0.213017	0.0	0.481002
FBgn0085451	38.1316	32.6671	30.46050777397	29.85391	32.2184	29.83244085
FBgn0030966	13.5929	15.2003	12.0128	13.2046	15.2171	12.0878
FBgn0030968	5.8907	8.31395	13.1269	7.563969999999999	4.20846	2.27731
FBgn0030969	36.3771	32.9696	25.5507	23.0823	26.9851	25.5444
FBgn0052544	2.49519	1.46033	2.984	1.22146	2.09997	2.35448
FBgn0030970	10.9438	13.73366	12.3446	9.63794	11.1138	10.57240000320841
FBgn0085430	14.59892	13.6028	12.99888	10.77916	13.698644999999999	12.85664
FBgn0030973	38.3325	33.29418	29.13155	24.232670000000002	36.86108	31.12621
FBgn0030974	38.78323714	29.59022609	23.777929999999998	20.143440000000002	24.39294829	23.07602
FBgn0030975	0.0	0.0	0.0	0.204465	0.0	0.0
FBgn0030976	0.0	0.0	0.0	0.0	0.0	0.389903
FBgn0264090	0.0	0.152984	0.0979291	0.0	0.106875	0.183943
FBgn0085359	246.77390000000003	356.508	255.04129999999998	521.405	282.62	337.178
FBgn0030980	0.0	0.0	0.0	0.0	0.0	0.629697
FBgn0030981	0.0	0.0	0.698994	0.0	0.0	0.0
FBgn0030983	0.893599	0.0	0.0	0.0	0.0	0.0
FBgn0030984	0.347067	0.0	0.366972	0.0	0.0	0.0
FBgn0030985	2.90628	2.63404	1.53648	1.91715	2.51525	3.60752
FBgn0261461	59.34654	61.0011	54.20382	48.850390000000004	56.208439999999996	50.02609
FBgn0030989	0.722072	0.872578	1.01798	0.211698	0.833225	0.478024
FBgn0047095	0.0	2.65389	0.0	1.93159	0.0	1.09041
FBgn0030990	109.9854	110.28172	106.73476	112.26026	99.84403	92.97442
FBgn0030991	190.478	190.112	172.808	154.916	165.528	141.045
FBgn0030992	3.547594	5.99208	3.263421	3.155068	3.21648	1.7614269999999999
FBgn0030993	175.839	138.344	165.353	121.752	159.735	102.538
FBgn0030994	5.04007	3.0453	5.32912	4.98707	10.9049	6.88176
FBgn0030995	9.80272	5.01175	8.97357	6.63223	8.03999	5.99037
FBgn0030996	46.44054357	46.18598	38.716501861190004	37.11520204675	38.64610000428318	40.5737
FBgn0030997	0.134971	0.326207	0.142711	0.118712	0.467243	0.268059
FBgn0027603	27.3607	32.5318	25.1305	23.2261	24.2923	24.403
FBgn0031000	0.0	0.0	0.0	0.393431	0.0	0.0
FBgn0031001	0.206709	0.26257	0.229742	0.0	0.125364	0.0
FBgn0031002	3.27376	4.789	2.00403	3.03095	3.57888	3.59313
FBgn0031003	33.3885	31.0938	23.9674	21.0146	19.0874	18.555
FBgn0031005	0.205344	0.0	0.0	0.0	0.236953	0.0
FBgn0031006	23.98492835	22.63543088315	17.21234983	17.839839259999998	15.696769999999999	16.736214461
FBgn0040068	34.4214569	28.966969	27.63083	25.11254	29.76565909	25.360883403000003
FBgn0031008	28.7335	35.7053	25.7955	19.7887	23.1471	23.957
FBgn0052537	13.93416	12.19345	13.97123	9.29743	8.03958	8.3499
FBgn0052536	16.1696	12.8127	8.51867	15.2861	8.76244	13.2282
FBgn0031010	0.0	0.570416	0.0	0.415169	0.272345	0.703104
FBgn0031011	177.3746	171.5279	161.8315	144.76	151.6951	137.2044
FBgn0031012	40.19146	42.76844	34.399	36.9123	39.6988	32.7973
FBgn0259834	14.38091	15.988157000000001	11.40423	12.775057	15.26708	13.7094
FBgn0086778	0.32594500000000004	0.357125	0.104158	0.192687	0.4213350119407	0.391287
FBgn0031016	2.78869300506544	3.31970700171145	1.0828970147349	1.71969200148782	2.557776	2.40493000208199
FBgn0052533	5.28625	3.26503	3.9747	2.68637	1.76222	1.9831
FBgn0031018	13.7079	9.46575	8.79993	4.30594	5.08435	7.77842
FBgn0044030	25.259460000000004	32.2203	22.256800000000002	19.74828	19.4319	11.14814
FBgn0031020	50.52534	42.208749999999995	37.51223	29.561700000000002	35.61551	32.176159999999996
FBgn0020261	15.0859	15.22128	11.5319	10.914539999999999	11.25592	11.440560000000001
FBgn0031021	48.504	47.0564	55.6198	40.8588	26.0145	35.2763
FBgn0031022	9.3872	10.3126	9.92556	10.1329	9.84748	10.1692
FBgn0040890	74.1195	97.5303	55.73	36.2173	51.3175	40.8903
FBgn0027621	18.57303	19.35295601976	14.14955145604	13.235412	12.99989856	13.25513600950327
FBgn0031023	26.477818892000002	29.563743016	24.5814189	23.161257	23.78606	23.80259229
FBgn0027291	163.5674	126.42515	108.48389999999999	91.6853	96.04768999999999	97.95693
FBgn0261573	71.16142057598137	68.609906	67.8353448192	53.75314	71.24168	56.905410132658005
FBgn0052532	0.286894	0.34752	0.100831	0.335526	0.221926	0.378999
FBgn0026430	29.939334000000002	30.795057	18.187369999999998	22.349816049999998	21.287890878	20.377909000000002
FBgn0000257	21.59536	18.014161	12.990886159999999	10.9717	9.90593	10.25615
FBgn0031030	141.95404	145.1039	121.59773	121.18263	136.42125	138.0842
FBgn0031031	0.286875062729	0.346670136204	1.81996271469	1.0092701924079999	0.9931061401	0.85462213683
FBgn0031032	4.43823	2.681667	2.5598093244999998	1.99625	1.39682	2.55433
FBgn0031033	2.02744	2.2273	0.0	1.459	2.33954	0.732109
FBgn0031034	7.81429	7.46662	4.2273	3.83609	2.93583	3.24828
FBgn0285947	4886.39926	4190.399	3818.6469	3438.7348	3501.8657000000003	2938.9606000000003
FBgn0031036	36.67127	30.387320000000003	22.526059999999998	18.123649999999998	22.9717	19.768465000000003
FBgn0031037	97.09729999999999	109.1885	74.1893	66.6857	70.91420000000001	66.672
FBgn0031038	0.7246819999999999	1.1478	0.502148	0.417705	0.548018	0.4716
FBgn0031039	33.256182	27.6522	24.407448	24.399005000000002	21.895418	22.3786
FBgn0031040	66.9456	66.55284999999999	46.8093	60.7807	59.82711	57.9007
FBgn0027358	12.895747	8.74161	10.4385	10.2238	11.5383	7.69439
FBgn0031041	12.895747	11.58948	10.442531859999999	10.2238	11.53830000723046	8.97861
FBgn0031042	4.32146	3.65555	3.53911	1.17758	2.49335	1.32952
FBgn0031043	52.2548	64.1836	39.965	43.86109	25.083530000000003	41.9018
FBgn0031044	22.37043	22.673000000000002	17.80361	17.34847	16.93176	17.67592
FBgn0031045	5.56899	3.36489	1.76651	2.44908	1.28525	3.8711
FBgn0087008	52.238211048843496	49.97466000104097	45.300811	38.977822790000005	43.1351300654291	39.334385
FBgn0031047	138.5197	140.71517	111.1042	97.9919	102.67250252027	102.9839744
FBgn0031048	44.6498	43.7999	55.5417	59.831	51.826	45.1208
FBgn0031049	97.5924	80.60597999999999	104.0638	59.6793	59.1708	68.5215
FBgn0031050	37.507239	34.3808	21.68723	24.150619999999996	18.7876	16.0972
FBgn0031051	30.686059999999998	26.25868	27.99893	25.0031	26.69204	26.37301
FBgn0031052	27.8226	30.6464	20.24531	18.13677	24.719119999999997	21.026980000000002
FBgn0031053	17.59259	14.83106	7.87195	5.03299	7.501661	6.549625000000001
FBgn0031054	37.574799999999996	30.539000560045	27.77559351256	25.444490000000002	29.5454	28.39725
FBgn0004057	49.62327	53.103	34.20786	30.884	40.42028	28.3437
FBgn0031055	117.7334	124.95760000000001	102.0745	85.9868	87.8146	84.0318
FBgn0043903	26.851	27.7262	21.0075	19.1565	24.5572	18.4087
FBgn0031057	132.014	117.76859999999999	96.6133	93.8622	110.3835	86.34299999999999
FBgn0031058	3.59446	8.06683	7.05827	5.41968	4.14778	2.54957
FBgn0086384	28.51256	29.56251	26.75833	24.336	23.362109999999998	24.12524
FBgn0031059	46.15179	34.562689999999996	19.24459	24.58418	15.83283	19.36475
FBgn0010341	352.222	354.371	259.421	239.00900000000001	278.36945000000003	235.226
FBgn0031060	23.665680000000002	21.038	23.87244	16.269199999999998	13.4974	9.72439
FBgn0031061	26.92	26.1535	17.9126	15.6316	17.1403	18.66655
FBgn0031062	31.2398	33.9509	25.0507	22.8665	29.2745	30.1891
FBgn0040089	62.95435	64.7385933111	38.232788	44.17210344613	38.828209647790004	45.71540324804
FBgn0031064	0.0592374	0.0715846	0.0	0.10418630000000001	0.0683249	0.0
FBgn0010380	101.125	90.1016	72.1877	64.9019	79.2261	69.5802
FBgn0031065	0.22606320000000002	0.0	0.0	0.0	0.0	0.336729
FBgn0031066	400.1783	361.3399	317.1379	231.76229999999998	424.9296	275.7634
FBgn0042132	14.26929576	17.901	12.10521357	10.14684925	15.03887	11.84649673
FBgn0066303	28.08421	28.54385	25.7618	17.9943	22.53497	19.207919999999998
FBgn0066304	28.08421	28.54385	25.7618	17.9943	22.53497	19.207919999999998
FBgn0052528	98.27080000000001	89.7253	60.8047	56.128299999999996	70.5589	64.8159
FBgn0031068	44.094300000000004	51.2159	44.812599999999996	43.3012	32.6041	52.714299999999994
FBgn0031069	153.68690999999998	147.00801	108.574	101.79998800224405	101.384992	92.85195
FBgn0031070	39.34714	33.61489	24.07831	19.77574	21.454715999999998	21.61169
FBgn0259789	0.10569194821	0.1276408	0.05906984096	0.0437649	0.1289314635	0.22190563809
FBgn0026175	4.51995	5.46207	1.91167	5.56568	2.08629	0.897684
FBgn0031074	0.0	0.913887	1.59925	0.0	0.0	0.0
FBgn0261811	41.71616	42.502493	31.23956	26.952243	31.995919999999998	29.711840000000002
FBgn0031078	85.8968	73.6688	64.7521	49.2378	64.91223000000001	55.678200000000004
FBgn0031077	27.74699	25.151229999999998	26.23301	21.475340000000003	22.80631751	18.99367933
FBgn0052529	120.62135669	106.58544042906	123.28909408	111.180488	119.74690487	111.42386490999999
FBgn0086782	5.09992	5.82636	3.66951	5.87816	4.35974	5.57111
FBgn0052821	2.2514	0.0	0.0	0.0	0.0	0.0
FBgn0263207	2.2514	0.0	0.0	0.0	0.0	0.0
FBgn0267044	4.83696	0.000157787	1.13625	1.7404	0.0	4.36656
FBgn0267046	0.0	17.6968	8.31477	0.0	6.71151	4.31054e-05
FBgn0267048	0.0	7.39168	0.0	0.0	0.0	0.0
FBgn0267049	4.83696	0.000157787	1.13625	1.7404	0.0	4.36656
FBgn0267050	4.83696	0.000157787	1.13625	1.7404	0.0	4.36656
FBgn0264309	4.83696	0.000157787	1.13625	1.7404	0.0	4.36656
FBgn0031080	244.555	195.935	193.533	147.71	175.213	140.229
FBgn0031081	0.46576270000000003	0.28141819999999995	0.12311262	0.20482888	0.13435963	0.3468875
FBgn0053517	0.0934412	0.0	0.0988001	0.0821855	0.0	0.073357
FBgn0031086	0.0	0.600688	1.05117	0.0	0.573597	0.493612
FBgn0062565	1.61126	1.46033	0.212958	0.177146	0.464822	0.600007
FBgn0040784	0.0	1.75932	0.0	0.0	0.0	1.44571
FBgn0085360	3.79235	3.43711	8.01968	7.50494	16.4105	5.64884
FBgn0031088	0.142387	0.172065	0.0	0.0	0.0	0.0
FBgn0041626	0.0	0.0	0.212958	0.177146	0.464822	0.600007
FBgn0031089	14.06056	6.732317999999999	9.817309	5.60012134595	6.2804	4.47858
FBgn0031090	97.98736	90.29881	64.34962	62.470558000000004	62.481864	70.530861
FBgn0031091	30.461	21.62824	20.693129999999996	14.566569999999999	22.576689000000002	15.41336
FBgn0031092	45.8784	36.7928	36.1617	29.7138	25.9891	22.7792
FBgn0031093	24.9295	25.6626	16.1084	12.9935	12.519	9.16875
FBgn0031094	25.6248	26.7672	24.339	16.4261	18.5435	17.6829
FBgn0000084	245.132	194.75900000000001	193.4878	122.2564	146.1118	129.9535
FBgn0067861	1.48284	0.0	0.0	0.0	0.0	0.592124
FBgn0053491	0.0	0.0	0.253894	0.0	0.0	0.0
FBgn0053497	16.2542	5.10653	17.3184	8.16578	5.22163	2.44882
FBgn0052823	0.0060704444	0.00505238	0.0046493948866	0.002474983	0.0070926240000000005	0.14509529000000002
FBgn0283432	9.79592	6.22091	2.5782	3.85334	4.87325	6.67429
FBgn0283429	0.0	0.0	0.253894	0.0	0.0	0.0
FBgn0283430	0.0	0.0	0.253894	0.0	0.0	0.0
FBgn0003654	58.568285823000004	56.44459	45.511330759	39.87251322	47.872891853249996	39.012152
FBgn0031097	7.87937	4.534151	5.55417	2.9701060000000004	2.597792	2.23555
FBgn0022770	0.374125	0.904212	0.395581	0.0	0.0	0.371515
FBgn0031098	16.5347	11.0804	10.4898	9.91565	9.19308	9.25455
FBgn0015789	84.9463	92.321	69.6233	73.7539	70.316	74.7804
FBgn0031099	3.27339	2.76927	4.90326222136	4.078710266783	3.14774	3.52144
FBgn0027334	49.8749	45.9796	53.8225	34.3701	56.3658	39.8258
FBgn0031106	34.0979	32.0966	24.6681	17.6786	21.5372	19.2468
FBgn0031107	15.3577	14.5243	11.3748	9.63596	9.64568	9.06194
FBgn0031108	0.0	0.0	0.0	0.0	0.0	0.442158
FBgn0031111	0.0	1.206	0.0	0.579477	0.0	0.0
FBgn0011280	0.914625	0.0	0.0	1.6089	0.0	0.0
FBgn0023177	93.2503	83.55657458	80.57101079	69.39211300212054	84.9657589	65.470630911501
FBgn0031114	42.786	41.1433	28.4914	32.0273	34.0354	30.0125
FBgn0040650	11.6227	11.8279	16.2629	7.37896	6.454	2.77701
FBgn0031115	43.547458	39.838499999999996	33.556970973773005	33.9728	31.22839000385582	40.066300016568704
FBgn0002641	13.262034	16.39481	12.410789999999999	13.809743	11.7855	11.05032
FBgn0031116	0.541861	0.622273	0.340295	0.089597	0.519932	0.319593
FBgn0052506	0.222275	0.0	0.0	0.217982	0.0	0.0
FBgn0031117	22.425877	25.98358	15.300757417	10.11514	13.73568	11.422113
FBgn0031118	30.3553024	23.85939134342	20.1428842549334	18.0702	21.26491	21.42071000188975
FBgn0040649	0.0	0.0	0.0	2.57061	0.0	0.0
FBgn0031119	11.6743	9.14671	7.46055	11.3964	9.77046	12.7394
FBgn0026323	55.3236	61.0187	46.9746	46.964299999999994	42.8804	35.2657
FBgn0083981	0.08418245999999999	0.0	0.0	0.0	0.0	0.0
FBgn0031126	15.855730000000001	17.143729999999998	11.29435	12.037410000000001	13.096419999999998	10.27577
FBgn0031127	5.22467	3.78821	3.54318	2.75719	1.93342	3.32762
FBgn0031128	0.9396830262682501	2.2710901262162	1.324760352274	1.6529800393449998	0.7228891413617	0.6220860120673101
FBgn0003300	0.170864	0.0	0.0	0.0	0.0	0.0
FBgn0085387	0.042716	0.0	0.0	0.120981	0.0	0.0424181
FBgn0031142	3.40452	3.14611	2.11751	2.81827	1.61766	2.78416
FBgn0031143	94.28800000000001	91.36779999999999	58.312400000000004	72.36840000000001	57.9936	73.3143
FBgn0031144	51.9570400167866	45.51409462000001	43.491643202000006	44.51857897	39.013891941	46.958510000000004
FBgn0031145	289.8313	294.49746	260.3768	246.53292	291.49542	213.49525
FBgn0031146	0.11205	0.0	7.13306e-06	0.0	0.501411	0.0
FBgn0025814	286.07461	258.742	241.85	209.881	196.83253	172.686
FBgn0031148	116.47157	91.6618	107.9196	91.90293	102.50757999999999	98.00449400000001
FBgn0031149	222.52689999999998	224.1548	217.3682	224.7072	239.5785	239.3636
FBgn0031150	9.56492	10.149792199	6.55286	8.08568483075	5.9846759793999995	9.250833182140001
FBgn0052512	18.6469	24.485695766	15.5455340394	18.641072121	18.620513000000003	13.757690747318
FBgn0288700	9.00082	10.1518	10.786	9.18326	7.06628	4.40944
FBgn0031155	0.378496	0.0	0.0	0.0	0.43676	0.375856
FBgn0031157	34.07815	37.1084	43.15981	27.33818	23.33513	21.19679
FBgn0003950	4.75046	6.77507	4.85019	3.8568300000000004	4.32213	3.37416
FBgn0031161	30.06235	33.86532	23.62516	23.183440503223398	24.63887	25.87661000644822
FBgn0083956	0.060350124199999994	0.0	0.0	0.0	0.574331	0.05992918125
FBgn0052511	0.0	3.28995	0.0	0.0	2.91406	3.12277
FBgn0287645	0.0	0.0	0.0	0.0	0.0	0.403348
FBgn0031164	0.0	0.0	0.0	0.530888	0.696511	0.599386
FBgn0052521	164.60420299999998	149.82918899999999	140.45648	92.75744	123.28312	107.203401
FBgn0052523	1.12346	0.0	1.78183	0.494063	0.648198	0.0
FBgn0031168	0.0	0.964554	0.42198	1.75509	0.460527	0.792617
FBgn0031169	55.5418	66.274	46.6532	50.832800000000006	53.1558	52.686
FBgn0031170	17.09679	24.22819	11.15407	12.46838	11.75321	16.17006
FBgn0031171	0.0773683	0.0930936	0.0	0.0	0.0	0.076373
FBgn0020369	336.129	290.804	269.458	247.694	278.81	286.697
FBgn0064116	81.1966	83.519	100.68459999999999	79.3107	91.9949	90.6165
FBgn0064117	81.1966	83.519	100.68459999999999	79.3107	91.9949	90.6165
FBgn0029067	40.6876	42.283	33.52810358427	29.9336	38.82178	34.35893
FBgn0031174	40.96503	39.79444	37.092500047396705	33.79748	36.69386	36.74630000155659
FBgn0015558	0.0	0.0	0.142761	0.35626	0.779008	0.536303
FBgn0000709	40.3162	37.8592	27.3532	26.1516	28.9795	30.3599
FBgn0015379	96.1135	102.101	81.8718	59.7738	58.9131	44.288
FBgn0015527	93.19	84.7896	84.4121	73.3755	92.284	75.9703
FBgn0003464	79.704435	72.993733	68.70376912	64.36127141	60.6324079736	61.641886
FBgn0011710	112.551	109.014	81.4368	76.7245	79.3008	71.2006
FBgn0024182	17.1762	15.3372	14.5523	12.7001	15.8365	16.7441
FBgn0024251	24.733081053000003	27.899839999999998	21.549170000000004	24.984360000000002	25.45424	20.4469668333
FBgn0003423	24.2055	19.67842477008	15.964411	11.92772	15.2195451038996	10.559520231396
FBgn0001565	73.60032000000001	80.95255	62.909459999999996	66.47896	63.31615	65.2093
FBgn0020272	42.22177	36.88022	30.57092	27.65006	30.9803	24.6095
FBgn0028583	0.994157	1.20138	0.0	0.874403	1.14719	3.94889
FBgn0259245	0.092837896	0.112188301	0.0	0.08165484	0.0	0.0
FBgn0031181	0.260359	0.314627	0.0	0.0	0.0	0.517086
FBgn0031182	0.245092	0.296178	0.0	0.0	0.0	0.0
FBgn0027588	145.698291617	136.45557571499998	97.677482108	93.483461816	92.394513657941	102.613206874
FBgn0040028	0.0	0.2866	0.0	0.417195	0.0	0.0
FBgn0053502	109.109	27.5894	84.1509	20.5672	24.602	23.6256
FBgn0052820	1.71075	0.0	0.0	0.0	0.366664	0.315535
FBgn0052857	12.6393	109.094	2.26178	86.9976	88.0292	101.574
FBgn0052819	0.0456842	0.0	1.03165	0.0	0.366664	0.315535
FBgn0285970	65.1644	18.9484	34.3594	27.5714	0.0	0.0
FBgn0024807	100.255672033	107.665240142575	68.719905	78.460650465934	69.02980624241	78.52372004
FBgn0085521	0.0	0.0	0.0	0.0487228	0.030754	0.0
FBgn0288729	0.0	0.0	0.0	0.0487228	0.030754	0.0
FBgn0288731	0.0	0.0	0.0	0.0487228	0.030754	0.0
FBgn0288732	0.0	0.0	0.0	0.0487228	0.030754	0.0
FBgn0288733	0.0	0.0	0.0	0.0487228	0.030754	0.0
FBgn0288734	0.0	0.0	0.0	0.0487228	0.030754	0.0
FBgn0288735	0.0	0.0	0.0	0.0487228	0.030754	0.0
FBgn0288736	0.0	0.0	0.0	0.0487228	0.030754	0.0
FBgn0288737	0.0	0.0	0.0	0.0487228	0.030754	0.0
FBgn0288738	0.0	0.0	0.0	0.0487228	0.030754	0.0
FBgn0288739	0.0	0.0	0.0	0.0	0.030754	0.0
FBgn0288740	0.0	0.0	0.0	0.0	0.030754	0.0
FBgn0288741	0.0	0.0	0.0	0.0	0.030754	0.0
FBgn0288742	0.0	0.0	0.0	0.0487228	0.030754	0.0
FBgn0288743	0.0	0.0	0.0	0.0	0.030754	0.0
FBgn0288744	0.0	0.0	0.0	0.0487228	0.030754	0.0
FBgn0288745	0.0	0.0	0.0	0.0	0.030754	0.0
FBgn0288746	0.0	0.0	0.0	0.0	0.189379	0.0
FBgn0288747	0.0	0.0	0.0	0.0	0.030754	0.0
FBgn0085693	1.3858	0.0	0.0	0.0	0.0	0.688065
FBgn0031183	24.02521	27.53593	22.9696400197448	20.374005	26.154760670045	19.52657
FBgn0031184	8.15504	12.99188	5.28055	6.15202	3.4624800000000002	4.0330449999999995
FBgn0014395	3.68928	3.64766	3.19161	2.06492	3.09614	0.999148
FBgn0266848	54.97103	56.736200000000004	43.422470000000004	40.07376	41.44797	42.97614
FBgn0031187	58.93710477817	71.55791291704	54.226121249900004	49.28165	52.635403558	59.74999
FBgn0031188	29.84394	28.53927	31.97118	27.14954	24.98449	28.10141
FBgn0031189	20.3778	19.979	15.0419	12.8505	11.5355	14.8904
FBgn0031190	50.589804199999996	52.221700604695	35.782379999999996	33.1982944	36.1993421	30.008250421474997
FBgn0031191	27.551694485	24.449563421	17.22631597	20.120693	22.85282	21.06088
FBgn0027279	73.575036	81.354354	55.031936	56.435810000000004	57.66206736	64.662658
FBgn0031195	33.648487	32.17191538	23.89584	22.527748	12.7496	20.945961
FBgn0262866	11.841809000000001	12.734701	8.385587000000001	8.313181	8.274036	7.983319
FBgn0031194	25.88283	26.700508	24.530330000000003	19.433541	22.946678000000002	24.34022
FBgn0031196	0.499313	0.905083	0.791924	1.09792	0.864264	1.73541
FBgn0031197	0.510796	0.617264	0.54009	0.0	0.589426	0.0
FBgn0052499	0.448087	0.270742	0.473785	0.197056	0.0	0.444962
FBgn0031201	0.476952	0.384244	0.840508	0.279666	0.0	0.473625
FBgn0000719	26.790026267165	25.616385321971	26.81376926	27.909559	28.062682634159998	26.990569999999998
FBgn0259677	1.57519	2.409782	1.343167	1.8434	1.7004	1.5642
FBgn0263829	31.8295	33.4815	27.0286	26.5448	25.6914	24.0741
FBgn0069973	10.820615	6.8078	6.0834399999999995	4.954951	7.150847	2.79713
FBgn0016975	0.73388631298712	0.82773144522158	0.957035019467	0.71003230504935	0.5363440171062	0.8259369349925599
FBgn0016976	0.73388631298712	0.82773144522158	0.957035019467	0.71003230504935	0.5363440171062	0.8259369349925599
FBgn0044872	1.50999	0.260676	0.912338	0.0	0.0	0.856835
FBgn0039966	16.177802171150002	12.60161	12.074300286243998	8.69551	12.123100204018002	12.246900015646201
FBgn0039965	51.568329999999996	54.50193	40.65812	48.37653	45.73502	51.64574
FBgn0265767	0.0	0.219299	0.0	0.0	0.0	0.0
FBgn0039941	0.3373525	0.0	1.41198	0.2967168	0.9731769442	0.493401
FBgn0039942	7.14094	8.159469999999999	4.51777	4.915369999999999	6.20937	7.70775
FBgn0039943	26.2686	29.9605	27.1509	27.2579	25.544	25.4991
FBgn0040514	0.0	0.338163	1.23426	0.0	0.0	0.0
FBgn0039944	26.85536	30.116191	19.075692538	22.268546	26.1130747128386	26.9078292
FBgn0039945	2.8420699999999997	7.257611	6.140957	7.0161	3.4478299999999997	4.37867
FBgn0003559	85.0925	84.8997	79.85423	67.48685	80.53688000000001	82.0005
FBgn0286928	31.9492	37.3216	40.5378	37.4676	30.7228	38.0717
FBgn0039946	3.75571	3.4039	4.16965	3.13814	4.11715	3.54303
FBgn0267513	0.0	19.3841	8.193	28.2689	17.8842	0.0
FBgn0267515	2449.06	3362.99	1458.26	1524.1	1978.87	3214.88
FBgn0085813	52055.6	58655.5	43469.3	56245.6	45448.6	62090.1
FBgn0267519	20410.2	26049.7	17559.2	23195.1	18319.8	26997.2
FBgn0085771	185.354	162.945	145.679	75.294	158.536	114.872
FBgn0085819	497.753	574.653	623.988	749.55	666.658	1007.09
FBgn0267520	36.2627	106.901	133.076	67.138	114.409	32.5098
FBgn0267522	5236.22	6233.32	4011.46	4434.1	4147.11	6682.37
FBgn0267521	26623.5	34450.2	23038.4	30701.5	24881.3	34024.1
FBgn0031208	0.466357	0.563638	0.0	0.410302	0.272763	0.459256
FBgn0002121	55.2634000665933	70.754168587	60.59554395173616	70.887416288576	64.9164652996714	77.52266016534206
FBgn0051973	0.8640540000000001	0.6793210000000001	0.59438	0.547012	0.8649030000000001	0.7439258000000001
FBgn0067779	13.2557390764	17.4613689	15.152382131299998	16.1755146157	13.461750925999999	22.057933
FBgn0031213	56.48459	67.25846	47.363440000000004	65.05929	50.23938	69.6164
FBgn0031214	1.6485	1.9921	1.04582	2.02989	1.14136	1.3096
FBgn0002931	2.6569760000000002	5.779418000000001	3.09029	3.037998	3.98577	4.22151
FBgn0031216	9.72253	11.9736	11.2623	13.399	10.2187	11.6841
FBgn0031217	68.7279	67.4046	73.03479999999999	83.45009999999999	83.3905	88.7584
FBgn0026787	11.8995	14.18	10.3102	12.6465	11.6334	11.3241
FBgn0005278	178.91285775620003	187.72139	192.48723999999999	226.32250000913604	187.6338000503808	235.10792859999998
FBgn0031228	110.62476000000001	118.68338	104.339782	105.13791225727	93.895490775804	138.05642
FBgn0031219	3.13986	2.276596	1.77733	2.76165	6.52177	5.00762
FBgn0031220	88.7378112561	101.44443762	65.3060500727765	67.700023	71.37244735	79.30567034053273
FBgn0288229	193.83361000000002	216.40798500000002	175.47213000000002	204.167318	172.3768	204.3124
FBgn0001142	2.960141	4.697376	2.70263	1.8234242444	2.691312	3.345373
FBgn0051975	0.684358	1.24051	0.409575	1.20384	2.36912	2.03876
FBgn0051976	0.0	0.0	0.409575	0.419499	0.0	0.94725
FBgn0051974	0.0	0.397746	0.696035	0.289493	0.379808	1.12933
FBgn0031224	45.6989	37.925	42.498	42.1311	52.7336	49.2074
FBgn0259818	0.533412	0.920839	1.0473970000000001	1.005341	1.055151	1.437743
FBgn0031227	6.73774	6.88949	7.94616	7.52162	7.47588	6.94808
FBgn0031229	42.092600000000004	44.23148	41.41047	46.3582	48.14974	45.0702
FBgn0053635	6.81957	17.3061	11.5371	10.7966	6.29548	10.8352
FBgn0016977	39.287506591719996	47.8740831	40.4522708230776	46.616361866	40.336276119	44.9890989665686
FBgn0031231	35.3378	25.3552	39.6997	32.0523	35.6803	27.9634
FBgn0031232	0.733426	2.58334	1.55098	2.90285	0.423163	1.45662
FBgn0031233	11.01821	10.0795	9.57955	12.52211	10.454619999999998	11.852879999999999
FBgn0266557	56.9428	68.488787	64.2583946	65.1853	65.47503	71.73286999999999
FBgn0031235	0.0	0.336344	0.613037	0.247193	0.33291	0.280342
FBgn0283652	6.46202	6.00688	15.24196	18.79967	12.6191	14.80834
FBgn0031238	16.801100007287943	16.7681598397	18.0338	18.487000000000002	16.7436000747326	16.17830000452795
FBgn0031239	0.211316	0.244592	0.428022	0.623078	0.700681	0.7034710000000001
FBgn0031240	1.05153	0.0	0.555918	0.924865	0.404466	0.870163
FBgn0086912	22.2194	25.3423	32.7328	30.7417	36.8753	34.7082
FBgn0086856	32.661699999999996	27.0081	34.75403	27.26426	34.973	34.67665
FBgn0086855	24.409137348616	24.5807400143512	25.57886047	25.22596	29.10552	26.94777200206781
FBgn0003444	13.3955	11.9212	15.4298	14.3363	17.1678	15.7697
FBgn0031244	26.12103	22.470390000000002	18.724800000000002	16.1608	15.83729	16.70647
FBgn0031245	18.719751	14.65344	17.73876	15.2929	9.71147	5.33423
FBgn0025686	0.262291	0.0	0.0	0.0	0.0	0.260462
FBgn0031247	26.1709	23.8096	22.3866	26.7784	17.6845	16.1714
FBgn0017457	57.09943	50.42387	71.98456	61.8109	54.062830000000005	61.06284
FBgn0024352	169.424	175.637	203.251	179.568	194.275	156.391
FBgn0020622	22.581764	24.927149999999997	26.61017	28.21391	24.771822999999998	25.362450000000003
FBgn0004611	3.92568	4.60156	5.66211	4.9164282	4.486109023	6.519835
FBgn0053127	0.0	0.593104	1.55685	0.431681	0.566355	0.0
FBgn0264086	0.0	0.0	0.272191	0.160212	0.0	0.361766
FBgn0051921	0.174547	0.0	0.0	0.153521	0.201416	0.0
FBgn0031250	26.309	30.9979000590369	29.80887	28.3463	29.70061	40.276914284099995
FBgn0000061	0.0	0.0	0.255761	0.212752	0.279124	0.0
FBgn0031251	0.189942	0.114766	0.0	0.0835308	0.0	0.0
FBgn0003278	15.9414	16.7514	23.5734	20.8285	19.3284	22.1393
FBgn0264855	57.83240000000001	55.7932	57.2929	55.201800000000006	59.797799999999995	56.9514
FBgn0263933	39.3935	42.4987	46.7772	46.9992	49.3293	50.5952
FBgn0031252	34.2984	24.408	35.0566	28.491	42.6565	32.5455
FBgn0002593	4486.67	4401.75	5146.8099999999995	4777.98	4924.040000000001	4422.73
FBgn0031253	37.0205	28.9474	46.0514	66.0799	55.2838	58.3872
FBgn0031254	27.5271	38.3048	27.3418	39.6183	40.4275	52.1851
FBgn0031255	2.07567	2.05225	3.79085	3.81724	3.91939	4.8719
FBgn0004583	45.350730000000006	42.147999999999996	40.9861	41.232	47.6605	46.7492
FBgn0015924	93.3942	113.48180027390801	88.32440000000001	110.80854558499999	93.0224000220318	113.7895319774
FBgn0031256	92.8457	107.868	124.036	114.793	111.703	111.792
FBgn0262510	4.01473	0.0	0.0	3.63188	0.0	8.54941
FBgn0031257	80.10788	69.4683095	102.8339	90.60938	92.1271	90.929754
FBgn0031258	1.29034	2.105048	0.7503879999999999	0.768872	1.21049000341101	1.53761
FBgn0027592	75.6964	73.6113	84.1597	76.8649	76.1022	71.4584
FBgn0003963	64.72540000000001	66.10925	67.06955004655211	63.43574	67.40119	68.450025589
FBgn0043364	39.958451	60.17777	29.301242000000002	53.4778	38.408162000000004	66.1954
FBgn0010602	186.6563	151.0315	221.4835	181.07250000000002	201.13725	147.1138
FBgn0031260	133.787	130.805	148.412	153.262	154.09	155.708
FBgn0005660	8.76904	10.297104000000001	10.58475	12.22033	12.55313	8.36551
FBgn0031261	93.8183	64.3502	124.533	75.5392	122.849	89.4531
FBgn0260933	29.47059	31.800600000000003	30.40078	36.8655	29.87021	37.039100000000005
FBgn0031263	315.136	281.038	293.989	346.738	273.989	332.188
FBgn0031264	1.35546	0.472257	0.6591948245	0.6854287335699999	0.751597	0.9286392140499999
FBgn0031265	17.6773	20.4718	18.107	17.1675	14.0239	18.1025
FBgn0021874	28.9081	25.7762	44.2168	30.8566	38.5399	42.0842
FBgn0031266	24.46668	24.69804	29.71391	26.61844	26.75894	24.68633
FBgn0031267	30.4801	35.9238	29.443	36.7376	29.9614	25.4098
FBgn0031268	11.6661	8.40694	9.86815	13.133890000000001	9.15414	13.43833
FBgn0013323	2.46023	0.0	0.867106	3.75247	0.0	0.941474
FBgn0023489	0.0	0.0	0.733507	0.0	0.0	0.0
FBgn0010323	0.420232	0.0	0.0	0.0	0.0	0.0
FBgn0031270	1.60626	5.8232	12.7379	6.35749	8.453834	7.9753
FBgn0284247	0.0	0.0	0.0	0.0286461	0.0	0.0323422
FBgn0031275	0.0738021	0.0	0.0	0.064912	0.0	0.0
FBgn0031279	0.0	0.0	0.0	0.0	0.107825	0.0
FBgn0000442	0.0	0.0	0.344806	0.0	0.0	0.0
FBgn0051658	22.6307	16.8913	28.855	21.6609	9.98491	14.5413
FBgn0086130	18.5103	17.1594	21.1805	18.7338	16.6781	15.3596
FBgn0031281	7.7459277	8.934944100000001	8.7133	8.32754	7.28367	9.0904583
FBgn0031282	13.40397	12.28802	11.24042	11.78936	15.467344	9.17965
FBgn0031284	17.5934	16.0457	18.9534	15.7661	19.5356	11.8669
FBgn0015621	45.6657	38.1354	52.9954	36.2464	42.4133	37.605
FBgn0031285	150.05763000000002	148.73042999999998	137.61263200000002	143.80139000000003	124.32399999999998	129.79209
FBgn0031286	18.649	16.1979	19.4104	18.1966	19.8385	11.285
FBgn0010583	35.378222955985635	27.204576280580003	37.671350010985606	29.814700000000002	31.258600559378	27.957086056999998
FBgn0020304	58.938686999999994	64.65328699999999	59.619161489999996	69.70494224	60.709388000000004	72.99734149999999
FBgn0031287	24.89859	21.577495000000003	27.5053	24.51421	20.5837	19.189899999999998
FBgn0020545	113.88879999999999	103.3334	133.844	141.2233	99.1039	111.982
FBgn0031288	1.33809	0.0	0.967079	0.0	1.00347	0.664379
FBgn0031289	1.33426	0.537458	0.0	0.0	0.513218	0.78297
FBgn0029095	94.99780000575731	89.898	77.9725	71.95288	79.048533717	70.3972
FBgn0020305	70.568	57.6453	64.194	58.2533	85.0704	76.3396
FBgn0053526	95.9597	107.1566	100.45968	112.3605	101.76447	105.63210000000001
FBgn0031292	0.464019	0.160211	0.299002	0.349821	0.152985	0.592435
FBgn0002936	1.73534	0.699015	0.0	0.508767	1.33498	1.72323
FBgn0002563	0.161561	0.0	0.341653	0.0	0.186431	0.0
FBgn0028481	0.0	0.13041	0.0	0.0	0.0	0.0
FBgn0031294	0.0	0.07283890013699999	0.063732097012	0.0	0.069553855084	0.0
FBgn0031296	2.49863	0.862696	6.03869	4.70925	3.29515	2.83566
FBgn0003310	26.5034	16.58166	26.631999999999998	23.80673	26.679000000000002	24.2652
FBgn0015905	24.123	21.033	28.4122	23.5	29.422	26.6837
FBgn0031298	32.8308	46.03485	46.640779	43.876929999999994	45.35818	44.626000000000005
FBgn0031299	3.87139	3.8872880000000003	3.46355	1.73004	1.8714520000000001	1.90842000138608
FBgn0261938	19.7529	18.614359999999998	22.227	21.03945	20.5979	25.37371
FBgn0031301	0.0	0.306318	0.26802	0.334423	0.438754	0.125857
FBgn0031302	6.54876	7.91376	4.94595	10.697	9.17617	13.4707
FBgn0016926	47.703500000000005	54.316500000000005	44.9854	49.011399999999995	51.8516	53.6822
FBgn0031304	45.055	44.4956	51.9099	42.0874	42.6681	41.3466
FBgn0031305	0.0	0.0	0.0	0.0	0.286067	0.246176
FBgn0031306	0.0	0.201	0.0	0.29259	0.191935	0.0
FBgn0031307	74.5569	106.012	66.2555	147.032	61.2777	133.098
FBgn0283525	13.601	12.1626	13.5181	12.2019	7.21954	11.3451
FBgn0031309	41.7869	44.6251	48.2935	38.0354	40.9304	33.2929
FBgn0031310	108.354	85.7272	127.926	92.7381	95.3175	77.2009
FBgn0261458	308.31707173424	282.08864	316.424717	264.30351	291.76673	264.92223
FBgn0031312	112.304	92.3716	131.00200000783585	106.1040601347	110.7800709294	109.362
FBgn0031313	11.179869	11.20979	15.066541999999998	14.18246	4.46568	3.8429599999999997
FBgn0031314	18.9178	17.9622	21.4315	22.3834	19.2311	13.1948
FBgn0031315	30.4363	24.17	40.4572	23.7106	18.0625	25.0428
FBgn0024314	64.97513	61.833256999999996	78.8349	75.29332507000001	71.79074299999999	63.5544
FBgn0051922	9.1309	25.2208	8.27534	16.062	7.52605	12.9532
FBgn0031317	39.0657	42.8101	36.9446	41.8294	36.3994	44.817
FBgn0031318	51.7696	50.0868	59.5299	61.058710000000005	57.0995	64.7231
FBgn0031319	31.09393	25.880969999999998	30.3840083	30.370019149	27.657546430000004	34.7519837
FBgn0031320	9.79733	11.8394	12.3191	10.2474	7.63884	5.78481
FBgn0031321	15.0709	11.3397	17.7392	15.2563	18.0471	15.2482
FBgn0031322	7.349755	11.4991	4.49045	5.49312	6.89657	4.51045502996
FBgn0040723	0.0	1.92516	3.36892	1.4012	0.0	0.0
FBgn0031327	5.13902	4.96815	9.78074	11.75196	12.09745	9.18572
FBgn0041097	0.0	0.0	0.0774757	0.0	0.0	0.0
FBgn0053126	0.541386	0.654232	0.572436	0.0	0.624726	0.0
FBgn0002543	0.517684	0.234596	0.41053	0.455324	0.44803	0.70685
FBgn0263321	0.0	0.466473	0.0	0.0	0.0	0.0
FBgn0031343	0.309733	0.0	0.328185	0.0	0.0	0.0
FBgn0031344	15.189309999999999	12.7627	11.98891	10.87912	16.9265	13.47785
FBgn0261509	0.989098	0.683612	1.13297	0.8529517999999999	0.746032	0.855492
FBgn0031347	0.191674	0.0	0.0	0.337171	0.0	0.190337
FBgn0051935	9.51734	12.9798	9.77565	11.5997	8.47214	11.0711
FBgn0031351	12.162	14.697	7.41892	17.6911	11.3353	8.82561
FBgn0021906	168.12560000000002	144.09140000000002	190.3751	143.1541	200.1975	146.8237
FBgn0086758	47.17952	41.8731	55.904467	50.2195	51.7044	50.6874
FBgn0011570	152.655	134.9019	145.1006	126.9708	147.3114	127.64340000000001
FBgn0031356	63.7652	62.2544	67.0412	59.2528	59.2389	55.0924
FBgn0031357	45.383	50.7049	39.64049877	45.1228	38.369080000000004	33.804809999999996
FBgn0086698	36.2709	39.492272	34.676223	36.644	34.048770000000005	42.209154999999996
FBgn0031359	31.60984	32.061530008300004	27.889699999999998	25.75443	27.6374400459977	33.944600300931
FBgn0000579	412.04424365999995	379.38701448999996	404.064033	439.96827	374.77961868999995	396.27333000000004
FBgn0260648	66.4394	48.76882	61.4829	44.135999999999996	49.5543	39.4305
FBgn0031360	39.8581	27.1828	38.3886	40.2634	37.3415	34.0938
FBgn0031361	9.22767	16.726580000000002	12.1961	10.65241	13.97568	15.46311
FBgn0264494	2.77654	1.17434	1.76146	1.46525	2.08257	0.9650121
FBgn0027597	24.5108	26.202	28.2423	22.3874	19.2185	15.9145
FBgn0031365	2.32069	0.0	1.22689	1.02057	0.0	0.0
FBgn0045498	0.0	0.0	0.0	0.354659	0.0	0.0
FBgn0051665	0.0	0.0	0.0787222	0.0	0.0859132	0.0
FBgn0051663	0.0	0.0	0.121925	0.0	0.0	0.0
FBgn0031374	33.5016757	38.6255893	31.021054799999998	27.785104	33.368809999999996	30.1085351320246
FBgn0267972	87.45009999999999	79.7867	108.18440000000001	96.14500000000001	86.7842	102.90549999999999
FBgn0031377	25.9419	18.6649	27.806	22.8574	28.7671	22.8223
FBgn0031378	24.0573	19.8912	22.7594	17.2616	18.9941	23.2608
FBgn0031379	43.0788	47.9225	45.3365	45.1488	45.2966	44.1776
FBgn0001125	164.413	133.53309000000002	162.79	134.67	151.908	143.83620000000002
FBgn0031381	779.151	712.921	678.346	506.03	747.257	525.205
FBgn0043539	0.0	0.0	0.0	1.67594	0.849532	0.0
FBgn0053543	0.150782	0.546631	0.0	0.132619	0.173993	0.14973
FBgn0040718	0.0	0.0	0.0	2.26418	0.0	0.0
FBgn0031384	3.05094771285211	1.58916594	4.50825	3.04831000381489	0.40001700287032	0.458983
FBgn0259192	0.0	0.0	0.0	0.0	0.14917	0.0
FBgn0003557	70.906863058	70.220690597423	74.09741803	71.025390112574	71.70912	66.23265
FBgn0028952	3.12692	3.093509138	3.7478	3.117549312	2.2723021119999998	3.715337961
FBgn0026396	0.0	0.0	0.0	0.338507	0.0	0.0
FBgn0053516	13.672429999999999	16.49829	22.634911270000003	17.26998	19.64855	19.650570000000002
FBgn0031388	0.7643772999999999	0.46184539999999996	0.4040899	0.0	0.4410055	0.3795251
FBgn0031389	189.0228	195.2637	150.4346	140.3322	181.17989999999998	138.7597
FBgn0004507	40.71985	44.496	30.68818	55.3733	37.1572	56.20862
FBgn0031390	45.565690000000004	44.587824999999995	49.85509047	48.4176752	47.1394693	48.432695
FBgn0031391	17.2705	16.1979	19.35114	20.178	13.0877	15.6142
FBgn0027509	35.1949	34.8095	39.3177	34.5485	38.7996	42.0226
FBgn0031392	32.7544	35.24390346137999	38.9721	38.4408	45.42	36.87182
FBgn0031393	1.53338	2.83582	0.538362	1.95046	0.595604	2.46228
FBgn0000097	52.26356128011	44.53354	53.326995942500005	47.14750343783	52.54838000968719	50.159808086800005
FBgn0031395	33.9797	30.819184365999998	28.2123175419	31.828400000000002	28.5207	29.5639
FBgn0085201	0.0	0.0	0.0	0.0	0.0	0.578717
FBgn0051668	1.1018	2.13033	3.49497	1.93816	3.05138	3.72
FBgn0053124	2.2564	3.71824	2.3858	4.14961	2.84044	2.24066
FBgn0031397	1.31832	1.36552	1.19479	1.32516	2.17322	1.1221096
FBgn0010288	125.58539999999999	133.4167	138.1378	136.3521	157.12599999999998	125.1659
FBgn0085203	6.71486	6.31126	3.15553	5.24978	5.16568	6.66802
FBgn0031398	8.972316999999999	8.21825	10.2184	9.1297	7.84761	10.335401999999998
FBgn0040715	16.1965	12.4118	18.7961	11.1184	17.3222	17.6526
FBgn0259717	16.1965	12.4118	18.7961	11.1184	17.3222	17.6526
FBgn0031399	21.8538	22.1494	17.7403	15.5011	19.0354	17.6411
FBgn0031401	44.500033448	41.49807	46.40772	41.10551889999999	53.2261134269	45.19858
FBgn0031403	22.0325	24.7231	34.112	32.5282	16.344	25.0043
FBgn0267378	128.80519999999999	136.1964	130.5175	140.26330000000002	136.24690480747	141.8652718
FBgn0262126	61.7071	61.03269	69.298	72.16361	70.63919999999999	67.1312
FBgn0051682	0.42763	0.0	0.0	0.0	0.0	0.0
FBgn0264979	6.576665	8.36577	5.48987	4.262227	8.3879	4.468442
FBgn0031409	0.0	0.0	0.727449	0.605118	0.0	0.0
FBgn0031410	0.0	0.656976	0.0	0.0	0.0	0.0
FBgn0051949	0.0	0.0	0.0	0.671693	0.0	0.0
FBgn0031412	0.0	0.0	0.787372	0.0	0.0	0.0
FBgn0031413	7.5166	7.56052	3.689992	4.013920597435	5.0971900526732	7.16481
FBgn0031414	0.211	0.0	0.164294	0.371168	0.179302	0.0
FBgn0014010	147.63718	157.9464	139.1877324834	125.901215395	153.73271	149.67236
FBgn0261647	13.10179181	17.661270000000002	18.10006137	14.952520999999999	16.85935451	14.657040084762901
FBgn0031417	1.5184087400000001	0.45872559599999996	0.401370827	0.667754761	0.87607126	1.88478227
FBgn0031418	119.44191500000001	108.133498	105.035472007	106.134	100.17832999999999	117.0969
FBgn0031419	1.06497	1.93043	1.68908	3.27841	1.22891	2.11509
FBgn0031420	15.379449999999999	14.38146	16.0874336	12.850549804	15.676424085739999	10.616990001429869
FBgn0264672	16.2935	18.41536	12.805054	14.67986	14.23535	14.172009999999998
FBgn0031422	3.00398	1.08904	4.12914	3.17056	1.03992	1.49152
FBgn0031423	0.0	0.0	0.0	0.0	0.0	0.520221
FBgn0031424	0.0	0.0	0.0	0.0	0.0846007	0.0
FBgn0031428	3.618926	5.659490999999999	6.52752	6.178768000000001	4.421663	4.227869
FBgn0000490	3.491736	3.44337	2.074966	2.3972729999999998	3.0733829999999998	3.886193
FBgn0264978	35.992191999999996	27.742296	37.233503	34.907809	34.34868	35.354732000000006
FBgn0011818	23.804081999999998	19.585169999999998	25.704729999999998	22.4958	33.604929999999996	29.17035
FBgn0031432	0.0	0.336489	0.588837	0.0	0.321313	0.553015
FBgn0041337	0.0	0.0	0.249853	0.207837	0.0	0.0
FBgn0026778	4.08378	5.30055	5.43747	3.99095	4.36335	4.65608
FBgn0085343	4.08378	5.30055	5.43747	3.99095	4.36335	4.65608
FBgn0031434	4.00738	1.65401	4.34164	4.21345	1.974263	2.91825
FBgn0031435	3.90518	4.71916	2.85864	2.64213	0.346641	0.89491
FBgn0031436	91.5462	94.79388	96.6596	76.28381	68.15907	86.1773
FBgn0031437	153.8942	124.2482	150.0952	136.52349999999998	163.8058	117.2504
FBgn0026479	61.1237	59.46529	70.51939	62.3353	66.60437	55.9338
FBgn0031449	50.11503	43.92932771681402	47.03937033	42.37228213547	35.28167400732	45.78110597175
FBgn0031450	61.18665	48.0388	61.3345377411	50.65068	45.33425	53.04409
FBgn0031451	2.8442598836	4.200911959	3.31191	3.0575686219	0.36467689999999997	0.31382440564999997
FBgn0031452	20.8195	25.4659	24.6981	20.9914	24.9033	23.9519
FBgn0250906	235.584987	209.50236700492434	221.63150503552748	208.53510016799999	199.357075026705	203.349895
FBgn0031453	507.07066000000003	499.09170000000006	382.12577999999996	326.04338	451.79762	425.1533
FBgn0031454	14.2258	14.7351	16.2137	15.5996	12.5782	13.5762
FBgn0031455	14.2258	14.7351	16.2137	15.5996	12.5782	13.5762
FBgn0031456	15.55800282927	12.39335	14.28215	15.290569999999999	13.422	12.668090000000001
FBgn0031457	32.87496	30.4349	35.98965	34.684599999999996	41.757780000000004	33.51544
FBgn0031458	92.49549999999999	72.1586	92.2293	82.8984	76.33500000000001	90.6878
FBgn0026324	68.9136	57.2534	69.4502	60.6124	72.0667	47.0476
FBgn0028398	69.3836	57.5808	77.7822	49.9971	62.7009	53.9576
FBgn0019830	43.2252	42.8401	53.5955	47.3178	45.17047693	41.0709
FBgn0031459	235.811	209.9688	310.34040000000005	226.5065	241.447761	180.3593
FBgn0031460	24.8778	33.0696	32.2231	41.027	27.9897	21.6162
FBgn0004242	0.698408	1.3640934	0.45784539999999996	1.01151	1.53125	1.40557
FBgn0031461	14.528939999999999	17.49913	10.92219	20.488940000000003	11.40831	21.21579
FBgn0031462	0.0	0.542736	0.0	0.0	0.0	0.0
FBgn0031463	0.0	0.472098	0.0	0.34361	0.0	0.387944
FBgn0283531	0.6878572184599999	1.4777410512	1.20014	2.0632	1.1465202228	2.58044940838
FBgn0031467	0.896691	0.0	0.0	0.0	0.0	0.0
FBgn0031468	0.461383	0.0	0.243922	0.202903	0.0	0.0
FBgn0031469	0.24084	0.0	0.0	0.0	0.0	0.0
FBgn0031470	13.7874	13.9739	9.87549	9.77951	9.23793	6.18314
FBgn0031471	1.14553	1.3843	0.403741	0.335846	0.440622	0.0
FBgn0031473	0.224173	0.270898	0.0	0.197169	0.258681	0.222609
FBgn0015521	4731.6720000000005	3438.5366	5063.8305	4296.9636286572	4349.1756000000005	3242.2659000000003
FBgn0031474	75.98897	80.11893	67.45505	63.3078	74.74876	63.7581
FBgn0051694	57.9887	58.3322	63.1673	57.7292	63.4224	58.0588
FBgn0031476	0.973005	1.17581	2.57202	2.5674	1.68418	1.44933
FBgn0031478	34.5579	33.1719	28.7654	30.6107	31.1102	33.5868
FBgn0031479	32.8823	29.8021	36.0098	33.053	25.0702	22.7404
FBgn0051950	30.21812	16.59853	34.8559	28.99433	26.94489	15.0037
FBgn0028970	32.7605	24.3624	35.6385	28.8142	21.8097	16.5788
FBgn0024947	159.85874	171.0689405095	158.34024000000002	173.76708000000002	143.29667	179.60033
FBgn0041111	37.87564	33.953219	37.3494773564	34.49433941296	37.99669	33.399293384319
FBgn0010263	0.130092	0.28650702	0.137553	0.208530748	0.27358262	0.35315531
FBgn0024920	118.6472	107.78399999999999	135.10236999999998	92.67932	134.9968	98.45788
FBgn0004584	83.5285	88.1024	77.87458	75.30197	90.4611	87.1952
FBgn0260639	56.7416	58.8951	46.8017	52.5987	47.8167	44.6559
FBgn0031483	48.83441	53.308099999999996	52.430499999999995	62.2912	52.1786	70.14320000000001
FBgn0031484	55.530770000000004	51.4781	53.487390000000005	52.8561	62.32340000000001	69.49589999999999
FBgn0031485	42.0419	43.3091	45.1818	38.1901	42.94651	36.957899999999995
FBgn0250786	38.293820600000004	40.339174274	44.89501	40.365000120312	44.145400229983004	42.2250196
FBgn0025109	24.8313	22.7318	30.4107	20.1439	29.4591	20.9979
FBgn0002989	9.0652	11.0252	11.5371	11.0995	8.3321	8.18471
FBgn0025681	77.283460389535	72.78320000000001	76.30715000000001	69.09232	68.22027	69.62459
FBgn0031488	6.99483	4.60227	7.38258	7.03435	7.91047	5.67283
FBgn0031489	95.935	101.89801	102.8638	112.08860999999999	101.5223	136.6963
FBgn0031490	24.6877	30.945300671464	26.921938	30.048299999999998	20.52550717484	33.6469
FBgn0031491	37.9735	34.7265	47.2049	44.9085	35.5289	35.9252
FBgn0031492	35.3247	36.2672	39.1726	38.7738	42.2538	40.3544
FBgn0031493	49.2067	49.233000000000004	57.2503	56.62	53.321600000000004	51.31547
FBgn0031494	13.2768	10.2504	13.2583	12.975	13.6183	16.8465
FBgn0031495	77.178162	79.9794	71.6225	76.09876	85.3362	94.7627
FBgn0031496	1.1709614	1.2381337000000001	1.3928031	0.7724350099999999	1.5200482	2.6163060000000002
FBgn0031497	194.6053	155.08530000000002	204.9817	212.26870000000002	211.721	196.1948
FBgn0031498	10.7084000187259	5.1761800195594	10.190300222508	10.0464000146694	7.414100114737001	9.57036
FBgn0243513	6.94135	6.29113	7.95106	5.08767	4.67243	8.61617
FBgn0031500	8.03131	11.6464	11.37612	11.5999	10.41284	11.0287
FBgn0031501	1.16034	1.17729	0.0	0.856871	0.0	0.0
FBgn0042627	0.524087	0.826020969	0.554144	0.687047	0.788714	0.533289
FBgn0283427	971.6551	907.5559999999999	983.8012	951.2998	965.2044999999999	869.43571
FBgn0015600	12.95200882	14.27879	12.532091909	8.577849	12.7638798	13.726927156733
FBgn0031505	202.61239999999998	155.97480000000002	180.9071	198.0073	197.4328	238.45800000000003
FBgn0011648	28.66693	27.19193	34.917229999999996	28.405459999999998	38.8794	31.17358
FBgn0260817	16.7772	12.1645	10.7732	18.0922	12.8665	15.8449
FBgn0051953	0.549237	1.49064	0.0	0.0	0.0	0.0
FBgn0014906	143.97537	158.98982	140.06253	129.87192000000002	148.32403	126.89125999999999
FBgn0264744	5.42899	3.06161	3.4442	5.73003	2.92353	4.3129
FBgn0264745	0.257428	0.0	0.0	0.452837	0.0	0.0
FBgn0085422	0.171467	0.0	0.0	0.0	0.0	0.0
FBgn0031513	0.0	0.274861	0.0	0.171546	0.262465	0.225866
FBgn0031514	0.0	0.0	0.0	0.0	0.223489886	0.0
FBgn0031515	0.173611	0.419596	0.0	0.152698	0.601009	0.7051573608353
FBgn0031516	27.426	31.5018	27.2761	27.5854	29.4544	51.7728
FBgn0031518	0.257453	0.16612	0.303215	0.438962	0.0	0.507193
FBgn0031517	0.268635	0.0	0.284042	0.708829	0.309988	0.0
FBgn0031519	4.83351	4.611307	3.4968000000000004	3.35626	1.76133	2.020966
FBgn0020445	0.186243	0.112239	0.0979058	0.326014	0.0	0.275849
FBgn0031526	0.0	0.606897	0.0	0.0	0.0	0.0
FBgn0085423	19.42808	16.92176	16.617630000000002	15.89927	17.2688	14.18847
FBgn0031528	0.0	0.0	0.247595	0.205959	0.270213	0.697598
FBgn0031529	62.611900000000006	55.17059999999999	68.96119999999999	50.7289	51.9298	55.05471
FBgn0016698	27.6724	23.9983	32.7017	22.9073	30.4295	32.0054
FBgn0031530	0.61857950782	0.74751404828	0.26162224146	0.435253315233	0.28552106659	1.10568
FBgn0031534	69.08268	74.49737	78.6511	65.051	75.2902	67.957
FBgn0031535	52.5412	33.8986	44.726	41.5126	42.1321	47.7531
FBgn0031536	20.4587	19.135	16.5944	19.2268	16.8167	18.2288
FBgn0266670	19.6818	20.4614	22.6468	18.4565	21.7096	17.1015
FBgn0031538	3.25905	2.50622	2.81942	2.34529	2.39319	2.05947
FBgn0005616	23.92325	25.28183	18.1791	15.7204	29.0202	29.67069
FBgn0021967	178.41770000000002	144.4759	161.7897	137.419	144.0636	115.36280000000001
FBgn0031540	6.33957	6.45134	8.29073	9.83122	7.70048	7.78635
FBgn0051776	0.220235	0.0	0.0	0.0	0.0	0.0
FBgn0051956	0.0	0.424718	0.0	0.154562	0.202782	0.0
FBgn0261560	136.21617999999998	150.384	102.752	137.126	131.500000227587	174.952
FBgn0031542	0.0	0.0	0.341653	0.0	0.0	0.0
FBgn0014396	0.0806296752461	0.159938	0.139942	0.0	0.0	0.0
FBgn0284253	50.202299999999994	50.970200000000006	64.4314	69.332	66.8137	69.2331
FBgn0031544	95.4	78.97970000000001	92.79039999999999	93.4118	94.5762	89.5006
FBgn0031545	0.0	0.215476	0.188536	0.313662	0.617275	0.0
FBgn0031546	0.0	0.226271	0.395962	0.494063	0.0	0.528532
FBgn0031547	15.6661	17.3539	20.0155	19.5203	21.0906	17.8256
FBgn0031548	1.59092	3.20422	2.05598	2.79857	1.63184	3.51073
FBgn0031549	24.046	30.8616	28.5812	21.587	26.408	27.9952
FBgn0002985	0.0	0.0	0.0	0.0	0.208823	0.0
FBgn0015663	6.09677	11.118153	7.0257819999999995	8.81454	6.78285	6.11024
FBgn0031554	0.0	2.10156	10.0667	2.13573	2.3329	3.13315
FBgn0000721	18.82096350475765	22.518797292752218	14.640767739000001	17.9494940475693	17.312972000000002	18.54410857704
FBgn0262721	0.0	0.0	0.0	0.0	1.34701	0.0
FBgn0031560	3.08504	3.72808	0.0	8.14028	3.55994	3.06353
FBgn0031561	2.42947	2.93586	0.0	2.13682	0.0	0.0
FBgn0051778	2.70317	1.30664	1.7527	4.7551	1.91281	3.75804
FBgn0051777	149.993	107.223	163.063	100.338	119.452	115.382
FBgn0015376	12.5433	12.3737	14.0747	10.0192	15.065	13.4727
FBgn0051955	66.447767676	61.893	47.096453253031	70.4573	92.25140384549	70.9796132899
FBgn0031566	18.2172727	18.11571	18.09657	20.115099999999998	18.12786	19.36125
FBgn0040104	0.501568	0.0	0.0	0.0	0.578778	0.0
FBgn0003386	0.69756	0.632218	0.427096	0.153383	0.0	0.173174
FBgn0031568	0.153022	0.276968	0.242909	0.268783	0.176318	0.303548
FBgn0263846	0.0627771	0.0758621	0.0	0.162806	0.0724407	0.0623392
FBgn0004893	13.026107148906	13.256977	15.18572	15.494874	15.77823	12.493232063117501
FBgn0031571	0.07874728090000001	0.047580117299999995	0.12489024	0.1038922496	0.227166059	0.23459519599999998
FBgn0021800	5.370535	4.999264	6.93669	8.95408	7.32641	6.837256
FBgn0031573	7.35739	4.86885	5.92712	5.70076	4.24498	5.91444
FBgn0031574	7.80312	4.64225	7.742900000000001	6.177630000000001	6.5108	7.86791
FBgn0031575	11.62514	10.1037	7.64179	8.1017	10.48021	8.29729
FBgn0051957	21.18781	22.6498	20.679650000000002	26.51993	25.3898	24.27702
FBgn0000256	34.587483	37.03170169	27.85543	28.129990999999997	34.35471	35.97191
FBgn0051774	0.49371699999999996	0.3977492	0.696034	0.3870978	0.1899035	0.3268502
FBgn0051773	0.169449	0.204768	0.5375	0.447112	0.0	0.168267
FBgn0264341	0.0	1.59233	1.39325	1.15895	0.0	0.654245
FBgn0085205	1.92433	2.32544	0.0	1.69253	0.0	0.0
FBgn0031579	1.5931	2.88773	0.0	0.0	0.0	0.790992
FBgn0031580	6.35502	1.27994	6.71948	0.0	3.66664	3.15535
FBgn0264295	0.0	4.8931	0.0	7.12274	0.0	0.0
FBgn0264296	0.0	0.0	0.0	0.0	0.0	1.61508
FBgn0000547	6.2309529999999995	4.440599000000001	5.828110000000001	6.88561	4.8855946249999995	5.15624
FBgn0020376	3.20921	2.42383	2.12079	3.17546	3.24032	3.58518
FBgn0014033	222.632	252.079	188.2314	194.5247	243.8523	212.968
FBgn0051961	23.30921	24.43964	22.471330000000002	19.29544	23.3374	18.040770000000002
FBgn0040102	0.0	1.95114	0.4268	0.355028	0.465787	0.0
FBgn0031589	81.43017499999999	81.882303098151	69.380474470617	103.93774426569796	77.17347046622321	101.84496004692261
FBgn0001075	0.210079	0.169244	0.246807	0.431137	0.296288	0.347689
FBgn0031590	95.0488	107.99619999999999	112.11139999999999	105.7483	111.8651	109.4274
FBgn0003941	4501.66	4105.1900000000005	4762.1900000000005	4570.25	4654.84	4148.42
FBgn0265269	0.0	0.0	0.0	0.0	0.0	0.647658
FBgn0010473	1.3408182093199998	3.0848480984799997	1.676814187559	2.653491885903	1.8285292010946002	0.9218011008562069
FBgn0028482	2.91805	1.11356	1.29912	0.945572	3.0128	1.3726
FBgn0020762	21.957169999999998	20.99513	20.14385	17.8106261	20.85724	19.157835000000002
FBgn0026319	26.17193	25.8551	25.4742	33.141905	25.104	28.745
FBgn0031597	7.8145030769999995	12.141408399060001	6.99787	8.05144277857	10.8209209913	7.44844
FBgn0031598	15.0643	15.9925	15.9283	18.3267	15.2713	14.8194
FBgn0261976	17.221937	20.7237	20.1475	12.98320649931	14.6586	11.3531
FBgn0027560	0.142858	0.172634	0.453151	0.125649	0.329697	0.567445
FBgn0031600	78.5578	65.3977	72.6033	67.5594	75.2065	78.5877
FBgn0022153	52.55332000000001	57.58931	66.56704	66.65682	62.473690000000005	65.29384
FBgn0031601	36.2929	35.7786	40.3939	31.9211	24.2461	34.1429
FBgn0031602	0.0700515	0.0	0.0	0.0	0.0	0.0
FBgn0085206	0.0	0.0	0.0	0.250287	0.0	0.0
FBgn0085207	0.0	0.0	0.0	0.250287	0.0	0.0
FBgn0259958	0.0	1.28695	0.0	0.0	0.0	0.0
FBgn0031603	45.6035	65.94062	56.2553	48.7052	45.254599999999996	46.962
FBgn0027609	42.1317	40.6096	53.2985	39.2624	39.6463	39.3475
FBgn0031604	75.2202	71.4205	99.0471	91.0204	91.3819	89.0779
FBgn0025684	46.0228	49.341	50.9081	47.5369	49.2945	44.0612
FBgn0031606	26.7738	22.4683	26.0812	27.9095	25.3169	24.3714
FBgn0031607	86.0863	69.6587	78.9938	68.3783	64.329	62.5139
FBgn0040705	2.97866	3.59952	1.57474	1.30993	0.0	0.0
FBgn0019982	76.5112	76.5466	109.7416	75.0433	72.2654	81.6385
FBgn0285948	6446.4129	5841.985000000001	6960.581819999999	6172.603999999999	6797.8279999999995	5799.05
FBgn0053002	77.2448	52.69499	88.26150000000001	63.556799999999996	66.13278	80.41755
FBgn0031608	5.1117566375	9.05589	7.92367	5.31548	4.1034	11.5225
FBgn0031609	27.37943	16.54315	20.569502999999997	17.42726	17.45991	18.24483
FBgn0031610	3.84867	4.65087	7.79966	8.74475	5.1813	5.41425
FBgn0031611	8.91127	9.46903	8.61006	6.62162	7.80092	6.71312
FBgn0011603	0.224367	0.435338791	0.1269681202	0.1056196073	0.432757	0.11924656550000001
FBgn0053196	0.0745695	0.0501843668698	0.063076839994	0.09182169999999999	0.051629	0.13328879999999999
FBgn0031617	0.0	0.0	0.0	0.0	0.0	0.115813
FBgn0031620	0.1372277	0.0	0.0	0.12069740000000001	0.0	0.0
FBgn0031622	0.0	0.632218	0.829761	0.0	0.301853	0.0
FBgn0031623	2.97486	2.39662	6.29095	2.61652	4.57707	0.984705
FBgn0031628	13.5598	10.7821	12.289290000000001	10.725	7.451039999999999	6.41203
FBgn0031630	1.26104	0.761943	2.33338	1.38642	0.72758	2.19143
FBgn0031631	7.10632	5.5819	5.25971	6.09405	6.35518	5.6454
FBgn0031632	0.116208	0.28086	0.550507	0.366345	0.134097	0.115397
FBgn0031633	96.19330000000001	74.796	82.11836	68.309	96.8984	71.64179999999999
FBgn0031634	0.838007	0.1715	0.750289	1.622706	0.655061	1.65136
FBgn0031635	37.10533	34.07922	40.808170000000004	41.3905	40.38915	35.1474
FBgn0031636	0.0	0.0	0.215639	0.0	0.0	0.0
FBgn0031637	63.5637	67.699867223	66.179312	73.9820492	62.147119893212995	60.42263200767
FBgn0031638	19.2459	17.137	20.0818	18.4867	19.8707	16.5969
FBgn0031639	36.4588	30.452	40.2505	24.5219	31.5534	27.1534
FBgn0031640	23.7895	23.1659	23.6885	22.9553	18.6564	16.9723
FBgn0051660	0.28161	0.0	0.12134900141117	0.189466	0.1993228	0.279646
FBgn0000286	16.43062300515696	13.85692	16.77108776	16.9510798	15.7249892412	15.316468910000001
FBgn0031643	60.0776	57.1241	63.7222	82.9882	71.0643	74.807
FBgn0031644	26.9783	23.418	30.1326	28.0732	24.5542	29.0541
FBgn0267280	2.42947	2.93586	1.2844	0.0	1.40173	2.41253
FBgn0031645	13.87609	16.09764	6.45563	8.95004	7.08614	11.94207
FBgn0031646	0.753325	0.0	0.0	0.421049	0.0	0.475375
FBgn0041150	0.233113	1.07915	0.404669	0.224412	0.736057	0.483866
FBgn0031649	0.144558	0.174689	0.458544	0.127145	0.0	0.0
FBgn0003372	0.31089	0.12523	0.219146	0.27344	0.119582	0.514535
FBgn0031650	0.0	1.67913	0.734599	0.0	0.801703	0.344955
FBgn0031651	56.3523	72.9623	57.7601	62.2081	48.4384	42.8259
FBgn0015000	45.9703	56.09897	55.72197	44.82385	48.07488	40.531000000000006
FBgn0031652	8.58009	8.11448	5.52219	4.26544	8.60946	2.96356
FBgn0031655	11.7739	12.5292	13.7498	12.5195	10.1391	12.3898
FBgn0083960	1.41702	0.934027	1.36208	2.03945	0.520277	0.383766
FBgn0083961	77.9089	73.1149	72.7371	52.4866	54.515	59.2587
FBgn0015834	391.1	358.307	457.236	441.872	452.222	425.078
FBgn0262467	30.0077	53.5568	49.3015	57.6587	35.1597	42.1762
FBgn0031657	50.5249	39.391	59.0232	58.4155	58.7726	60.2879
FBgn0010607	28.973170000000003	30.52123	36.29964	29.47067	29.7284	29.3919
FBgn0031659	29.1482	30.4922	26.2199	28.6982	31.1251	28.2969
FBgn0031660	99.35220000000001	82.0415	117.7436	121.24589999999999	105.09219999999999	107.703
FBgn0031661	53.3699	52.0781	53.413	45.4349	45.7774	43.6451
FBgn0031662	82.8218	82.6172	99.5508	86.9333	83.3993	99.3137
FBgn0031663	116.615	115.374	129.792	122.961	129.844	137.472
FBgn0031664	22.376630209619	19.67177	22.16734	17.57181	18.2153	21.39843000288717
FBgn0083962	71.309970772684	78.5610035	79.123620570423	91.38169	74.5987003846153	91.30837382052
FBgn0053113	157.35040999999998	175.51275976445	143.896187026	167.143691	151.92661772	147.794948264
FBgn0031668	37.8502	38.4793	40.0209	43.3309	33.9708	32.515
FBgn0265968	37.8502	38.4793	40.0209	43.3309	33.9708	32.515
FBgn0031670	145.57653055400002	151.8487807	137.18259999999998	130.287450967	146.76659999999998	128.32950842742002
FBgn0016075	986.64483	817.0327575	1150.1269	962.0838637	1141.32028	853.8096157059999
FBgn0000299	1401.0	1198.013	1684.471	1398.217	1706.741	1262.459
FBgn0260451	0.37776	0.247839	0.0	0.664512	0.136255	0.750251
FBgn0260470	0.324741	0.247839	1.0301	0.571248	0.238475	0.598921
FBgn0031673	91.557402706	114.207826354	105.22353638759	122.25808002635591	99.6586817648226	107.75570171614305
FBgn0053995	5.72103000715594	6.157386	5.458594	6.935453	5.15662	7.460669
FBgn0264742	25.90343022551094	29.472186	27.684094	27.904655443640003	30.128520030908604	35.234269058064896
FBgn0264743	25.90343022551094	29.472186000000004	27.684094	27.90465544364	30.1285200309086	35.234269058064896
FBgn0031675	3.3457600000000003	1.76828	1.84286	3.16329	2.4192020000000003	3.97775
FBgn0022023	381.993	327.8134	487.942	427.10400000000004	473.6495	358.90970000000004
FBgn0031676	17.5403	21.9575	17.1201	19.5658	16.047	16.747
FBgn0031677	9.75855	9.82715	10.3182	17.1661	0.0	1.61508
FBgn0014857	371.804	301.605	429.2168	349.93100000000004	412.298	292.991
FBgn0031678	80.4498	92.4484	81.0887	106.304	80.2537	92.9546
FBgn0028694	146.394	128.491	159.678	135.537	155.593	134.662
FBgn0028572	12.9434998	13.646419999999999	11.670583565000001	10.5031462912	10.36398318	10.058540009254019
FBgn0261608	3136.3070000000002	3260.866	3350.623	3190.863	3644.67	3107.141
FBgn0031681	48.67188	52.4437	50.238429999999994	51.66663	50.62729	54.04971
FBgn0031682	12.9677	11.84855	25.08183	16.41299	15.693900000000001	11.93504
FBgn0031683	14.257536634	17.03399	16.1221	15.95765000605799	16.858510003084263	13.5682
FBgn0031684	119.4315	110.28629	110.7935	84.2342	67.608	74.9631
FBgn0261836	49.415420999999995	52.077619500000004	52.294653000000004	49.008877299999995	50.101957	47.185452999999995
FBgn0031688	3.16458	2.23078	1.11536	0.463896	0.91293	2.35688
FBgn0031689	8.77214	9.93804	8.98537	17.842	13.6021	23.6829
FBgn0031690	0.316029	0.0	0.334153	0.555921	0.0	1.2553
FBgn0250847	0.0	0.0	0.0	0.372837	0.0	0.0
FBgn0031692	0.0	1.05322	0.0	0.0	0.0	0.0
FBgn0003716	15.71087	20.12037	19.74519	18.73732	20.843246577000002	24.19464
FBgn0046776	18.7191	13.6762	16.9776	16.5059	21.7257	9.34263
FBgn0031693	9.51257	14.6499	19.0291	9.28739	20.7281	10.2009
FBgn0031694	1.05542	1.32156	1.65492	0.486657	1.54717	1.33742
FBgn0031695	0.828818	0.667716	0.584234	1.21497	1.2752	0.548691
FBgn0000228	23.635918750000002	23.657299532870002	28.487746485741027	25.378414687120003	25.968780003577972	27.899812374888192
FBgn0031696	20.6683	17.433189	24.58535	24.332910000000002	24.84369	21.593140000000002
FBgn0016076	10.983360000000001	9.37745	8.050533999999999	10.762717	9.09971	8.765515
FBgn0031697	0.321651	0.0	0.0	0.0	0.841563	0.482807
FBgn0031698	25.410686862	22.6479322	29.360979999999998	26.8561386	29.242287439	28.10321
FBgn0015031	311.4923	238.4452	335.2617	268.7044	320.5372	274.1662
FBgn0031700	0.0	0.0	0.0	0.0	0.0	0.923455
FBgn0031702	0.0	0.191652	0.368617	0.0	0.0	0.157489
FBgn0031703	14.2494	17.4727	8.64115	8.10956	15.4757	12.6934
FBgn0016920	0.12955	0.0782766	0.06849	0.0	0.0747464	0.0643233
FBgn0016660	0.0	0.0	0.0	0.0	0.371011	0.159638
FBgn0261963	0.200369	0.0	0.0	0.0	0.0	0.0
FBgn0031707	0.383348	1.389758	0.810668	0.674342	0.0	0.76135
FBgn0031708	41.1847	36.8155	37.5813	34.2388	24.7388	22.9698
FBgn0000318	263.94599999999997	234.389	279.7540019728	296.288	290.064300194158	328.733
FBgn0031710	15.9908	21.471	15.4467	20.8365	15.2631	18.4278
FBgn0031711	59.5063	53.3062	48.832699999999996	56.244200000000006	47.1441	47.919799999999995
FBgn0051989	11.8857	14.3632	12.4581	15.09014	11.569650000000001	12.5213
FBgn0051648	27.249	29.5686	32.3397	23.4775	25.0266	24.8501
FBgn0051915	37.5464	47.6308	43.2924	45.8745	42.738	43.358
FBgn0031713	43.1599	36.4423	50.0231	38.2043	37.6721	42.8588
FBgn0031715	0.0	0.737422	0.645225	0.0	0.704165	0.0
FBgn0014189	271.8311	252.1361878	322.198657434	253.95209999999997	319.514700125112	275.31
FBgn0002525	239.09865	203.00884	244.13021	191.65916	243.5661	200.84
FBgn0031717	21.1214	22.088	18.723670000000002	21.235139999999998	9.84285	15.7306
FBgn0031719	0.539883	0.0	0.0	0.0	0.0	0.0
FBgn0031720	0.514174	0.0	0.0	0.0	0.0	0.0
FBgn0004620	0.127281	0.0	0.0	0.111949	0.0	0.0
FBgn0024191	10.8866	8.706010000000001	11.6802	10.27928	9.23709	9.22086
FBgn0031736	35.2053	32.86115100000001	44.6692	29.042675999999997	50.150524000000004	45.80943
FBgn0031733	0.558499	0.213712	0.295265	0.245612	0.204073	0.175616
FBgn0031734	0.0	0.348083	0.304563	0.253347	0.0	0.286035
FBgn0031735	1.2102	0.584979	1.02368	0.638652	0.279298	0.721054
FBgn0031737	0.0	0.590865	0.0	0.8579509999999999	0.0	0.483109
FBgn0031738	20.39369	19.00170000470046	19.76914246715	21.34117	22.517274	20.5366095
FBgn0051913	0.585415	0.707437	1.23798	0.0	1.35106	0.581332
FBgn0031739	17.53600303592	18.84666	22.6621	21.55744	17.41205	17.92913
FBgn0031740	39.7977	32.3644	41.2861	42.9291	36.9702	27.3409
FBgn0031741	0.0	0.0	0.18594259999999999	0.15468231000000002	0.0	0.34928159999999997
FBgn0031745	0.0	0.233005	0.0	0.0	0.0	0.0
FBgn0031747	0.0	0.4688	0.347429	0.289004	0.447658	0.385234
FBgn0043362	8.16056	9.31147	9.45361	9.26505	7.87856	10.6219
FBgn0031749	0.333948	1.21066	3.531	1.76233	0.385355	2.32133
FBgn0015381	0.136727	0.0	0.0	0.0	0.0	0.115639
FBgn0001128	35.21244	37.1281	19.91503	23.88039	20.96838	27.835745
FBgn0031752	19.86810331951	23.678304	22.64264	26.889719999999997	21.971261306000002	22.250519999999998
FBgn0086265	0.578446	1.04852	0.792687	0.989079	0.667489	0.744464
FBgn0031756	0.92273405	0.8920344	1.5609265	2.2724389	0.42588373999999996	2.7489171
FBgn0031757	0.77977	0.0	2.06123	1.37168	0.0	1.54866
FBgn0031758	5.24700555464	4.9762120173	4.843532775	7.43747333939	6.0411142518	7.14822314187
FBgn0000308	1661.19203	1549.0967	1512.0132800000001	1329.09045	1592.70353	1362.43569
FBgn0001942	2512.1836000000003	2320.8510000186466	3073.6427	2848.7186035423	2914.8200292	2279.38579067
FBgn0001941	237.49803	274.1203	245.70301	289.0176	252.405	217.961
FBgn0031759	49.537409999999994	46.706706069999996	61.319427	58.7587090405101	57.8502256361	55.43323
FBgn0031760	7.43133	10.5346	10.4263	12.1925	7.58582	10.0758
FBgn0001089	2.1795274	0.8779281	2.496453	2.5559833	1.67214	2.5250523
FBgn0031762	0.9721434	1.0073235	1.1307743	0.8550407	0.961528	1.3790822
FBgn0031764	62.9041	47.428599999999996	81.8605	65.7302	78.17099999999999	60.8638
FBgn0031765	0.0	0.0	0.0	0.0	0.2786040248584	0.0
FBgn0025742	50.5663	44.5094	47.9656	41.3638	42.74222	37.815200000000004
FBgn0000052	55.50182	55.6380000419296	59.9597658	56.698800091111	67.273855	60.958018068099996
FBgn0029161	116.01115	75.82311	126.57063000000001	112.81515	107.0377082383	103.06263999999999
FBgn0085208	10.67358	9.83851	6.561529999999999	9.80874	7.79799	6.33493
FBgn0031768	40.53363	26.683999999999997	41.009519999999995	37.93792	27.86867	34.07749
FBgn0031769	59.5094	56.814821	69.96935	58.630399999999995	68.3954	57.025850000000005
FBgn0031770	0.0	0.0	0.258496	0.107513	0.0	0.606925
FBgn0085209	2.19613	0.0	0.0	3.86318	2.5342	0.0
FBgn0031771	88.997	82.5684	108.9749	92.9218	103.35929999999999	89.8015
FBgn0031772	32.89132	31.3159	29.50827	27.17598	34.5041	27.728711
FBgn0031773	5.03131	9.23263	6.30502	6.22813	6.23587	4.62613
FBgn0031774	11.14597	15.715060000000001	18.881609158	15.299800000000001	16.5988	13.1435
FBgn0031775	0.0	0.700057	0.0	1.01905	0.668484	1.7258
FBgn0031776	159.208	163.6587	204.41129999999998	176.4012	211.15370000000001	217.6411
FBgn0031777	31.920099999999998	25.7155	25.862800999466	29.0724	27.8299	25.35791
FBgn0266449	104.7415	106.5273	120.43629999999999	125.30189999999999	119.1677	115.1524
FBgn0266450	21.9187	19.0137	22.089221	16.926683	19.9403	17.6113
FBgn0266445	0.0	0.0	0.706521	0.317183	0.0	0.0
FBgn0031779	21.9286	22.2494	25.384271000000002	24.745800005819518	20.7685	23.4191
FBgn0266521	51.658158916	54.684419999999996	30.423892000000002	36.920474	44.04352	52.257318
FBgn0051642	2.66396	4.02403	3.52092	3.12408	1.53702	1.54314
FBgn0284255	246.262	163.905	252.374	199.27	240.452	182.092
FBgn0031782	45.9921	44.86541	46.872	48.7372	41.882	45.9464
FBgn0031784	0.0	0.430557	0.0	0.0	0.0	0.0
FBgn0040950	0.0	0.0	0.0	0.0	0.0	0.262409
FBgn0031786	0.0	0.0	0.0	0.0	0.0	0.588421
FBgn0085409	0.0	0.0	0.0	0.0	0.244443	0.072735
FBgn0053531	0.521416	0.112891	0.27566	0.0821657	0.0	0.25889
FBgn0031791	0.590753	0.0	0.0	0.519592	0.0	0.0
FBgn0265778	26.88203	25.02051	24.13844	25.21106	22.28707	31.747889999999998
FBgn0031799	14.3394	16.55564	16.03088	14.058	18.54920000154549	17.7765
FBgn0015623	150.21444000000002	151.9957	141.21769999999998	148.53084	141.806	161.77020000000002
FBgn0031800	0.0	0.0	0.0	0.57752	0.569591	0.326017
FBgn0031801	0.0	0.0	0.312554	0.259994	0.0	0.0
FBgn0031803	0.295377	0.0	0.0	0.0	0.340846	0.586633
FBgn0031805	78.48	71.0173	62.333	77.6143	71.0032	70.4321
FBgn0043854	4.87974	4.95872	3.5179	4.974740000000001	3.83925	7.59894
FBgn0259714	0.526893	1.11425	1.53205	1.96956	1.824	1.83126
FBgn0031808	0.198831	0.240275	0.0	0.174881	0.0	0.197445
FBgn0259716	0.0	0.0	0.0	0.363908	0.238719	0.0
FBgn0259715	5.19153	3.92102	6.86158	9.13233	16.4744	6.44415
FBgn0031811	5.34579	3.0762099999999997	2.96077	4.70185	1.468739	1.26352
FBgn0011722	178.3013	170.93400000000003	191.1524	165.7133	207.881	164.2098
FBgn0263278	18.9948	17.4888	18.4105	22.0768	15.3954	17.7396
FBgn0031813	28.286100698843	34.484049999999996	23.56748	32.87080000954432	30.91601	27.41006
FBgn0031814	26.0866	24.3866	23.159	19.91392	23.4286	17.35126
FBgn0031815	38.4632	35.39126	33.0964	37.4676	35.922	37.6586
FBgn0031816	4.948930000000001	4.62126	2.61637	2.37425	2.6218426324000004	2.903967
FBgn0031817	7.64154586	11.031	12.46699	8.02877	7.28419	11.70855
FBgn0259749	59.4431	55.4142	67.328200110365	56.8623	63.322327223079995	59.593900000000005
FBgn0031818	40.162800000000004	33.1105000102877	50.345200000000006	41.88324	35.32463	35.5102
FBgn0086357	217.21030000000002	212.9304	304.41700000000003	258.21891	281.455	221.42270000000002
FBgn0031820	0.456507	0.27583	0.160896	0.535356	0.26339	0.0755538
FBgn0027496	109.836	93.3254	104.34	95.4731	94.0674	80.5241
FBgn0031822	80.7543	44.6582	86.8328	81.8614	86.8676	65.2402
FBgn0051638	25.20217	27.93249	31.669000000000004	27.7928	25.8082	28.4366
FBgn0031824	13.4579	13.9938	12.5751	11.5616	13.0015	10.5669
FBgn0031826	0.353699	0.427423	0.373984	0.622187	0.0	0.0
FBgn0051637	52.077450000000006	43.5233	55.9218	47.80205	48.4871	47.3645
FBgn0000320	0.135158	0.0	0.0	0.0	0.170358	0.0
FBgn0031829	0.917503	1.10874	1.61687	0.268994	1.76457	1.51851
FBgn0031830	234.697	202.5827	222.67579999999998	187.9943	230.926	215.37149999999997
FBgn0031832	13.15088	11.45703	16.1687	12.74132	19.05736	17.00725
FBgn0263916	73.67539000000001	65.45732	84.04444799999999	71.18942	84.5377	79.7564
FBgn0031834	4.1598	4.5528664	6.84098	5.09615	6.09146	4.76549
FBgn0031835	0.0	0.108761	0.0	0.0	0.0	0.0
FBgn0031836	55.5626	50.15571	43.4131	46.71083	47.12126	59.163650000000004
FBgn0031837	0.344606	0.416434	0.0	0.303095	0.0	1.02661
FBgn0085374	0.0	0.297679	0.0	0.216661	0.284254	0.0
FBgn0051634	0.175176	1.05845	0.370445	0.0	0.606426	1.21768
FBgn0051635	8.0162680126513	10.60571100891905	9.212552	10.0850024122793	8.02633152	10.41910700203076
FBgn0286898	33.45602144	35.431899	40.20290331697	43.63666	42.256021999999994	40.459466299999995
FBgn0051633	4.03296	7.12292	2.29614	4.91145	6.08571	4.92903
FBgn0051636	0.354991	0.428984	0.0	0.0	0.409637	0.564334
FBgn0028467	28.1307	27.6663	31.1604	31.3829	30.0722	26.4834
FBgn0031844	6.647024	4.95665	7.027978	5.2895536000000005	5.46128	8.1462
FBgn0000392	19.111870000000003	17.72627	21.976499999999998	20.29028	24.84771	22.807049999999997
FBgn0085339	40.60887	37.16137	36.0091652	46.360789999999994	37.057141704	37.72905
FBgn0263200	23.1378	24.9781	25.1172000165543	17.82630854914	15.0104925	18.07582
FBgn0028990	41.708909999999996	34.28747	41.70082	41.176719999999996	42.89085	41.1362
FBgn0000351	4.805547263159999	2.25836	2.96116	1.97056	0.64633	1.94671
FBgn0031848	16.949759999999998	20.5318441	18.51929	17.39274	21.5149	19.6368
FBgn0028703	33.16782	35.230602	34.701913	31.908039011	30.27315	34.91972000876381
FBgn0031849	0.0	0.0	0.0	0.0	0.278777	0.0
FBgn0031850	0.0	0.0	0.214846233785	0.17871843059999998	0.0	0.0
FBgn0025595	0.0	0.0	0.0	0.132414	0.0	0.423478457
FBgn0031851	23.5194	33.4189	32.5199	37.2807	36.087	38.7544
FBgn0025777	34.736442703427	35.40243306	38.9955564451	32.118573525	34.2536522	30.182703074779
FBgn0046704	38.929829999999995	37.668769999999995	41.40172	37.97375	41.09628	41.88743
FBgn0031853	0.13794	0.0	0.145851	0.242648	0.318348	0.136978
FBgn0031856	0.0	0.0	0.0	0.221955	0.0	0.246491
FBgn0031857	0.312508163231	0.1078990979502	0.1829164	0.15706507208440001	0.17460246478500002	0.2216630862883
FBgn0031858	0.223914	0.460753	0.279978	0.116448	0.0	0.131473
FBgn0015776	174.6634	179.7893	155.40709999999999	156.9886	179.9928	157.79950000000002
FBgn0015777	70.19096	62.608850000000004	82.6182922	67.3399512	83.94581000000001	71.84650976413
FBgn0017551	12.9285	11.457	18.5303	17.183	16.2447	12.553
FBgn0086451	16.9788	18.1964	25.4874	23.5994	26.314	22.8907
FBgn0031865	0.668758	0.404076	0.530333	0.735251	0.385852	1.16216
FBgn0031866	0.0	0.10263	0.0897986	0.0	0.0	0.0
FBgn0042092	24.2396	20.2381	26.5618	25.5837	35.5994	26.2588
FBgn0031868	39.487660000000005	32.31991	44.56537	38.79535	47.50526	38.09981
FBgn0011737	32.86413	26.47617	33.25434	30.14859757	31.6026	29.1258
FBgn0028554	93.42067	79.67135	116.07311	89.58489	95.02062000000001	76.3973
FBgn0052829	3.50194	0.0	1.85139	2.0534	4.71452	1.73876
FBgn0026196	148.357	119.617	220.019	182.173	217.329	202.808
FBgn0004838	446.114372494	367.484698	501.8004486665764	416.71618	476.14076800000004	382.358882
FBgn0031869	0.0	0.07416592999999999	0.27005749999999995	0.056163370000000004	0.07368213	0.12681978
FBgn0031871	31.4114	21.53423	32.574132	29.752840000000003	26.48797	21.29474
FBgn0031872	12.3803	10.9916	14.1589	11.3334	15.3065	13.5484
FBgn0031873	19.4055	24.1831	17.3124	22.4016	19.5936	23.4854
FBgn0020616	30.8935	33.7774	32.6653	33.3431	39.3055	40.2299
FBgn0031874	7.864879999999999	7.78034	9.09591	10.617811999999999	6.46396	5.56259
FBgn0031875	26.2942	23.8311	33.3626	25.4395	26.8019	28.7219
FBgn0031876	19.9825	9.56789	15.946	18.9019	14.7922	17.5967
FBgn0031877	14.1143	14.7513	13.3104	15.4338	13.2057	11.743
FBgn0031878	80.2758	74.8546	61.4134000146251	59.11094	83.05050002912488	71.436
FBgn0021944	121.86059999999999	96.0738	134.3614	128.1019	119.9399	84.125
FBgn0264922	1032.08	1053.5549999999998	1113.078	1034.7459999999999	1114.0627	1104.445
FBgn0016978	57.29695	43.6699	68.8784	52.6952	55.417500000000004	44.1485
FBgn0031879	0.06917877751	0.0417990821	0.0	0.06084558394	0.03991393647	0.06739485345509999
FBgn0263027	0.72454	0.87556	1.14914	1.27453	2.09018	0.359743
FBgn0000053	54.9495	50.4885	68.0335	61.4951	64.12618	70.54463
FBgn0003046	0.74897	1.81017	0.791924	0.0	0.0	1.48749
FBgn0051908	79.8041	69.79528	88.94191	70.82339999999999	76.326	71.15616
FBgn0031881	27.5	39.07	25.1477	36.6079	26.1584	40.9622
FBgn0031882	13.00404	14.44041	13.74982	10.81935	10.32286	18.93048
FBgn0031883	64.3077961	53.522189999999995	71.36216999999999	55.518029	64.7196480819	60.76292
FBgn0262872	52.4536218972	54.10609296909	57.309471164	56.23094999999999	53.64774760251	59.58906140899
FBgn0031885	13.72201	12.5046	16.64965	15.234749999999998	13.49812	16.18757
FBgn0051907	0.305834	0.0	0.59783	0.0	0.652441	0.0
FBgn0266666	291.537	253.411	274.006	271.414	344.284	397.855
FBgn0031886	40.6174	34.4446	32.0217	34.4712	40.7028	45.995
FBgn0031887	1.1833	0.0	0.625584	0.520383	0.682729	0.881288
FBgn0031888	49.6363	52.3302	36.0685	46.3521	42.4275	43.2049
FBgn0085407	0.250623	0.0	0.0	0.428973	0.784869	0.363241
FBgn0031893	23.08916	28.72558	23.233	26.2994	29.799	28.311480000000003
FBgn0031894	3.2713726379	4.4297834864	4.2728602350000005	4.1985834650000005	5.995507762	4.5420190289
FBgn0031895	6.24047	6.15204	5.73016	5.05543	3.4110489999999998	1.79385
FBgn0031896	22.81627	19.56475	22.53	21.92974	18.1426	20.7485
FBgn0031897	22.54590865	32.933866113	28.043616	29.019431232800002	31.61225	35.74002206389
FBgn0263133	15.3529	18.553	18.1957	17.5101	21.4153	20.607
FBgn0259111	32.4284306	31.129058002599827	41.083732088000005	40.45626	33.977786	33.17123
FBgn0264343	2.37384	1.43431	1.25499	3.6538	0.684814	5.30388
FBgn0264344	1.27031	1.53509	0.0	1.11729	2.93172	0.0
FBgn0031900	0.0	0.0	0.0	0.172151	0.0	0.0
FBgn0010453	0.142131	0.0	0.0	0.0	0.0	0.0
FBgn0284084	0.0	0.0	0.151106	0.0	0.0	0.0
FBgn0031902	0.1473523338	0.35613121999999997	0.0	0.0	0.0	0.1463247651
FBgn0031903	0.357275	0.0	0.0	0.157119	0.0	0.0
FBgn0002938	0.112737	0.0	0.0	0.180323	0.0	0.151493
FBgn0031904	27.4549	30.1362	30.9647	26.5625	28.7771	33.3977
FBgn0031905	0.0	0.0	0.200199	0.0	0.0	0.0
FBgn0031906	0.798184	0.482277	0.42198	0.702036	0.921053	1.18893
FBgn0031907	0.0	0.5023581	1.28843	0.0	0.380775	0.41281546999999996
FBgn0031908	0.486503	0.0	0.0	0.0	0.561393	0.0
FBgn0031909	17.6167	20.363	21.4615	19.8735	22.98	20.1559
FBgn0028387	12.59001	11.62195	12.75731	11.07342	13.92272	14.58585
FBgn0283658	60.819078113	57.658199999999994	64.6705911275364	57.73687500430934	72.099357376721	64.78594715611
FBgn0031913	242.0	228.847	189.275	173.225	206.104	141.733
FBgn0031914	24.423943	21.950917000000004	55.29845	52.281576	62.3455100148272	48.9077895
FBgn0025697	2.2359709999999997	3.521544	1.172638	1.57617	0.459223	1.93782
FBgn0041247	0.0	0.0	0.0	0.280699	0.0	0.0
FBgn0045495	0.0	0.359677	0.0	0.0	0.0	0.0
FBgn0031918	0.465528	1.12512	0.0	0.818902	0.0	0.924561
FBgn0260486	23.0461808223	25.63679951580716	20.60643068139182	21.71365825651424	24.015103454055126	26.760704730361596
FBgn0031920	0.761689	1.22727	1.6108012	1.56319	2.34384	2.77338
FBgn0264895	3.136894	3.7592299999999996	1.394028	1.616464	1.5881630000000002	2.415225
FBgn0083141	0.0	0.475925	0.0	0.346395	0.0	0.0
FBgn0031926	0.0	0.0	0.0	0.0	0.1783863	0.0
FBgn0264087	0.0	0.105204	0.1746	0.163272	0.0	0.184338
FBgn0040299	13.26943	16.725974	8.826061000000001	10.161580759	7.2924700143617	9.133767957
FBgn0031929	0.335389	0.405296	0.0	0.0	0.387017	0.333049
FBgn0262880	0.811515	0.0	0.0	0.0	0.0	0.0
FBgn0041182	39.55075	48.6023	41.33121	45.14729	40.69503	40.1777
FBgn0041181	0.328793	0.0993314	0.0	0.144594	0.0948515	0.0816249
FBgn0031937	2.10117	2.76995	1.81773	2.68809	1.98377	2.27619
FBgn0031939	0.475396	0.0	0.0	0.557508	0.0	0.4609920030228
FBgn0260479	0.0	0.139264	0.0	0.0	0.265967	0.0
FBgn0031940	0.461657	0.0	0.0	0.0	0.0	0.0
FBgn0267689	0.0	0.0	0.0	0.243339	0.0	0.436656
FBgn0031945	0.273743	0.661603	0.0	0.240769	0.63176500654121	0.815502
FBgn0020880	0.0	0.0	0.0	0.0	0.0	0.190431
FBgn0003961	0.731356	0.0	0.0	0.0	0.421969	1.45251
FBgn0031947	19.4727	24.7793	21.6813	22.1873	26.7259	24.9035
FBgn0031948	3.512491	3.52096	4.58553	8.066848605	4.94437	6.79984
FBgn0286198	121.11676	120.15449	129.4038	116.1204	129.51657	119.51610000000001
FBgn0031950	24.928062	24.246109999999998	19.92894	24.420789999999997	20.34627	20.93032
FBgn0031951	28.24725	34.13502	33.43347	33.373400000000004	31.62251	30.980829999999997
FBgn0031952	15.399076	15.406393999999999	15.68798000884085	15.51753	16.517568095	15.105879999999999
FBgn0261800	388.1087	435.129	382.12530000000004	365.0154	415.12429999999995	339.6645
FBgn0027515	9.665530324302	11.288488000000001	11.08654	11.90293000753015	10.631851325000001	11.369348
FBgn0020618	2430.3574	1899.1583	2536.8244	2189.9034	2442.4297	1922.9876
FBgn0004177	214.8637	217.11450000000002	222.7865	208.84989	241.76549999999997	208.94143
FBgn0031955	0.0718912	0.260628	0.152028	0.0	0.165916	0.142779
FBgn0040099	63.205769	70.3789	22.435962	21.8398	40.635422	29.140856
FBgn0031957	2.5319	2.45722	1.5722	1.49037	1.71582	2.1352
FBgn0031959	0.0	0.0	0.0	0.290601	0.19063	0.0
FBgn0031961	0.828818	0.75118	0.438175	0.546735	0.717302	0.617278
FBgn0261790	217.294	166.305	255.285	201.737	238.207	232.562
FBgn0083968	48.5894	37.7468	51.3761	53.9293	42.7193	73.5246
FBgn0051902	0.362946	0.0	0.0	0.0	0.0	0.0
FBgn0053121	0.0	0.0	0.0	0.663867	0.0	0.0
FBgn0085450	14.980848	16.845237	15.3545	16.653496	16.476708000000002	16.094116
FBgn0031968	5.85355	6.600568066	5.9092271499999995	7.542911439	3.81884	3.2263708385000003
FBgn0031969	109.8999494845	119.5913685277494	102.37127000000001	97.18068240392496	107.23877	113.50292999999999
FBgn0031970	0.403023	0.487027	0.639204	0.177238	0.232531	0.649019
FBgn0031971	83.60400000000001	109.3625	68.34949999999999	115.2274	90.50630000000001	57.754441493
FBgn0031972	20.04661	21.6328854	22.988030000000002	24.6645	18.7951	18.04054
FBgn0031973	17.8131	19.7567	24.7689	27.2569	22.5262	23.7467
FBgn0031974	0.5001671999999999	2.41821	2.115329	3.52012	5.771419999999999	4.470133
FBgn0054010	0.0	0.0	0.607103	0.0	0.0	0.0
FBgn0031975	0.598484	0.586684	0.342222	0.854018	0.560224	0.642805
FBgn0031976	0.364649	0.0	0.0	0.0	0.0	0.0
FBgn0031977	463.0288	468.587	552.0409999999999	510.3238	557.3929	566.707
FBgn0044323	80.0496031051	74.70147264919	91.5342	81.06572	90.52598000111958	81.99389
FBgn0031979	14.4916	9.27114	12.6187	11.9962	9.83669	6.77201
FBgn0031980	3871.1267701	3661.4120000000003	4194.90000415953	3974.63	4899.307	4362.749
FBgn0031981	7.786479999999999	8.829332663	8.87624	9.88043	7.1317104	8.45706
FBgn0011230	45.44824	57.5994	59.9803	61.9316	55.753	62.7037
FBgn0013531	33.8618	21.8614	32.3706	33.4548	26.7632	20.2676
FBgn0010287	25.7822	23.9662	36.6972	37.0673	33.7559	29.5411
FBgn0267488	24.227	28.0441	22.8525	30.5611	28.6921	34.8208
FBgn0261822	174.706275603	193.50167815352074	139.253287263	155.6272697014	168.74947007575	179.25287500000002
FBgn0031985	23.779400000000003	24.198700000000002	28.10112	29.008899999999997	26.080589999999997	25.221890000000002
FBgn0031986	0.0	0.389824	0.0	0.0	0.0	0.320336
FBgn0031987	26.9606	20.9097	20.4228	23.3591	21.824	17.1824
FBgn0031988	42.6287	38.62004	43.13471	43.219111	39.37364	43.07176
FBgn0031990	37.615156	44.10578	44.5993	48.240860000000005	43.065321	59.683189999999996
FBgn0261830	0.0	0.0	0.0	0.0	0.0	0.979706
FBgn0261831	0.0	0.0	0.0	1.48326	1.946	0.0
FBgn0263256	3.758526	3.517877	2.740598	4.670682	4.3853279999999994	5.37881
FBgn0261064	26.6696	29.6617	29.1973	31.1377	31.0474	33.2803
FBgn0031992	126.46539999999999	115.8258	109.78989999999999	113.5736	110.602	116.34292
FBgn0264953	99.19613	108.63501579563899	87.0244979531574	87.21818229196444	91.79933555548999	88.4320300158137
FBgn0083970	19.028	11.4971	14.3709	15.5405	25.0939	8.09799
FBgn0031995	36.014855000000004	40.482400000000005	36.83417	38.16646	33.797845	39.161570000000005
FBgn0031996	38.2398	45.8085	49.9257	55.5684	38.3706	43.9167
FBgn0031997	20.84141	17.643720000000002	20.75017	19.26671	16.74075	19.48802
FBgn0031998	28.9049	31.1123	28.2245	32.6471	23.6944	30.2718
FBgn0031999	4.6017	4.94298	5.67654	5.39651	3.09754	5.45813
FBgn0003607	327.5051	363.433	347.25809999999996	321.37949999999995	414.2226	377.9578
FBgn0015299	188.014	207.688	164.647	193.772	163.715	168.376
FBgn0032000	71.2014	59.1434	70.4304	63.634600000000006	57.354699999999994	61.39490000000001
FBgn0032001	50.570769999999996	43.781400000000005	39.90375	47.798500000000004	33.96804	35.2276
FBgn0032002	6.70199	15.31754	3.54318	10.1052	6.62886	7.6921100000000004
FBgn0032003	1.59965	0.0	2.25519	0.0	0.615299	1.5885
FBgn0032004	106.832	128.582	115.681	144.908	131.199	144.858
FBgn0032005	183.60541	204.705	172.1063	179.259	173.6600000136993	193.243
FBgn0032006	237.901826744693	215.2920669616	257.9582056582984	235.098614983108	264.27859301626	268.3845659558
FBgn0032010	0.593912	0.562446533	0.627974	0.281856	0.7767149999999999	0.451996
FBgn0003502	33.034864999999996	23.50782	24.9801	20.488456	26.744724	31.856054
FBgn0261020	88.6244	96.7594	88.6418	108.045	97.5287	108.054
FBgn0032013	0.288579	0.0	0.563798	0.937974	0.0	0.286566
FBgn0032014	50.7727	55.4654	57.1203	60.3759	46.402	64.9391
FBgn0032015	115.574	121.252	136.348	132.05	150.089	141.707
FBgn0032016	23.1685	27.6088	21.7753	21.5097	21.1652	24.285
FBgn0032017	7.28191	9.6378	7.33289	7.92969	5.20177	7.9198
FBgn0032018	25.4909	34.7407	28.0722	37.1762	30.2606	36.8778
FBgn0262598	1.182020697744	1.0202810418600001	1.0712638093300002	1.17438	1.1691232543499999	0.838410369764
FBgn0032020	60.9307	49.769	63.8286	59.5457	59.2428	56.5841
FBgn0032021	0.872538	0.861905	0.754144	0.418216	1.37172	0.0
FBgn0032022	0.0	0.723632	0.633139	0.0	0.0	0.5946521
FBgn0032024	128.971	192.364	80.5805	176.895	105.113	175.538
FBgn0032025	31.456751	39.3711	5.1475	16.139352000000002	6.91411	20.82489
FBgn0051901	0.230692	0.0	0.243922	0.202903	0.0	0.458165
FBgn0032026	76.02468999999999	85.5648	75.8171	90.17630000000001	81.18741	84.77392
FBgn0010265	4130.5755340000005	4101.0921394	4841.311	4416.372391	4808.88	4172.0355039999995
FBgn0261437	43.0929	45.6985	66.9516	56.4663	49.7264	46.2856
FBgn0260439	265.997	260.02324493	288.79757	255.380157	280.7516	282.16662125
FBgn0032029	33.528999999999996	33.39367419	34.67279	36.6196	36.139396	37.31982
FBgn0032030	60.2727	63.8633	71.1183	64.921	64.007	67.6592
FBgn0032031	20.3595	22.3251	25.5136	27.8554	16.9676	22.8383
FBgn0032032	47.3344	51.4227	44.488	51.3048	37.5173	61.2479
FBgn0027094	202.0215	195.3912	220.6721	227.7958	212.0553	228.277
FBgn0032033	15.40854	8.465371999999999	13.33	15.40053	15.3559	11.82356
FBgn0032034	33.8715	33.42708087	27.286839999999998	41.849810000000005	24.19576	33.63519
FBgn0263852	192.575	192.492	211.16	250.93	203.015	191.232
FBgn0032036	242.513489404986	278.224995526923	212.9648658681	229.92928537260002	207.6372106893	220.2002465342
FBgn0262001	0.0	0.0	0.0	0.0	1.10754	0.0
FBgn0262002	0.356947	0.431348	0.188709	0.156975	0.617841	0.0
FBgn0040098	0.0	0.0	0.0	0.0	0.756413	0.0
FBgn0040959	0.0	0.0	2.53709	0.0	0.0	0.0
FBgn0032039	0.374125	0.0	0.0	0.0	0.0	0.0
FBgn0032040	20.3023	13.1646	17.8016	23.9542	23.999	15.2435
FBgn0051898	5.19353	6.75882	9.71551	8.78447	6.454	5.55402
FBgn0001084	6.63239	5.6785	6.402950000000001	6.888372143	6.6550899999999995	6.99941
FBgn0020497	121.4213	113.1412	136.7818	134.55089999999998	149.0352	148.6947
FBgn0014417	38.61531	39.383	61.123900000000006	56.3427	36.291	38.8923
FBgn0032042	10.86894	15.323450000000001	11.492280000000001	12.74625	10.97431	17.23906
FBgn0027932	443.6658	424.35269999999997	386.1882	352.19465	424.13219000000004	364.08056
FBgn0001137	36.0822	35.3788	40.3162	40.2887	28.9389	35.3223
FBgn0027490	12.227	13.6981	15.0829	13.1066	13.8152	16.0624
FBgn0043002	83.0842	76.4968	75.2993	66.1165	77.6122	60.8964
FBgn0002887	10.12836	9.40507	12.8511	11.53392	10.0881	13.76323
FBgn0051897	0.613116	0.592729	0.129656	0.539261	0.282999	0.365304
FBgn0027780	10.703592	12.3615	11.46758	13.224807700000001	9.094339999999999	11.617216529579
FBgn0026718	4.6602	4.64669	1.10884	3.13441	2.53062	1.36109
FBgn0285971	11.75946	12.3685	18.420560000000002	17.62131	17.339	17.08364
FBgn0262029	0.158854	0.287947	0.0	0.0698588973	0.0	0.0
FBgn0032047	3.7168	4.86581	4.91245	4.90363	3.21671	4.30602
FBgn0032048	0.3556086	0.0	0.0	0.0	0.4103338	0.0
FBgn0032049	0.0	0.469269	0.410598	0.0	0.0	0.0
FBgn0032050	100.32579999999999	93.99300000000001	122.7662	113.0275	142.6524	124.06620000000001
FBgn0032051	34.3034	33.9716	45.6479	36.0583	48.8523	48.0221
FBgn0032052	53.7941	59.1304	51.0949	53.195	53.3073	61.2657
FBgn0032053	55.2719	40.5135	66.1062	54.1926	50.1877	46.7884
FBgn0032054	38.72715	27.672864999999998	42.14650550726	38.883613	30.51927	26.981082
FBgn0032055	0.0	0.0	0.0	0.0	0.0	0.254117
FBgn0016122	5.98582	6.1375	3.64403	9.253250000000001	1.46517	1.4409878999999999
FBgn0085470	23.79532	27.35967	44.0345	23.97934	43.02072	20.64492
FBgn0250903	40.319	40.45117	53.203900000000004	36.47935	36.278620000000004	45.09294
FBgn0028394	18.529490000000003	17.971943000000003	16.347497999999998	18.890528	19.5225	20.52542
FBgn0011259	2.7099276	3.3538212703	3.150070185496	4.19361211926	3.12038400318902	3.2741656691
FBgn0001114	1052.364	961.881	1185.7620000000002	1024.0	1296.568	981.467
FBgn0032058	0.201407	0.0	0.425915	0.0	0.0	0.0
FBgn0032059	31.63	35.2052	39.1646	37.3372	26.4137	16.5312
FBgn0260861	35.7124	35.6868	37.0343	40.4713	32.4923	25.9155
FBgn0004914	44.080648000000004	54.8748	42.861079999999994	50.534113	40.54117	44.98155
FBgn0032061	0.241889	0.0	0.511523	0.212752	0.279927	0.240202
FBgn0003209	26.548579999999998	25.056180005294888	26.24445	22.9641	27.8847	23.809739999999998
FBgn0032068	0.13572009999999998	0.0	0.0	0.0	0.0	0.13477422
FBgn0029123	0.0	0.0	0.215548	0.26801	0.117618	0.506278
FBgn0052986	0.0	0.0	0.0	0.0	0.0	0.501956
FBgn0052988	0.0	0.0	0.0	0.0	0.0	0.612705
FBgn0032072	0.539134	0.0	0.0	0.0	0.0	0.0
FBgn0085427	0.0	0.0907882	0.16667	0.0693211	0.0	0.28772
FBgn0032074	0.0	0.61484	0.537969	0.447502	0.0	0.0
FBgn0032075	0.0	0.512255	0.44821	0.372837	0.0	0.841885
FBgn0032076	7.318401	8.84373	11.30943	9.93225	5.52165	11.63825000811967
FBgn0032077	25.13501	30.37399	30.284800000000004	40.615700000000004	32.3767	29.0229
FBgn0032078	134.10904	111.47153	126.5839	119.6384	136.96254	107.25601
FBgn0286875	4.45519	2.69191	3.53302	3.91853	6.42626	8.84824
FBgn0032079	25.76285	26.8602	26.0683	22.200989999999997	29.585356761	28.692461
FBgn0032080	0.683396	0.251063	0.433553	0.601075	0.719219	0.618927
FBgn0052985	4.86157	3.84669	1.45701	2.14687	3.05311	4.13798
FBgn0052984	4.40381	4.95153	4.37621	3.86923	4.58487	5.06356
FBgn0032082	7.79538	9.92942	7.574135999999999	9.08005	9.48161	12.76216
FBgn0032083	0.751868	1.36288	0.59624	1.246262	1.844173	1.975247
FBgn0032084	0.974224	1.17729	0.0	0.285624	0.749462	0.644953
FBgn0040963	0.0	1.05087	0.0	0.0	0.0	0.0
FBgn0011705	109.13040000000001	118.3309	93.4268	89.3152	90.928	106.0775
FBgn0032085	0.0	0.0	0.321351	0.326544	0.428417	1.20721
FBgn0013746	58.225019999999994	70.00529999999999	60.94444000239499	68.994153	66.16623	67.858359
FBgn0032086	0.0	6.03264e-07	0.720729	0.111249	0.966122	2.45279
FBgn0040964	16.7964	15.9479	22.83454	17.938760000000002	16.61311	20.259428
FBgn0015316	4.77277	1.92253	5.60721	0.948821	2.44776	2.10644
FBgn0032088	0.0	0.0	0.0	0.0	0.0	1.02388
FBgn0032089	0.0	1.44034	0.418835	0.347098	0.455384	0.0
FBgn0051708	0.122046	0.0	0.0	0.0	0.0	0.0
FBgn0032095	0.0	0.0	0.0	0.0	0.141099	0.0
FBgn0051609	0.0	1.31949	0.0	0.0	0.0	0.0
FBgn0032096	0.0	0.0	0.0	0.36566	0.0	0.0
FBgn0052982	41.71819	40.86743	40.47774	42.897062	50.618570090320304	59.1879166
FBgn0032100	0.0	0.0	0.0	0.0	0.0	0.469592
FBgn0032101	47.9961	59.9123	65.2483	63.5538	51.1241	68.0876
FBgn0041092	48.761856	45.1887146743	49.5650200188926	44.667323000737014	44.59523000507802	44.845591000000006
FBgn0032104	0.0	0.68078	0.0	0.495495	0.0	0.0
FBgn0032105	62.9585	48.895799999999994	56.097600676693	38.34948	55.0997635118	49.52380000385844
FBgn0267252	1.42213	1.7185576	0.50123	2.918584	1.38016	7.1262392000000006
FBgn0010314	30.3428	26.7572	24.7125	29.2123	37.3794	36.2388
FBgn0026439	3.86983691	2.5300158581	1.57053	1.69835	1.4351129999999999	2.65498632157
FBgn0032111	0.0	0.0	0.0	1.04235	0.0	0.0
FBgn0085395	1.70589	1.7866009999999999	0.961986	1.600429	1.443563	1.129328
FBgn0012036	281.3101	324.48080000000004	288.50309	276.16651	305.6274	249.621
FBgn0032117	12.26255	17.21642	6.24159	11.687389999999999	12.500129999999999	13.29257
FBgn0011232	10.878	12.4462	13.8267	13.3337	13.2202	12.6408
FBgn0032119	0.0	0.0	0.0	0.0	0.0	0.340392
FBgn0002973	5.559995000000001	4.078110000000001	8.32589	9.344306999999999	7.06723	7.32291
FBgn0004868	144.63841	140.72868	160.5234	140.54494	157.3922	143.89398
FBgn0032120	20.6919	24.960713096482	20.976710431073002	20.683001455	19.7078	21.658394626499998
FBgn0032123	1.28564	1.406098	0.959553	1.85811	0.785404	1.05137
FBgn0032129	0.0951568	0.241015	0.100614	0.0836944	0.0	0.0944931
FBgn0032130	19.44257	18.537319999999998	20.27272	17.15636	22.307467	20.73147
FBgn0028479	108.97499	90.68461	126.427	118.85748	109.41272	115.59432000000001
FBgn0040070	455.9439	421.254	487.1131	468.347	505.116	504.22299999999996
FBgn0032135	6.965859999999999	6.27544	5.78885	6.53089	4.91372	4.85773
FBgn0032136	0.799278	0.930103	1.34593	1.35392	1.26391	1.46982
FBgn0000273	32.324819999999995	33.8966	33.205200000000005	32.917880000000004	38.123999999999995	33.5253
FBgn0286786	371.9062	262.7996	465.4391	328.95489999999995	449.76500000000004	371.399
FBgn0011207	45.0624	44.2765	52.0997	47.0425	44.7095	42.4479
FBgn0051710	10.8207	16.15891	5.75323	11.476690000000001	20.010209999999997	14.67642
FBgn0032138	119.341	114.445	145.828	161.266	165.673	155.805
FBgn0028704	0.326583	0.10004	0.147526	0.2872437	0.0536779	0.0
FBgn0032139	3.02111	3.65081	3.19437	0.88573	1.16205	2.00002
FBgn0032140	295.1357	305.4262	235.94899999999998	236.3696	252.8883	219.2123
FBgn0015035	0.0	0.0	0.514027	0.0	0.0	0.487634
FBgn0270924	45.2125	48.2086	50.3215	47.2763	49.5879	45.4532
FBgn0011291	46.4038	38.1967	39.1098	35.4905	26.3855	32.0557
FBgn0283478	139.970869	109.0281	157.508640416	129.04116	152.11222401	122.52623
FBgn0265001	1.06279	0.963236	0.842806	1.40215	1.22639	1.58307
FBgn0032143	0.0	0.0	0.0	0.0	0.316551	0.0
FBgn0065108	0.0	0.0	0.0	0.170208	0.0	0.128113
FBgn0065109	0.0	0.0	0.0	0.170208	0.0	0.128113
FBgn0032147	336.69509999999997	348.25370000000004	352.293	364.3475	356.4856	358.4324
FBgn0032149	34.1614	46.2858	48.708	43.7039	51.3656	46.258799999999994
FBgn0032150	5.85268	6.483207152	6.7040271019999995	9.008440506	9.567635035	7.749142786
FBgn0032151	0.0	0.163729	0.0	0.0	0.1563448	0.1345429
FBgn0029174	150.6836	136.3872	171.06869999999998	163.6858	179.4209	155.59359999999998
FBgn0085212	17.4573	15.4704	18.4585	16.378	20.1446	13.8684
FBgn0032153	14.0258	9.68532	19.0674	12.3363	13.8728	5.96914
FBgn0032154	10.3452	7.44771	14.1968	10.6478	11.4297	14.6446
FBgn0010520	29.9012	12.6048	31.616	24.4645	31.2944	19.3347
FBgn0004867	3520.297	2937.877	4149.209	3349.183	3724.939	3052.147
FBgn0053300	0.692212	0.371775	0.325294	0.473534	0.88752	0.229128
FBgn0032156	41.609986572094364	48.36549465	41.394047855	39.50013901999105	46.33961020515733	45.7193078472081
FBgn0032157	25.8063	25.9605	29.8578	29.1149	29.7788	27.6388
FBgn0024285	66.2926	52.6786	78.8032	66.9648	69.7749	57.0528
FBgn0040064	116.745	94.184	137.233	126.202	126.814	118.198
FBgn0025700	102.38239999999999	95.851	145.72660000000002	131.1161	127.87969999999999	107.8131
FBgn0032160	59.91476	64.16224	78.8024	56.125099999999996	62.39267	65.78521
FBgn0032161	8.20622	4.175350000000001	4.109935	3.7987300999999998	0.49837491	0.85777301
FBgn0032162	14.5876	12.14839	12.7022	13.05251	12.3773	5.96475
FBgn0032163	1.49124	0.300344	1.31397	0.874403	0.573597	1.23403
FBgn0259712	1.98831	1.20138	2.10234	2.76894	1.52959	1.48084
FBgn0051876	0.618974	0.0	0.0	0.0	0.0	0.0
FBgn0051712	50.4476	44.8371	46.1271	45.515	41.6613	37.9431
FBgn0287788	9.82708	14.5144	9.23614	9.6037	6.2999	9.75854
FBgn0032166	17.81241	20.98016	25.270850000000003	17.0549	22.11538	19.9271
FBgn0032167	25.053745060700003	27.2691591	18.2028386969	28.68213	15.815240000000001	19.70842
FBgn0032168	18.16174	16.70616	19.20333	15.7356	13.45036	19.38099
FBgn0032169	15.792440000000001	16.40568	13.182739999999999	17.54545	13.4278	13.4813
FBgn0032171	23.46732	25.9282	30.872700000000002	24.88588	25.87774	16.42848
FBgn0032170	47.12713	40.7215226	58.782199999999996	46.59413000000001	43.9067877557	42.50141
FBgn0032172	59.42049289024	57.7750336	72.71645845399999	66.12976	59.971690507298	55.957629
FBgn0015664	48.6659	46.6039	50.9715	49.13011	51.389359999999996	49.9982
FBgn0011272	3817.04	3415.558	4448.48	3955.8239999999996	4234.1990000000005	3319.02
FBgn0000180	0.763384	0.307606	0.80547	0.559878	0.444872	1.007714
FBgn0051875	2.57964	1.73335	2.7608	5.6528	5.51726	2.92002
FBgn0051755	2.54278	1.8136599040999999	1.9763322936999999	2.3018916834	3.2713031080999997	3.27768856103
FBgn0043456	180.55599999999998	162.67010000000002	188.28019999999998	164.7135703	181.0095	176.0061
FBgn0011584	110.05471000000001	125.85531	105.83007	114.07308	107.5984	121.88475
FBgn0032175	0.0	0.0	0.0	0.0869732	0.0	0.0
FBgn0027600	0.0	0.0	0.43264	0.0	0.0	0.0
FBgn0053301	0.0	0.419784	0.0	0.0	0.0	0.0
FBgn0053302	0.0	0.456056	0.0	0.663867	0.0	0.0
FBgn0287720	198.444	179.362	218.64	174.396	225.974	194.463
FBgn0032178	6.64201	4.58654	9.69833	10.2929	9.48932	6.2816
FBgn0265002	0.169227	0.0	0.0596442	0.0	0.0650926	0.0
FBgn0032187	0.0	0.223224	0.13021	0.271127	0.2371417	0.244577
FBgn0028675	0.702433	1.24062	0.971246	1.37821	0.748212	0.482908
FBgn0051874	0.818923	0.659744	0.577259	0.480185	0.0	0.542141
FBgn0032189	9.16782	11.0787	12.0201	12.9016	15.2339	12.0171
FBgn0005593	3531.3900000000003	3126.86	3990.21	3778.0	4132.35	3624.33
FBgn0085188	68.5658	66.9233	71.9404	62.1621	82.1637	72.2776
FBgn0032191	51.3508	40.745	57.3691	52.6643	47.628	41.5638
FBgn0032192	0.497715	1.50364	1.84191	0.656642	0.287166	0.0
FBgn0032193	13.5677	17.2155	15.7804	17.3034	9.39378	18.1887
FBgn0032194	18.609720520769997	22.48863266506	24.0164258734	23.04764	27.17200141777	27.90850105245
FBgn0024320	41.77212088499999	49.736088675000005	41.179213019	47.5081100418004	38.03146622	48.3972733968
FBgn0250843	232.07174769999997	211.6095	226.03104955	213.0627	217.77570000000003	212.1164
FBgn0032195	14.14736	13.02569	19.58877	16.4025	17.4912	18.731589999999997
FBgn0032196	36.224309	43.7748286909	24.55248	42.072767999999996	41.8006	41.0447
FBgn0032197	16.48974	17.98276	14.4587	16.31905	12.994810000000001	16.39723
FBgn0032198	253.573	307.559	340.87	345.2	368.738	370.342
FBgn0051720	1.771957	4.282542	2.8102340000000003	2.98199	1.533481	2.639427
FBgn0004419	114.0344	121.70939999999999	113.8267	113.4759	122.62369999999999	118.4739
FBgn0024248	20.142184	22.79975	22.666387	20.198308	25.065530646573997	25.2422200147725
FBgn0000229	58.19098	59.420460000000006	56.768879999999996	63.01879	56.815599999999996	65.64478
FBgn0051717	61.2864	74.2346	71.5735	62.3121	66.086	78.1522
FBgn0010407	3.18927	2.9472	2.77708	4.29015	1.2989	1.67666
FBgn0032200	52.5107	86.5307	64.175	59.981	54.2985	79.9097
FBgn0026379	10.228629999999999	17.03925	11.800224866	16.77759	14.26196777	12.11213
FBgn0011305	60.34607	55.84294	56.908879999999996	46.38255	52.69716	41.56972
FBgn0032202	111.0787	117.3926	94.3187	106.13036	105.11085	110.7382
FBgn0259482	34.8917	26.3528	31.7047	25.8936	20.7605	24.3621
FBgn0032204	22.1118	23.077	17.0036	20.7743	14.7875	18.9634
FBgn0032205	11.7437	9.93404	11.1755	10.3291	6.77572	12.2449
FBgn0260750	24.0079	16.6392	20.5318	20.1843	16.7036	19.6333
FBgn0003751	4.55304	4.8143	2.40708	2.00229	0.0	1.69548
FBgn0260749	18.819515785	21.621089771	18.710750560112	23.2779619649	16.9755994	21.900940000000002
FBgn0054043	0.378128	0.456944	0.0	0.0	0.0	0.0
FBgn0032208	65.4942	75.6648	62.1605	79.2431	61.5725	76.0567
FBgn0032210	16.179171271709997	18.799518959199997	14.2243445604	17.51420897585	15.318742151	18.33210797876
FBgn0032211	0.0	0.0	0.251381	0.0	0.0	0.0
FBgn0005322	64.61050922	57.59729	83.62026	81.35838768818	75.60406	89.05090000000001
FBgn0032213	209.7669	212.2434	247.726	237.25459999999998	239.764	228.7073
FBgn0032214	37.044	38.7967	42.8243	38.6637	35.3371	43.6523
FBgn0027491	0.468614	1.69887	0.743234	0.824332	0.270375	1.16336
FBgn0267365	27.4263	31.8682	32.903	37.5756	32.2569	33.5201
FBgn0032216	100.916665	110.5062	114.87620000000001	107.4084	112.13819999999998	114.1502
FBgn0032217	64.0626	62.9314	76.4768	74.1583	66.2933	70.593
FBgn0032218	11.188839999999999	16.7846800708801	9.355163631	13.327122	9.34949	10.72767
FBgn0032219	1.15919	0.933873	1.6872277007299998	1.35941	0.0	0.950749561015
FBgn0011703	99.876	96.397	103.011	94.0274	108.649	117.36
FBgn0032221	2.50246	5.0401	5.73294	6.41964	3.85024	7.6621
FBgn0032222	41.1904	34.6588	42.5849	33.2767	43.6582	44.539
FBgn0032223	18.94296	21.774720000000002	19.86648	22.7567	20.79267	23.55175
FBgn0019932	25.4087	26.5803	28.0689	32.3546	30.6329	36.5292
FBgn0051715	69.3771	86.3036	57.1744	83.4539	70.6382	67.88
FBgn0032224	14.833940000000002	21.18508	14.97169	29.652359999999998	16.33927	29.1261
FBgn0032225	0.61799	0.995735	0.21781	0.724731	0.475414	0.20456
FBgn0085396	0.0	1.68164	0.273277	0.407985	1.07053	0.0
FBgn0032228	20.6284	21.033	24.8786	23.8134	16.3651	17.9239
FBgn0032229	69.3058	71.6138	71.6875	69.7918	63.1683	76.8019
FBgn0027568	38.5603	39.438110052199995	39.4976	37.97810459841	36.7325	39.08900395456
FBgn0003087	15.90923	15.075	10.6537	19.311	15.2985	12.112010000000001
FBgn0032230	0.0	0.8804840592079001	1.155600346091	0.6408470191764001	0.4203870939101	1.0853000267105999
FBgn0032231	17.3008	19.1276	21.7959	20.3969	21.6631	18.2767
FBgn0041723	0.0866508	0.418848	1.00782	0.990769	0.499947	0.344186
FBgn0053303	165.28506	160.85963999999998	200.0427	214.16886000000002	205.37427	177.90805
FBgn0032233	1.98021	1.29583	0.418755	0.174168	0.416484	0.39328
FBgn0032234	21.170600999999998	22.385450000000002	21.762926	23.275523	21.715066	20.730982
FBgn0032235	0.981585	1.61979	1.98418	1.41472	2.16543	1.33105
FBgn0004106	55.9081	62.7736	60.5109	54.2071	68.5783	59.4525
FBgn0032236	41.1454	52.54692	52.0916367417	59.6862	63.09730698701	63.4618
FBgn0267821	60.63645	55.96741000449558	69.9166800485918	61.69115	65.6456500305926	59.681760000000004
FBgn0262782	205.6956	170.76940000000002	199.5106	215.8188	192.03680000000003	189.3831
FBgn0051716	54.210757459295	67.1953581583647	61.391190359999996	64.64583563590074	57.54519396812605	69.017736699
FBgn0032240	156.56041	111.06635	167.69629	142.10446	117.96811	128.09433
FBgn0067622	6.67641	6.72335	4.90229	7.66646	5.35011	7.18233
FBgn0003942	3945.53	3972.01	3992.59	3963.14	4103.48	3958.74
FBgn0025366	390.46619999999996	449.52	407.538	511.188	485.0349	516.091
FBgn0032242	57.2937	57.0929	64.121	64.502	65.2995	56.719
FBgn0032243	6.83505748	9.920491420000001	8.34448837	8.04801124929	8.141741	9.79106447627786
FBgn0032244	31.5961	26.1245	30.7707	27.7901	33.5815	36.7427
FBgn0005683	6.89518	6.77006	5.00169	7.20171	8.20523	8.55885
FBgn0032246	145.1018	161.1015	149.5666	168.60070000000002	155.1317	153.8441
FBgn0262601	136.084	112.346	155.286	116.137	134.488	129.114
FBgn0267330	224.4384	238.20090000000002	272.1547	251.2422	270.0897	268.0113
FBgn0032247	9.59228	12.1436	10.6254	6.42805	8.43343	6.35025
FBgn0032248	32.9154	24.6234	38.1177	39.9793	32.5563	31.6482
FBgn0004915	34.66660173763	35.6861	40.7093	41.219015999999996	42.2255	35.69985
FBgn0032249	4.32387	3.30924	2.3077	4.37097	0.997893	0.9253
FBgn0032250	16.3424	13.1658	17.2796	17.1117	10.776	12.3645
FBgn0027052	26.6836	33.117	28.2139	31.0811	21.6371	18.9779
FBgn0032251	9.83497	6.79139	6.93267	9.06219	10.2681	8.83624
FBgn0032252	4.023972	3.1607670000000003	3.403799	4.07014000276848	2.553871	3.7961100000000005
FBgn0065110	0.267342	0.969198	0.0	0.235139	0.0	0.530955
FBgn0032253	10.32339	11.035720000000001	17.3528	16.53	18.63244	14.851379999999999
FBgn0027611	64.66816	66.3327	76.22336	68.8964	82.23469	66.0886
FBgn0051719	0.154497	0.1867	0.163358	0.135887	0.0	0.15342
FBgn0032256	15.308399999999999	22.6441262800801	14.426383999999999	17.54987	18.9454	23.2308
FBgn0026431	15.033	21.5413	15.0649	14.5267	18.1913	16.8726
FBgn0032258	25.8245	30.8355	32.2907	26.8145	27.6807	31.4676
FBgn0032259	9.76095	9.57539	9.082840000000001	11.226469999999999	5.52148	7.055949999999999
FBgn0032260	0.0	0.831169	1.23608	0.640311	1.10249	0.640386
FBgn0086347	93.1848	87.58802	80.54646	72.39918	87.60740999999999	76.75849
FBgn0032261	21.75643	17.5275	30.6723	21.04935	20.92134	17.28374
FBgn0032262	1.50811	1.13903	0.597975	1.82386	0.435066	0.748796
FBgn0267828	47.426199999999994	48.44446	52.038380000000004	45.648489999999995	52.6616	56.69217
FBgn0010398	3.91512	6.42088	7.68792	7.37896	5.4859	4.99862
FBgn0032264	74.6859	89.12958	65.41	94.31424	78.73908	86.72618
FBgn0051721	0.0	0.0	0.0	0.0	0.15446	0.132922
FBgn0043825	0.30826	0.0	0.0	0.0	0.0	0.0
FBgn0032287	0.368451	0.0	0.0	0.0	0.0	0.0
FBgn0032290	24.4674	24.3215	25.036	25.6853	19.5815	22.7292
FBgn0032291	0.498353	0.0	0.526934	0.0	0.0	0.0
FBgn0032292	87.3975	68.7721	92.4097	102.344	85.6062	76.6963
FBgn0032293	53.7041	49.4461	54.0801	44.9857	56.0691	34.7065
FBgn0027868	44.4953	33.7928	57.1753	41.4455	56.3365	39.8892
FBgn0032294	0.0	0.0	0.0	0.649984	0.0	0.0
FBgn0032295	19.8668	14.4953	20.0814	17.0341	24.2227	16.006
FBgn0032296	17.2515	17.653	15.0046	17.1313	15.5725	11.3287
FBgn0032297	9.23753	6.6977899999999995	9.376619999999999	5.84986	8.33544	10.27388
FBgn0027550	7.50668	9.66296	14.494	14.2096	3.76619	7.29227
FBgn0015320	80.9467	70.16691	80.4476	70.6928	88.2164524	70.1568
FBgn0032298	51.499	41.1372	62.7588	43.5042	70.1703	63.2747
FBgn0051869	0.112054	0.13541	0.236961	0.0	0.258606	0.222545
FBgn0011676	5.829216	8.52721	6.0553799999999995	8.13485	7.68036	8.02271
FBgn0032303	0.0	0.398083	0.0	0.0	0.38013	0.327122
FBgn0032304	0.0	0.0	0.0	0.0	0.0	0.362786
FBgn0032305	47.9318	50.3529	56.900600000000004	57.6673	50.8018	49.5519
FBgn0260453	0.265154	0.441483	0.186907	0.077738	0.645544	0.263304
FBgn0260454	0.265154	0.0	0.186907	0.077738	0.1976	0.263304
FBgn0069354	4.46799	1.07986	4.25181	2.35787	5.15578	3.73955
FBgn0004363	525.6627	463.23990000000003	640.7546	513.052624	606.1879	519.0412
FBgn0262599	1.29227	1.56163	0.546554	0.681965	0.89472	0.769955
FBgn0027453	29.9866	26.5737	30.5321	29.305	26.4005	22.4985
FBgn0024227	89.2782	65.4005	85.6268	55.9396	91.6251	63.5495
FBgn0027363	45.9724	46.8853	45.6676	38.5031	40.885	38.5277
FBgn0053129	181.27312	177.22787	223.07439000000002	184.59148666	199.53586	197.824224
FBgn0032321	41.35272	57.69509	39.35186	46.95223	42.51274	40.31762
FBgn0032322	20.5341	17.3220913	29.52	37.8013	20.939800207591002	22.7619
FBgn0000018	21.6901	18.8484	18.5534	23.5787	19.9669	22.7488
FBgn0010612	237.49790000000002	204.48420000000002	282.21229999999997	228.17971999999997	304.77389999999997	214.4286
FBgn0041781	91.2845800143892	84.45584	81.8875	84.1253	85.27913000000001	73.6557600218989
FBgn0004872	53.0449	64.9493	54.158100000000005	66.40352	68.17349999999999	61.87216
FBgn0026148	4.48087	7.2198	6.31713	7.5538	4.30887	7.04523
FBgn0026147	26.568196	27.454428286014	30.807531	31.5794775	32.541119	35.500358
FBgn0000146	54.9175	57.06260000483808	68.084	70.4354	36.5538	35.7194
FBgn0040096	0.0	2.27476	0.995178	2.48347	1.08608	0.0
FBgn0015756	3815.7029999999995	3398.8589999999995	3902.5389999999998	3912.4300000000003	4133.439	3715.8769
FBgn0021761	49.381373592	53.1439126848	55.46435	56.136112	61.0769	70.1651
FBgn0032329	22.1561	20.2199	32.6995	31.0447	25.1076	32.3471
FBgn0250837	311.489	246.33999999999997	340.3143	262.6884	306.2081	272.59027
FBgn0032330	7.510429	5.88813	5.866399	5.082515	6.906540000000001	5.128598
FBgn0023415	0.569127074	0.0	0.0	0.500571401	0.0	0.0
FBgn0032331	0.0	0.309649	0.0	0.0	0.0	0.254452
FBgn0040967	0.0	1.49123	0.0	0.0	0.0	0.0
FBgn0032338	0.0	0.0	0.0	0.0	0.208532	0.0
FBgn0032339	10.3727	17.3919	11.3788	14.02691	10.17398	10.30031
FBgn0283682	54.98347	57.89493	64.88738000000001	60.97619	64.79432	66.58386
FBgn0032341	20.25485	23.14028	22.28	23.9488	21.50089	20.96158
FBgn0261983	22.9637	31.4457	29.53779	28.4165	34.1762	31.4641
FBgn0032343	2.24458	4.06008	4.18937	3.42175	5.61992	4.13285
FBgn0041246	0.272974	0.329872	1.73178	0.96037	0.0	0.813211
FBgn0027582	39.4554	37.6655	41.519	39.672	33.6849	38.5256
FBgn0032345	1.03108	1.86898	0.545104	0.906874	1.1898	0.511942
FBgn0032346	22.557	24.7231	46.0374	26.7608	50.8481	25.5253
FBgn0262647	33.4638	33.6245	37.533190000000005	31.871920000000003	40.7484	39.2889
FBgn0028700	39.65142	32.39626	40.12857	32.12661	35.17442	29.218729999999997
FBgn0032348	22.1578	20.8708	23.8978	19.812	23.3987	19.4486
FBgn0040211	0.0	0.0	0.0	0.0	0.0	0.309795
FBgn0010197	0.0	0.0	0.0	0.0	0.0	0.10913349259999999
FBgn0032350	1.43305	3.46351	1.51524	2.52086	1.65365	3.55764
FBgn0032354	12.8148	11.731720000000001	14.78157	14.00355	15.23553	12.7254
FBgn0264442	0.313165	0.18922	0.20197	0.206581	0.180686	0.1725865
FBgn0040232	27.487018	29.505985000000003	29.66577488	29.2558061	35.206914	36.8165359
FBgn0040233	9.41828	12.85164	10.51488	13.639051	12.77592	16.282370999999998
FBgn0052831	28.66743	29.937949999999997	28.93968	26.432560000000002	27.939030000000002	28.78438
FBgn0032358	9.40441	10.8911	8.28646	8.61622	10.3999	5.83676
FBgn0020270	37.7144	47.3881	42.1431	45.0453	38.8218	39.5793
FBgn0283678	0.0	0.464168	0.0	0.337838	0.0	0.0
FBgn0032360	0.0	0.0	0.0	0.0	0.0	0.716149
FBgn0261648	0.3285173	0.39699	0.1389409	0.11557800000000001	0.37908200000000003	0.456717
FBgn0287204	10.4306	5.88223	8.82308	8.56258	6.68683	8.51649
FBgn0032362	0.141095	0.0	0.0	0.0	0.162814	0.0
FBgn0032363	35.782934	37.39816	37.72111892	37.826319528382	40.045260506121004	45.393939300764806
FBgn0032364	0.766697	0.926505	0.405334	1.1801	0.66354	1.71304
FBgn0032365	0.0	0.0	0.0	0.0	1.15905	0.0
FBgn0262683	0.0	2.65889	0.0	0.0	0.0	0.0
FBgn0028490	204.1249	202.4853	155.60685	144.42919	186.60138	127.55716000000001
FBgn0015400	0.0	0.0	0.0	0.0	0.0665509	0.0
FBgn0032373	1.00074	2.078006	0.90697	0.549886	1.81467	1.39688
FBgn0032374	0.545183	0.658819	0.576449	0.959023	0.0	0.0
FBgn0032375	0.0	0.0	0.721067	0.0	0.0	0.677201
FBgn0032376	0.0	0.0	0.901334	0.0	0.983669	0.0
FBgn0032377	3.06075	5.37996	4.70733	5.38412	1.9265	6.63143
FBgn0020309	112.66292399999999	103.6387	115.931810670849	113.346285	118.42032	117.84985
FBgn0032378	83.5668	68.9303	83.93090000000001	79.114	76.178	72.8834
FBgn0264815	0.530597	0.769432	0.785438	0.5226379999999999	0.73473	0.316138
FBgn0000588	24.2786	15.918	33.3176	21.1269	26.5257	21.0315
FBgn0264750	7.16526	5.358219999999999	9.202069999999999	8.92805	5.51217	4.74352
FBgn0040968	6.44278	7.39745	3.78524	7.5313099999999995	7.90369	8.177679999999999
FBgn0286929	4.79701	7.39745	2.25641	4.02992	5.58612	4.2982
FBgn0259989	0.267143	0.0	0.3116	0.559181	0.457919	0.606873
FBgn0032381	0.0	0.0	0.0	0.211698	0.0	0.239012
FBgn0032382	14.6215948	13.0480064	10.357289999999999	12.4645731	9.6041462	8.93529
FBgn0261805	3.48624	0.0	0.0	0.0	2.01145	0.0
FBgn0032387	19.4265	18.7806	26.2138	21.4801	24.5519	23.333
FBgn0032388	62.633130128769004	72.5015549856	72.9931936549	75.9758808484	71.2673488697	81.02379072170001
FBgn0085192	32.0446	26.9384	38.3019	42.8896	35.3698	41.57231
FBgn0261266	9.83053	7.91971	10.3943	9.72716	13.2344	11.7957
FBgn0032390	63.476060000000004	61.365399999999994	86.9318	85.60579999999999	74.6425	82.2435
FBgn0032391	8.50864	11.062200297002	13.2043	9.2218000798585	11.1341	6.84133
FBgn0051866	26.5667	16.2498	26.7848	27.6587	0.0	6.78361
FBgn0042127	19.4383	9.80573	13.193	19.439	12.5734	0.0
FBgn0051864	54.6202	51.9083	87.30350000000001	70.05879999999999	84.30501	65.7426
FBgn0051865	10.0758	7.60713	3.16107e-05	0.0	25.2924	12.676548980000002
FBgn0042125	19.8098	20.2454	16.8981	17.3797	17.248	26.9587
FBgn0032393	92.4196	98.0109	85.0957	107.16	84.5997	108.66
FBgn0032394	56.8625	61.9558	74.4152	61.4913	46.2537	50.449
FBgn0032395	7.99622	7.0412	8.71697	9.37735	8.29726	8.18667
FBgn0010497	13.6146	10.7574	6.27494	7.36902	7.04955	4.33323
FBgn0042126	0.968761	0.0	1.2804	1.2781	1.39736	1.68351
FBgn0032397	46.2069	40.25	55.3711000108608	48.9384000541722	52.8755	46.64940000878886
FBgn0032398	63.9775	61.4037	63.7393	62.7716	62.6322	60.5497
FBgn0032399	5.75023	4.447227	4.13441	4.855268	3.981242	3.88288
FBgn0032400	37.0526	43.9616	24.9312	38.5147	21.7669	38.1321
FBgn0032401	3.65698	2.8595	2.31495000226281	2.45965	1.73761	2.3717620277
FBgn0032402	3.31729	5.05455	5.36426	4.891640000000001	3.557115	7.07335
FBgn0028425	138.54792867389997	131.56460600798	132.42044418940526	166.98646613565498	136.6236451417	196.39301478607
FBgn0032404	187.14050000000003	196.4733	206.7774	238.6823	229.7126	207.0461
FBgn0085193	11.1727	13.2202	17.9662	19.2442	17.9958	15.0241
FBgn0027505	8.92223	9.98744	9.03655	10.82127	9.6404731708	8.29616
FBgn0032405	13.50237	7.6052800000000005	16.44032	14.652496	29.476306	9.925827
FBgn0032407	79.0414	73.3677	76.30704	69.5202	84.59932	80.0068
FBgn0032408	51.2817	33.8773	64.7058	46.6079	61.9374	57.7139
FBgn0028707	8.92134	5.80575	13.3924	6.72574	7.05589	7.37312
FBgn0032409	15.3076	16.5304	19.6292	18.9065	17.8519	22.3161
FBgn0029137	1.543203	0.0	0.543903	1.357311	0.39572399999999996	0.510813
FBgn0027081	206.5303645999	181.872	218.2003	210.6535	222.5703	219.4085
FBgn0015797	86.2753	78.0497	85.1753	78.18858	90.7556	77.62685
FBgn0263235	0.0	0.683753	0.0	0.0	0.0	0.0
FBgn0032414	0.0783701	0.0947052	0.0	0.0	0.090434	0.155647
FBgn0032420	6.24085	7.54166	8.95546	4.31285	7.20154	7.96798
FBgn0032421	17.7113	19.15	16.7557	19.6772	18.8242	13.4222
FBgn0000114	0.0	0.17125	0.0	0.0	0.0	0.0
FBgn0032422	0.0	0.0	0.0	0.0	0.895315	0.0
FBgn0051759	2.85401	4.42908	2.01179	3.849	1.75645	3.21198
FBgn0262475	1.29962	1.67655	0.412245	1.447564	1.34971	1.3730350000000002
FBgn0041195	0.0	0.152909	0.0	0.0	0.0	0.0
FBgn0043841	920.3238600000001	868.41537	693.83254	677.6704	841.42471	797.42647
FBgn0032428	1.72456	0.833608	0.729385	0.606729	0.398006	2.39754
FBgn0032429	132.01623	145.35271	150.44482000000002	136.11180000000002	137.9509	150.03184
FBgn0032430	51.7165	45.6367	60.7865	53.9495	57.7345	52.5501
FBgn0032431	6.07368	5.33793	9.3411	10.6841	14.0173	7.12792
FBgn0265298	182.67428999999998	131.7427	207.91519999999997	156.80316	186.10343	192.0565
FBgn0020443	145.9552	143.19297	191.55331999999999	181.65554	170.50526000000002	177.27217000000002
FBgn0032433	1.13494	0.685749	1.35003	1.123	1.47335	1.3659
FBgn0032434	1.21474	0.0	0.0	0.267103	0.350432	0.301566
FBgn0032435	0.152797	0.0	0.0	0.0	0.0	0.0
FBgn0032436	0.389885	1.88461	0.0	0.0	0.0	0.0
FBgn0032437	0.0	0.0	0.0	0.0	0.411894	0.354458
FBgn0259176	155.25562	154.001015	161.78819520000002	155.55956	163.793552	147.06092
FBgn0262353	4.23668	0.0	4.47966	3.72634	4.88886	4.20713
FBgn0085424	0.0	0.0	0.156277	0.222876	0.170552	0.0
FBgn0032439	0.0	0.0	0.270757	0.0	0.0	0.0
FBgn0004394	0.0	0.0	0.100565	0.0	0.0	0.0
FBgn0032444	254.465	224.883	313.582	254.676	301.735	229.534
FBgn0032445	32.44927	41.66373	40.7434	37.45947	27.303179999999998	36.92211
FBgn0032446	10.2594	4.13259	8.43712	8.02092	3.94621	12.4518
FBgn0032447	5.1365099999999995	3.77047	9.138591	5.0311900000000005	4.67243	3.48476
FBgn0032448	1.1122	0.0	1.76398	0.0	0.0	0.552224
FBgn0032449	0.796548542019	1.28344150257	3.0881824353	1.1676606997869998	0.306388968129	0.521275
FBgn0032450	11.462324	11.773721	16.816	13.73615	19.674785	15.650730000000001
FBgn0032451	27.4134	23.8218	25.7288	32.2386	29.1452	32.116
FBgn0032452	9.25513	7.89476	8.05899	13.4075	3.14113	13.5156
FBgn0032453	189.86	172.218	231.286	174.069	191.769	148.572
FBgn0032454	78.0039	78.93430000000001	84.107	77.3661	86.5917	85.4648
FBgn0032455	24.8447	17.66637	24.572400000000002	25.4668	23.99082	25.617430000000002
FBgn0032456	181.998584685	192.900899225199	212.601090844709	213.2061060930733	213.73342512268093	215.939955790311
FBgn0032457	0.328585	0.0	0.0	0.0	0.0	0.0
FBgn0015399	43.0961	39.6056	57.3814	55.6873	56.4835	46.1768
FBgn0040510	0.0	0.0	0.0	0.0	0.27176772039382996	0.0
FBgn0040506	0.0	0.289158	0.0	0.10523	0.138059	0.118807
FBgn0263598	151.277847382	160.04747781641487	161.2792096613263	150.16423027615	165.0736879553016	148.28147603
FBgn0032464	0.173268	0.209144	0.0	0.152222	0.0	0.0
FBgn0032465	71.7273	72.2315	74.2099	80.7244	67.6389	71.227
FBgn0265262	8.434050000000001	8.98266	10.84691	9.13023	13.2275	15.4333
FBgn0021796	21.816769999999998	23.10631	25.235585	25.819229999999997	26.6768595	25.981260000000002
FBgn0032467	36.92702	35.134299999999996	38.1994	36.59016	41.42482	37.358599999999996
FBgn0028965	36.6399	30.5913	43.6718	34.863	43.4331	39.3612
FBgn0262160	23.2002679	22.36071	21.002892	16.3109623	18.899972	15.03504
FBgn0032470	0.422058	0.0	0.446263	0.0	0.243514	0.209557
FBgn0262352	0.0	0.510585	0.0	0.0	0.487557	0.0
FBgn0032471	0.0	0.0	0.0	0.0897825	0.117792	0.101367
FBgn0032472	0.0	0.0	0.0	0.0	0.0	1.8294
FBgn0032473	0.359091	0.438107	1.13905	0.637611	0.209455	0.721334
FBgn0032474	19.2318	21.47979	19.718510000000002	25.197470000000003	18.829810000000002	24.30616
FBgn0024291	16.6085	16.4256	17.5827	17.2176	20.4508	20.0855
FBgn0032475	24.749369	26.2713	28.305439999999997	25.9737760565002	27.62415	29.17187252107
FBgn0032476	28.6171	28.2419	33.032	31.8819	29.1697	34.101
FBgn0032477	17.1745	22.1379	23.6073	25.1761	20.1485	30.9827
FBgn0051849	2.72101	3.52303	3.08256	2.73513	1.12138	3.28104
FBgn0032478	0.798409	1.99193	2.83065	1.11058	1.32174	1.79905
FBgn0032479	74.47096	71.9455	77.16539999999999	72.31132	88.09140000000001	78.36194
FBgn0032480	31.0381	32.879200181056994	36.0355	38.891225999999996	32.687870000000004	33.777055000000004
FBgn0032481	11.5596	13.6384	15.26	13.0548	12.234	13.177
FBgn0032482	204.401	204.7982	217.46171293999998	225.45499999999998	213.17350000386756	225.48892
FBgn0032483	1.38333	1.11444	2.43777	0.811131	1.59627	1.37368
FBgn0032484	0.0	0.0	0.0	0.0	0.0	0.16952368092
FBgn0032485	23.5704	28.0112	23.5452	25.6562	25.5457	25.6043
FBgn0032486	7.95896	6.92488	11.1083	7.00024	9.18413	6.6389
FBgn0032487	18.7732172789	16.6810261123	24.244908976970002	19.687600427682998	21.0258869775	19.5171
FBgn0032488	36.2665	35.8013	32.4054	31.6733	35.955	33.2238
FBgn0032489	1.70116	1.02787	0.0	0.0	0.0	0.0
FBgn0032492	0.0	0.0	0.0	0.0	0.0	0.470164
FBgn0027586	0.0	0.0	0.0	0.0	0.530832	0.0
FBgn0264894	1.260835	1.78555945	1.08541859	1.9688890000000001	1.134377	0.9263350036785301
FBgn0028406	8.38523	10.133	11.1882	11.2383	9.21526	11.4988
FBgn0032499	19.50832	14.32751	19.1249	15.7615	13.7213	16.95571
FBgn0051729	55.29723	58.16999	63.162800292524004	56.647890000000004	63.240520000000004	59.70648
FBgn0040973	0.0	0.0	1.976	0.0	0.0	0.0
FBgn0264308	0.169054	0.0	0.0	0.054842999999999996	0.0725193	0.0
FBgn0032503	0.137794	0.0	0.0	0.0	0.0	0.0
FBgn0032506	0.0	0.0	0.0	0.0	0.0	0.104354
FBgn0022069	31.0045	27.6625	48.408	41.287	48.8175	43.305
FBgn0032509	87.7352	99.396	98.5647	88.4203	85.7734	85.9132
FBgn0051852	48.5894	46.7257	45.5872	52.9691	48.9618	38.3966
FBgn0051855	39.3354	28.9688	49.8886	40.2009	42.08988	35.6118
FBgn0032511	139.2134	114.7894	152.4282	128.38569999999999	129.6399	123.76769999999999
FBgn0032512	27.7699	27.684649999999998	40.9762	39.4831	32.2637	37.2538
FBgn0032513	38.62452	33.92102	42.74714	38.11962	50.789359999999995	41.70006
FBgn0032514	105.894	106.771	107.562	118.978	114.099	116.041
FBgn0025724	109.144	109.775	121.138	124.378	134.55	136.387
FBgn0032515	14.593029	8.500155999999999	14.751921000000001	9.940470000000001	12.267908	9.522596
FBgn0032516	21.7836	26.909	26.6157	22.1399	22.3439	28.647859999999998
FBgn0032517	6.8163	7.42031	7.69229	7.89161	5.93039	6.50224
FBgn0032518	2126.369	1920.258946	2385.5396	2181.935935924	2237.2809	1949.646400137144
FBgn0032519	0.0	0.811292	0.0	0.0	0.0	0.0
FBgn0032520	6.51479	5.51089	5.74127	5.73003	6.515318000000001	6.6850000000000005
FBgn0032521	29.1183	31.42975	27.2013	25.8594	35.3949	34.8106
FBgn0003983	2.66244	0.0	0.0	2.34172	0.0	0.0
FBgn0263354	0.17667311347	0.13727	0.120108	0.0999099	0.262158	0.23754769999999997
FBgn0264432	0.0	0.0	0.0	0.5187679999999999	0.0	0.0
FBgn0026760	1.52437	2.02632	1.28944	2.01113	1.407228	4.54123
FBgn0032524	15.7402	21.0886	14.4721	16.2519	17.3735	17.3294
FBgn0284224	0.176673	0.0	0.0	0.0	0.0	0.0
FBgn0023407	25.521808	21.860072	23.352763	16.342228	20.712392	19.007742
FBgn0053640	1.15005	0.0	0.0	1.01151	1.32708	1.14202
FBgn0053641	0.744666	0.899881	0.787372	0.654965	0.859297	0.739472
FBgn0053642	0.772794	0.933873	0.0	1.35941	0.0	0.767404
FBgn0053643	2.30009	0.0	1.216	1.01151	3.98124	0.0
FBgn0053644	0.0	1.6897	1.47845	1.22983	0.0	1.3885
FBgn0053645	0.0	0.0	0.0	2.76462	0.0	0.0
FBgn0028943	0.0	0.0	0.0	1.18302	1.55209	0.0
FBgn0028942	0.611188	0.0	0.0	0.537566	0.0	0.0
FBgn0032530	1.40839	0.850975	2.97832	0.0	0.812596	1.39857
FBgn0028941	1.06595	1.10009	0.962549	1.25006	0.0	0.451996
FBgn0259984	68.86952	65.0826	71.22626093	65.0127	79.2791	63.4739
FBgn0028513	0.261761	1.26529	0.553547	0.92092	0.302056	1.29968
FBgn0028546	65.2358	85.90113	63.26862	72.81027	77.35456	85.332
FBgn0051814	0.106731	0.0	0.0	0.0	0.0	0.0
FBgn0028541	61.177099999999996	65.8298	71.40861000000001	65.295	62.6625	69.1122
FBgn0028540	0.77938	1.5763	1.60909	1.72093	2.50868	2.90229
FBgn0024846	35.8393	32.884	41.8741	32.0496	36.2771	32.6487
FBgn0028932	9.225840000000002	10.7618	15.00505	10.4487	9.147490597	8.196366699999999
FBgn0028539	54.69389	58.06343	56.463	60.727940000000004	59.07336	61.40695
FBgn0028931	6.26645	7.80925	5.17643	5.8720564	7.90899	5.25044
FBgn0028538	25.4578	26.0826	30.7945	28.5366	29.217	29.2646
FBgn0027844	2.8161	1.49479	1.50387	1.46094	0.0750096	5.22042
FBgn0028658	4.1722600000000005	3.78143	4.0439110000000005	7.03355	4.81452	8.28632
FBgn0028919	23.34468	20.9939	17.79503	24.352629999999998	24.432319999999997	26.4165
FBgn0032533	0.0	5.53371	20.5737	22.0966	10.4321	26.3462
FBgn0001965	31.5349	27.1335	33.1922	27.5476	26.9825	28.6166
FBgn0000153	0.803131	0.257108	0.449928	0.529791	0.245514	0.598147
FBgn0004406	15.4146	15.388	17.0072	20.1402	16.1118	13.5323
FBgn0001961	345.69680000000005	298.74969999999996	392.23699999999997	330.657	361.716	330.599
FBgn0015271	13.0617	8.52347	12.1535	10.5692	11.455	9.0794
FBgn0004407	10.3487	13.0197	14.09	16.7081	15.2135	14.6406
FBgn0064115	10.3487	13.0197	14.09	16.7081	15.2135	14.6406
FBgn0026373	60.5005	50.5684	60.2386	54.543	51.1967	49.5648
FBgn0260407	47.4417	46.2341	50.1624	46.438	52.0957	39.5123
FBgn0028509	22.9881	25.298299999999998	19.344880000000003	25.442700000000002	23.834514	27.40635
FBgn0053307	116.51433	116.52393	59.4741	62.72429	86.92880000000001	110.71449
FBgn0053306	0.646781	0.0	0.0	0.0	0.746344	0.0
FBgn0028920	1.69992	0.684749	0.0	0.9967680000000001	0.0	0.672481
FBgn0028534	0.5369	0.0	2.27076	0.944452	0.0	1.59947
FBgn0028533	0.0	0.0	0.0	0.382857	0.502299	0.0
FBgn0028532	0.581909	0.0	0.0	0.0	0.0	0.0
FBgn0019890	45.28672	59.33019	59.4187	66.87701	61.25502	69.38515
FBgn0012037	48.5084	48.67376	26.82584	27.80488	37.62277	17.99457
FBgn0032535	0.384296	0.0	0.0	0.0	0.221727	0.0
FBgn0032536	0.27945	0.0	0.0	0.0	0.0	0.0
FBgn0028938	0.0	0.0	0.0	0.0	0.210885	0.0
FBgn0261628	0.991621	0.599156	0.524245	1.30826	0.572134	0.0
FBgn0032538	0.0	0.414231	0.0	0.0	0.0	0.0
FBgn0028544	0.0	0.386934	0.0	0.0	0.0	0.0
FBgn0027929	34.6475	21.1749	33.245	25.4426	38.737	31.2497
FBgn0028543	52.8351	41.4251	39.9037	34.853	48.6295	28.4194
FBgn0054003	2.91173	7.03727	4.61807	1.28049	13.4398	4.33713
FBgn0028542	44.9804	33.0543	43.0611	35.2851	42.0847	29.5766
FBgn0028936	171.66234	116.1878	143.5474	104.1644	136.661	113.91640000000001
FBgn0028430	331.616	358.275	279.81	248.20999999999998	319.30899999999997	376.19
FBgn0259896	52.307159999999996	41.55562	33.75499	37.49705	56.23747	50.61953
FBgn0028940	30.5118	25.1806	26.4913	32.7273	30.3424	39.906
FBgn0028939	0.0	0.219094	0.383403	0.478393	0.418426	0.0
FBgn0003255	0.299761	0.181121	0.158476	0.19774	0.0864764	0.520924
FBgn0027348	17.0549	21.4259018148	8.39165714	9.35672	11.3015	10.8993
FBgn0001967	1.19055	2.15806	0.629416	0.523571	0.0	1.18225
FBgn0286723	0.38736	0.23405	0.409575	0.0	0.223494	0.192329
FBgn0028875	0.0	0.124335	0.0	0.0	0.0593638	0.0
FBgn0260011	0.0	0.0	0.0	0.315689	0.414176	0.0
FBgn0283651	0.605948	0.366125	0.640699	0.621783	0.349613	0.300861
FBgn0028526	0.0	0.0	0.418969	0.0	0.45724	0.39348
FBgn0051769	6.57354	16.9466	3.70695	15.0324	4.04557	10.4443
FBgn0263037	0.0	0.0	0.0	0.0	0.245648	0.0
FBgn0263038	0.0	0.228305	0.0998805	0.0830842	0.109004	0.187608
FBgn0016930	30.4606897	27.4032121	29.079004927274	28.7849200287327	36.198380041156796	32.73644981
FBgn0261563	9.560179999999999	8.74593114931	9.8717773812	9.85695	11.9139583581	13.46019222312
FBgn0052971	0.730668	0.0	0.0	0.0	0.0	0.725572
FBgn0261529	0.168021	0.203042	0.0	0.0	0.290827	0.0834243
FBgn0028916	23.870690034701397	25.0105041	25.09046051	23.43018	22.992353	26.32321709
FBgn0028531	0.240691	0.0	0.0	0.0	0.27774200350392	0.239012
FBgn0264253	0.0	0.0	0.0	0.0	0.0	0.671312
FBgn0028530	17.3252	17.5105	17.3196	15.2383	10.9049	13.7635
FBgn0262354	1.33122	0.0	1.40756	1.17086	0.0	0.0
FBgn0261535	22.8979	21.9152	29.4408	26.7455	34.4553	28.7411
FBgn0015791	75.8462	69.9558	67.670808823	71.62389999999999	80.2404	76.7545
FBgn0001970	20.2188	23.4749	25.9893	21.2702	21.9587	15.9441
FBgn0015546	21.86704	23.64344	23.121141	24.926933	20.91702	27.286023
FBgn0020258	0.17177	0.415146	0.363242	0.302158	0.396423	0.341144
FBgn0004858	5.3492299999999995	4.81053	4.0774799999999995	3.938967	4.880599999999999	3.4589369999999997
FBgn0264810	0.0	0.0	0.0	0.988126	0.0	0.0
FBgn0028871	0.0	0.765046	0.0	0.556827	0.0	0.0
FBgn0028844	0.0	1.06276	0.0	0.0	1.01483	0.0
FBgn0005771	0.471361	0.0	0.166131	0.138194	0.0	0.0
FBgn0003016	1.73764	2.55870547	3.0211839	1.81135	2.75855049	2.9290068
FBgn0000055	0.484683	0.0	0.0	0.0	0.0	0.0
FBgn0000056	0.0	0.656059	0.0	0.0	0.0	0.0
FBgn0085194	0.0	0.0	0.0	1.08194	0.0	0.0
FBgn0028537	1.12999	0.0	0.0	0.0	0.0	0.0
FBgn0260954	1.12999	0.0	0.0	0.0	0.0	0.0
FBgn0267014	36.3735	38.0934	33.0882	41.7378	30.0908	36.5313
FBgn0032549	0.0	0.0	0.0	0.44985645399999996	0.0	0.0
FBgn0261568	0.827054	0.0	0.0	0.0	0.0	0.0
FBgn0028886	2.847735	1.22904	3.0130167648999997	2.14689	1.40833	1.66813
FBgn0032554	0.0	0.0	0.0	0.0	0.0	0.493612
FBgn0259213	0.07749675	0.0936486	0.0	0.0	0.0	0.0769568
FBgn0086711	0.0	0.258382	0.226077	0.0	0.246729	0.205979
FBgn0040228	27.8177	33.6159	13.1585	30.2616	10.9815	16.7196
FBgn0261881	34.9262	25.7926	49.2389	35.27	27.6147	25.6908
FBgn0028926	47.2064	27.6316	50.6936	33.735	42.5572	36.6228
FBgn0283659	14.18342	17.6754	15.575119276	12.2361	20.3029000124724	17.0655
FBgn0286027	23.0258	24.5341	24.6081	25.4786	23.7133	23.8487
FBgn0260446	0.0	0.198915	0.0	0.0	0.0	0.0817286
FBgn0053310	0.0	0.0	0.0	0.0	0.184362	0.0
FBgn0051832	0.0	0.0	0.0	0.0	0.0	0.68562
FBgn0041713	0.0	0.0	0.0	0.0	0.0	0.463244
FBgn0001977	48.4319	46.5604	51.7806	47.6653	49.6545	55.4981
FBgn0004837	12.92973	10.80744	15.028609999999999	11.6586	11.6089	12.114440000000002
FBgn0000317	14.8985	17.2537312890729	17.93344732232	15.983191	19.08042437	17.65247
FBgn0053679	0.0	0.0	0.739224	0.614913	0.0	0.0
FBgn0010422	74.3798	62.527499999999996	77.27779000000001	62.007000000000005	89.1882	70.97081
FBgn0283442	0.0	0.470679	0.603832	0.342577	0.0	0.193389
FBgn0024183	211.078600527419	186.67504025865802	249.44262385800002	216.70409999999998	251.619800474	222.105300336753
FBgn0028879	0.0	0.09250425250088999	0.0	0.0	0.0	0.0
FBgn0001978	75.92062441755999	64.54197825163999	96.2288517	90.13020678147001	95.5358077829	93.3790260159
FBgn0028888	0.0	0.0	0.0	0.0	0.0795166	0.0
FBgn0028862	0.1399978	0.0	0.1480246	0.0	0.0	0.0
FBgn0283467	19.24014	33.1023	29.99814	23.23262	29.351599999999998	27.8493
FBgn0259982	38.28885	15.08797	19.36225	19.03468	21.131	18.1844
FBgn0045842	92.86934	93.256108	92.66825	80.86174	94.407509	96.881437
FBgn0261268	51.01383500000001	50.76997	59.10463	51.693128	59.942439	57.729335999999996
FBgn0086691	43.9226	39.80832	55.730000000000004	43.4608	45.61555	78.5093
FBgn0287768	0.187423	0.226489	0.0	0.164847	0.432549	0.186116
FBgn0032563	0.0	0.0	0.0	0.0	0.882978	0.0
FBgn0002524	237.5025	252.2482	244.8667	271.6344	266.4769	266.3678
FBgn0028370	0.0	0.112864	0.0	0.0	0.215547	0.18549
FBgn0028518	0.0	0.0	0.0	0.0	0.214824	0.0
FBgn0028863	2.46448	3.358976	1.737212	3.02152	1.8959	2.818101
FBgn0028864	0.454107	0.18292	0.16005	0.0	0.0	0.0
FBgn0028517	0.258799	0.0	0.0	0.0	0.0	0.0
FBgn0051780	0.454107	0.18292	0.16005	0.0	0.0	0.0
FBgn0051827	0.258799	0.0	0.0	0.0	0.0	0.0
FBgn0010382	24.37249211	20.0726378206	22.91431	17.539881	21.341079999999998	22.015515
FBgn0001989	124.7544	91.9253	141.5605	111.7337	107.9687	92.1576
FBgn0001986	36.8511	29.2719	41.6349	36.0471	42.9212	38.418
FBgn0001987	14.10426	15.92622	11.864329013999999	15.301804258	12.948198340000001	12.036271327000001
FBgn0028507	36.61384	34.75884	42.53206	33.75119	36.3253	24.11325
FBgn0001990	21.88479	23.298009999999998	16.25301	22.22752	24.35172	20.95597
FBgn0041627	28.9921	29.9026	30.069	34.4328	27.4885	33.9244
FBgn0051826	0.464415	0.0	0.0	0.0	0.0	0.0
FBgn0028903	0.0	0.384401	0.0	0.559561	0.0	2.21115
FBgn0028902	0.425291	0.0	0.674521	0.0	0.490758	0.0
FBgn0041183	2.51408	2.68756	2.04482	2.29629	1.89687	1.92042
FBgn0028645	0.0	0.19538628	0.0	0.14221067	0.18657063000000002	0.0
FBgn0028514	82.2311	103.118	71.3372	65.1841	90.4601	99.8363
FBgn0028857	0.355316	0.0	0.0	0.0	0.0	0.352838
FBgn0028644	0.121474	0.0	0.182833	0.152087	0.0	0.0
FBgn0045827	0.318619	0.0	0.0	0.0	0.0	0.0
FBgn0264364	0.318619	0.0	0.0	0.0	0.0	0.0
FBgn0000182	0.137891	0.0	0.0	0.121281	0.0	0.0
FBgn0001991	0.2023782	0.1222798	0.05349499	0.08900023	0.058381720000000005	0.0
FBgn0261999	0.32942	0.298562	0.43539	0.217304	0.190065	0.41424200259068
FBgn0262000	0.0	0.0	0.12451	0.310716	0.0	0.116936
FBgn0024734	71.32772	79.45335	69.60064	68.25419000000001	71.67712	79.98069000000001
FBgn0284225	5.05117	8.52734	4.20782	5.26701	2.89107	8.21389
FBgn0028515	129.9805	126.2345	141.2506	131.07521	133.6772	135.98250000000002
FBgn0002673	4.36214	2.9285500000000004	4.726822353	4.26299	4.47434	7.460185
FBgn0028897	11.4328	4.7824	13.0184	9.28213	9.64084	10.4798
FBgn0001994	44.251599999999996	47.8463	41.7411	45.1691	49.1823	56.778999999999996
FBgn0040079	23.08	23.9063	21.6513	20.4524	20.6254	19.1279
FBgn0028896	0.834153	1.00802	0.881992	1.46735	0.96256	0.828335
FBgn0032582	0.0	0.0	0.0	0.0	0.764145	1.31518
FBgn0001992	0.168631	0.290859	1.07789	1.16309	1.36729	1.33561
FBgn0028375	23.1926	27.7259	34.5259	32.1007	29.4002	35.0374
FBgn0028895	4.7445699999999995	5.73351	4.65833	4.7692	3.12853	4.0384
FBgn0028894	100.023	107.696	89.7201	100.066	88.0695	111.565
FBgn0028525	0.565267	1.82157	0.996143	1.16008	0.652282	0.748433
FBgn0015338	116.992	123.135	126.362	123.184	112.743	113.261
FBgn0011708	72.34219999999999	77.9065	72.2242	78.7371	76.9045	93.0265
FBgn0000339	91.88589999999999	96.28109	81.93947673299999	106.98330999999999	96.06620000000001	112.92063
FBgn0001086	77.6566	68.7485	85.0835	78.7664	94.3534	81.1962
FBgn0000250	79.52348	79.37915114302	80.9504	69.36315	85.76254	75.96372558419
FBgn0014092	33.7427	38.0575	34.2507	35.218	30.1112	30.38
FBgn0001995	48.7687	47.3782	66.2264	63.0796	55.7243	46.0546
FBgn0028899	0.110998	0.0670671	0.117364	0.0	0.0	0.165336
FBgn0259151	0.222123	0.0	0.0	0.0	0.256316	0.441148
FBgn0265578	0.0	0.0	0.474058	0.197169	0.0	0.0
FBgn0000307	24.40059	23.93147	23.14809	26.31454	26.8931	28.846380000000003
FBgn0087041	6.78443	9.43667	5.33476	3.92587	4.33128	11.7758
FBgn0028506	18.7192	26.8624	30.3076	26.24	24.3008	22.6549
FBgn0025678	387.18499	384.6677	442.2924	459.6691	469.156	436.914
FBgn0028523	23.6587	24.0240245	18.82891	23.782	22.01668	17.68341
FBgn0020416	162.225	181.335	152.726	166.556	186.117	182.159
FBgn0020415	588.39121	536.20844	637.67088	514.21595	821.59114	641.1199799999999
FBgn0020414	360.57231	395.95746399999996	365.60373699999997	355.90373	397.51675	337.6307
FBgn0005677	0.0	0.398486251234	0.086887943573	0.07228035350140001	0.09649488848599999	0.0
FBgn0032586	135.382542	122.02930000725915	142.40628000000004	128.52439959018	138.7538	150.4486800081666
FBgn0032587	46.2729	45.60426	42.02517	50.8481	44.2501	52.88821
FBgn0051816	2.50784	6.06114	1.32583	1.10288	1.44694	6.22588
FBgn0259735	70.01996	61.41097	65.460604	56.191492999999994	61.58988	65.77306
FBgn0051815	0.597564	1.08318	0.947752	1.83954	1.03433	0.890095
FBgn0032590	1.10207	1.33178	0.332935	1.93863	0.90837	1.25072
FBgn0032593	0.153188	0.235457732252	0.0	0.17137428621	0.0	0.29022841716299996
FBgn0001185	28.2457	33.1403	30.23149	28.499509999999997	26.88548	26.61392
FBgn0261278	77.39438	64.62138160965	79.17060000000001	60.700610000000005	84.85168999999999	75.66108780020001
FBgn0267347	56.1998	56.093540000000004	39.1201	42.97433	43.7744	58.6241
FBgn0051807	1.06206	0.0	3.202658	0.93413	0.612777	1.58198
FBgn0053552	0.659958	0.797518	0.697807	0.580461	0.76155	0.655355
FBgn0263744	0.0	0.0	0.0	0.0	0.694354	0.0
FBgn0263745	5.83174	7.04728	4.89043	7.60545	4.87305	4.9923
FBgn0062978	0.224691	0.271525	0.0	0.0	0.0	0.0
FBgn0086907	0.0	0.0	0.0	0.0	0.0	0.679585
FBgn0284248	651.434	509.693	640.606	588.682	569.1980000000001	617.607
FBgn0027779	74.16409999999999	79.05052	80.77494	68.39311	77.09141000000001	73.05454
FBgn0263746	2.6845	1.62202	2.55461	2.83336	1.85864	2.66578
FBgn0051812	10.4316	11.6134	12.8616	11.4637	7.88799	15.0218
FBgn0032595	57.2493	49.926	54.0381	41.2028	34.559	52.0147
FBgn0032596	257.06551	219.7554	247.3199	225.94619999999998	252.74939999999998	244.358
FBgn0032597	68.7796	63.2752	76.0084	87.0341	72.7106	74.9095
FBgn0015391	63.7666	65.3199	72.2736	58.5377	76.1772	74.3072
FBgn0032598	3.34043	4.92312	5.90561	8.9554	5.42915	9.45917
FBgn0261068	215.56470000000002	187.78300000000002	256.1018	216.2296	234.9991	175.7643
FBgn0032600	79.0042257202	84.1076556905	91.972440102657	82.8179021742	92.793458	83.334364
FBgn0032601	3.72741	4.1826	2.81513	2.107553	2.45782	3.17264
FBgn0032602	0.0	0.0	0.0	0.0	0.263235	0.0
FBgn0264695	0.12105705259999999	0.14628941599999998	0.12799851663108203	0.0528264	0.139690428	0.480849874
FBgn0000406	7.44227446693	8.3017	8.11628	10.26215	10.98354	15.6335
FBgn0032603	45.6657	44.08909	37.3644	46.86706	50.6629753041	51.307700302455
FBgn0040262	7.94975	5.30029	6.1651306235800005	4.33995	10.75515	6.805429999999999
FBgn0040261	0.0	0.0	1.15696	0.240599	0.63132	0.271643
FBgn0040260	47.077600000000004	44.562529999999995	28.308474	33.346607	37.745707244260004	45.64834
FBgn0032609	0.0	0.33673	0.29463	0.0	0.0	0.0
FBgn0086673	0.0	0.307823	0.0	0.0	0.14697	0.252952
FBgn0004797	17.24394	15.4012	15.10893	12.952639999999999	13.88338	16.790219999999998
FBgn0022213	74.5955	77.7743	85.0969	85.8668	91.689	90.7199
FBgn0051739	62.87896	63.80144	67.27239359	75.2937	67.00189999999999	78.51234
FBgn0032612	0.0	0.316962	0.277334	0.230696	0.302667	0.0
FBgn0032613	26.0625	33.9364	17.0897	27.0102	27.9763	25.8807
FBgn0266491	0.0	0.0	0.0	0.706388	0.926762	0.0
FBgn0032614	0.0	0.0	0.0	0.34155	0.0	0.0
FBgn0051810	0.0	0.0	0.0	0.364102	0.0	0.0
FBgn0032615	0.0	0.557884	0.0	0.812094	0.0	0.0
FBgn0052832	0.0	0.0	0.0	0.0	0.0	0.810933
FBgn0032618	5.44869	2.41777	5.24203	5.79363	4.28764	7.4796249999999995
FBgn0085342	2.67874	2.41777	1.57354	2.09428	4.28764	0.591125
FBgn0040985	212.763	237.5382	224.186	254.4762	251.461	282.9233
FBgn0261671	22.926160439999997	24.95117748750665	22.84464069	25.90292	23.78938978923	24.772212000000003
FBgn0260758	0.68617	0.0	0.362761	1.81055	1.1877	1.70346
FBgn0051805	0.418360623	0.0	0.44232822	0.183983874	0.4827376	0.207723436
FBgn0032620	19.6782	21.0228	32.2655	26.3379	28.9601	32.285
FBgn0026150	32.70766	33.19332	48.6518	41.066500000000005	37.479459999999996	38.69288
FBgn0032629	0.514855	0.62217	0.0	0.0	0.297055	0.0
FBgn0051804	0.0	0.0	0.0	0.520383	0.0	0.0
FBgn0032633	53.10517	47.310990000000004	57.42772	49.25316	60.70877	53.911829999999995
FBgn0020503	27.52014513595494	30.38966000305502	26.4788799473573	27.1041115067	28.86100551171072	32.16645969179
FBgn0032634	110.361	108.173	130.952	118.637	131.594	129.074
FBgn0032635	42.0715	42.1773	47.4547	43.393	36.8859	34.6516
FBgn0051803	0.0	0.0	0.563025	0.0	0.0	1.05755
FBgn0011274	39.4897	30.42408	34.6755	28.82273	32.30185	35.69215
FBgn0032636	0.249336	0.0	0.0	0.0	0.0	0.247597
FBgn0260632	103.27098	84.9086	96.5342105375	89.97371000000001	92.5904000175356	111.23475
FBgn0032637	3.72174	6.9961	3.0607	7.27429	3.81747	4.10643
FBgn0032638	35.847	48.3952	26.3543	26.6025	32.9628	27.2539
FBgn0032639	1.1085	1.33956	0.0	0.324992	0.426381	0.366924
FBgn0000183	55.788945	57.74586000000001	64.12475	60.772967	65.637993	64.31583
FBgn0032640	177.5559	150.8252	201.2926	147.2643	167.93869999999998	142.378
FBgn0286781	164.847	185.483	153.56	179.8	175.529	214.618
FBgn0024689	34.29072544	42.48247	36.62630010505	41.4514852637	38.303350287899995	36.86052448
FBgn0032642	103.5832	84.7951	67.1275	61.716899999999995	66.833	64.1497
FBgn0032643	192.2522	179.3966	239.7924	230.9531	238.3697	218.93110000000001
FBgn0032644	20.987	21.5021	22.673	18.0577	11.5824	11.7795
FBgn0262857	0.0	0.0	0.0	0.0	0.0	0.865481
FBgn0263654	0.0	0.0	0.0	0.0	0.0	0.865481
FBgn0003187	0.0	0.0	0.40203	0.2229490231476	0.1462510995496	0.0
FBgn0032645	0.0	0.0	0.716043	0.59563	0.0	0.0
FBgn0032646	47.4543	43.1862	47.0786	52.8167	52.7312	49.7413
FBgn0013810	12.652719999999999	17.7808	12.70551	16.5074	12.11924	17.70139
FBgn0032647	2.11131	4.39405	1.48826	3.81714	2.30097	2.67897
FBgn0032648	0.245789	0.14851	0.129943	0.0	0.0	0.366112
FBgn0032649	0.0	0.0	0.0	0.264213	0.0	0.0
FBgn0032651	0.32583	0.0	0.0	0.0	0.0	0.0
FBgn0261089	0.897726	1.627268	1.18651	0.34361	1.35242	1.745749
FBgn0015609	0.11418726	0.0	0.08048906	0.10043899	0.043920890000000004	0.07559412
FBgn0262018	0.0	0.0	0.0	0.0486956	0.0	0.0
FBgn0023096	0.307967	0.521021	0.45588	0.731348	0.461986	0.672801
FBgn0032656	18.52272	14.39163	18.67801	18.17474	18.870809599999998	14.284569999999999
FBgn0032658	0.0	0.0	0.0	0.0	0.227807	0.0
FBgn0002939	1.02025	1.23291	0.268985	2.392942	0.293556	1.6885590000000001
FBgn0032664	0.287087	0.0	0.0	0.0	0.0	0.0
FBgn0032666	0.400180076	0.0	0.0	0.35197600599999995	0.153924781	0.5298534349999999
FBgn0051785	0.0	0.0	0.0	0.265444	0.0	0.599386
FBgn0001301	15.54272	16.64602	17.6803	18.40008	18.27532	20.2622
FBgn0041184	20.08674	22.47552	14.81465	22.574640000000002	20.746480000000002	16.49837
FBgn0032668	0.358925	0.433738	1.13853	0.947068	0.828352	0.712843
FBgn0032670	8.24861	8.72193	5.99614	8.16187	8.32857	8.70302
FBgn0032671	20.0551	18.53288	25.882929999999998	23.86496	19.73903	15.815
FBgn0261804	0.0	0.0800644	0.0	0.0	0.0	0.0
FBgn0000636	2.04394	1.618443	1.799295	1.687702	0.403556	0.6098309
FBgn0011559	0.0	0.177528	0.0	0.129211	0.0	0.0
FBgn0261597	3546.2533999999996	2822.7635	4506.3584	3430.2901730000003	3900.1459999999997	2718.43027
FBgn0086707	29.79	35.8828	29.7655	37.3944	34.3757	38.8685
FBgn0284256	49.3882	50.857	66.3135	67.9287	63.6275	69.1689
FBgn0032680	0.0	0.0	0.728571	0.0	0.0	0.0
FBgn0032681	2.71729	1.9418	2.78021	2.7025296	2.210403018	2.61108
FBgn0032682	0.209769	0.506739	0.448905	0.0	0.707869	0.0
FBgn0032683	7.8991336	9.47993	11.3207	11.4259	11.7476424	12.584229500000001
FBgn0032684	0.0	0.0	0.0	0.0	0.522789	0.449889
FBgn0032685	0.566759	0.293525	0.0856089	0.356063	0.373716	0.482405
FBgn0085370	35.7882449085	32.94830340681669	36.097909	30.4334053	33.83039815	40.5673469237
FBgn0032688	18.6826385	18.7265576	25.8794243	21.2727036	22.7512	20.134315500000003
FBgn0032689	27.65691	32.63526	29.5871	31.09839	30.7879	28.9719
FBgn0051789	4.2716	1.72065	4.51658	1.25235	1.64305	4.60901
FBgn0032690	30.8504	33.6483	33.1216	36.3182	33.0436	33.306
FBgn0032691	15.1787	12.4392	17.7095	16.7263	13.8914	15.9391
FBgn0032694	68.21892	58.0992000133103	68.67999999999999	59.38129325453	62.923215013100005	63.049189999999996
FBgn0032693	1.0657	0.965877	2.25364	2.109	2.76695	1.58741
FBgn0086200	20.51874	32.37195	21.69546	20.55364	23.18925	28.29946
FBgn0263079	2.0474	2.05766	2.38909	1.55149	1.9859	2.397
FBgn0263078	0.0	0.0	0.0	0.0	0.0	0.629184
FBgn0261349	0.572061	1.03695	1.81461	2.76734	3.30061	3.69246
FBgn0086681	1.61516	0.97591	1.42316	1.4206	0.621264	0.801948
FBgn0086909	7.597449999999999	13.79047	10.61918315	11.4432	10.9738	9.06645311751
FBgn0015553	6.91917	7.5038	9.19188	8.89449	8.59846	8.63268
FBgn0005617	24.36302	24.29227	29.341209999999997	28.15467	29.12188	30.051479999999998
FBgn0032698	37.0751	28.254742699999998	55.82752	36.4233	47.2618	35.9491
FBgn0032699	55.156600000000005	57.859899999999996	49.5488	59.1367	49.03689	59.3964
FBgn0032700	8.67023	16.1527	15.85209	15.72826	10.0049	11.8384
FBgn0032701	27.63276062	32.5505	41.7392	39.213400563641	42.604500124192	42.197600187973
FBgn0032702	58.6199	58.5897	77.1646	84.0985	78.5601	87.7359
FBgn0032703	25.351	35.7409	39.5691	21.7664	34.8255	28.7705
FBgn0032704	220.341	214.522	230.341	232.194	249.463	241.511
FBgn0025608	55.6941	52.8655	70.37870000000001	57.4692	71.6063	66.1031
FBgn0032705	25.6399	25.104	29.0892	30.1233	33.906	31.9657
FBgn0032706	0.0	0.0	0.766328255	0.47551	0.2787763794	0.0
FBgn0032707	0.161159	0.0	0.172499	0.141746	0.243845	0.160035
FBgn0045852	68.8781	65.12	68.04595	63.99100422552	75.1565	74.94239999999999
FBgn0040992	0.314495	0.380047	0.0	0.8298349999999999	0.114427	0.936904
FBgn0260228	0.314495	0.380047	0.0	0.8298349999999999	0.114427	0.936904
FBgn0040993	0.0	0.0	0.0	0.208725	0.489687	0.0
FBgn0259201	0.0	0.0	0.0	0.208725	0.489687	0.0
FBgn0032713	0.43873048216	0.26508929558	0.2319460095	0.0	0.0	0.0
FBgn0027070	0.0	0.0	0.0	0.0	0.278951	0.240052
FBgn0032715	23.23724	27.47009	35.41384	23.592299999999998	25.56718	19.59268
FBgn0015808	40.3845	44.479	41.6088	53.2529	41.5965	41.5745
FBgn0032717	23.904937	26.633200380187997	26.09316980568579	28.80345	29.55130001214838	28.870420000000003
FBgn0053120	4.25331	5.13985	1.56426	3.09036	2.77411	3.4891
FBgn0032719	0.208315	1.006941	0.0	0.140986	0.18497	0.318354
FBgn0032721	46.317479999999996	52.82033	55.845600000000005	49.8517	54.834478999999995	55.205803831000004
FBgn0032720	29.1775	32.9577	45.4551	31.7442	34.455	37.6191
FBgn0003896	0.0	0.0	0.0	0.165085	0.0	0.186385
FBgn0032723	7.45142	7.5038	7.464079999999999	6.2089	6.10943	7.9449499999999995
FBgn0032724	9.25513	9.82031	13.6048	12.1111	9.6379	8.74226
FBgn0032725	72.88409999999999	70.8061	93.6857	90.5007	110.48910000000001	83.7289
FBgn0032726	4.229	3.83286	2.083464	5.88934	3.65999	4.54946
FBgn0032727	24.01328	18.499319999999997	16.186429415	16.89658	14.201250000000002	19.07663
FBgn0015772	13.10111	12.404699999999998	12.56447	14.89333	16.062	15.89904
FBgn0032728	3.36107	3.70846	4.63543	4.62711	2.52943	2.32183
FBgn0032729	20.14206	24.97262	21.29717	21.62709	20.827840000000002	25.976039999999998
FBgn0032730	0.803328	1.30264	1.83595	1.88771	1.3882	1.33026
FBgn0032731	280.71266	262.61039999999997	298.233459223	298.55231000000003	308.227217	275.774
FBgn0032732	39.8002	51.3024	37.8745	49.0084	45.9269	55.3317
FBgn0032733	0.512735	0.9293993	0.0	1.1274335999999998	0.0	0.7637438
FBgn0287596	0.0	0.0	0.0	0.0	0.0	0.582209
FBgn0046302	0.292707	0.0	0.0	0.0	0.0	0.0
FBgn0051792	0.0	0.0	0.101785	0.169496	0.0	0.095593
FBgn0051793	9.97654	12.27927	10.93938	11.30995	9.27379	14.37776
FBgn0086710	2672.071	2330.102	2437.964	2248.1189999999997	2470.2709999999997	2177.176
FBgn0032741	0.195433	0.0	0.206641	0.0	0.0	0.0
FBgn0001202	31.7506	33.9329	25.8093	31.9615	20.5428	26.7907
FBgn0051800	33.8014	34.039	31.2724	32.8266	25.1905	22.3771
FBgn0086442	46.2127	44.58409	41.46926	42.64288	46.8511	41.62529
FBgn0002022	74.6832	76.4617	81.1598	73.6698	81.3918	70.5572
FBgn0032744	9.0836	13.248	10.2669	15.9788	10.4819	18.0405
FBgn0263198	69.8031	66.01441	82.31827	79.23845	77.731160326	73.5196
FBgn0032746	65.8184	58.9512	70.4118	72.1923	75.0567	78.4312
FBgn0002021	15.9711	15.2533	20.1555	16.7661	15.7543	15.6039
FBgn0261396	125.7532	130.5701	144.25209999999998	119.3071	145.111	129.7885
FBgn0032748	26.5328	27.1211	33.1169	24.65268	32.5739	25.060080000000003
FBgn0032749	0.126124	0.609653	0.266715	0.110932	0.0	0.500979
FBgn0032750	14.2617	11.2224	17.8852	10.7935	14.5435	15.4797
FBgn0032752	4.9469829999999995	3.6577479999999998	3.461695	4.42115	3.1224	3.198364
FBgn0032751	14.8464	11.1777	27.4943	15.2678	14.7777	22.1299
FBgn0032753	0.0	0.0	0.0	0.0	0.391749	0.0
FBgn0032754	0.0	0.302277	0.0	0.0	0.288644	0.0
FBgn0002023	0.0	0.409179	0.0	0.297815	0.260484	0.22416
FBgn0000075	0.0	0.0	0.265167	0.0	0.0	0.0
FBgn0002036	6.71284	2.28151	5.10156	4.61268	2.90482	3.74964
FBgn0000422	0.224691	0.271525	0.0	0.0	0.0	0.669372
FBgn0002031	262.1181	222.8462	310.6068	291.7746	279.4629	260.054
FBgn0086444	22.945	23.9218	25.3709	23.6106	20.0741	19.5087
FBgn0086445	14.8584	13.901	15.2038	16.0196	13.2741	15.4687
FBgn0086443	190.5424	158.86257	220.60250000000002	221.6636	209.81099999999998	261.9546
FBgn0086446	64.1495	58.1405	62.1761	68.5127	53.7558	71.2857
FBgn0086447	37.7228	38.00889	48.95652	51.243994	77.94900000000001	74.6243
FBgn0010300	79.10255000000001	65.47578	79.154799	65.42819	81.49848	63.290490000000005
FBgn0032763	7.82171	5.15566	6.7666	5.6287	6.29068	5.64884
FBgn0010097	0.0	0.0	0.310899	0.517234	0.339299	0.58397
FBgn0010309	16.3916	17.9217	18.5697	18.0786	14.5615	22.0906
FBgn0015380	0.0	0.0	0.1414832	0.0	0.0	0.1328758
FBgn0024245	12.631604000000001	12.51350470392	13.862736	9.7036744	14.206669999999999	12.384739
FBgn0032770	0.0	0.0	1.1019	0.9166	1.20255	0.0
FBgn0032772	1.69745	3.07689	0.897398	1.11973	1.46906	2.52841
FBgn0032773	61.199600000000004	65.0456500176515	69.460765	69.910399069	63.0040000627741	81.7267711315
FBgn0032774	13.9538545719	8.431189999999999	13.883207033000001	7.59759	9.20108	5.4436512362
FBgn0032775	115.81913528999999	104.8911158	154.419937	116.32086000000001	148.91070000000002	153.00669
FBgn0051798	2.422745	2.60243	2.8463200000000004	1.79523	2.485061	4.2770600000000005
FBgn0041789	174.49611	164.57783	149.535902358	126.92801	144.29974082824612	147.9644708403
FBgn0016675	0.0	0.933873	2.45134	0.679705	0.891755	0.0
FBgn0053532	0.0	0.0	3.74495	0.0	0.0	2.63784
FBgn0053533	0.0	1.34595	1.17767	2.9389	2.5705	3.31809
FBgn0032779	72.661	79.68542	87.09514999999999	79.52118	85.88918	68.6304
FBgn0032780	1.45657	3.53334	2.44994	2.93588	0.5884310431261001	3.31705
FBgn0032781	98.5015	86.763	98.024	95.9424	95.6409	91.5603
FBgn0032782	15.77	13.7077	13.164	13.8703	8.30062	6.8684
FBgn0032783	7.018523	9.8979	8.29956	5.285646	7.8870597	3.787074
FBgn0003346	84.01758000000001	79.97749	92.0168	81.07883	109.1008	113.7316
FBgn0024230	17.6567	18.1041	18.6693	17.4122	16.9789	15.9396
FBgn0284220	150.24658	163.41746999999998	178.73301999999998	170.37473	195.431	193.39973
FBgn0032785	18.895870000000002	21.8943841	11.416907508000001	14.486846	18.80169	15.70055
FBgn0000964	0.0	0.0	0.0	0.0	0.136214	0.0
FBgn0032787	25.01932	23.96626	24.19594	20.39546	14.4354	14.543379999999999
FBgn0032789	0.0	0.0	0.0	0.0	0.0	0.408038
FBgn0032790	13.3908	12.4832	12.9451	13.7968	12.8032	11.3978
FBgn0032791	6.23816	7.06727	5.35919	6.85841	2.69942	7.35615
FBgn0032793	21.6336632	27.07427	23.5883000194023	31.8078	24.4738	29.3473
FBgn0002044	60.920523079999995	48.940709999999996	58.00785733	51.95742392120917	59.917010000000005	52.62543
FBgn0040268	39.2263	44.755	39.711	41.5665	40.8104	38.8491
FBgn0032796	9.0185622	10.1117943186894	11.1671333264	8.949590727690001	10.102799880440799	11.2517885447
FBgn0032797	0.0	0.0898161	0.0865281	0.0653713	0.361445	0.0812641
FBgn0032798	0.533583	0.644802	0.282092	0.391091	0.820962	1.32465
FBgn0032799	106.881	89.9498	110.992	114.15	98.3733	95.3955
FBgn0032800	11.9327	12.1003	15.2717	16.4542	15.6519	18.732
FBgn0032801	33.233744	30.83777125566	33.88472	35.49415	41.0888439031	41.84173
FBgn0053116	46.2156	38.1802	46.3784	47.1524	48.6756	52.9025
FBgn0051697	4.24362	3.07689	2.69219	1.49298	3.91749	4.21402
FBgn0032803	0.348	0.841071	0.367957	0.612161	0.401569	0.691145
FBgn0032804	0.0	0.0	0.0	0.0	0.0	0.765882
FBgn0003231	123.1112	141.41219999999998	113.38852	155.036	106.92	159.82686999999999
FBgn0032805	30.0918	29.9469	22.0852	25.5329	20.4259	20.0385
FBgn0041180	307.86501	326.4535685	302.23028600000004	295.6514816804	315.058897	255.81033705
FBgn0264845	0.522186	0.883441	0.33128	0.734856	0.60257	1.55563
FBgn0032809	0.546717	2.64269	0.578071	0.961721	0.630876	2.17161
FBgn0032810	0.820941	0.992055	5.05857	0.525987	2.07024	3.56312
FBgn0005672	385.53428	334.49230044066405	295.54126654	275.66793124335	314.242179	319.304868688113
FBgn0027949	72.9466	74.0632	81.0042	66.5034	85.3288	75.084
FBgn0032811	24.7771	19.1429	19.3264	21.078	14.9986	13.7138
FBgn0032812	27.874040950799998	23.27327	32.344	29.2568	27.94348	19.58462
FBgn0032813	1.86211	1.12512	2.46113	2.45671	1.07438	0.462281
FBgn0032814	15.6488	19.667	23.3853	22.9396	13.9646	23.6202
FBgn0000464	11.508718	12.02385	12.244177923270001	13.583165000517354	12.268407628	16.512421
FBgn0267964	0.199228	0.0	0.0	0.136457	0.0	0.162427
FBgn0005590	0.340084	0.0	0.295477	0.0	0.0	0.0
FBgn0032815	24.612217	30.40248553	30.00125981	28.863073	32.3812671659	34.50245328
FBgn0032816	34.509100000000004	32.2601	37.1766	31.49759	30.053829999999998	31.68208
FBgn0266211	0.529225	0.319767	0.279788	0.232738	0.0	0.0
FBgn0032817	12.866	14.5661	16.5781	16.6017	17.9053	19.679
FBgn0032818	30.213	28.0507	30.7769	33.0549	19.9829	23.7823
FBgn0032819	17.1559	14.4577	18.8558	12.9053	20.3177	19.7261
FBgn0032820	20.93200716	25.18292133447	23.383335511998602	33.665510017438194	26.385500036107	39.6985
FBgn0032821	23.3917901153	24.9292283669	28.010987	27.3448300701568	27.434850002473368	28.493214000000002
FBgn0032822	11.9746	15.5837	20.61102	17.14501	13.23165	17.07985
FBgn0004811	40.42502	37.4647	46.2505	38.42664	43.51158	45.24843
FBgn0263873	9.653252000970191	10.110289999999999	7.48966000379617	9.94867	10.42180215778709	8.92211228739216
FBgn0032827	0.214879	0.0	0.0	0.188995	0.247956	0.21338
FBgn0032833	433.46860000000004	374.5019	476.8933	383.4584235505	461.5084	341.1623
FBgn0054051	0.6831498	0.0	0.0	0.0	0.788305	0.0
FBgn0032835	0.467768	0.0	0.0	0.822844	0.0	0.0
FBgn0042129	0.659958	0.0	0.0	0.0	0.0	0.0
FBgn0014127	43.0999	40.838210000000004	48.8515	46.0929	49.1693	55.60673
FBgn0019686	28.835157	24.47296	36.08073	33.63832	38.72774	38.41586
FBgn0003978	40.2361	27.4824	49.9425	32.0043	34.7215	23.9733
FBgn0045064	19.74063	29.46826	29.844739999999998	25.32124	23.44941	28.25125
FBgn0032843	2.15833	2.34739	1.14106	1.89834	0.747173	3.21492
FBgn0003141	37.3594	37.0846	42.7938	34.8151	37.4649	39.3071
FBgn0004374	17.9865	16.1979	21.8042	15.5176	20.8875	18.3162
FBgn0263773	18.5471	23.8138	21.653550000000003	30.926569999999998	17.83508	24.55695
FBgn0032845	8.475760000000001	8.12329	9.38777221985	9.76833	5.39612	7.9901
FBgn0032846	9.26892	6.84251	11.6381	11.9739	8.02181	7.30962
FBgn0032847	87.8914	91.9767	71.8546	102.01	81.5551	106.174
FBgn0032848	38.185069999999996	33.44161	36.9726	30.189099999999996	37.379400000000004	37.91879
FBgn0032849	29.04993	25.07501	54.8499	40.1509	35.117999999999995	31.5947
FBgn0032850	0.268265	0.0	0.0	0.0	0.0	0.0
FBgn0259998	0.0	0.0	0.408557	0.0	0.0	0.0
FBgn0260000	0.48168	0.582079	0.509304	0.423658	1.66748	1.43496
FBgn0003475	77.378796	81.71666734826	64.587229	81.6058507	68.9959135	56.64212205794
FBgn0011638	303.486	292.281	373.561	354.554	402.036	395.154
FBgn0015803	48.52419564323	52.220056	59.530125000000005	48.016815599999994	46.37403012327199	58.566745999999995
FBgn0026756	0.269605	0.326933	0.0	0.0	0.313222	0.0
FBgn0032856	0.0	0.0	0.0	0.147813	0.0	0.166885
FBgn0032857	0.0	0.92226	0.268985	0.0	0.0	0.0
FBgn0032858	20.88617	16.82639	16.86977	15.30858	16.73705	22.75699
FBgn0032859	202.16750000000002	220.0416	203.4418	205.0962	204.19989999999999	226.46179999999998
FBgn0032860	0.0	0.0	0.0	0.0	1.52052	0.0
FBgn0263355	31.591871	24.605348	40.465991	32.51491	35.024563	29.589948999999997
FBgn0051683	14.55035	0.0	0.0	0.0	0.0	7.3245700000000005
FBgn0051687	17.90852	19.456000000000003	20.354216	16.6418	14.9152	18.2294
FBgn0042175	93.04320000000001	115.54740000000001	116.5963	114.5273	110.8907	122.68299999999999
FBgn0032863	33.6552	31.5644	35.46478	34.8401	26.419710000000002	39.893699999999995
FBgn0032864	475.2432	477.68399999999997	475.80199999999996	439.9717	546.8826	455.21320000000003
FBgn0032868	0.0	0.0	1.07313	0.0	0.0	0.0
FBgn0051680	0.0	1.43213	0.0	0.0	0.0	0.0
FBgn0032869	9.45524	6.98259	10.5529	3.23411	4.24307	6.25953
FBgn0016054	17.8071122617	17.05755	19.3813212	17.571925	22.81711	17.25135033
FBgn0032870	38.3241	37.1233	39.2355	32.1025	28.7804	32.6201
FBgn0042133	9.62763	8.72578	8.9073	12.349	16.2016	13.1457
FBgn0032871	32.1696	38.8749	34.0145	23.5787	20.6231	12.4231
FBgn0261787	31.1436	29.3273	36.3453	36.5714	35.9378	41.9481
FBgn0032873	27.3449	32.8151	29.7163	34.740300733477994	33.3073	44.50269092
FBgn0051678	53.064389999999996	55.87838	58.921790285163	65.519	55.325510107676	62.38071
FBgn0086657	19.59042	21.5971	22.349220000000003	22.0673	20.2265	22.0135
FBgn0032876	19.38151	24.73291	27.050800000000002	24.82019	26.83804	27.905700778642
FBgn0032877	12.1614	11.43047	19.52644	13.46966	11.4347	13.418420000000001
FBgn0014859	0.511094	0.138076	0.12009	0.0499593	0.179481	0.0564052
FBgn0032878	0.0	0.0	0.0	0.0	0.227576	0.0
FBgn0032879	0.927722	1.12109	0.980927	0.652776	1.28464	1.8425
FBgn0032880	132.8356	138.4366	132.8617	137.6465	134.6412	132.88139999999999
FBgn0262743	62.4607	60.01017	81.66798	75.20446	81.3064854287	80.42069000000001
FBgn0032881	23.0594	28.75041	21.67276	25.5817	18.16173	15.9926
FBgn0032882	36.6213	36.5233	44.3199	41.1357	38.9493	37.0231
FBgn0032883	23.433230000000002	18.48969	26.67184	24.97508	24.813560000000003	28.7451
FBgn0011202	33.768964999999994	33.944384	33.69855	36.976440999999994	39.020807	46.408379999999994
FBgn0000251	0.0	0.218553	0.382317	0.318463	0.0	0.180041
FBgn0032884	110.661	90.3945	136.899	106.15	110.91	79.2835
FBgn0250785	70.67361163999999	61.5663000157564	65.049201855	65.4244200981336	74.9336	71.2758529029
FBgn0032886	102.12049999999999	110.3568	88.6877	84.1051	111.3369	93.62400000000001
FBgn0053322	0.0	0.671054	0.0	0.0	0.0	0.0
FBgn0032888	0.0	1.02117	0.0	0.0	0.0	0.0
FBgn0032889	169.60894029	166.4049817497	183.27355	167.0347160133	156.12747368	160.82786
FBgn0051673	86.7136	91.2636	85.9684	97.8963	90.2799	100.84190000000001
FBgn0051674	12.36471	18.67743	11.8482	15.63318	13.3763	17.90886
FBgn0032891	2.29524	1.78306	4.50705	3.31654	2.08101	3.58165
FBgn0028986	0.0	0.47304679	0.0	0.0	0.0	0.38872431799999996
FBgn0051676	0.0	1.09624	0.0	1.19682	0.523399	0.450413
FBgn0032895	0.0	0.493941	0.0	0.0	0.0	0.0
FBgn0032897	0.889509	4.29966	1.88105	0.782361	0.0	0.0
FBgn0032899	69.81011	77.65058	36.06804	50.237089999999995	57.67104	48.053560000000004
FBgn0051675	0.816629	0.0	0.863463	0.35913	0.942338	1.2164
FBgn0032900	1.22623	0.0	1.19479	0.33129	0.0	0.405893
FBgn0032901	21.50064	22.4771377	22.6231	26.828677	25.37972177493375	25.783690318587002
FBgn0263996	4.70524	4.23035	5.09172	1.70331	0.0749016	4.78284
FBgn0053317	0.0	3.09038	3.0325	0.0	0.0	5.079
FBgn0266369	15.7991	18.0602	20.1667	21.4074	14.1251	15.8303
FBgn0053318	0.0	0.0	0.0	0.0	1.38442	2.38274
FBgn0288834	214.7299	202.2672	193.2785	189.8318	217.92340000000002	223.62
FBgn0032907	14.0985	15.4145	15.9718	18.8956	13.1699	12.3335
FBgn0032908	0.591352	0.476408	0.416844	0.606806	0.682383	1.85955
FBgn0250867	16.125562000000002	14.83361	9.76155	15.24548	15.75506	17.082639999999998
FBgn0010395	18.10492	25.1441	17.57178	22.9354	22.76286	23.8821
FBgn0032910	0.874009	0.792138	0.450528	0.768728	0.0	0.867913
FBgn0032911	0.0	0.0	0.1672806	0.13915	0.1825612	0.0
FBgn0053511	1.11167	0.895592	0.0	0.977765	0.855201	0.0
FBgn0053510	0.85307	1.37451	0.300665	0.750311	0.0	0.282373
FBgn0053509	2.57854	2.72651	3.06723	2.83492	3.34741	2.56056
FBgn0053508	2.36481	3.21494	4.0632	4.67989	2.72884	4.40309
FBgn0032913	0.0	0.407052	0.0	0.296267	0.388694	0.0
FBgn0284251	36.353	33.7373	54.642	43.3634	52.779	46.481
FBgn0083972	0.766697	0.0	0.810667	0.674343	0.88472	0.76135
FBgn0032916	21.1258	21.4446	25.0179	28.2432	28.2783	24.8945
FBgn0040297	30.475205396832	23.782509899999997	22.74518169031478	20.88246000231358	23.080470000000002	26.626665
FBgn0284223	0.0	0.0	1.29938	2.31358e-09	0.0	0.0
FBgn0023388	50.783867	47.305231	44.658207000000004	46.8094425	47.29822251	51.716190999999995
FBgn0032919	84.8828	80.8461	130.852	111.173	130.904	144.161
FBgn0086251	33.2846186	34.19291434	30.24987	41.02944	36.97645	40.553180000000005
FBgn0024371	62.26707999999999	52.59897	66.79684999999999	52.63959	61.039460000000005	63.033390000000004
FBgn0032921	26.66864	29.297610000000002	26.489140000000003	27.0101	28.90885	33.705169999999995
FBgn0032922	18.815649999999998	24.834590000000002	16.6064	19.773020000000002	9.6503133	13.0039
FBgn0032923	94.3367000536212	96.8616	100.62249999999999	102.12082591000001	83.47670000279598	102.1972
FBgn0032924	24.073	20.9422	27.9079	26.7502	20.9997	27.5162
FBgn0032925	44.5108	49.7168	58.6887	55.9941	64.2544	70.6148
FBgn0263050	13.14328	10.68226	11.56038	10.63935	12.616389999999999	11.3191
FBgn0263051	16.521839999999997	23.930059999999997	38.19328	28.04835	21.61528	19.15493
FBgn0010100	148.8562	148.728900188509	160.963300716405	153.466160893	179.9171	149.18954
FBgn0051627	2.76469	1.33638	1.1693	1.459	3.19028	2.19633
FBgn0000239	84.72742	91.83761	98.21222	100.32681	100.90791	109.57639999999999
FBgn0032929	15.2724	15.2263	13.7996	15.7836	17.7984	15.7583
FBgn0011829	0.175031	0.213482	0.0	0.228334	0.29956800116513	0.429658
FBgn0051624	7.89843	7.01892	9.16584	5.2288499999999996	5.68688	1.48463
FBgn0051988	0.0	0.905741	0.0	0.0	0.0	0.0
FBgn0026255	0.124151	0.0	0.131271	0.0	0.143262	0.123285
FBgn0032935	18.55	20.90522	16.30812	12.8324	17.31675	16.97179
FBgn0032934	12.2822	9.62742	12.6356	11.5326	11.3	13.0206
FBgn0026577	43.08037	47.04468	49.3668	48.88134	54.8133	54.47153
FBgn0051626	1.2986	0.523094	1.83077	2.66508	2.4975110000000003	3.86864
FBgn0261239	16.9771475	15.533339999999999	17.212517	16.033116	16.7656955	16.8533325
FBgn0021856	66.91	83.4234	100.5062	96.2154	79.0483	90.7004
FBgn0032938	39.285615	44.854420000000005	48.02548	49.02615	46.04258	49.75032
FBgn0041336	0.0	0.0	0.325165	0.811452	0.709736	0.610766
FBgn0032940	72.8155833235724	70.78027323463199	77.1478000992934	73.0855306231029	80.449274545133	74.0790386346708
FBgn0264556	2.077827	1.008282	7.91994	4.026686	3.848047	2.8672649999999997
FBgn0000370	566.24261	620.38149	631.3040599999999	674.56408517	633.3606599999999	732.96554
FBgn0284230	8.34381	9.46872	9.45406	10.9506	11.913	8.89893
FBgn0023091	0.125676	0.0	0.339116	0.5641769999999999	0.435066	0.374398
FBgn0032943	17.2762	23.2694	20.5504	25.0087	19.105	22.6956
FBgn0023090	0.0	0.10427	0.0	0.379458	0.0	0.0856835
FBgn0032946	0.2944811	0.0	0.0	0.0	0.0	0.0894564
FBgn0051616	5.97863	0.0	3.51445	0.0	3.62297	3.15416
FBgn0051615	5.97863	0.0	3.51445	0.0	3.62297	3.15416
FBgn0051754	0.0	0.0	0.0	11.111	0.0	0.0
FBgn0053801	0.0	0.0	0.0	0.0	6.7077e-05	0.0
FBgn0053910	3.38424	3.6007	0.0	3.6923	5.92098	4.07072
FBgn0053802	106.01	42.8898	11.1025	39.565	43.1672	78.9789
FBgn0053909	35.5801	34.3289	28.6486	20.2921	30.0316	36.0174
FBgn0053803	17.2762	14.564	10.379	13.389	9.43924	15.2712
FBgn0051617	0.0	0.0	0.00768835	0.0	0.0	0.0
FBgn0061209	3.38424	3.24627e-05	0.0	3.6923	5.92098	4.07072
FBgn0051618	1.10315	38.3603	0.010667	0.176428	4.7655	12.7722
FBgn0051611	35.5801	34.3289	28.6486	20.2921	30.0316	36.0174
FBgn0051613	17.2762	14.564	10.379	13.389	9.43924	15.2712
FBgn0053804	10.2117	0.088963	9.3281	10.1477	9.90205	15.8697
FBgn0053908	3.38424	3.6007	0.0	3.6923	5.92098	4.07072
FBgn0053806	17.2762	14.564	10.379	13.389	9.43924	15.2712
FBgn0053807	0.0	0.0	8.89063e-09	0.0	6.7077e-05	0.0
FBgn0053906	3.38424	3.6007	0.0	3.6923	5.92098	4.07072
FBgn0053808	192.486	384.57	43.0553	116.73	277.821	267.03
FBgn0053905	35.5801	34.3289	28.6486	20.2921	30.0316	36.0174
FBgn0053809	17.2762	14.564	10.379	13.389	9.43924	15.2712
FBgn0053810	1.47153	2.5111	0.482544	0.0	0.0	0.0
FBgn0053904	3.38424	3.6007	0.0	3.6923	5.92098	4.07072
FBgn0053811	106.01	42.8898	11.1025	39.565	43.1672	78.9789
FBgn0053903	35.5801	34.3289	28.6486	20.2921	30.0316	36.0174
FBgn0053812	17.2762	14.564	10.379	13.389	9.43924	15.2712
FBgn0053813	0.0	0.0	0.00768835	0.0	0.0	0.0
FBgn0053902	3.38424	3.6007	0.0	3.6923	5.92098	4.07072
FBgn0053814	1.10315	38.3603	0.010667	0.176428	4.7655	12.7722
FBgn0053901	35.5801	34.3289	28.6486	20.2921	30.0316	36.0174
FBgn0053815	17.2762	14.564	10.379	13.389	9.43924	15.2712
FBgn0053816	1.47153	2.5111	0.482544	0.0	0.0	0.0
FBgn0053900	3.38424	3.6007	0.0	3.6923	5.92098	4.07072
FBgn0053817	1.10315	38.3603	0.010667	0.176428	4.7655	12.7722
FBgn0053818	0.0	3.08414	0.0	0.0	0.0	0.0
FBgn0053819	1.47153	2.5111	0.482544	0.0	0.0	0.0
FBgn0053898	3.38424	3.6007	0.0	3.6923	5.92098	4.07072
FBgn0053820	1.10315	38.3603	0.010667	0.176428	4.7655	12.7722
FBgn0053821	0.0	3.08414	0.0	0.0	0.0	0.0
FBgn0053822	1.47153	2.5111	0.482544	0.0	0.0	0.0
FBgn0053896	3.38424	3.6007	0.0	3.6923	5.92098	4.07072
FBgn0053823	1.10315	38.3603	0.010667	0.176428	4.7655	12.7722
FBgn0053824	0.0	3.08414	0.0	0.0	0.0	0.0
FBgn0053825	1.47153	2.5111	0.482544	0.0	0.0	0.0
FBgn0053894	3.38424	3.6007	0.0	3.6923	5.92098	4.07072
FBgn0053826	1.10315	38.3603	0.010667	0.176428	4.7655	12.7722
FBgn0053827	0.0	3.08414	0.0	0.0	0.0	0.0
FBgn0053828	1.47153	2.5111	0.482544	0.0	0.0	0.0
FBgn0053892	3.38424	3.6007	0.0	3.6923	5.92098	4.07072
FBgn0053829	1.10315	38.3603	0.010667	0.176428	4.7655	12.7722
FBgn0053830	0.0	3.08414	0.0	0.0	0.0	0.0
FBgn0053831	1.47153	2.5111	0.482544	0.0	0.0	0.0
FBgn0053890	3.38424	3.6007	0.0	3.6923	5.92098	4.07072
FBgn0053832	52.4951	0.122418	42.9813	33.3816	26.4291	12.7722
FBgn0053889	35.5801	34.3289	28.6486	20.2921	30.0316	36.0174
FBgn0053833	17.2762	14.564	10.379	13.389	9.43924	15.2712
FBgn0053834	1.71645	0.0	0.0	0.0	0.0	0.0
FBgn0053888	3.38424	3.6007	0.0	3.6923	5.92098	4.07072
FBgn0053835	52.4951	0.122418	42.9813	33.3816	26.4291	12.7722
FBgn0053887	35.5801	34.3289	28.6486	20.2921	30.0316	36.0174
FBgn0053836	17.2762	14.564	10.379	13.389	9.43924	15.2712
FBgn0053837	10.2117	16.3019	9.3281	10.1477	9.90205	15.8697
FBgn0053886	3.38424	3.6007	0.0	3.6923	5.92098	4.07072
FBgn0053838	52.4951	0.122418	42.9813	33.3816	26.4291	12.7722
FBgn0053885	35.5801	34.3289	28.6486	20.2921	30.0316	36.0174
FBgn0053839	17.2762	14.564	10.379	13.389	9.43924	15.2712
FBgn0053840	10.2117	16.3019	9.3281	10.1477	9.90205	15.8697
FBgn0053884	3.38424	3.6007	0.0	3.6923	5.92098	4.07072
FBgn0053841	52.4951	0.122418	42.9813	33.3816	26.4291	12.7722
FBgn0053883	35.5801	34.3289	28.6486	20.2921	30.0316	36.0174
FBgn0053842	17.2762	14.564	10.379	13.389	9.43924	15.2712
FBgn0053843	10.2117	16.3019	9.3281	10.1477	9.90205	15.8697
FBgn0053882	3.38424	3.6007	0.0	3.6923	5.92098	4.07072
FBgn0053844	52.4951	0.122418	42.9813	33.3816	26.4291	12.7722
FBgn0053845	17.2762	14.564	10.379	13.389	9.43924	15.2712
FBgn0053846	10.2117	16.3019	9.3281	10.1477	9.90205	15.8697
FBgn0053880	3.38424	3.6007	0.0	3.6923	5.92098	4.07072
FBgn0053847	52.4951	0.122418	42.9813	33.3816	26.4291	12.7722
FBgn0053848	17.2762	14.564	10.379	13.389	9.43924	15.2712
FBgn0053849	10.2117	16.3019	9.3281	10.1477	9.90205	15.8697
FBgn0053878	3.38424	3.6007	0.0	3.6923	5.92098	4.07072
FBgn0053850	52.4951	0.122418	42.9813	33.3816	26.4291	12.7722
FBgn0053851	17.2762	14.564	10.379	13.389	9.43924	15.2712
FBgn0053852	10.2117	16.3019	9.3281	10.1477	9.90205	15.8697
FBgn0053876	3.38424	0.0105519	0.0	0.0214255	5.92098	4.07072
FBgn0053875	0.142238	0.232539	0.258025	0.121849	0.26199	0.122189
FBgn0053854	17.2762	14.564	10.379	13.389	9.43924	15.2712
FBgn0053855	0.0	0.0	0.0	0.0	6.88296	0.0
FBgn0053874	3.38424	0.0105519	0.0	0.0214255	5.92098	4.07072
FBgn0053873	0.142238	0.232539	0.258025	0.121849	0.26199	0.122189
FBgn0053857	17.2762	14.564	10.379	13.389	9.43924	15.2712
FBgn0053858	0.0	0.0	0.0	0.0	6.88296	0.0
FBgn0053872	3.38424	0.0105519	0.0	0.0214255	5.92098	4.07072
FBgn0053871	0.142238	0.232539	0.258025	0.121849	0.26199	0.122189
FBgn0053860	17.2762	14.564	10.379	13.389	9.43924	15.2712
FBgn0053861	0.0	0.0	0.0	0.0	6.88296	0.0
FBgn0053870	3.38424	3.6007	0.0	3.6923	5.92098	4.07072
FBgn0053862	52.4951	0.122418	42.9813	33.3816	26.4291	12.7722
FBgn0053863	17.2762	14.564	10.379	13.389	9.43924	15.2712
FBgn0053864	10.2117	16.3019	9.3281	10.1477	9.90205	15.8697
FBgn0053868	238.25	178.328	198.239	140.442	78.1569	149.26
FBgn0053865	52.4951	0.122418	42.9813	33.3816	26.4291	12.7722
FBgn0053867	257.179	315.683	182.417	235.597	210.523	257.308
FBgn0053866	17.2762	14.564	10.379	13.389	9.43924	15.2712
FBgn0051614	59.2089	56.9053	52.9109	61.3567	52.698	90.0169
FBgn0032949	356.135	401.857	394.972	421.436	415.819	427.003
FBgn0260718	0.0	0.0	3.61756	0.0	0.0	1.13384
FBgn0016919	0.783701	1.32587	0.517944	0.668018	0.0	0.678391
FBgn0260719	0.0	0.0	0.0	0.0	0.0	0.0109027
FBgn0032955	39.05821	38.236235279860004	34.466660000000005	41.85683	39.52701	44.093599999999995
FBgn0022893	1380.337	1353.778	1445.923	1281.0437000000002	1713.953	1439.205
FBgn0023416	29.409499999999998	30.37513	24.13476	33.63856	31.427989999999998	38.39228
FBgn0032956	82.7245	93.0221	74.7168	86.1482	81.60849999999999	89.41069999999999
FBgn0032957	18.606243554	21.8419716121	20.3008920693	24.138323109999998	23.192316	29.695269999999997
FBgn0000559	2836.3572000000004	2931.191	3537.5190000000002	3524.943	3664.2039999999997	3274.339
FBgn0051619	99.64079000000001	107.02027799999999	109.79287099999999	111.711977	114.02122800000001	110.98660000000001
FBgn0086779	51.1366	70.83162	67.61871	66.56979	68.94396	82.8642
FBgn0032961	168.8444	162.37930001387508	192.77240006271768	170.814500202263	204.739000772733	173.47480000356035
FBgn0051612	5.1644	6.53624	4.5282800000000005	6.4490314799999995	5.08728	6.3792100000000005
FBgn0032964	0.426925	0.515912	0.677114	0.938747	0.985289	0.423948
FBgn0003866	50.2509	50.0515	54.4928	58.151	56.1062	63.3548
FBgn0032965	3.54618	5.60389	5.48011	7.91749	4.09206	5.68848
FBgn0032967	1.48527	1.53844	2.01915	2.05284	3.18296	4.00332
FBgn0283728	4.79238	6.56976	8.04772	12.4324	7.52816	7.55813
FBgn0032968	17.3313	26.15135	18.0872	23.1623	22.61613	24.5863
FBgn0051693	0.0	0.0	0.0	0.0	0.238465	0.0
FBgn0028979	0.423361	0.348277	0.533282	0.506976	0.665139	0.643937
FBgn0084001	2.9616499999999997	2.236852	1.5657459999999999	2.27928	1.70877	1.41307
FBgn0051601	7.137083	5.60238	12.83931	10.350850000000001	7.61305	8.32211
FBgn0040519	1.27031	1.53509	1.34316	0.0	0.0	1.26145
FBgn0032972	0.0	3.85031	6.73784	1.4012	1.83833	1.58198
FBgn0032973	0.96058234858	3.0954773655	1.3542242959	1.68974844376	1.4779304438	1.5898069223500002
FBgn0032974	75.128720344	78.33331	82.35821208600001	72.09521000000001	77.17814154968	88.28978160388999
FBgn0025674	115.84804	104.27377	133.29996	120.81706999999999	128.97464	128.32038
FBgn0261802	26.55097500431326	29.735911	22.092881233900002	27.523587	24.04640895295872	25.827158592270003
FBgn0083973	3.389959236	3.4137899199999997	1.79218029	3.478545162	1.955893984	2.805257106
FBgn0032979	106.44760000000001	92.8539	108.716	100.8097	107.2667	113.4731
FBgn0032981	36.653800000000004	37.8307	47.028	54.4888	48.345	51.8904
FBgn0259683	1.213472	0.488801	0.855377	1.778833	0.933513	3.2133599999999998
FBgn0042701	0.0	2.31087	1.9206	0.0	0.0	3.4501
FBgn0032986	134.58299	138.91737999999998	131.58322	138.79945	131.01666	153.7645
FBgn0032987	5856.618840000001	6741.401	6245.630006864149	7582.6700582	7050.580734217	7627.4563478
FBgn0032988	60.6805	75.0226	79.4066	75.3888	70.0214	88.6955
FBgn0039972	27.436339999999998	28.1071	48.1288	47.400000000000006	46.5988	40.12035
FBgn0064225	10704.524000000001	12040.141	10688.429	12228.834	11695.334	12963.652999999998
FBgn0040009	10.65477	13.763632999999999	14.179359999999999	18.0963	11.447000000000001	16.78282
FBgn0040010	79.74502000000001	97.17328	87.49359	90.97546	92.79078	102.71358000000001
FBgn0040011	61.58132	70.92280000000001	70.9346	70.22710000000001	68.9692	80.1136
FBgn0058006	2.60119	4.32214	2.57847	2.28786	2.81401	2.26017
FBgn0058439	45.91130148541	51.320392049999995	68.2027	72.8971	55.64284	106.849
FBgn0041004	81.28983099999999	99.235883	84.1333800632466	88.19399	94.77251	91.50484999999999
FBgn0002566	53.655879999999996	69.62022999999999	62.7328	63.15508	56.207190000000004	90.00801
FBgn0000384	45.08861	61.447540000000004	51.664809999999996	52.23583	50.654160000000005	54.439099999999996
FBgn0250907	0.45088067846299995	0.749183551146	0.417146747438	0.446139481099	0.455251787883	0.671603927287
FBgn0086683	88.17750000568475	100.78500000678491	89.6538	93.53857	95.39170006501311	119.37989999999999
FBgn0039958	34.957060139999996	47.77875	40.266323	40.8485800135143	44.8295300764631	51.008195046085504
FBgn0063368	0.0	0.0	0.0	2.98595	0.0	0.0
FBgn0267976	188.757	207.118	219.718	180.306	202.948	218.587
FBgn0260435	9.74692	2.88689	2.12622	6.71755	10.5181	9.37778
FBgn0085664	0.0	7.63541	0.0	0.0	0.0	0.0
FBgn0267428	0.0	0.207665	0.363403	0.151146	0.0	0.341295
FBgn0284080	45.9113	51.3193	30.3033	17.9943	47.1021	16.5836
FBgn0069969	0.258197	0.0	0.136502	0.0	0.0	0.0
FBgn0003256	43.3901507	54.78423	40.95490910173	42.826268	41.41194	54.84675
FBgn0261505	46.002700000000004	30.02978251	48.7675	46.28372452	46.929	52.187737399999996
FBgn0085732	79.1373	89.0993	89.6774	90.2273	66.1512871	88.23363844199999
FBgn0058191	102.49313918920001	106.67177000000001	94.7385	95.00558500000001	99.06419	114.83232
FBgn0267398	170.47943	242.25023000000002	218.422	217.8343	194.80020000000002	224.43359999999998
FBgn0262123	1.54252	1.69458	2.52061	2.9601	3.39813	3.34203
FBgn0267861	150.14236000000002	217.14366	147.6953	211.30628	161.38145	245.39265
FBgn0039993	170.8185	196.43150000000003	155.849	189.23360000000002	180.13699999999997	224.00477
FBgn0058068	0.0	4.03499	0.0	4.71271	0.0	0.0
FBgn0087011	1.64555	3.85452	1.798721	2.09059	2.53181	2.54189
FBgn0263780	0.412649	0.0	0.654472	0.362942	1.19043	1.02443
FBgn0058100	0.0	5.43977	2.82688	9.66775	5.09776	3.38558
FBgn0058263	20.45871	19.183937	16.974812	21.30904	16.821737	29.11797
FBgn0085638	38.7267900916174	46.832054920000004	31.737664700000003	42.51196	39.54594067	52.201696127
FBgn0020908	0.0	0.598392	0.523578	2.17765	0.0	0.491725
FBgn0260995	0.0	1.77483	0.0	0.430594	1.12986	0.972303
FBgn0085570	4.61267e-06	0.0	0.0	0.0	0.526517	0.0
FBgn0085569	0.0	0.0	0.0	1.20384	1.57941	1.35917
FBgn0266762	0.42809	0.0	0.0	0.430329	2.30049e-08	0.870426
FBgn0085786	1.07442	1.49922	1.93705	3.65892	3.90886	3.81438
FBgn0058461	6.95735	0.0	0.0	0.0	0.0	0.0
FBgn0085512	0.0	2.12551	1.85977	3.09404	2.02965	1.74663
FBgn0262124	41.81447	50.742599999999996	44.91761	50.8543	54.808099999999996	55.555299999999995
FBgn0046706	7.69734	12.7899	8.39312	13.1171	11.9355	9.3157
FBgn0262115	29.51545	29.84796	27.304491	31.79738	28.248070000000002	35.64538
FBgn0262116	153.7073	153.5092	166.5529	186.5883	171.5053	170.2958
FBgn0262117	19.9059	17.5617	19.8854	21.0527	22.8293	24.3754
FBgn0260798	9.81605	13.803135988000001	8.680620000000001	10.83128	10.29735	15.596169999999999
FBgn0040007	1193.083	1469.671	1143.499	1254.168	1116.941	1421.715
FBgn0046692	9.9551900499742	13.4291	8.32298	10.12098	8.09662	9.75462
FBgn0260799	38.465	40.0581	37.8604	44.9713	38.0711	45.0287
FBgn0032997	17.4377	21.9504	22.0229	19.5975	20.122	22.8476
FBgn0040005	30.9575	32.6115	25.9402000281788	29.757603800000002	32.7135	37.171459999999996
FBgn0026401	32.886380769	38.502100084097194	37.916699	44.45519530505049	40.5782696	48.025700009902394
FBgn0039979	1.4794	0.841844	1.57603	1.86136	2.37933	3.06396
FBgn0084049	1.29363	0.0	2.63529	4.22505	0.0	9.28809
FBgn0039994	29.086164217765	36.404080927012004	30.171590000000002	40.749170041331	30.926339051450004	48.482649455200004
FBgn0262970	6.19903	11.0164	15.0369	15.074	11.7819	15.9326
FBgn0250830	4.79659	4.6371	6.323220000000001	3.7434593581	3.54237	4.64264000358904
FBgn0261387	40.36538	45.706360000000004	46.04096	42.35903	45.295410000000004	40.872949999999996
FBgn0033000	59.461	40.7536	54.42569999999999	51.5179	49.1565	45.827
FBgn0264911	1.17083	2.12231	4.33292	2.79095	2.70213	4.20141
FBgn0040849	0.0	0.21889	0.191523	0.796579	0.0	0.179872
FBgn0013348	0.0	0.0	0.0	0.0	0.0	0.620586
FBgn0033005	23.161150818545	26.68790195996	23.83796	26.16907033	22.14704	35.37491
FBgn0026238	42.72963	54.593289999999996	42.208400000000005	50.025969999999994	49.13081	54.85341
FBgn0033010	12.02492	18.05505	9.231539	12.61852	14.81145	13.26083
FBgn0053554	12.3323257	16.739530000000002	16.92993	17.4787	15.8161648	18.113125747399998
FBgn0033015	35.82024201829	45.4841	44.5331	47.63684	44.051500000000004	55.9759
FBgn0261403	40.7470145	49.550979999999996	41.74023	44.393064	45.54865	51.1319
FBgn0033017	41.4083	49.1377	44.1775	44.6231	44.3387	47.7875
FBgn0033019	11.94822	8.5433	10.52788	12.21393	11.7728	8.30542
FBgn0050441	1.87785	2.83461	5.95664	1.87106	7.33241	0.0
FBgn0033020	0.0	1.0037134811500001	0.0	0.73053736795	0.0	0.0
FBgn0033021	47.4657	51.710300000000004	56.65144	53.292	50.4155	56.77583
FBgn0286203	23.469610000000003	28.56726	32.28457	33.62138	29.892448	31.19429
FBgn0050440	1.07843	0.868813	0.506792	0.421568	0.829629	0.951922
FBgn0050438	0.0	0.261838	0.0	0.0	0.0	0.0
FBgn0039969	103.5102	127.11632	141.73624	139.15786	124.16244	138.30399
FBgn0039970	77.0335	89.8906	58.7326	71.346	63.444700000000005	94.9817
FBgn0033028	53.7755	59.1993	60.0653	53.0522	47.8751	60.3726
FBgn0027507	20.57103	21.3411	28.111890000000002	29.700049999999997	24.8574	27.75068
FBgn0033029	69.45249	75.287	76.76774	77.3974	81.40253000000001	85.9392
FBgn0033032	26.6367	33.2799	29.1191	30.1786	32.8209	37.659
FBgn0033033	74.39999999999999	85.0248	79.62930999999999	84.73	94.4541	104.56463000000001
FBgn0287767	84.6184	96.94551	73.938	77.00969	88.49	91.0305
FBgn0259978	29.6704	31.71573000373087	36.6300700361971	32.35002	38.44494128333	34.435069999999996
FBgn0022288	38.08661	31.620350000000002	55.6414	40.91445	49.9883	45.03865999999999
FBgn0085229	175.241	180.965	154.97	145.724	187.51	221.478
FBgn0033038	21.8617	26.6502	24.1293	30.5291	20.5799	27.9934
FBgn0266580	60.63155	64.72125	76.57439	76.55529	78.82715	77.73601000000001
FBgn0025693	40.0818	47.4093552142314	37.925305	40.5484525206	39.47855	42.352119
FBgn0033043	0.0	0.0	0.0	0.34155	0.0	0.0
FBgn0033047	0.0	0.0	0.0	0.213282	0.0	0.0
FBgn0033048	0.0	0.0	0.0	0.181375	0.0	0.204777
FBgn0263855	27.7466	27.6941	22.839	24.0954	26.2424	27.1171
FBgn0002774	27.95084	29.38346	28.5182	31.901	32.35711	34.8287
FBgn0264959	57.934025861	60.78406670135	62.32718354292	60.21903316671221	60.271698686200004	67.91145150161
FBgn0000043	1322.44	1232.87	1404.36	1138.81	1365.49	1263.07
FBgn0033050	60.18946	71.51884	66.1956	64.27064	68.9903	81.75852
FBgn0033051	27.1151	26.07	32.64633	24.37108	27.86331	24.960582
FBgn0033052	60.6304	66.8595	62.3501	70.5226	63.3874	71.9976
FBgn0033054	0.0	0.0	0.2878207573	0.0	0.0	0.27031110787
FBgn0033055	45.2572	47.9234	47.1971	47.317420000000006	51.98544	52.32912
FBgn0033058	0.0	0.0	0.19378	0.0	0.0	0.0
FBgn0033056	0.0	0.0	0.205196	0.0	0.0	0.0
FBgn0284246	31.0333	26.67648	35.51928	33.20434	39.50214	40.03005
FBgn0033060	11.0935	13.942	12.6681	13.2698	16.8975	8.37224
FBgn0033061	1.38992	1.11976	0.734818	1.01875	1.06926	2.53042
FBgn0033062	56.522603712999995	67.272651	74.174530993271	75.956039	73.69066000000001	82.1708659
FBgn0000546	16.296394	21.212294	24.3099	20.448597	21.979296	17.711665
FBgn0033063	0.0	0.0	0.722335	0.50426428	0.0	0.0
FBgn0033065	0.0	0.0	0.28762	0.0	0.0	0.0
FBgn0040502	0.0	1.08736	0.0	0.0	0.0	0.0
FBgn0262867	0.0	0.318035	0.0	0.288273	0.101231	0.0871145
FBgn0033072	0.0	0.0	0.262961	0.0	0.286982	0.493927
FBgn0021847	19.1658	18.1302756063	17.26813615	19.1127	18.3782	17.74328
FBgn0263144	36.607472900000005	38.026777892000005	34.8938992326754	33.08129416	41.05509000120639	36.1700253607
FBgn0033074	0.0	0.446519	0.0	1.94995	1.70552	0.733849
FBgn0286511	18.724314386	19.1763000149984	18.9079686	21.777597645	20.1983122177	24.9512031709
FBgn0086655	9.178032	8.164027	9.565529999999999	7.62556	8.590986000000001	9.3346
FBgn0053919	0.0	1.24599	0.0	0.906874	1.1898	2.04777
FBgn0262736	564.3154	575.4970825338	571.906	624.3226	598.2284999999999	570.1531
FBgn0026761	50.621700000000004	55.3683	64.0736	68.0858	65.0231	61.8267
FBgn0042085	38.4385	33.415	42.0085	38.4185	42.9531	43.2246
FBgn0033079	36.1102	30.1608	28.0743	30.5928	22.06	26.3664
FBgn0029131	95.8407	94.2556	92.7127	67.4816	86.4751	66.823
FBgn0050443	15.5009	14.9855	17.9028	18.6677	17.3367	17.2873
FBgn0033081	202.7625	161.234	224.3884	157.5473	213.97160000000002	194.0453
FBgn0013732	5.41038	4.86167	5.42731	5.36875	6.08316	4.54609
FBgn0266518	58.3969	59.3125	75.7619	80.6676	72.7607	65.4606
FBgn0284249	37.76214	34.60769	39.49195000524208	33.24971	38.016831367399995	33.53523
FBgn0033085	21.8509	19.4566	25.536	20.2303	21.2333	25.1245
FBgn0033086	34.6012	28.8956	30.46905	45.33576	39.172399999999996	35.48058
FBgn0033087	9.40132	10.0364	12.52461698	10.18444	8.81676	11.6519
FBgn0033088	23.7548	32.1858	26.6394	27.5413	28.6575	28.9503
FBgn0033089	32.58244	25.638740000000002	54.48068	40.653749999999995	40.22107	35.364920000000005
FBgn0033092	22.98476	14.46519	21.316499999999998	16.31722	17.447760000000002	18.512909999999998
FBgn0259977	3.54736	1.57933	2.27513	1.85043	2.15443	2.96641
FBgn0033090	0.307042	0.742082	0.973954	0.81017	1.41723	1.2196
FBgn0050446	0.369501	0.0	0.390692	0.649984	0.852762	1.10077
FBgn0033093	2.79875	3.7579	4.27449	1.91459	1.79421	2.77923
FBgn0259483	63.891619999999996	70.8794	83.8931	87.7944	79.0044	62.4205
FBgn0014009	142.2661	126.95580000000001	150.8886	141.685	149.0121	139.97
FBgn0033095	8.80228	9.92825	8.38881	9.24857	8.45681	7.64908
FBgn0266525	8.80228	9.92825	8.38881	9.24857	8.456809999999999	7.64908
FBgn0033096	0.356293	0.0	0.0	0.0	0.0	0.0
FBgn0010482	0.120197	0.11076095802699999	0.5994538700500001	0.32276352479299997	0.0	0.52569861148
FBgn0028579	14.7457	15.7228	16.6395	13.8413	19.0174	15.3811
FBgn0042083	27.6224	31.6868	34.286	38.9073	34.4152	37.3681
FBgn0027066	241.29406000245865	237.34820628	248.43302	217.79476	248.4328287289	239.77907
FBgn0033100	38.197500000000005	38.013490000000004	52.266999999999996	40.5132	42.7811	37.93105
FBgn0033101	59.5045	37.8684	73.7135	56.9819	54.0376	49.9987
FBgn0085421	1.4592269999999998	0.813869	1.06968172	0.592362	0.518109	1.00319
FBgn0000473	0.263536	0.318466	0.0	0.0	0.608207	0.261698
FBgn0014028	191.69	140.461	199.057	161.892	162.71	131.317
FBgn0033104	58.4535	43.5597	63.866	58.2673	53.9612	52.2412
FBgn0022224	76.9538	78.6871	60.5038	60.7422	72.8614	94.0518
FBgn0265003	105.48569793	118.16095356	102.11313670979999	104.28830118393452	107.711410113592	124.03860152600001
FBgn0033108	0.4263170576764	0.41214110204099996	0.63107261849	0.5249490616532	0.491942368041	0.8466860830578
FBgn0040674	0.0	0.0	0.524915	0.0	0.0	0.0
FBgn0265935	81.84649	76.6919000391752	86.567699	86.990708	92.395546297	86.83841
FBgn0033110	1.36118	2.58485	0.822428	1.36825	1.12194	1.73789
FBgn0265137	46.41125	52.121565000000004	54.487882	49.859250477264595	46.2932	48.661546
FBgn0033112	0.368102	0.0	0.0	0.323761	0.849532	0.899777
FBgn0033113	21.9975	23.45724	21.98023	25.38577	28.2756	23.43413
FBgn0028988	0.390277	2.35812	2.88861	2.05959	2.25177	1.16266
FBgn0033115	1.63601	3.55862	6.35472	6.14913	4.8405	10.41378
FBgn0050158	0.0	0.0	0.0	0.0	0.129715	0.0
FBgn0033117	44.2705	35.02706	32.068211629000004	38.71773	35.83655	36.4931
FBgn0053558	24.396175016	22.384067074182	17.6131754357	16.5353556253296	22.55307660705504	19.808862
FBgn0066293	0.0	0.0	0.0	0.719772	0.0	0.0
FBgn0066292	0.480286	0.0	1.53001	0.0	0.0	2.49347
FBgn0053348	0.0	0.0	0.832001	0.0	0.0	0.781385
FBgn0053349	0.0	0.0	0.0	0.587948	0.0	0.331904
FBgn0033121	25.648699999999998	26.340429999999998	30.54258	24.53037	23.85003	23.49159
FBgn0050157	6.59726	8.388169999999999	8.46858	7.044473	8.62601	6.36271
FBgn0022960	26.642900283076003	21.64414	24.30093	20.336300014098903	25.361755900000002	26.97966
FBgn0050156	16.17306	14.3382	16.7978	13.032330000000002	17.66768	9.83447
FBgn0033122	33.594415674	26.974957829	36.35741	31.324020374499998	25.0840983	20.187607151
FBgn0029508	40.8883522	34.939720699999995	32.70174551	29.787336	34.21663218	34.8851012
FBgn0050159	44.9983	41.30147600000001	62.950500000000005	40.24329	52.815709999999996	34.75999
FBgn0261856	0.0	1.87147	0.0	0.767524	0.0	2.63123
FBgn0050160	0.60266	0.0	0.637222	0.0	1.39086	0.0
FBgn0033124	0.4706	0.0	0.995178	0.594594	0.0	1.06971
FBgn0029507	165.218	157.26330000000002	160.3349	169.702	167.7991	144.9619
FBgn0029506	446.616	520.1619000000001	415.55848	423.5571	467.04176	482.263
FBgn0263655	4.7022	9.47052	1.65729	11.0288	1.80868	7.78235
FBgn0263656	1.60626	1.94107	3.39676	5.6511	3.70705	4.78518
FBgn0033127	71.4451	68.333	81.6288	62.5412	73.4564	72.628
FBgn0033128	16.9007	19.9484	11.2207	12.445	15.874	12.4895
FBgn0033129	0.0	0.579208	0.0	0.0	0.0	0.951922
FBgn0033130	0.413088	0.0	0.0	0.0	0.0	0.0
FBgn0053914	0.510125	1.2329080000000001	0.0	0.448677	0.0	1.013134
FBgn0033131	0.0	1.10009	0.0	0.0	0.0	0.0
FBgn0033132	0.847798	0.512255	0.0	0.0	0.0	0.0
FBgn0033133	0.0	0.626317	0.0	0.455856	0.0	0.0
FBgn0033134	1.35127	3.26585	1.90502	3.96166	1.03952	2.23641
FBgn0016032	9.6642	3.96165	12.489251000000001	4.53109	15.488710000000001	6.9759973661000005
FBgn0033135	0.0	0.0	0.0	0.303364	0.581781	0.500654
FBgn0033137	5.16909	2.49861	3.27932	3.182506	4.1753610000000005	1.539907
FBgn0033136	0.563356	0.30529	2.97832	0.0	1.23312	0.810297
FBgn0027558	35.4694	39.3635	41.1774	44.6942	35.7506	40.9725
FBgn0033141	0.0	0.138077	0.120814	0.100497	0.2637	0.226928
FBgn0015038	0.0	0.0	0.0	0.0	0.28883	0.248554
FBgn0015039	0.0	0.0	0.279978	0.0	0.0	0.0
FBgn0003090	0.154713	0.0	0.105117	0.0	0.114719	0.0987223
FBgn0002930	0.271071	0.327572	0.0	0.0	0.0	0.0
FBgn0026602	8.72864	8.67281	9.63942	7.67721	6.49103	8.08991
FBgn0033153	23.9948	23.1969	19.6624	32.9757	21.1124	39.9109
FBgn0033155	20.543750000000003	17.10848	23.83721	20.09928	20.86495	20.62972
FBgn0260991	95.7612	83.2876	95.3042	68.29050000000001	94.1079	89.706
FBgn0003174	0.081766	0.0	0.0	0.0719166	0.0943527	0.0
FBgn0033159	28.0373124433566	30.4460463396871	18.19208287822611	19.95616811769375	19.3431462051531	21.0040206940845
FBgn0000352	12.35192	9.35688	15.301919999999999	14.26911	14.04055	13.089509999999999
FBgn0033160	60.943380000000005	61.177	83.36092	72.6041	81.11533	71.56524999999999
FBgn0041243	0.310972	1.12737	2.186215278	0.82054	0.717685	1.23521
FBgn0283450	167.125	177.617	216.154	168.649	207.488	142.992
FBgn0033166	30.177183	30.34678	42.4387	30.90366	37.2111	27.46906
FBgn0262583	0.0	0.0	0.520264	0.432774	0.567788	0.0
FBgn0003460	0.0	0.181576	0.0	0.0	0.0	0.149209
FBgn0033169	28.7039	29.3128	36.1209	39.6473	38.9539	42.7556
FBgn0033170	3.7448601096940006	0.905083118451	10.29500564993	3.2937501981860002	1.728530715989	1.10603
FBgn0040513	29.656740000000003	16.6392700456513	25.19811	21.89225	29.944300282837	12.9772
FBgn0050503	11.7886	7.538060045651299	9.36843	16.75995	3.637540282837	7.00668
FBgn0050502	0.739228	0.509814	0.0	0.359192	1.06186	0.0
FBgn0033174	21.13186	23.85655	18.22781	18.58643	19.892870000000002	17.395049999999998
FBgn0025885	854.0	710.784	779.467	824.596	715.375	662.061
FBgn0033177	38.90535	37.20293	43.46176	45.2285	45.08949	41.657489999999996
FBgn0033178	50.5179	52.6399	56.9335	46.8272	41.8882	31.5412
FBgn0033179	161.728	132.578	163.67	117.291	136.057	115.206
FBgn0010548	107.77915165207	92.6631	103.60919999999999	112.73221	95.2439699343195	110.19721000000001
FBgn0259745	26.37991	26.559366	26.150400400431	28.91811	30.71849	30.563090000000003
FBgn0263240	16.009700000000002	18.572809999999997	23.360500000000002	30.415399999999998	22.90798	20.7112
FBgn0033183	43.6774	40.76525	44.79178	45.69932	43.69984	40.47542
FBgn0015929	60.0091	56.10156	68.34357	54.224799999999995	73.0363	65.96467
FBgn0261397	28.5937	28.2998	35.56484	36.054204862	32.26353651	35.8851
FBgn0033184	22.1095	17.3977	20.3873	22.1596	13.3498	14.5518
FBgn0025185	12.0465	10.9181	13.4198	15.5147	11.4186	10.8944
FBgn0033185	12.48077	18.48788	20.85905	19.2989	22.99678	15.59207
FBgn0033186	5.4813	4.96785	5.0712	6.22717	4.48026	2.94833
FBgn0033187	20.3681	22.5336	21.9912	21.6994	20.3587	19.5139
FBgn0286788	14.4798	9.70336	15.3102	14.588	18.0758	13.0716
FBgn0033188	91.08619	90.42732	76.52436	91.09166	66.94901	55.57161
FBgn0264294	263.045	266.507	269.012	280.124	284.344	345.63
FBgn0033190	2.31803	1.50833	0.94268	1.72514	1.64607	4.78079
FBgn0033191	51.7065	54.0642	53.1209	54.1866	51.2027	54.9874
FBgn0033192	1.377334	1.541131	1.43381	1.435765	1.64823	1.6086710000000002
FBgn0050499	115.7159	101.8219	127.6977	127.9624	132.88049999999998	124.9494
FBgn0004132	94.6772	77.2045	96.8515	69.0553	102.146	95.5456
FBgn0033194	28.9099	33.8112	32.2256091346	40.6253	32.168726311	45.98639
FBgn0004133	32.84651	33.115300436	39.2949	37.69847	38.3475986	42.34438
FBgn0033195	8.23338	7.23602	5.80371	5.92495	7.48548	7.18493
FBgn0261385	116.09575	93.5193	112.07929	90.48903	123.68974	107.72628
FBgn0033196	84.32213999999999	77.5672	63.956900936165	68.2927	66.827	76.21979999999999
FBgn0263077	31.9834650503605	31.36553010798212	28.73054478674	25.589739924589498	33.1369231478065	25.698840820165202
FBgn0263046	0.462206	0.0	0.488714	0.81306	1.60007	0.458983
FBgn0033199	15.7324	15.4133	17.3394	21.9024	19.2738	18.3955
FBgn0028687	169.842	141.707	185.516	150.422	176.899	141.085
FBgn0050491	6.55875	11.096169999999999	7.39723	7.691599999999999	6.645230189922	7.815607
FBgn0050495	0.6725515	1.34982	0.472423	0.196489	0.515578	0.443683
FBgn0033202	0.319667	0.0	0.338	0.0	0.0	0.0
FBgn0033203	0.328863	0.0	0.453652	0.377364	0.990183	0.852107
FBgn0033204	66.1047	64.7392	56.4371	65.39670000000001	81.1714	69.3903
FBgn0033205	151.907	172.715	177.25	181.419	182.554	216.68
FBgn0033206	22.8367	21.9587	21.55	23.9735	17.8514	21.2144
FBgn0033207	0.0	0.0	0.0	0.0	0.0	0.745182
FBgn0033208	53.0559	45.7962	40.0705	46.6649	43.7308	45.1593
FBgn0033209	47.3393	71.7096	78.2537	66.2672	85.402	79.452
FBgn0033210	42.1674	39.2424	54.3228	49.877	48.0992	39.9481
FBgn0033212	33.561724119219996	34.90983410721	29.489718768242	35.981447	30.701593685	37.159345
FBgn0050493	7.33426	7.84033	7.75488	7.69132	5.20816	10.0843
FBgn0050496	7.1324	9.9119	8.86119	10.6645	11.5225	9.20744
FBgn0085245	0.838351	0.0	0.295477	0.983154	0.644936	1.38751
FBgn0003733	0.399772361	0.9661959800000001	0.140897779	0.234411586	0.76884548	0.396984629
FBgn0033214	1.30551	1.76759	1.03529	1.36212	0.446766	2.69127
FBgn0033215	0.0	0.849436	0.371617	0.0	0.0	0.698019
FBgn0042135	54.848639999999996	63.16599000000001	51.48319	48.76586	52.98707	64.75282
FBgn0286778	82.26436	85.57594999999999	74.97048	86.34146	85.34700000000001	87.126878
FBgn0000337	3.4205	1.47624	1.80833	0.859564	1.69159	3.39664
FBgn0015614	57.2367	62.200500000000005	74.8871	77.5051	61.771100000000004	65.0155
FBgn0033221	6.04221	0.0	3.19437	1.77146	3.48616	3.00003
FBgn0033222	0.0	0.0	1.09311	0.0	0.0	1.02661
FBgn0001091	247.9615	214.917	278.57669999999996	248.2954	225.0916	208.526
FBgn0002891	11.9207	18.3456	13.4653	20.4602	15.1301	19.8986
FBgn0033224	27.845910006030348	24.894512029999998	29.828100276386	29.70507	31.5691104548	24.22517
FBgn0003317	38.826229999999995	41.52781	46.6079	42.96937	40.71861	38.89383
FBgn0033225	19.8549	22.3939	26.3587	23.4784	21.3839	22.3453
FBgn0033226	54.36727484789999	65.73987063446799	61.046001	86.7264002	55.704329143	65.918187379
FBgn0029093	502.70399999999995	474.0566	466.32109999999994	399.88399999999996	501.7805	374.4348
FBgn0050383	8.6156	14.6985	13.9325	18.7216	11.6963	11.5751
FBgn0003082	57.607499999999995	51.00973	65.736	55.5604	50.6156	52.80243
FBgn0263121	137.19410976799998	138.1580000340374	48.354744146	140.779624558	158.3130316029	227.1606501
FBgn0042173	118.46	115.275	118.793	138.964	120.093	115.022
FBgn0050382	472.91700000000003	406.93899999999996	571.6320000000001	407.44399999999996	434.09000000000003	370.286
FBgn0033229	60.93395	50.85331	80.0181	55.25484	54.18531	55.49855
FBgn0040780	5.11282	2.87513	6.93708	5.86652	4.001993000000001	4.642632
FBgn0085390	1.09729	0.7019721859999999	0.870166	0.7663800869999999	0.844136	0.881634
FBgn0050377	0.241814	0.146108	0.0	0.0	0.139519	0.0
FBgn0033232	40.141670000000005	43.0423	45.55673	43.909000000000006	41.85158	35.32105
FBgn0015509	70.04267779999999	73.3455	67.055063	74.79131749999999	74.8306	74.74102
FBgn0026393	3.04745	3.92823	5.17164	3.86519	5.92436	3.48827
FBgn0033233	10.235004082949999	6.44183	11.385262635	11.2526	14.025	11.8575
FBgn0033234	0.9978429999999999	1.187848	1.60767	1.98196	1.64005	1.214417
FBgn0050381	13.4588	14.3725	15.603983511000001	15.2611	11.4661000234771	15.7593
FBgn0023171	33.3551	43.9249	36.1724	45.8893745	38.9831	48.477000000000004
FBgn0026722	8.07647	8.84132	9.64478	9.19288	10.1969	10.4734
FBgn0033235	59.1134	55.7408	70.3165	55.3408	57.1026	56.9223
FBgn0050380	1.49506	0.0	0.0	0.0	0.0	0.0
FBgn0033236	24.623869999999997	30.13751	28.1225	33.80982	32.024	29.9028
FBgn0085459	12.3919	13.3986	8.96495	12.0465	16.5573	11.6578
FBgn0085460	3.3054	4.39381	2.27173	5.08767	4.38636	4.75941
FBgn0033238	0.908214	0.0	0.9603	0.0	0.0	0.901879
FBgn0050378	0.407032	0.0	0.430375	0.0	0.0	0.0
FBgn0033240	7.840888	8.09893	8.586276	8.37487	8.05591	12.2364
FBgn0033241	123.3318	116.4365	121.3814	108.7176	103.24340000000001	90.7602
FBgn0026361	16.6374	17.485	16.3137	22.415509999999998	16.1265	19.5535
FBgn0027548	47.347	32.564099999999996	47.8554	36.4306	44.62651	27.9635
FBgn0033243	1.65244	3.51425	1.02496	2.55779	2.23717	1.92521
FBgn0033244	21.25162	21.2632	22.2318	23.2628	23.58011	22.1488
FBgn0027054	38.35	29.659840000000003	42.8201	35.0797	44.9615	40.51976
FBgn0033246	90.312040632308	84.117741568447	99.24787933748	97.399088981191	96.53133588337501	95.41379
FBgn0033247	39.806493	28.86402119677	43.17828	37.9503	44.89975	35.195679999999996
FBgn0027788	0.275589	0.356697	0.0	0.0	0.0	0.0
FBgn0033250	0.112378	0.0	0.0	0.0	0.0	0.0
FBgn0033252	0.10609	0.0	0.5162017084	0.5308872252	0.2985039892	0.1712531243
FBgn0040778	2.0272	2.44974	2.14346	6.24053	5.26333	4.02612
FBgn0020279	221.8535613	180.5214166	243.87452388	193.619447135	229.42992860309127	195.95683544000002
FBgn0021814	107.1213	105.41980000000001	122.08160000000001	111.1426	118.42960000000001	117.2022
FBgn0025469	27.889899999999997	25.80399	18.43086	26.44675	15.58872	21.63699
FBgn0028563	54.2761	49.8818	49.9253	43.7213	44.3891	51.1057
FBgn0028562	0.0	1.00015	0.0	0.242648	0.318348	0.0
FBgn0028561	0.0	0.0	0.59350731	0.0	0.0	0.0
FBgn0033257	0.655507	1.05618	0.231033	0.768728	1.26069	0.433957
FBgn0033258	4.82128	3.64138	5.41639	3.975485	4.17259	3.88997
FBgn0033259	24.3677	26.2729	28.388	31.9561	24.9196	26.661
FBgn0033260	41.0084	43.163799999999995	44.161100000000005	42.8673	41.1926	43.0338
FBgn0033261	150.817	181.465	176.162	184.076	130.849	227.994
FBgn0050372	30.8495657894	33.48760010073	34.44380118453	36.102289999999996	34.7669127202	40.093810000000005
FBgn0033264	34.3654	30.2524	41.8709	40.2343	36.7666	38.6456
FBgn0033265	10.801449999999999	15.61205	14.10753	15.0670108565	10.0222	17.8511230266
FBgn0033266	21.5558	19.1788	33.3115	27.918	30.0675	27.2861
FBgn0260390	7.737920000000001	17.51106	10.7153807	6.4843359513192	1.7115787	9.1460552317551
FBgn0260398	17.69381	13.03542	22.3859907	24.7076259513192	28.58603	23.0972000157551
FBgn0005648	105.5038	113.54990000000001	132.5912	115.4139	133.5386	120.48310000000001
FBgn0033268	3.10263	5.89181	6.56114	9.74606	6.13755	7.04227
FBgn0263593	90.15054801718638	86.2969523	81.56384176499999	96.8089789197036	71.70477380619451	74.9278456157
FBgn0010504	36.26654	37.31934	38.4991	29.177799999999998	31.08339	30.579900000000002
FBgn0050374	0.0	0.0	1.02496	1.7052	0.0	0.962604
FBgn0033271	0.544801	0.0	0.835949	0.0	0.0	0.541001
FBgn0033272	38.3281	40.0954	35.3848	36.4785	33.9963	32.9481
FBgn0021995	40.7251	40.8711	48.2237	46.0844	56.069100000000006	49.0259
FBgn0050373	52.0179	44.57365	60.0012	37.43343	51.2944	51.655100000000004
FBgn0033273	7.50592	9.07042	7.21489	6.20166	6.29916	4.96904
FBgn0011659	18.50668	19.8233	19.3209	15.715250000000001	21.8047	20.6199
FBgn0033274	9.35797	17.3977	14.4614	12.6627	10.7985	7.86305
FBgn0053087	30.262900000000002	30.96078	26.128999999999998	34.478359999999995	27.46302	30.955607
FBgn0033275	0.0	0.0	1.32583	0.0	0.0	0.0
FBgn0010109	0.0	0.0	0.223739	0.0	0.0	0.0
FBgn0013726	79.95837999999999	86.16739000000001	83.629	72.30565999999999	86.07585	74.76044999999999
FBgn0265632	0.0	1.56059	1.36548	1.13585	1.49021	1.28241
FBgn0033277	1.68067	1.4507	1.77706	1.6894	0.831167	2.38421
FBgn0261588	0.15865932698399998	0.36442	0.083879264258	0.27909550877399997	0.45770716183000004	0.499100582705
FBgn0033283	0.528146	0.0	0.558435	0.464527	0.609447	0.0
FBgn0050364	0.450946	0.0	0.476808	0.0	0.179997	0.0
FBgn0050365	0.287299	0.347183	0.0	0.505383	0.179997	0.57059
FBgn0250827	0.0	0.0	0.0	0.517234	0.0	0.0
FBgn0050363	0.103657	0.0	0.0	0.0	0.0	0.0
FBgn0050366	0.103657	0.0	0.503687	0.418985	0.0	0.0
FBgn0050362	0.0	0.0	0.0	0.363715	0.0	0.410643
FBgn0033285	0.0	0.0	0.0	0.0	0.792496	0.681986
FBgn0033286	0.809262	0.325981	0.0	0.0	0.899504	0.267873
FBgn0033287	0.0	0.0	0.0	0.0	0.0	0.443174
FBgn0028836	53.1678	35.6944	47.0557	44.3385	41.8104	34.8069
FBgn0002531	1.12999	1.36552	0.0	0.0	0.0	0.0
FBgn0002534	0.0	0.0	1.30894	1.08883	0.0	0.0
FBgn0033292	6.2236	2.74166	6.30633	7.64932	5.08699	7.50981
FBgn0014469	64.0497	66.42762	59.677	74.6809	58.334509999999995	84.0659
FBgn0015034	1.23559	1.79175	1.56774	1.3041	2.56642	1.47236
FBgn0002570	0.477831	0.866143	0.252617	0.630409	0.551386	0.0
FBgn0002569	0.0	0.511419	0.223739	0.372228	0.0	0.210128
FBgn0050359	0.434562	0.0	0.459484	0.0	0.250728	0.0
FBgn0050360	0.459203	0.277459	0.242769	0.0	0.264946	0.228
FBgn0033296	0.0	0.272154	0.0	0.0	0.25988	0.0
FBgn0050361	0.1052	0.0	0.0	0.0	0.0858803	0.0
FBgn0033302	23.7303	21.39662	20.16155	24.437929	18.23129	25.2706
FBgn0033303	1.23402	0.0	0.0	0.39894	0.711989	1.83812
FBgn0033304	51.7394	54.4248	47.9037	58.7111	57.8479	47.6516
FBgn0259226	0.607178	0.0	0.3852	0.0677684	0.444552	0.2411774
FBgn0033307	0.0	1.37753	0.0	0.0	0.0	1.13198
FBgn0033308	3.43996	1.66279	2.90979	3.63071	3.1756	0.0
FBgn0033309	56.051790000000004	56.73222	51.88121	60.87865	50.47596	55.21278
FBgn0267792	35.278220000000005	35.22193	26.483269999999997	29.65998	26.39457	33.93736
FBgn0033312	0.371244	1.59946	0.0	0.0	0.0	0.337471
FBgn0033313	63.7163257269227	59.706184171	76.48025552	74.67941133736579	68.9434459978	77.4950417
FBgn0022027	72.2248	79.4338	99.5344	77.8	74.9149	66.8859
FBgn0033315	8.83444	13.3448	12.3436	9.15781	12.743	11.2793
FBgn0033316	21.9676	21.5971	24.0149	18.5028	25.3493	16.4532
FBgn0033317	64.16295	62.8575	91.2255	81.3636	82.666	84.7477
FBgn0003892	10.8098	9.97377	10.3486	11.0495	10.2825	10.0817
FBgn0263120	178.908615	190.3373571638467	170.60455	201.80681	161.231891	186.41409910000002
FBgn0050354	0.0	0.0	0.0	0.0	0.0	1.58198
FBgn0050355	0.0	0.850975	0.0	1.85811	0.0	2.09785
FBgn0001285	0.0	0.0	0.0	0.0	0.0	0.550648
FBgn0033320	0.0	0.352921	0.0	0.256868	0.0	0.290011
FBgn0033321	0.815487	1.31395	0.287418	0.717255	0.94102	0.539866
FBgn0033324	0.0	0.0	0.0	0.1397763173455	0.0	0.473430924518
FBgn0033326	0.0	0.0	0.0	0.0	0.274009	0.0
FBgn0043575	0.710632	0.858753	0.0	1.25006	1.64005	0.0
FBgn0040777	164.33320979291	175.34897243	157.70440155764	182.38090126936	191.9361846	172.9394
FBgn0050357	4.69038	3.89677	4.95938	5.67241	3.04448	4.94877
FBgn0005695	9.09577	7.67342	6.35112	7.09444	6.5352100115311	7.1577
FBgn0050356	0.0	1.38566	1.21241	1.00853	0.0	0.0
FBgn0086784	32.0346	32.0066	36.098830011529806	39.34906	31.10560000151518	42.27756
FBgn0289556	0.0	0.238627	0.104396	0.173681	0.227865	0.43921999
FBgn0024189	0.233993686	0.0	0.0	0.20586617	0.054012622	0.0
FBgn0011286	0.049917466820407	0.18096318610565001	0.052776853211509996	0.065857088471222	0.08639761982701	0.09913960244486099
FBgn0033337	5.81954	6.49158	7.73106	7.74342	5.33786	7.40892
FBgn0021825	154.614	130.1	142.204	142.774	152.872	128.224
FBgn0033339	92.32730000000001	94.8986	104.21694	97.4587	99.30852999999999	103.40559999999999
FBgn0027513	21.47315	12.219228	25.0316	21.1004	16.0068	16.317128
FBgn0033340	233.666	229.591	288.63	332.288	302.395	223.362
FBgn0033341	77.1868	50.4191	77.9372	66.0542	72.2178	61.4569
FBgn0004921	214.0394	191.0166	182.74290000000002	196.9126	182.40230000000003	174.6795
FBgn0284436	235.053	177.426	297.71	247.846	294.651	202.171
FBgn0050349	74.9589	60.3025	98.7326	84.0131	94.9004	98.2556
FBgn0033344	2.70317	1.30664	2.85819	1.90204	1.24771	1.07373
FBgn0003074	83.4298	90.4212	87.8189	122.08070000000001	82.46997	102.16669999999999
FBgn0002552	23.6267	23.113	28.7717	25.5447	26.7895	26.6813
FBgn0085248	0.875485	0.0	2.76741	1.44598	2.28832	0.501307
FBgn0033347	0.0	0.4014375	2.107411	1.168743	1.53351	0.3298856
FBgn0033348	11.54	13.7007	11.7737	10.506	9.57847	12.4647
FBgn0033349	46.4138	41.8536	52.6076	51.6471	49.5011	38.4084
FBgn0033350	39.5949	37.7263	38.2427	41.8575	45.2507	32.5136
FBgn0033351	57.5875	48.8258	62.8543	39.6219	53.0546	42.8894
FBgn0033352	47.025516	53.6564876	50.479600000000005	54.053114	46.00920000000001	55.42317
FBgn0033353	3.89829	4.03786	3.53302	3.42871	7.71151	4.89387
FBgn0033354	17.1704	20.532	18.2501	20.0043	19.3986	21.8712
FBgn0033355	0.0	0.898161	0.0	0.0	0.0	0.0
FBgn0027607	57.8105	59.8543	59.5341	64.353	63.5826	69.2177
FBgn0053199	48.54747999999999	44.37801	50.47364	47.13079	51.74642	49.30124
FBgn0033356	31.578388	37.3998	36.49588	30.901018	33.85370000255684	40.47617
FBgn0033357	112.12950000000001	129.47899999999998	139.6375	159.9878	143.767	116.2962
FBgn0011300	29.280549999999998	28.23126	37.8181	34.51769	30.528760000000002	32.66132
FBgn0033358	0.774334	0.467867	0.409371	0.0	0.446766	0.0
FBgn0286782	12.36704	9.83204918	11.371490000000001	9.5340625	13.714290607332	11.916170000000001
FBgn0265011	0.909403	0.764613	0.768707	0.263196	0.460408	0.396207
FBgn0033362	4.672048	2.378421	2.30294971943	4.024559999999999	3.771948	3.36683
FBgn0033363	2.87051	4.91418	5.05857	3.57671	4.14049	3.32558
FBgn0033364	5.48189	4.81783	6.85014	7.45149	4.60054	5.93853
FBgn0033365	0.111925	0.0	0.0	0.0	0.0	0.0
FBgn0033366	0.0	0.0	0.469992	0.0	0.0	0.4414
FBgn0033367	68.1257	53.1537	87.0239	70.6527	73.9884	78.9643
FBgn0033368	6.6691425380408	7.0518300030885	4.801959014134	6.73285	4.5350000095139	8.39654
FBgn0011746	0.35049981	0.250794	0.658316	1.09523166	0.239484	0.618266
FBgn0025709	0.4127874	0.997641	0.2182198	0.5445973	0.47631090000000004	0.0
FBgn0033371	0.770431	0.941125	1.27424	1.46984	1.59566	0.539378
FBgn0033372	7.62615	5.83931776	10.15120267528	8.91875954154	5.96915	6.92933
FBgn0010220	29.332	27.1433	31.2936	31.3769	35.067	38.5742
FBgn0033373	43.21751	37.210333	45.52731	30.490986799999998	36.75001	30.6065549
FBgn0033374	1.55559	0.898626	0.541561	1.09818	1.15187	1.22359
FBgn0033375	25.6528	24.7998	23.9329	27.3407	26.4674	22.477
FBgn0033376	15.3668	17.6544	13.2731	14.6579	10.7393	16.3343
FBgn0015838	33.4062	36.6604	39.0664	44.1252	36.7778	44.309
FBgn0033377	63.5734	60.0779	65.754	76.6361	68.5622	73.2789
FBgn0033378	150.114	118.389	183.784	178.59	154.988	157.697
FBgn0033379	34.4972	37.3899	52.0811	47.7022	56.0178	50.6785
FBgn0033380	28.2419	26.942569999999996	33.15651	27.0444	30.4539	36.0898
FBgn0003612	66.044949	64.5266880210621	75.294687	67.8389627274562	71.679448476407	78.0068018460274
FBgn0033381	25.2108	24.089170000000003	24.17701	29.3934	4.73585	6.4043
FBgn0027561	68.43099308688	59.8737698905	64.77785	58.022513206000006	54.592290566	59.984168000000004
FBgn0033382	20.29297813	20.5121300375694	27.54255008290135	19.158269200699998	20.014400771551998	19.127380000000002
FBgn0260972	72.0764	55.8639	66.7494	51.15262	49.3293	48.86751
FBgn0028955	2.15953	2.82713	1.38154	2.62244	0.75387	1.297494
FBgn0265313	2.15953	2.82713	2.0082180000000003	3.257436	1.0958320000000001	1.886048
FBgn0086656	111.738	114.796	112.373	110.763	128.938	123.247
FBgn0050342	38.5986	35.3364	41.6368	43.208	38.2417	29.8118
FBgn0050344	65.6506	73.3061	44.9409	63.0078	51.1184	63.8056
FBgn0050345	18.4919	19.7858	15.6827	18.1281	16.2261	16.8327
FBgn0033387	2.0368	4.54402	3.70859000788644	3.03169	4.51988	4.51194
FBgn0033388	5.0933600000000006	9.07165	9.427029999999998	5.09173	10.68619	7.35684
FBgn0033389	2.50532	4.09259	3.97878	4.82933	3.47379	3.98005
FBgn0259728	7.32147	6.8634	10.4005	11.821	8.29582	11.4088
FBgn0015477	54.167199999999994	54.352	57.8711	57.614142	56.2833	64.3891
FBgn0002567	2.17685	2.4623701000000002	0.700717	1.3455599999999999	2.042337	1.3088106281999998
FBgn0033391	55.01414	51.69767	58.171890000000005	57.81515	60.57557	55.70344
FBgn0266486	33.45024	34.87417	34.31659	33.651849999999996	31.30647	37.10854
FBgn0015561	0.0	0.0	0.551319	0.0	0.0	0.0
FBgn0033392	5.9977	4.7013	7.71284	8.69699	5.98569	6.92168
FBgn0262515	148.2233	140.0412	163.0467	169.7742	167.8741	151.0661
FBgn0010114	0.207204	0.250393	0.0	0.0842513	0.11955	0.205759
FBgn0033395	0.0	0.0	0.0	0.216661	0.0	0.244616
FBgn0015037	12.0735	9.85368	7.98014	17.5447	11.7299	17.2021
FBgn0033397	5.56064	8.61819	2.58838	7.68558	4.36056	4.99597
FBgn0050343	0.520032	0.694442	2.1448490000000002	0.0	0.0	0.710475
FBgn0020621	31.422255826268003	29.373396500000002	30.60111522518572	27.903283123679604	30.823167310794	30.699894823323
FBgn0083977	3.72273	3.56146	3.608248	4.09288	4.2958	3.8508
FBgn0033400	40.5888	54.7084	53.6457	51.1464	49.539	41.4683
FBgn0033401	18.065	16.32259	20.4493	19.0667	14.4694	21.3157
FBgn0026326	24.8153	23.6966	26.6055	26.2524	23.6291	24.8146
FBgn0028408	0.543762396	1.442684	1.009849	1.8900645316732199	3.030767159208	1.659726
FBgn0033402	36.51303	33.56781	31.40288	28.734249999999996	32.65871	30.359900000000003
FBgn0033403	0.0490926	0.0	0.207632	0.043179	0.0566498	0.146251
FBgn0033405	0.0	0.0747039	0.0	0.0543721	0.0	0.0
FBgn0033404	0.0	0.0	0.0	0.0	0.137509	0.0
FBgn0010549	0.369151	0.111524	0.390321	0.243513	0.53247	0.987453
FBgn0033408	0.0	0.0	0.733944	0.0	0.0	0.0
FBgn0028473	455.986	464.99760000000003	517.182	580.975	568.952	515.322
FBgn0016970	23.7861	23.4491	17.2081	20.9209	15.8908	19.8907
FBgn0053774	49.0272	33.855	55.5417	107.804	40.4102	86.9379
FBgn0016078	21.201340000000002	18.02934	22.03473	18.24091	24.2979	24.8657
FBgn0041087	66.00251	58.17772	49.03162	41.1662	59.86286	48.952310000000004
FBgn0033412	0.0	0.0	0.0	0.264213	0.0	0.0
FBgn0033413	51.832300000000004	63.629615	63.8873	69.09467000000001	70.75319999999999	68.2864835
FBgn0017558	16.1610978	18.27998633	16.65159	16.23456442	19.60117	20.848556
FBgn0029092	206.89518589	201.46442259999998	168.84362063788	184.88270121179	180.20122572460002	232.87439999999998
FBgn0287478	7.48899515212155	9.0691547	10.620733646451601	9.429141000000001	9.44128801781037	9.33174401371
FBgn0053758	0.0	0.0	0.0	0.0	1.32708	0.0
FBgn0053757	2.30009	0.0	0.0	0.0	0.0	3.42607
FBgn0259246	1.5220861596900002	2.1026856	1.6334031	1.147502	1.3855777	1.599202
FBgn0033421	29.849588	24.723005999999998	28.015226000000002	24.189102	30.18735	22.314272
FBgn0033422	0.39185	1.8941	0.828646	0.689298	1.35651	3.11294
FBgn0033423	1.56846	0.947689	2.76401	2.98897	1.2066	2.33627
FBgn0085436	107.81990004077252	115.07598999999999	129.17674019606198	125.67626999999999	125.1981552199	131.905300250617
FBgn0033426	23.73431	34.35937	33.46065	30.15318	28.028226	48.44700781365
FBgn0033427	7.38181	8.48531	11.23408	10.4515	8.93366000973862	9.47579
FBgn0033428	83.3972	58.9308	88.18	78.9459	85.6328	78.9554
FBgn0033429	22.4767	17.575229999999998	32.832499999999996	34.78012	30.5337	17.5457
FBgn0285949	5639.546	4601.9868	6219.122	5766.1342	5686.7952	4636.17
FBgn0261016	1.29046	2.07925	2.12251	2.14392	1.82002	1.851
FBgn0033431	28.9324	26.3251	30.9516	32.0336	22.7811	18.5904
FBgn0010342	64.0237	64.2799	67.6955	60.1221	73.0461	63.5772
FBgn0033434	98.3514	98.2182	111.34649999999999	144.5705	106.0583	153.5924
FBgn0050338	9.34908	10.0455	11.3625	8.34393	11.1092	8.71825
FBgn0050340	18.4386	17.7345	26.6579	29.7873	23.8823	29.1465
FBgn0050339	76.4222	80.3799	100.258	148.955	84.3758	175.669
FBgn0050000	115.446	121.849	121.036	128.959	133.217	134.473
FBgn0050005	42.125	47.1372	46.3638	48.5309	40.232	58.2777
FBgn0033437	5.22858	8.98585	11.2384	9.92906	9.10051	13.4927
FBgn0033438	39.11935	39.292189	33.545473	31.59705	42.1687	40.947464
FBgn0023143	177.661	170.3708	210.066	190.994	217.348	204.646
FBgn0260474	0.283114	0.0	0.0	0.0	0.326695	0.0
FBgn0010316	23.1795	26.8019	30.5038	24.2008	33.0979	30.1385
FBgn0259678	0.0	0.1558	0.0	0.0	0.0	0.415505
FBgn0005614	0.21861657999999998	0.13209102	0.0	0.0	0.0	0.104495
FBgn0033442	0.257598	0.0	0.0	0.0	0.0	0.0
FBgn0033443	0.0	0.0	0.200786	0.0	0.0	0.0
FBgn0033446	17.02404	15.51022	8.72424	9.483130000000001	13.223865403300001	9.57967
FBgn0040092	0.462757	0.559212	0.0	0.407014	0.0	0.0
FBgn0040093	0.0	0.518475	0.0	0.0	0.0	0.0
FBgn0050001	11.7166	12.493	8.74486	7.27429	11.1343	10.6083
FBgn0033447	0.117437	0.28383	0.0	0.309872	0.135514	0.233235
FBgn0033448	50.766670000000005	52.65314	32.74217	31.18535	38.736019999999996	29.86433
FBgn0033449	8.77745	7.57642	10.2752	9.92589	9.0434	12.763
FBgn0033450	5.82178	5.9529	7.57619	5.1205	6.20119	7.11529
FBgn0033451	29.0555	30.8414	29.4764	32.8078	14.4987	24.174
FBgn0266186	103.98464	93.315	87.6449	87.79185	114.781	103.541
FBgn0033453	35.4594	45.276	42.798700000000004	45.8994	32.03948	44.8456
FBgn0023180	25.1433	30.3841	28.1804	25.2106	37.7179	23.9692
FBgn0023175	153.585	145.697	195.189	154.445	150.672	151.52
FBgn0033454	35.6267	30.5208	42.0912	38.9851	47.2872	44.6795
FBgn0027580	42.25417029	43.2004355	24.5114380572305	28.75129	27.8813371	25.75988755
FBgn0050010	6.95376	2.52096	5.1468	4.8929	2.407262	4.83368
FBgn0288856	24.680390000000003	22.70399	17.391	21.70745	19.262600000000003	23.63298
FBgn0033457	24.57924	28.05228	32.24541	31.22661	31.51423	24.85971
FBgn0033458	1.22998	0.99506	0.858055	1.45663	1.43016	1.81317
FBgn0033459	19.86307	21.9255	9.8828	17.11078	13.9578	12.6084
FBgn0033460	49.87425	44.26658	46.09879772	47.90585445	47.9922362	53.30776
FBgn0033463	51.502	48.6829	55.822925000000005	51.02263	51.22804	59.139477
FBgn0033461	0.549436	0.0	0.311593	0.33033	0.453009	0.780371
FBgn0050008	2.53731	0.613235	1.07313	0.892668	0.585578	1.51177
FBgn0285892	9.63358	10.128969	9.5133406913396	13.307782	10.570782745599999	12.962828044000002
FBgn0000715	0.316544	0.0	0.0	0.0	0.0	0.0
FBgn0286783	35.1821	30.3353	31.770699999999998	28.936999999999998	28.8217839528	29.271349999999998
FBgn0011656	20.168271999999998	21.939621	17.67394	18.502972	16.363648	19.559281
FBgn0033467	5.35421	12.9404	7.92578	2.82555	4.94273	4.25349
FBgn0283510	36.93519	36.59229	49.86936	36.86081	45.482060000000004	41.82821
FBgn0033468	44.3529	38.9341	52.648	41.2184	46.8349	55.2622
FBgn0033469	1.73728	1.04969	2.75536	0.764004	3.50823	2.58774
FBgn0027619	167.7252	164.7961	180.1405	185.3989	222.75	223.9503
FBgn0033471	30.062599999999996	32.1044	35.1132	29.823300000000003	30.25311	38.53100109084001
FBgn0286784	262.30387986	217.84402229999998	282.81518	260.55126313542996	295.43260331839997	258.689156448
FBgn0022382	38.95425	34.85685	24.10865	21.50414	34.235806000000004	23.93825
FBgn0033473	28.92928	22.26862	30.48207	33.04327	34.4471	26.60783
FBgn0033474	68.39306	77.75368123758	95.05704060000001	86.509641	77.0765954277	75.1670605478963
FBgn0033475	33.6388	33.8753	34.7776	39.7778	34.0728	37.1158
FBgn0033476	90.041299912	93.64747	65.33594000000001	70.13038999999999	77.390764	75.60990700250863
FBgn0085249	3.73082	4.72314	3.19339	2.50012	4.92014	5.29256
FBgn0040773	358.85400000000004	278.435	329.58855802	324.722	267.27099999999996	313.24762
FBgn0265342	1.84225	2.22625	0.0	0.0	0.0	1.8294
FBgn0263260	90.3656	99.9565	97.5703	119.851	104.828	145.761
FBgn0262169	1.60156	1.45136	1.55744	2.1277100291639	1.6447829999999999	2.4920607755382997
FBgn0033479	7.66531	7.9864	6.72377	7.92272	6.2124	7.11582
FBgn0033480	67.0199	68.391	69.2888	65.4965	37.80905	39.9315
FBgn0013435	7.75953	14.2886	10.9394	15.5996	8.954	8.07233
FBgn0033481	0.350826	0.847902	0.370946	0.308566	0.404831	0.348379
FBgn0033482	60.2504	73.7045	72.9985	83.8198	79.4223	73.4996
FBgn0033483	149.7086	158.81785	119.2813	118.851	132.5567	116.1972
FBgn0033484	0.122238	0.443149	0.129248	0.0	0.0	0.364155
FBgn0001291	93.2214	78.1892	77.4902	82.7473	78.1416	72.7225
FBgn0033485	110.024	94.073	126.76	108.638	143.13	156.669
FBgn0004907	602.4964564	626.264402	606.4272000000001	639.10043221	628.5431555	701.6719500217766
FBgn0003071	38.0064	38.6169	37.71764000603706	52.6369	39.929	53.6596825089
FBgn0033486	21.9642	19.34090227574	26.1043	26.20720141037	25.7382	22.9946
FBgn0010531	31.214199999999998	27.045	29.843700000000002	34.571600000000004	28.561980000000002	25.5958
FBgn0050011	61.51303	72.67975000000001	62.33859	73.32973	76.1657514	79.61606
FBgn0284235	35.49753	34.37485	31.331490000000002	31.25233	35.7781514	33.25336
FBgn0033490	0.0	0.0	0.0	0.0	0.347446	0.0
FBgn0026388	0.0	0.0	0.0	0.640562	0.0	1.00697
FBgn0033491	6.49723	6.60335	7.70293	9.2846	9.60161	9.7426
FBgn0033494	3.3712959	4.430846	3.9508	4.90447257	4.55977	2.8186370058969
FBgn0265512	0.389495	0.470679	0.701679	0.437761	0.674178	0.193389
FBgn0000448	0.0	0.116445	0.101886	0.0	0.0676856	0.0
FBgn0284237	0.0	0.969198	0.0	0.0	0.2412408	0.0
FBgn0005619	0.3797284490326	1.0707109186739	0.395962	0.333986935075	0.438182340814	0.743746
FBgn0033498	0.0	0.0	0.0	0.0	0.0	0.361089
FBgn0033500	0.0	0.0	0.227958	0.189624	0.0	0.0
FBgn0003660	378.10738641	343.0737562409	367.31941	306.28219	359.63551000000007	358.63902
FBgn0033501	0.389885	0.0	0.0	0.24179	0.0	0.0
FBgn0033502	0.0	0.312534	0.359273	0.0	0.0	0.2567833
FBgn0033504	40.52598027	44.052666927815004	38.90395666797822	32.319165244640004	33.751206410200005	36.9820150831644
FBgn0028426	22.0086	22.1009	24.418	24.5377	21.283	27.8576
FBgn0033507	35.0405	33.8753	64.2201	51.7769	74.3994	60.7771
FBgn0033508	0.0	0.0	0.0	0.0	0.0	0.96986
FBgn0026403	0.0	0.0	0.0	0.0	0.101644	0.17494
FBgn0033518	72.4332	77.3993	57.1927	37.5947	49.0387	35.2604
FBgn0033519	23.38134	31.78681	13.3913	21.499838	11.24193	27.08801
FBgn0053474	0.0	0.0	0.686158	0.0	0.413413	0.0
FBgn0033520	62.6345	46.1381	35.83	26.2112	30.5296	24.3765
FBgn0262114	66.87090117395049	68.97700000734018	61.44682258812	62.5167	67.786609	66.30597300698311
FBgn0033523	23.6781	15.49895	27.12237	31.2388	29.59993	38.2086
FBgn0001122	25.870235106178	34.24633640582	19.007054819824	21.207512861799998	23.067857946	21.43562
FBgn0033524	0.800375	0.967202	0.587715	0.488882	0.93761	1.28791
FBgn0033526	11.2424	11.7332	17.6507	13.9334	19.8527	16.4077
FBgn0033527	14.7123	21.5219	18.8311	17.7075	15.19	18.4544
FBgn0261862	46.80928	46.09118	50.5081	36.8134	49.403855	44.3978
FBgn0033528	81.8348	69.2245	87.7642	71.4631	93.0831	91.7123
FBgn0033529	182.549	170.652	196.139	166.618	156.71	174.923
FBgn0264817	0.0	0.0	0.0	0.40136	1.04299	0.0
FBgn0283521	259.0192360131134	244.03712706	267.38033033794716	235.40092300104982	258.32462608762603	238.98396308883508
FBgn0263102	54.729560914852	52.667662278499996	59.098179699999996	52.3856703186	68.0471580040394	63.49063789
FBgn0033538	12.226199999999999	12.94833	16.137050000000002	14.4642	14.64444	18.430527104
FBgn0033539	34.5862	34.2517	31.2181	33.0911	34.6538	35.3502
FBgn0033540	13.9599	11.6481	13.5304	14.9093	17.2594	18.6483
FBgn0033541	0.522467	1.42561	0.552431	3.21672	1.36131	1.75723
FBgn0024836	0.1249654	0.0	0.0	0.1099124	0.07210040000000001	0.100496
FBgn0005586	0.20193	0.24402	0.427022	0.355212	0.126069	0.200522
FBgn0033542	0.215474	0.0	0.0	0.0	0.248643	0.213971
FBgn0033543	8.38653	7.60093	12.4145	11.80208	3.48616	8.74443
FBgn0033544	40.14019	43.77245000777448	38.580750057493304	44.505560003208004	38.716450048012405	37.156225
FBgn0024956	36.0348	31.5012	40.128	35.403	45.5631	31.596
FBgn0053144	16.26848	18.00463	14.668254	16.6374	13.70186	20.90598
FBgn0027499	7.0628	7.059760000000001	9.496500000000001	6.21203	8.75372	6.66719
FBgn0033547	15.1377	11.10646	8.00295	7.60816	10.60556	9.66353
FBgn0033548	63.1247	100.371	165.106	160.718	237.695	197.951
FBgn0033549	5.38158	2.50127	6.56563	4.73332	6.21	5.75512
FBgn0033550	10.3542	10.427	8.21104	11.3837	12.9438	9.85361
FBgn0033551	38.351600000000005	44.7744	45.721199000000006	45.447800816207	47.6306	44.53929
FBgn0086898	0.396244	0.478836	0.977594	1.39405	0.304827	0.0
FBgn0029134	205.974	166.434398	216.98659999999998	184.0061	199.4098	212.8875
FBgn0033554	9.0399	9.55862	9.55834	8.94484	7.8236	7.85474
FBgn0033555	105.913	117.085	144.985	119.333	120.909	136.49
FBgn0033556	34.6529	32.1655	29.206	29.1536	27.2377	28.9254
FBgn0033557	13.3818	15.3936	23.6728	21.04992	25.538310000000003	26.1936
FBgn0033558	0.0	0.0	0.16309394000000002	0.13566931200000001	0.177992501	0.153174372
FBgn0027525	53.212199999999996	60.123900000000006	64.70358	79.5641	79.2105	77.6765
FBgn0050015	25.9873481	26.246443393632305	24.203249292552	23.531444	22.838473369	25.047970004630614
FBgn0050016	0.0	5.70532	0.0	1.38418	0.0	1.56277
FBgn0263510	93.8676	76.8978	116.3	95.4764	127.921	108.653
FBgn0010356	23.3625	17.3736	32.493	20.3902	23.8482	19.6304
FBgn0033564	5.78401	8.42338	6.586898	8.7397	5.13414	6.185499999999999
FBgn0061356	0.0	0.418288	0.365991	0.304445	0.0	0.0
FBgn0033566	42.671530000000004	32.22282	42.15732483669	28.030079999999998	37.18498	29.083229999999997
FBgn0050020	32.2798	32.7997	32.3887	35.8091	32.2152	36.578900000000004
FBgn0017414	14.5886	14.2173	9.45419	11.5895	9.77476	11.682979999999999
FBgn0033569	8.85767	6.99873	11.8872	9.73837	8.45214	9.64165
FBgn0033570	114.4615	125.9939	168.9568	144.5314	116.3884	144.0487
FBgn0033571	81.27120000000001	68.5193	105.2501	95.3086	112.68350000000001	88.8373
FBgn0040765	24.06044108	24.20755	19.920011000000002	21.616284	21.854423999999998	20.405859
FBgn0262817	15.653	32.3142	21.378	30.9768	27.0938	22.0204
FBgn0050489	22.72387	20.65791	24.05029	14.164088000000001	21.720528	9.31156
FBgn0286920	0.0	0.0	0.609805	2.53629	0.0	2.29083
FBgn0053503	20.1856	28.8719	12.9365	20.5837	28.4521	25.0801
FBgn0286921	2.234	1.34982	0.0	0.0	0.0	0.0
FBgn0033578	0.0	0.380663	0.33307	0.0	1.09049	0.625615
FBgn0033579	1.14496	0.345904	0.190106	0.5035219	0.660608	1.136979
FBgn0033581	41.2085	35.3543	42.2514	35.9308	49.1988	36.4924
FBgn0003396	20.800337285459	21.733046077169	20.180821043	21.99773874431	20.372097641	22.7377400134928
FBgn0033582	0.524582	0.0	0.0	1.38418	1.21067	1.04185
FBgn0037084	19.40235	16.06027	19.91403	20.301660000000002	15.44071	15.70293
FBgn0033584	11.9294	12.71531	12.31333	12.1012	14.91451	16.9391
FBgn0050021	0.0	0.385663198441	0.6748902866	0.425820107729	0.184135271466	0.484182103203
FBgn0033602	0.0	0.0	0.0	0.0	0.381966	0.327807
FBgn0010423	0.0	1.1685	0.0	0.0	0.0	0.0
FBgn0086519	0.0	0.0	0.0	1.54005	0.0	0.0
FBgn0033605	8.91038	21.5353	16.4874	26.4501	16.7083	19.9085
FBgn0041174	7.80553	11.319	10.454	8.69604	13.2104	10.8515
FBgn0033607	21.9304	20.8699	23.52552	27.9703	24.712699999999998	28.553800000000003
FBgn0033608	97.5788	97.6204	97.2551	77.0226	93.2178	89.75
FBgn0033609	16.27807	18.309919999999998	17.6233592	13.68038	19.508550032743	17.4428
FBgn0033610	0.677795	0.409536	1.075	2.3846	0.782132	2.0192
FBgn0015582	21.0408	23.752	25.0747	22.6823	25.2475	26.4975
FBgn0050033	6.024220000000001	5.11746	1.74828	7.827109999999999	4.30893	3.346041
FBgn0040763	2.73743	0.852519	2.89443	1.86148	1.57941	1.35917
FBgn0259238	62.816579999999995	89.6635	93.216363	71.06868	71.70149	93.3881
FBgn0033615	19.57748	21.167801439	24.81511	23.867537	17.83513296279	24.834600000000002
FBgn0025373	60.1803	72.353	62.6577	89.1187	55.9805	57.9311
FBgn0033616	9.63758	6.93238	12.6166	10.4949	7.67889	9.79822
FBgn0016047	0.0	0.0	0.0	0.0798253	0.104729	0.0
FBgn0026385	0.373765	0.0	0.0	0.0	0.0	0.0
FBgn0003382	0.0	0.0	0.0	0.120551598	0.07907876300000001	0.0
FBgn0033623	0.0	2.06933	0.0	0.0	0.0	0.0
FBgn0015001	0.627973	0.0	0.0	0.552329	0.0	0.0
FBgn0033624	185.416	144.447	193.064	174.671	172.687	159.823
FBgn0001276	22.0861	19.5724	19.4606	20.0732	22.9374	15.3524
FBgn0024188	74.6793	70.9621	81.6618	66.245	88.3848	67.8201
FBgn0041241	0.986588	0.794819	1.04317	1.73549	1.13846	1.63284
FBgn0033627	7.451460000000001	6.46698	6.68652	6.929	5.74148	6.17607
FBgn0021795	211.6764	197.6618	284.8569	225.1067	255.3644	200.6461
FBgn0033628	0.0	0.0	0.0	0.491459	0.316328	0.0
FBgn0033631	3.90389	0.0	3.538093	3.43363	2.0700149999999997	1.2924250000000002
FBgn0082585	8.08576	5.60935	10.3015	9.48236	6.57819	13.2336
FBgn0050022	48.3795	42.1188	38.5996	48.0143	41.0109	53.8103
FBgn0033633	0.0	0.0	0.208106	0.0	0.0	1.17267
FBgn0054054	2.24691	0.0	1.18789	0.0	2.59279	2.23124
FBgn0015872	0.0	0.0	0.837938	0.0	0.0	0.39348
FBgn0040503	0.684358	0.827003	1.44721	0.0	0.789706	2.03876
FBgn0033635	124.66399	81.83917000000001	154.92247999999998	123.548482	152.90163	136.20519
FBgn0260499	0.160367	0.0968951	0.0	0.1410495	0.0925225	0.2388744
FBgn0000581	33.3997900159872	29.3908000938483	38.38423	32.9745641631	38.792339999999996	37.598898000000005
FBgn0000577	0.0	0.0	0.0	0.150945	0.0	0.0
FBgn0033636	65.03618	60.52489	67.05833	61.22959999999999	65.32958	69.29538
FBgn0086712	44.7214	42.5172	45.7174	50.7059	45.2466	44.199
FBgn0033638	8.452540230835	9.055869999999999	6.326895	9.413688	7.8852139	9.11999
FBgn0033639	10.75333374	9.55811	10.42249267	9.65477919	8.685664003982719	12.47833026
FBgn0085257	25.1945	28.2713	13.3197	25.3253	12.4598	17.8706
FBgn0044020	34.3281	31.7226	25.62128	37.2973	59.4187	45.6839
FBgn0050035	41.2883	41.4804	39.1925	50.307950000000005	42.106346	45.23059
FBgn0033644	1.16006	0.0	0.91165	0.989058	0.966804	1.89614
FBgn0040491	0.463308	1.67964	1.46964	1.63	1.06926	0.460077
FBgn0033645	0.847798	1.02451	0.672315	1.67777	1.22288	2.31518
FBgn0010516	144.6651	137.25799999999998	166.75650000000002	150.18980000000002	149.665	161.9465
FBgn0062449	13.379044	16.167686	17.205019999999998	16.85604	14.186756	19.749048
FBgn0053471	0.0	0.457388	0.0	0.0	0.0	0.0
FBgn0033648	0.0	0.0	0.0	0.0	0.279646	0.0
FBgn0033649	20.2613	20.1116	16.233	18.8364	18.3174	15.0348
FBgn0033652	0.569964	0.172191	0.301326	0.1253268	0.164426	0.141497
FBgn0033651	0.0	0.315896	0.0	0.0	0.0	0.0
FBgn0033653	25.484	25.8684	25.5084	23.9085	29.799	21.9321
FBgn0033654	0.148139	0.179016	0.156634	0.390882	0.341885	0.0
FBgn0259832	18.3756	11.957	13.4512	8.7027	6.52441	1.40365
FBgn0033656	31.5925	35.5979	33.8557	32.1051	29.066	39.4271
FBgn0262819	0.0	0.0	0.0	0.0	0.96463	0.0
FBgn0033657	0.209043	0.0	0.331548	0.0	0.361833	0.311378
FBgn0013756	50.3632	51.83231	58.025349999999996	59.42446	61.8373	65.54390000000001
FBgn0033659	0.5081249999999999	1.22807	0.0	0.0	0.586344	0.504581
FBgn0033661	14.7716	17.9065	21.029	21.4841	23.4042	25.4056
FBgn0260932	2.48267	3.00015	2.62505	3.43139	0.0	0.352194
FBgn0033663	810.066	847.164	974.611	877.479	971.028	876.431
FBgn0284245	6180.9795	5715.6786	7340.29	6988.9570121319	7388.5336	6171.3463
FBgn0260959	45.08896	47.24998	46.39399	46.62672	58.2708	66.77122
FBgn0033665	13.1964	16.7863	23.2554	17.512	12.022	12.8745
FBgn0033667	0.0	0.0	0.0	0.0	0.0	0.191851
FBgn0033668	0.147074	0.177729	0.0	0.129357	0.10352	0.8762869999999999
FBgn0033669	139.76802	141.687047175137	150.27072674800002	133.20916756208	125.9266251368	159.43936577743003
FBgn0026573	22.53369	22.601282	21.20566	25.68591	25.9773488676	25.58997
FBgn0050036	0.0	0.0	0.334425	0.556374	0.364974	0.0
FBgn0050037	0.327202	0.0	0.345967	0.0	0.0	0.974758
FBgn0053145	13.25631	14.442081	18.2498	16.957340941000002	18.221800197782002	17.3219
FBgn0011704	162.569	159.387	175.43	157.702	196.282	184.695
FBgn0085260	5.35079	0.776519	3.68429	6.27632	5.01655	3.8199
FBgn0033672	45.4462	43.7693	53.9623	49.3578	34.489599999999996	49.6483
FBgn0033673	13.719420000000001	13.56462	15.605170000000001	14.99205	13.91229	16.30717
FBgn0004839	0.260766	0.0	0.0919071	0.0764516	0.100303	0.172632
FBgn0267728	0.219737	0.0	0.0	0.193268	0.253563	0.43641
FBgn0259985	14.2213	13.2655130195353	9.186162900000001	12.2888	11.8033650758643	17.8379010076435
FBgn0260012	38.07185	39.561989999999994	38.23338	41.60354	44.66328	48.86533
FBgn0033677	17.906	20.5429	14.4028	19.035831868	20.6785	19.6789000561884
FBgn0262820	2.43589	2.55414	1.55833	1.90197	0.595099	2.46761
FBgn0010339	57.3399	45.4859	89.2688	66.8313	69.0081	79.6461
FBgn0004463	21.4592	17.0532	21.7034	23.1826	22.7439	21.4254
FBgn0024732	2.58614	5.04836	6.09992	5.77402	5.50934	5.92638
FBgn0265373	0.0	0.0	0.0	0.0	0.0	0.49806862
FBgn0033679	0.257598	0.0	0.272371	0.0	0.0	0.0
FBgn0086677	0.0	0.0	0.0403781	0.0	0.0	0.0
FBgn0033683	90.18199999999999	93.9476	105.21814	114.87559999999999	82.5337	106.5372
FBgn0026176	0.0	2.77132	2.42483	5.04265	1.32316	1.13866
FBgn0027495	31.7807	23.9515	32.8807	27.5016	36.2786	33.2558
FBgn0033685	1.2047	0.0	1.27379	2.11916	2.31691	0.0
FBgn0033686	5.94107	6.49565	6.58092	7.21605	6.2027	8.42804
FBgn0027504	32.800946409999995	35.7924	37.6585324606	35.30872	41.804601048129996	41.07980604763
FBgn0033687	0.0	0.887974	0.0	0.0	0.0	0.0
FBgn0033688	67.675	65.9566	85.0049	77.7434	86.6389	80.7928
FBgn0040759	0.883444	0.0	0.0	0.0	0.0	0.0
FBgn0085261	6.18236	1.86775	2.45134	2.03912	3.11495	3.83702
FBgn0014184	261.0276	275.8642	288.6195	248.0386	276.56120000000004	263.6401
FBgn0023167	172.604	112.048	203.619	155.576	180.244	157.235
FBgn0010621	405.7146	323.2285	459.9065	339.6929	418.5557	303.5903
FBgn0033690	22.6926	18.7895	24.4383	21.4375	19.3969	16.6921
FBgn0033691	205.791	214.677	212.013	224.318	223.262	209.595
FBgn0033692	22.54152	19.06795	25.68808	19.82621	20.23114	20.0616
FBgn0033693	2.94481	2.98465	5.52431	4.26111	4.60391	3.67893
FBgn0053964	2.94481	2.98465	5.52431	4.26111	4.60391	3.67893
FBgn0000426	211.763	185.792	248.445	202.839	199.171	224.689
FBgn0025454	0.0	0.0	0.44146841099999995	0.1836146611	0.24089766299999998	0.0
FBgn0033696	1.0858	1.04969	2.06652	2.67401	2.00471	0.86258
FBgn0033697	0.0	0.0	0.549844	1.82952	0.900106	1.80738
FBgn0033698	16.7167	20.2011	19.6234	20.5243	19.7625	19.9202
FBgn0033699	3983.8827	3852.4444	4482.9075	4151.1116	4511.953299999999	3951.7504999999996
FBgn0033702	0.0	0.0	0.28762	0.0	0.0	0.810366
FBgn0033705	0.29403627635	0.0	0.0	0.258617214692	0.0	0.0
FBgn0033706	0.0	0.0	0.374666	0.0	0.0	0.0
FBgn0000253	757.83909	752.9061350000001	840.2463389999999	766.49954	915.19205	849.831596
FBgn0033710	0.0	0.0	0.0	0.0	0.0	0.440142
FBgn0050203	0.0	0.0	0.0	0.0	0.167495	0.0
FBgn0050046	69.8186	59.465399999999995	53.72	51.1502	66.0016	53.149
FBgn0033712	12.147359999999999	10.09203	8.42888	13.02127	7.44668	9.42394
FBgn0033713	12.3233260996548	11.5325	13.817577498118	15.0474115	15.40568	13.7528
FBgn0264560	27.1394	28.998	30.061729999999997	31.7915	28.4574	34.0927
FBgn0033715	63.8636	52.4428	48.390049999999995	49.0754	45.1374000760544	46.484700000000004
FBgn0054021	0.692898	0.0	0.0	0.0	0.0	1.37613
FBgn0033716	27.5554	22.21519	23.6971	23.5899	25.8617	23.7148
FBgn0033717	332.8075	332.604	309.6609800041946	270.70500003312947	299.624005077689	254.62900000320022
FBgn0266111	12.2013	10.4987	12.9685	12.2485	14.0058	11.7355
FBgn0050047	0.744666	0.899881	1.10232	0.654965	0.687437	1.18316
FBgn0050049	0.299357	0.180877	0.0	0.526595	0.518159	0.445904
FBgn0050043	0.674151	0.651735	0.427688	0.502009	0.155585	0.886864
FBgn0053013	0.319012	0.385505	0.168653	1.65079	0.368119	0.534761
FBgn0053012	1.17348	1.59534	1.24078	2.06425	1.52339	1.74794
FBgn0033720	0.7668280000000001	0.37066099999999996	0.3243114	0.539568	0.3539381	1.218374
FBgn0033724	1.80798	1.0924116	4.77917	0.7950969	5.21573	0.897684
FBgn0033725	0.258799	0.0	0.0	0.682873	1.604838	1.38105
FBgn0050048	0.0	0.12116002115279001	0.0	0.0	0.0	0.0
FBgn0033728	0.393835	0.0	0.0	0.0	0.908922	0.0
FBgn0033730	0.0	0.0	0.0	0.758075	0.0	0.0
FBgn0033731	0.491423	0.0	0.0	0.0	0.0	0.0
FBgn0267691	0.0	0.0	0.0	0.0	0.0	0.987223
FBgn0033733	0.0	0.575307	0.0	0.0	0.0	1.18189
FBgn0033734	26.842940000000002	28.45968	29.18564	24.05493	21.62406	28.16449
FBgn0033735	32.3324	22.38939	24.1996	20.44964	26.4101	20.56288
FBgn0033736	0.540634	0.653321	1.14328	0.47551	0.623857	1.07373
FBgn0033737	37.2761	35.3891	40.9771	34.3879	34.6638	37.8478
FBgn0262840	6.76212	3.93221	8.04978	6.98091	8.23102	2.3623
FBgn0033738	24.370820000000002	25.947699999999998	27.7625	28.30816	31.689619999999998	30.013510000000004
FBgn0050051	17.9282	20.6803	12.941	23.2826	14.1054	18.7128
FBgn0033739	8.8356617	7.9882780565869	9.219953192809	8.262150391115	10.4282272129512	10.546567231674999
FBgn0010238	83.2252	86.6507	82.5377	90.4956	86.1808	78.8972
FBgn0033740	18.721690000000002	16.0933	17.95863	17.31527	20.71268	25.29916
FBgn0033741	64.032	62.347	91.0197	80.0648	103.738	98.2556
FBgn0033742	0.611188	0.0	0.215413	0.358377	0.235091	0.606925
FBgn0033744	2.10743	3.8607989999999996	0.956372	1.854275	1.54091	2.454934
FBgn0085263	0.689083	2.58188	4.95742	3.97841	3.10188	7.57586
FBgn0045063	97.84555	86.51104000000001	93.0463	94.3585	99.6522	92.4781
FBgn0050044	0.979132	1.89315	1.24234	2.41133	2.71165	3.11137
FBgn0033748	4.87739	0.0	1.55585	0.991989	0.796183	1.58111279
FBgn0033749	20.22611	27.3691200563577	17.35190371	18.45837099	20.89868	18.74292
FBgn0033750	9.54182	8.51074	14.6531	9.39153	11.2728	11.0545
FBgn0033751	60.2276	54.8496	63.0664	49.1341	58.7551	62.9857
FBgn0033752	7.46479	7.70062	8.85545	8.96765	8.82399	12.4751
FBgn0011592	7.6542416	7.6309427	9.90217061	8.323004000000001	10.921010001092881	10.974705
FBgn0033754	3.03684	6.4222	13.6468	8.68084	14.0173	9.04698
FBgn0003527	2.39948	1.93308	3.38279	2.46218	1.8459	1.19137
FBgn0033755	76.2187	80.4004	85.7946	87.4282	77.5073	87.1979
FBgn0022764	106.15978899999999	106.955914	110.62141348119209	105.71046558500001	117.39811	127.83274919
FBgn0027356	19.62724	19.798810000000003	14.54217	17.44184	20.39562	19.77808
FBgn0004435	44.73323	46.99169	45.451625616265	49.677260144439	51.580203	50.8745498
FBgn0266487	8.94013	13.47784	9.604025400000001	11.5719	12.34091	10.897310000000001
FBgn0050054	0.540180792	0.0	0.0	1.937685	0.0	0.52755257386
FBgn0033756	65.4648	80.5165	71.3727	85.9847	68.8273	96.79
FBgn0033757	6.06486	11.164447125999999	7.936030221983	9.53008	5.85918	8.76578
FBgn0028683	55.746	49.1586	58.9431	71.5587	57.373	64.3341
FBgn0061359	21.27464	18.504074929	32.7299	26.70706	36.1208	27.24722
FBgn0061360	17.3609	18.504	20.5952	17.1318	20.0334	23.1266
FBgn0011604	76.568779137	82.4084	80.09544018041099	84.7303233934	94.75710000000001	93.12105113320001
FBgn0033760	0.473754	0.286251	0.0	0.0	0.0	0.47045
FBgn0033761	46.6459	58.9077	47.5437	44.7231	44.6128	41.7302
FBgn0033762	23.71537	23.589508000000002	23.17541	22.22602	19.3433	26.28470208456
FBgn0033763	0.745618	1.50172	0.525586	1.3116	1.43399	2.46806
FBgn0261673	0.726571	1.75603	0.915896	0.763155	0.49978	0.645133
FBgn0261625	127.63577580180001	116.1741373375	141.51849226179638	103.98371	134.4069030309	111.25377806461256
FBgn0033766	17.01426	19.1705974	20.378700000000002	18.176468	20.77385	19.41967
FBgn0033767	0.704195	4.254871	3.7229	8.051796	3.8101	2.7971380000000003
FBgn0050052	2.00714	2.4255	1.41483	5.88454	1.54407	3.98628
FBgn0033769	11.9191	17.1912	10.9765	13.1887	11.0918	8.01789
FBgn0033770	0.0	0.0	0.0	0.791416	1.03832	0.0
FBgn0261545	31.54730025713569	29.3077818992	29.778011999999997	26.90173249904	35.133701985	34.137394
FBgn0033773	1.7034	0.41169	0.360218	1.19857	0.786245	1.01491
FBgn0026619	32.2933	28.445962	37.096199999999996	31.329900019397304	32.20377	26.78678
FBgn0026741	49.5774	30.3897	49.3818	36.6538	32.3356	35.6751
FBgn0011227	141.351	128.11	155.685	106.194	132.527	190.078
FBgn0020930	26.18620285683	25.29584	26.5533011989	29.497320000000002	22.076999999999998	27.715419999999998
FBgn0086904	1491.6115	1277.8548216464999	1564.1907999999999	1395.6520999999998	1563.20334301	1349.5192000000002
FBgn0033774	0.307285	0.371334	0.649816	0.0	0.354587	0.305142
FBgn0003326	0.0	0.0	0.0	0.0	0.249404	0.0
FBgn0033775	4.6602	4.96902	4.05791	2.41108	8.54085	6.53322
FBgn0028963	0.0	0.305025	0.0	0.0	0.0	0.0
FBgn0250842	0.0	0.0	0.557678	0.0	0.0	0.0
FBgn0050488	0.0	0.0	1.17936	0.0	0.0	1.66142
FBgn0050486	0.588963	0.0	0.0	0.518018	0.679626	0.584855
FBgn0033777	84.6902	67.0094	92.73956000000001	81.95457000542706	80.24663	74.50585
FBgn0000181	1345.371	1188.936	1532.825	1463.668	1411.537	1181.402
FBgn0033778	5.11468	3.7622	3.99722	3.71621	4.87557	5.52066
FBgn0025692	9.00295	7.039673079400001	7.5488	7.07936	6.72218	8.432099999999998
FBgn0002069	181.25291	177.71611000000001	212.0336	238.9789	201.5811	242.7631
FBgn0013305	193.2095000376058	216.65372000000002	186.876937227042	199.1471700169103	186.051310109248	212.99176770999998
FBgn0003975	0.238184	0.0	0.251843	0.0	0.137424	0.3134
FBgn0010488	138.516703	133.83990699999998	150.8915	151.04881	151.1934	153.363789
FBgn0033781	48.515840000000004	42.27238	70.5816	54.6466	45.6849	30.8487
FBgn0033782	21.17745	27.31622	12.79149	20.436439999999997	14.72221	28.5027
FBgn0033783	29.745449999999998	27.28846	31.28669	33.28511	27.495399999999997	30.929850000000002
FBgn0033784	19.3746	17.34099264	20.53034522	16.682	19.533022259321	20.45457024147
FBgn0033785	0.68635457	1.3823491	0.72570061	1.60981088	1.3199938	0.90875869
FBgn0050487	0.734812	0.0	0.0	0.0	0.0	0.0
FBgn0004512	6.696121000000001	7.268929999999999	5.88012	9.18366	5.4390203027610005	6.20893
FBgn0265186	33.3394	32.168502871680005	32.4457	30.7353	31.2490289458	24.65412
FBgn0265185	217.7351	170.2309	256.6426	202.0387	205.53320000000002	163.5205
FBgn0033787	3.61176	3.273432	7.160423	5.16213	7.29354	2.2416
FBgn0005624	10.30038	11.403770135015002	11.49202	10.124884946	10.16458	11.783769
FBgn0265623	17.4879000720609	16.60382	17.675750118025	18.740420001548788	21.26276	19.87076
FBgn0033789	1.24588	0.0	0.0	0.0	1.43767	0.0
FBgn0033791	0.0	0.0	0.0	0.152324	0.0	0.171978
FBgn0033792	0.0	0.0	0.0	0.172498	0.0	0.0
FBgn0033793	0.0	0.0	0.0	0.428436	0.0	0.0
FBgn0033794	0.150723	0.0	0.0	0.0	0.173925	0.0
FBgn0259876	46.8723	39.230920000000005	45.0461	41.54852	54.4090000167338	52.5364000208789
FBgn0263998	42.31588	43.1217200037211	46.780707	46.831983791839995	46.2833600281255	48.09857
FBgn0020370	56.03214	47.57284	55.70664927	46.62262277	55.19129996862149	52.8474
FBgn0085468	136.13909999999998	127.8256	141.353	144.0076	118.8991	152.4648
FBgn0020391	5.12142	2.16612	3.24908	4.5045	3.39813	6.22998
FBgn0033798	1.00443	0.0	2.12407	2.65032	0.0	0.0
FBgn0033799	8.23961	10.323899860000001	10.24959	10.62693	9.3105543	10.1522
FBgn0086532	92.51108500000001	105.75238	103.87989999999999	90.913991	101.8297000070634	105.37450000000001
FBgn0053138	60.4221	53.5453	59.4346	68.6038	61.6945	60.9098
FBgn0053137	1.83356	1.10787	0.0	0.0	0.0	2.73116
FBgn0033802	16.82695	16.4317	21.008124981	19.5404237036	18.28699	16.75733
FBgn0028991	6.09634	3.84251	5.2941218	5.430440000000001	7.26942	7.83479
FBgn0053182	18.7427487818	20.17569	22.6488	21.07309	20.22411	23.5718
FBgn0027079	71.985	65.184516	83.7803000014517	88.80523	82.4209	81.969
FBgn0005654	9.83561	11.038018000000001	11.412386	11.87703	13.46605	11.543140000000001
FBgn0085344	1.52523	0.789918	0.230386	0.57493	1.25715	0.43274
FBgn0033806	7.387219999999999	12.319239999999999	10.77901	10.13589	10.911169999999998	8.21598
FBgn0050058	0.0	0.108746	0.26313	0.238506	0.0	0.164748
FBgn0085264	0.0	0.108746	0.26313	0.238506	0.0	0.164748
FBgn0085341	0.818452	0.108746	0.26313	0.238506	2.46458	0.164748
FBgn0033807	0.3906682784	0.0	0.0	0.0	0.0	0.3879435705
FBgn0033808	7.8827	7.73966	10.4185	11.6997	9.09613	8.31695
FBgn0033809	8.23723	10.218350000000001	10.410340000000001	13.14092	6.69839	20.23036
FBgn0033810	52.087900000000005	44.1553	38.6348	34.18919	32.29584	37.8284
FBgn0040754	60.7368	58.7172	62.3852	70.2099	54.0666	77.5455
FBgn0043010	39.8458	34.70233	50.9483101746	33.8413	37.72222	36.0652
FBgn0011763	91.27592000000001	93.68021	94.66919	85.6012991	98.92575	98.57079999999999
FBgn0033812	24.527	22.7534	28.8151	32.2498	27.7308	26.5701
FBgn0033813	12.3101	13.1595	11.5142	13.7423	7.10254	8.93311
FBgn0033814	29.185	35.05181	32.184	28.8191	26.03306	18.49125
FBgn0033815	0.0	0.0	0.996384	0.828828	0.0	0.467884
FBgn0033816	27.9637	25.1645	27.2608	19.5367	18.9948	23.0421
FBgn0033818	0.0	0.0	0.0	0.0	0.0	0.194265
FBgn0033819	0.0	0.217875	0.0	0.0	0.0	0.0
FBgn0033820	0.0	0.0	0.0	0.787769	0.0	0.0
FBgn0033821	0.0	1.19526	0.0	3.47981	3.42407	0.0
FBgn0259219	0.0	0.0	0.0	0.0	0.0	0.20899
FBgn0052843	0.126616694	0.0	0.0	0.0	0.146106725	0.0
FBgn0033830	0.308749	0.0	0.0	1.62935	0.0	0.613192
FBgn0033834	0.0	0.0	0.091702	0.0	0.200157	0.0
FBgn0288447	1.28837	2.5149	1.33617	1.01729	0.930713	0.8956
FBgn0033836	51.4551	53.0196	49.4946	62.706	61.0643	44.9437
FBgn0053470	4.63649	8.61826	4.09618	3.70315	2.91628	3.30802
FBgn0260475	35.8117	37.1673	47.173	26.4169	33.1141	33.6727
FBgn0259221	7.9925802	8.930118818167461	6.3247143036	8.3273313597	6.57900576664	9.199431
FBgn0265272	0.0	0.997321	1.74526	0.0	0.952342	0.819542
FBgn0050065	0.0	0.0	0.0	2.16387	0.0	0.0
FBgn0019928	2.42947	0.733966	0.0	1.06841	0.700864	0.0
FBgn0013765	53.27825722526361	58.227682695	49.6401092927507	59.77634017623	49.40375357207	64.4676100112143
FBgn0050062	7.56624	4.57166	7.00014	6.65483	9.82233	7.51347
FBgn0086757	34.753925974568	35.419700117404	46.61383	46.017708	44.051207	52.7085182
FBgn0000119	6.07264	7.7416	8.32601	8.09975	8.54753	8.21709
FBgn0262821	0.0	0.0	0.0	0.0	0.0	1.04325
FBgn0033842	23.5099	25.1818	29.0954	22.7928	16.339	18.0401
FBgn0040477	22.3893	8.63489	22.6659	17.1784	19.7891	18.4487
FBgn0033844	270.0714	272.7857	235.09199999999998	240.1283	240.16969999999998	201.12519
FBgn0004638	93.50139999999999	106.0965	86.0151	85.40679	99.27682	100.23854
FBgn0033845	46.4752894	49.516	48.7045	38.337360000000004	51.40823999999999	47.24358
FBgn0033846	23.6125	22.942	25.297050000000002	22.1249	29.48207	25.4508
FBgn0024556	138.37550000000002	124.1387	151.046	137.5001	146.1725	131.0077
FBgn0260964	0.0	0.0	0.0	0.304309571826	0.0	0.0556042
FBgn0033853	30.912250773929998	19.41261	26.37708	23.68055	25.50609	24.03817
FBgn0053156	9.990105	12.61982	14.1417	14.28801	19.01333	16.2328
FBgn0014877	70.0227	68.8877	79.7337	72.2473	88.5711	65.5227
FBgn0033855	0.975855	0.393086	0.68788	0.286102	0.750716	1.29206
FBgn0033856	0.0	0.0	0.0	0.0	0.329334	0.28341
FBgn0261989	1.53845	0.246971	0.542227	1.35313	0.235832	0.509241
FBgn0027581	23.47499	29.248359999999998	23.528660000000002	26.21846	24.24546	28.18974
FBgn0266489	9.12664	7.20283	6.83159	7.65968	7.47467	7.86972
FBgn0033859	25.6247	21.1871	32.6398	25.0422	25.9379	24.5531
FBgn0033860	0.207315	0.0	0.0	0.182342	0.239228	0.205869
FBgn0000633	0.0684358	0.165401	0.21708200182782	0.300961	0.0	0.135917
FBgn0033865	0.0	0.408687	0.366563	0.0	0.0	0.325681
FBgn0033866	0.0	0.133943	0.0	0.0	0.0	0.110067
FBgn0033869	9.89246	2.1096	9.84451	5.11814	4.7004	2.88925
FBgn0261041	68.7019	71.21354	104.51679999999999	106.4142	95.86306	115.9919
FBgn0000662	55.90605000000001	54.00565	70.2988	60.61226	59.599869999999996	61.694700000000005
FBgn0033871	20.989	21.3056	15.091	19.1991	8.71917	17.5078
FBgn0033872	0.450946	0.0	0.4521540101621	1.18988	1.04073	0.0
FBgn0033873	0.0	0.511697	0.0	0.0	0.0	0.0
FBgn0033875	29.4197	29.8787	14.8916	20.0951	26.0031	24.2418
FBgn0033876	4.64415	3.55437	3.27366	2.45084	2.32226	5.22666
FBgn0050484	0.505646	0.15276	1.06929	0.77829	0.291742	1.38083
FBgn0050485	0.535605	0.0	0.707903	0.706631	0.463541	0.797804
FBgn0033879	209.4496	191.7575	267.485	212.0164	203.9299	190.0162
FBgn0033880	8.21809	5.46207	6.95152	5.42112	4.74157	8.97684
FBgn0086356	76.516	70.2208	70.2187	58.7279	81.2143	75.4447
FBgn0263697	37.5981	36.641	44.2427	39.2029	40.9366	37.6369
FBgn0033883	37.5696	30.11723	44.8373	34.0256	36.0559	29.919900000000002
FBgn0033884	8.638128	8.94739	10.76451	11.12505	7.11989	10.2963
FBgn0013733	115.5889244778757	121.89473300729584	105.68381877486895	110.91018100216687	107.750222257418	108.06205311532841
FBgn0033885	2.17565	0.0	0.0	0.637858	0.0	4.32094
FBgn0262739	69.7321	68.36064	77.40065	72.25189	76.10604	66.753
FBgn0050481	23.4606	24.6053	30.4665	24.3187	27.3549	22.9465
FBgn0053155	42.6406	24.6053	35.935900000000004	33.6631	36.01817	31.09053
FBgn0033886	120.86910000745492	101.27961	127.28466	94.3979080729	107.27841301441731	102.77785
FBgn0013770	1838.7637	1645.9595	1433.2982000000002	1166.4696	1467.3441	1373.8254124989999
FBgn0261975	387.918	460.885	470.595	467.188	488.162	472.681
FBgn0275436	33.3938	37.5224	36.5478	32.2053	38.5343	31.9973
FBgn0033887	1.76288	1.59775	2.08846	1.55053	1.36754	0.875293
FBgn0033888	0.751141	2.50814	1.98555	1.98198	1.36858	2.23771
FBgn0033889	120.642793	145.2601	123.8032	144.4724	119.4097398	142.96083502
FBgn0033890	47.3734	34.2464	42.7854	39.4347	49.2969	41.3026
FBgn0033891	18.47116	22.81723	22.5686	24.91077	20.8409	18.74998
FBgn0020620	114.63695	118.43941475	115.77352	118.700004391	107.89632005246031	125.9564
FBgn0002643	40.66396304967	34.68428	32.44869	27.285690000000002	35.320570113123	31.91578000722444
FBgn0033893	2.79651	1.6897	2.9569	0.0	1.6135	2.77701
FBgn0040752	42.98173	45.9818427	52.968028745	41.640598866996	56.8040514	49.70576
FBgn0259183	3.5662	0.0	0.0	2.09108	0.0	1.18044
FBgn0259184	0.0	0.0	1.86822	2.33108	0.0	0.877283
FBgn0033897	42.867558149697004	48.910491	46.838360107351704	49.98444000775912	49.92478	56.35403
FBgn0086895	13.7664	13.461	13.0003	14.8809	12.6114	10.5397
FBgn0040751	41.0311	18.2676	18.267	26.5916	19.9357	15.0113
FBgn0033899	27.4325	33.0676	34.6763	29.7829	23.7921	24.1022
FBgn0033900	10.7818	12.3463	10.624	12.5089	9.70848	11.9959
FBgn0033901	114.08700000000002	116.4026	123.15800000000002	108.7564	132.4374	125.50219999999999
FBgn0033902	299.9692	305.1119	361.8401	361.7657	364.6622	396.0855
FBgn0033903	18.1873	23.0958	24.1194	25.2148	27.0341	20.2032
FBgn0033904	0.973005	0.0	1.02881	0.855799	0.561393	0.483109
FBgn0033905	21.57181	20.46001	18.33661	23.60313	17.402730000000002	15.171790000000001
FBgn0033906	166.01441999999997	184.57318128	191.25467	185.26381000934032	192.8278	190.20977
FBgn0033907	63.8524	60.917	66.3299	67.9842	78.8522	76.7559
FBgn0000289	102.09114310176103	94.67585	104.16542057732019	81.3168063642	105.698810886	91.948213
FBgn0050069	14.4894	16.1311	14.5054	17.7331	14.9411	15.4292
FBgn0033911	0.0	0.18782	0.0	0.0	0.0	0.15434
FBgn0005613	0.0	0.272154	0.119064	0.0990416	0.25988	0.223641
FBgn0033912	7522.86	6971.76	7964.740000000001	7348.740000000001	8189.26	7203.2300000000005
FBgn0033913	164.3885	128.0186	167.57145000000003	134.2842	182.5738	164.1254
FBgn0261276	87.06989999999999	104.97769	105.85437	121.55469	110.79478	132.01712
FBgn0033915	34.8664306134	38.2051	38.0995	38.23102	39.6354	43.4153950814
FBgn0033916	13.1421	14.2786	16.1905	18.0278	16.6955	19.7552
FBgn0033917	1.48082	1.49123	1.30479	0.868296	1.42398	1.47049
FBgn0010241	0.479068	0.231569	0.506542	0.926992	0.663376	0.285436
FBgn0001220	186.7091	175.7894	194.72140000000002	201.2838	207.8367	221.89280000000002
FBgn0033918	84.7754	78.9848	93.0585	108.335	97.8253	122.956
FBgn0027538	13.0504	20.5581	12.8132	19.0623	13.7147	11.108
FBgn0033919	2.66781	2.5016800752399	3.7441770902	2.20842	2.414569102	2.2377032602
FBgn0261270	124.5066	94.307	170.6472	100.4017	160.2843	117.8212
FBgn0261269	4.1736699999999995	6.54307	7.27554	7.143409999999999	2.86366	6.83293
FBgn0263397	13.01101	11.2114	14.848328003569618	11.90765712	18.765774133499	17.16447
FBgn0033921	0.0	0.2695	0.47161	0.196151	0.257345	0.442919
FBgn0085408	0.170789	0.0	0.0	0.202183	0.353679	0.169598
FBgn0033924	16.3302	20.4087	14.9055	19.1508	9.50256	19.4042
FBgn0033925	14.4606	14.9784	19.6585	16.3527	12.3163	13.676
FBgn0033926	166.797	183.829	233.889	238.474	222.831	240.453
FBgn0033928	103.952	90.8739	105.822	97.7528	105.917	122.445
FBgn0033929	104.27188977255	103.154243193	108.5842	104.069100060015	115.974663095836	116.01560025948541
FBgn0085213	0.0	0.0	0.0	0.0	0.0	0.74807
FBgn0085473	0.0	0.651509	0.0	0.0	0.0	0.0
FBgn0033934	74.37663	86.09498	93.12876999999999	83.32100999999999	84.47067	69.58186
FBgn0033935	12.1208	15.1611	15.2892	16.2716	13.4958	16.2595
FBgn0033936	0.190921	0.346074	0.302806	0.0	0.220311	0.0947948
FBgn0267824	37.7052	32.6287	32.9415	34.0065	33.9226	30.7788
FBgn0024698	24.379420000000003	29.24273	31.9833	32.56111	27.19453	30.57546
FBgn0261823	23.34047	24.44681	28.905450000000002	27.49475	28.624090000000002	28.065750286584
FBgn0033942	0.0	0.0	0.909311	0.0	0.0	0.0
FBgn0265974	28.372627	31.811	27.508816000000003	28.821785	29.549022	27.15763
FBgn0050076	0.0	0.288183	0.0	0.629248	0.0	0.0
FBgn0010397	11.6543	13.0001	20.47462	14.13758	14.922039999999999	12.362449999999999
FBgn0033943	0.14752008018999999	0.17826865473	0.0	0.25950068613	0.432271	0.43947402792
FBgn0019938	24.6184	23.6843	35.8021	30.272	37.9693	34.5735
FBgn0050077	36.7483	33.5527	42.3097	29.4487	17.9044	20.2733
FBgn0003742	40.5956325115378	32.163710245867	37.2218830123176	30.461064993	37.96458	36.63814
FBgn0033945	17.4882	32.6607	19.3317	15.3816	15.5939	19.7344
FBgn0053468	2.8582	0.0	3.02212	1.67594	3.29818	0.0
FBgn0026427	18.69832	22.41563	24.102800000000002	25.356840000000002	24.41341	31.43958
FBgn0010638	218.284	171.102	282.092	243.879	257.18	246.053
FBgn0033948	17.872	13.4982	11.8106	12.6315	10.3116	10.1413
FBgn0033949	12.2181	9.84317	23.9237	20.2986	25.0647	17.9746
FBgn0262881	0.0	2.36049	0.0	0.0	0.0	0.0
FBgn0033951	52.291700000000006	53.822500000000005	52.461200000000005	59.023399999999995	54.5576	49.629599999999996
FBgn0020269	0.16367	0.395569	0.173056	0.0	0.0	0.325056
FBgn0033958	0.0	0.0	0.0	0.0	0.139475	0.0
FBgn0010388	7.4753	12.0446	13.1734	13.1497	8.62601	14.846319999999999
FBgn0012042	1.61609	2.6474	1.79311	0.0	1.63435	0.653138
FBgn0041581	5.45511	1.3312	7.50794	4.52504	9.021799999999999	3.27678
FBgn0028689	133.6985	135.08967215	150.09220237645	129.07160043144302	145.3904	168.60255
FBgn0050476	31.3661	23.0131	34.3494	25.6172	28.4385	46.721
FBgn0033960	1.6241600022728802	0.857969	0.6125219399999999	1.01904646	0.6684751999999999	1.91755131
FBgn0033961	50.3373	25.3456	50.2672	49.193	30.6565	33.3241
FBgn0266723	12.4855	20.1173	15.8419	15.3741	22.0915	21.4906
FBgn0033963	0.28332059782	1.0271246706	0.5991374735	0.99676823899	0.0	0.28134403788
FBgn0020767	29.691260000000003	27.90143	33.04668	28.792289999999998	28.54506	28.73835
FBgn0015602	66.9476	69.51879	65.95975999999999	60.26959000000001	70.10059	69.62571
FBgn0033968	0.0	0.0	0.0	0.0	0.0	0.721503
FBgn0016684	1.130644	1.63957	1.434585	2.9833499999999997	2.6093789999999997	1.88218
FBgn0033971	19.38252	18.53212	16.44034	17.42242	15.97586	19.67036
FBgn0027783	36.1881	44.942	39.9117	41.0348	45.3564	50.4205
FBgn0028434	10.8695	10.0077	14.7766	13.6575	4.18092	9.25177
FBgn0033972	41.7466	42.3573	43.3079	40.5282	34.9935	38.7178
FBgn0033973	4.76824	2.50527	3.72648	3.82919	2.87074	3.08803
FBgn0053506	12.0084	19.8859	18.8105	16.0384	22.5816	22.5243
FBgn0053505	22.6816	19.8481	30.8739	29.3509	36.1008	28.9956
FBgn0264962	41.99806463	44.898929674787	48.3702906237	48.9066571	46.719515670999996	60.5543486
FBgn0013773	4.93164239367	3.7280800000000003	2.7183100000000002	2.353841	1.03952	2.042352
FBgn0015714	48.063300000000005	58.311	47.934259999999995	76.9631	51.602000000000004	67.5848
FBgn0033978	15.2919	23.9951	12.8683	28.6247	13.221	35.1299
FBgn0033979	0.780031	1.25682	1.37461	1.14345	0.600071	3.09836
FBgn0013771	2.02057	2.35894	1.3972	1.93706	2.79551	2.76692
FBgn0033980	61.8742	75.0642	70.8104	113.537	77.8388	120.476
FBgn0288232	0.766958	0.372795	0.574034	0.0	0.0	0.363445
FBgn0013772	0.0	0.296927	0.0	0.0	0.0	0.0
FBgn0033982	1.74413	2.29991	2.651669	3.413457	1.33991	2.480864
FBgn0027596	32.580128985769996	37.968646164387	33.3087606642633	29.957957984	32.73105327147	29.322774017999997
FBgn0033984	13.6616	16.7671	16.815	19.5259	17.73516	19.28962
FBgn0033985	0.659958	0.398759	0.348904	0.0	0.0	0.0
FBgn0261854	42.51360529088	40.17661300333331	40.549420001669944	40.742587388900006	38.04927355069	42.229406819
FBgn0033987	0.198274	0.239601	0.535167	0.178069	0.467243	0.390429
FBgn0033988	19.4647	19.5627	20.1734	22.2052	20.6819	25.8357
FBgn0033989	20.9217	17.8127	25.1381	21.7472	22.4962	25.9697
FBgn0033990	14.491679999999999	16.8577	13.952760000000001	16.43347	16.0974	13.582
FBgn0287864	0.0	0.0889824	0.0	0.0	0.0	0.0731207
FBgn0015371	10.129687	9.21055	10.833179	10.673082999999998	10.29958	10.357185
FBgn0262954	153.972	186.065	141.451	139.865	116.507	190.496
FBgn0033993	2.80583	3.65149	4.56422	5.88487	5.23021	4.28656
FBgn0033994	13.461860399999999	13.556494599999999	11.5649401	13.499000386422	10.355954	12.5324627
FBgn0033995	14.0144	16.0442	11.9585	15.3538	14.4694	14.405
FBgn0033996	21.667500295822002	21.9944	19.7027	21.941651	16.2519	20.8712771
FBgn0259737	1.95662	0.0	1.37922	0.0	0.0	0.0
FBgn0033997	0.0	0.0	0.0	0.0	0.0	0.260462
FBgn0033998	52.003339999999994	45.023509999999995	54.43625	52.32899999999999	57.174080000000004	56.17519
FBgn0050081	1.94967	3.53408	3.34991	3.64399	3.65592	7.01826
FBgn0034000	20.0169	14.0453	23.2131	25.5567	26.8238	21.1597
FBgn0034001	29.5227	23.7842	34.3374	33.7564	15.8981	32.2485
FBgn0034002	17.82222	16.02476	15.3848	17.55724	18.37099	22.49011
FBgn0001187	1.20159	0.726025	0.952879	0.528426	0.346641	1.49152
FBgn0259878	0.189101	0.0	0.222144	0.439394	0.0	0.328752
FBgn0286785	26.306289999999997	28.50705	19.222269999999998	21.7827	22.189799	16.3048
FBgn0034005	1.24601	2.53762	1.03987	2.21235	2.43968	1.24678
FBgn0265194	31.88588900235199	29.443181966	28.205170024106607	25.4967838663237	28.429773347451	29.19080147545307
FBgn0034007	0.296729	0.358579	0.0	0.0	0.342407	0.282373
FBgn0034008	10.8299	11.685	10.2241	9.52534	9.81907	13.0589
FBgn0004698	50.167579999999994	64.53736	62.46642	80.270068	70.14693000000001	71.22123
FBgn0034009	15.5879	18.9462	17.4836	18.9057	17.2176	18.7021
FBgn0013750	184.94438	195.20825	177.0863	170.6776	188.82127300000002	193.94230000000002
FBgn0034010	100.5887	96.832	117.173	74.97628	116.0724	57.56203000000001
FBgn0034011	4.45264	3.76651	2.8248	3.91628	3.59664	3.97943
FBgn0034012	1.64536	1.49123	1.08732	1.26627	3.08528	3.06353
FBgn0034013	20.94959	24.29353	19.25931	19.55102	22.177100000000003	23.915599999999998
FBgn0011660	18.9466	23.644	22.6468	25.8217	20.9988	23.981
FBgn0262964	0.672518	0.0	2.13326	0.591508	1.55209	0.667828
FBgn0262565	0.0	1.558	0.681606	0.693748	0.743869	2.32694
FBgn0262815	0.986588	0.0	0.0	2.40923	1.13846	1.33725
FBgn0000996	48.94937	41.5714	56.24322	42.78649	63.12965	54.3266
FBgn0286813	38.3738	42.1079	46.20044508275736	44.074200000000005	45.4236	45.830799999999996
FBgn0263980	0.0886466	0.0	0.0596789	0.0	0.273008	0.1760564
FBgn0014865	5.63171	0.0	0.0	0.0	0.0	5.59243
FBgn0034021	0.0	0.679467	0.695446	1.64847	0.56923	0.816422
FBgn0050469	0.0	0.295062	0.0	0.0	0.0	0.0
FBgn0034025	31.53020181	33.3650292458	36.18943221	33.759100000000004	31.860729999999997	36.9009651
FBgn0019968	27.279774600000003	25.116326599999997	24.901468569	21.390515999999998	26.228639	25.923137024999996
FBgn0050467	9.28112	8.02106	9.63655	9.36915	11.7049	9.91454
FBgn0034027	7.83232	13.1518	7.64569	9.72069	4.99478	4.98035
FBgn0022097	103.789	96.6543	112.114	103.945	128.037	106.176
FBgn0034029	29.3914	28.5534	23.7648	33.2007	28.2632	33.4785
FBgn0034030	0.749452	0.905664	1.32072	1.31835	1.15309	1.9846
FBgn0034031	0.0	0.0	0.0	0.364879	0.0	0.823915
FBgn0034032	6.72454	12.1893	8.49273	9.69323	6.8975	8.90351
FBgn0024754	119.90849999999999	115.3079	108.49470000000001	99.8613	113.49489349	114.8535
FBgn0050466	6.40864	12.1186	8.17445	8.70777	7.15085	8.11169
FBgn0013762	22.6866	22.4003	23.4026	21.6572	20.4323	21.1547
FBgn0034033	16.46027	18.36106	22.7594	15.591149999999999	14.610890000000001	22.63213
FBgn0260429	4.85317	6.14402	1.95486	4.87836	4.266859999999999	6.65525
FBgn0023441	0.186602	0.112485	0.0	0.0818706	0.0	0.217958
FBgn0034035	35.0785	32.3957	27.7423	27.843	28.631	26.621
FBgn0262512	111.544	105.18	109.007	108.513	91.6608	73.8443
FBgn0284254	29.9199	23.6633	30.8642	30.5948	29.1924	25.7256
FBgn0050082	1.20719	1.45881	0.638212	0.530888	0.696511	0.0
FBgn0266708	15.1369	16.4628	15.3648	23.1656	14.6723	12.3257
FBgn0050090	117.101	103.93	129.468	117.098	127.277	97.4661
FBgn0050088	2.13874	1.9384	7.34953	1.88111	3.70195	2.12382
FBgn0050087	3.6729	5.91796	5.82532	4.84571	4.23829	2.43152
FBgn0053460	275.275	266.625	285.01	275.985	284.624	310.044
FBgn0053461	2.33814	4.23824	1.85417	2.57061	0.674516	3.48275
FBgn0053462	0.4706	1.70607	0.497589	0.0	1.08608	0.934635
FBgn0050083	1.74312	0.0	0.614362	0.0	0.0	0.0
FBgn0050089	5.043634	3.54517	5.239766	6.2765	6.04054	6.40419
FBgn0265991	103.620908	109.62333	82.32972	82.19111600000001	87.650112946	78.99819011382199
FBgn0034046	36.46172	31.147100000000002	41.654770000000006	33.7284	39.41464	40.16113
FBgn0053465	20.3862	13.3165	9.02995	10.6614	10.8085	9.84845
FBgn0034045	0.0	0.269037	0.216891	0.0	0.0	0.0
FBgn0034047	0.828818	0.0	0.438175	0.36449	0.0	1.23456
FBgn0022160	140.93716	113.67914999999999	98.231408	116.0915	86.1394	119.816
FBgn0050085	53.9932	43.0718	59.3285	49.9724	65.1552	58.0846
FBgn0264089	22.215694288	28.343465470850003	23.8560294	26.6861992	24.3151077	20.52865756888
FBgn0034049	40.203154	44.22779	36.750897	35.04564	40.43758	41.936884
FBgn0015247	68.3171	68.1878	75.4354	69.9756	75.3409	65.6937
FBgn0034050	84.7201	91.9767	88.1417	88.86	64.303	81.8797
FBgn0034051	157.46689	128.71992	140.72352	131.506500236188	140.73688	136.48205
FBgn0034052	0.0	0.0	0.0	0.0	0.664523	0.0
FBgn0034053	1.06572	0.515462	1.60418	2.08264	1.25	0.634007
FBgn0050093	0.0	0.0	1.2053	0.0	0.0	0.0
FBgn0265045	55.19655952390001	40.35050366055	56.9911201	53.13644757070001	54.133594898201	50.08749302330095
FBgn0034054	4.88566	4.79701	5.48872	8.32572	6.34246	4.85159
FBgn0034057	61.1301	56.0557	69.5787	64.8361	71.3701	66.7741
FBgn0034058	41.5931	29.7852	40.1778	38.3894	37.9226	44.3625
FBgn0034059	34.2984	37.8433	42.5725	45.469	46.4614	48.3739
FBgn0020236	144.5888	150.5673	144.5908	134.9856	160.9674	135.53025
FBgn0034060	21.9663	21.19707	26.544089999999997	22.78808	26.5548	23.57095
FBgn0034061	32.3221	31.8641	31.4777	25.4361	28.464	37.1645
FBgn0034063	13.0873	15.3509	16.0228	18.5789263	14.1256	18.468
FBgn0034062	3.96649	4.79324	5.92089	4.51478	5.92327	4.8656
FBgn0010590	194.06	130.922	192.601	129.322	150.434	120.589
FBgn0034065	11.9299	12.6144	24.177	20.9857	26.3855	22.7061
FBgn0034066	129.751	137.929	134.916	171.893	149.103	136.331
FBgn0034067	1.469620247857	0.665980203827	1.35967161596	3.554640521458	0.21198119304500002	1.80123
FBgn0034068	40.392609	39.443600722834006	45.493497399999995	46.977400065361905	48.398199999999996	39.272219428
FBgn0034070	0.0	0.0	0.0	0.0	0.148405	0.0
FBgn0034071	54.3155	53.6165	65.3185	66.1912	49.8392	53.5467
FBgn0034072	44.289822	44.44084	47.259444	51.925432	47.8537956	51.410740000000004
FBgn0083983	48.5894	62.3871	86.6971	61.4337	63.0777	75.3915
FBgn0034073	11.1289	13.6086	13.168	13.4007	13.1478	16.5769
FBgn0014020	639.631104655846	636.33971781	553.4984999999999	501.12275720450003	566.9624415000001	588.421990057
FBgn0265605	24.413149999999998	20.09163	17.579700000000003	24.24894	16.514129999999998	18.60013
FBgn0034075	2.765563	3.572111	2.9428380106325998	4.066865	1.63428200743235	1.9835184
FBgn0034076	0.498673	0.602614	0.263636	0.219302	0.575437	0.0
FBgn0010052	0.2198615329	0.2656878953	0.697409036	1.1228	0.253705833	0.2183278905
FBgn0050095	0.0	0.0	0.921544	0.0	0.0	1.73096
FBgn0086676	148.646644	131.482	152.031136952	129.1361089065	141.37494034425103	137.5062672451
FBgn0001124	71.509	63.307	59.269434960000005	61.743200555187	55.011283000000006	70.49
FBgn0050094	5.7164	10.8553	20.7231	9.33738	15.0774	13.7859
FBgn0027091	54.1511	49.3913	58.8978	58.8527	53.1338	59.5961
FBgn0029175	3.89495	3.95371	4.77725	4.52201	3.41583	2.47538
FBgn0034081	8.91322	13.44242	15.02895	12.5016	11.40993	9.81887
FBgn0034083	15.4549	14.6931	11.7719	13.2711	13.4388	14.1833
FBgn0034082	0.0	0.0	0.0	0.273513	0.358842	0.0
FBgn0034084	25.3955	19.3043	21.2217	21.2556	20.797	24.8117
FBgn0034085	0.0	0.0	0.374495	0.0	0.102176	0.175856
FBgn0015754	90.8583	86.2459	94.11981999999999	83.621855	94.81607	84.20965
FBgn0034086	30.879199999999997	27.0721	36.4914	32.4851	34.9341	29.461399999999998
FBgn0034087	42.2591	37.18809	46.389	44.42125	48.8944	47.24879
FBgn0262166	9.9306900508568	9.0616800962443	13.513135	9.0909700392497	12.62870050956	11.0975494
FBgn0265177	58.2281	25.99019	44.3964	42.3566	41.12143	36.0481
FBgn0262026	26.9774	25.5642	29.5635	32.5074	29.2266	33.6247
FBgn0265178	29.30255	28.60217	32.30174	37.152899999999995	34.73279	37.974669999999996
FBgn0015295	22.1974	23.9839	26.6458	29.1705	21.3955	23.3392
FBgn0034091	44.671858986000004	40.19868	33.7170558297	34.700198	39.454769637	35.108939
FBgn0034092	0.0	0.0	0.0	1.07852	0.0	0.0
FBgn0034093	12.183972493	15.0067	11.14851	12.268020829215	10.544630000000002	13.0285860104798
FBgn0034094	8.38826	9.39099	7.73707	7.08306	9.58839	8.0868
FBgn0034095	0.736204	0.0	0.667941	0.863363	0.141589	0.503266
FBgn0034097	0.0	0.0	0.0	0.671693	0.0	0.0
FBgn0034098	21.338	22.7873	23.6111	24.2961	27.104	27.5952
FBgn0025519	21.2066	20.0788	21.0359	19.0367	15.6413	20.6245
FBgn0015925	21.607300002216718	26.11110000634699	26.958900251128	30.3014	34.17013	33.783100000000005
FBgn0001308	91.352	90.5037	94.1383	83.7484	98.6587	98.1739
FBgn0053017	0.0	0.0	0.0	0.129504	0.18282139265	0.078664009755
FBgn0050324	0.0	0.0	0.915386	0.0	0.0	0.0
FBgn0050099	0.690436	0.0	0.730033	0.0	0.796719	0.68562
FBgn0028424	70.1847	79.7395	70.7214	91.2766	73.0283	103.649
FBgn0050100	13.26941	14.148769999999999	18.15699	18.536270000000002	19.81561	21.315459999999998
FBgn0259718	13.26941	14.148769999999999	18.15699	18.536270000000002	19.81561	21.315459999999998
FBgn0034109	10.3865	9.0998	7.68753	11.4192	7.49086	8.50911
FBgn0034110	22.8744	28.8904	24.6542	21.417	21.7976	20.5166
FBgn0085428	0.78847000342836	0.63521000357817	0.54716	1.00171100302484	0.707656024676	1.30495000383656
FBgn0034113	7.63585	7.50498	9.90382	10.5666	8.45883	11.1211
FBgn0050096	4.59277	4.03642	3.97323	4.03954	4.81797	4.56074
FBgn0034114	15.414	13.7025	14.2373	12.9339	15.7423	13.723
FBgn0287825	66.1845500828831	59.69122	60.43460517049	64.38797000000001	66.552675001274	61.865090315526004
FBgn0010611	87.97097	102.79178	100.702234821173	130.92497	99.55407	117.45240390000001
FBgn0034117	40.54885	40.82634	38.1459	41.0968	10.402930000000001	11.08211
FBgn0034118	59.69801	47.13775	62.0458	51.015249999999995	55.57987	51.19773
FBgn0262560	18.5861	23.7436	28.6358	24.7545	27.2686	30.0577
FBgn0262816	0.0	0.458728	0.0	0.0	0.0	0.0
FBgn0034126	33.0689	41.4696	35.6251	52.1344	42.4793	51.4259
FBgn0034127	0.408315	0.493422	1.07933	0.897825	0.235584	0.810933
FBgn0034128	0.0	0.634781	0.555417	0.0	0.0	1.04325
FBgn0053459	0.0	0.0	0.574837	0.0	0.0	0.0
FBgn0011260	5.2772210166299995	2.77869	9.257980687387	8.304048834319	6.08957624403	5.240410349373
FBgn0259795	0.0	0.0	0.0	0.0	0.0	0.211741
FBgn0034135	0.0	0.0	0.269691	0.0	0.0	0.0
FBgn0034136	0.82094	0.66137	0.43401	0.361026	0.631542	0.271738
FBgn0034137	1.3975360000000001	1.047353	1.37461	1.05943	2.00024	1.50615
FBgn0034138	3983.376	3674.7760000000003	4023.828	3855.04	4273.706	3905.87
FBgn0034139	2.17681	1.12737	1.31523	0.547027	2.5119	2.16162
FBgn0034140	0.929941	1.12378	0.491637	0.4089614	0.0	0.461728
FBgn0016131	39.55684124	58.340815126399995	44.42198	37.0470742	46.006780000000006	40.99605
FBgn0003274	4799.92	5397.93	4828.59	5199.29	5037.08	5157.21
FBgn0034141	38.0016	34.8569	39.939	34.8335	30.9074	34.554
FBgn0034142	45.5949	45.0594	53.7253	52.8471	48.8236	48.5383
FBgn0034145	0.13721	0.165809	0.0	0.0	0.0	0.0
FBgn0040505	0.0	0.0555508	0.0486055	0.121296	0.159137	0.0456486
FBgn0024319	0.0	0.0	0.0	0.252878	0.0	0.0
FBgn0024315	27.5052	30.3767	32.1642	41.3346	24.1722	26.0472
FBgn0085486	0.0	0.0	0.0	0.0	0.0	0.361427
FBgn0050463	0.0	0.0	0.2133622204864	0.0	0.4485535221414	0.30059110204083
FBgn0013763	859.113	854.419	1136.5520000000001	883.262	1316.914	883.0360000000001
FBgn0259967	1.02835	0.0	0.0	0.0	0.0	0.0
FBgn0034151	0.353699	0.0	0.0	0.0	0.0	0.0
FBgn0015584	0.0	0.0	0.0	0.0	0.0	1.43496
FBgn0053530	0.0	0.0	0.0	0.0	0.0	2.47439
FBgn0267002	8.20273695	10.5596532219	9.69225	9.10228	5.94661925807776	8.845129
FBgn0085218	0.0	0.0	0.0	0.0	0.0	1.36397
FBgn0034154	0.704195	0.0	0.74458	0.619369	0.0	0.699283
FBgn0034156	0.0	0.0	0.0	0.177422	0.0	0.0
FBgn0010213	124.2755	141.26420000000002	160.8032	119.7869	151.2638	120.5912
FBgn0034158	87.686100519895	91.4608215714569	73.933886	71.81057000000001	77.9698	86.63899
FBgn0034159	1.26412	1.9095	0.0	1.94572	0.729354	1.2553
FBgn0034160	2.13874	5.1690600200562	4.522790101161999	2.82166	3.084960048927	4.77860000570448
FBgn0085488	0.866701	1.08988	0.953616	0.940986	1.04073	0.0
FBgn0085489	0.754787	3.64845	1.59615	2.65547	0.870976	1.49905
FBgn0026754	0.0	0.0	0.266197	0.0	0.0	0.0
FBgn0289323	12.8148	12.1458	11.5571	12.5972	10.2932	9.85596
FBgn0025832	42.8609	43.0294	44.6218	39.4379	54.7851	45.836
FBgn0026533	155.59026453619998	163.960190125295	172.75394999999997	160.4397179	204.8384868698	196.442570642758
FBgn0014870	43.243108	39.98505	53.9939	47.872612004061594	51.66016	47.69242
FBgn0028737	1171.245	995.69	1445.268	1234.173	1420.663	939.6990000000001
FBgn0034162	0.756256	0.913887	0.0	0.665159	0.0	0.750981
FBgn0034166	3.61467	3.36007	2.64598	2.20102	2.56683	1.10445
FBgn0003091	0.638985	0.376242	0.0	0.374676	0.245782	0.211509
FBgn0085219	0.0	0.521352	0.0	0.379458	0.0	0.0
FBgn0085444	26.3599	24.8253	28.395	24.16425	26.990299999999998	29.1254
FBgn0085220	63.8604	63.7502	58.715500000000006	76.9256	73.6908	60.6579
FBgn0265174	38.20413	36.8827	38.8032	35.37726	41.55618	45.099194000000004
FBgn0034172	17.8757	20.8161	17.5263	16.58	11.2513	12.2644
FBgn0004580	0.0	0.374891	0.0	0.0	0.0	0.0
FBgn0050461	0.0	0.709574	0.32019432453	0.0	0.0	1.16618
FBgn0050462	0.0	0.0	0.30066462453000004	0.225374	0.0	0.0
FBgn0034175	3.68742	4.08468	4.54871	6.21621	3.90046	6.10284
FBgn0034176	106.118	109.071	127.144	128.083	135.431	137.736
FBgn0034177	4.54461	4.3935	5.76629	6.129	5.24419	7.22066
FBgn0026402	20.2808	21.6488	21.4439	17.5405	19.1123	25.1742
FBgn0034179	46.58670000000001	53.3436	57.2531	54.13113	58.387299999999996	61.4483
FBgn0034180	48.287178669999996	51.26254	51.095401513489996	56.4078071	51.432069999999996	58.17356
FBgn0034181	61.26378898922	52.2107600101421	62.97545336	55.406733597207996	50.082876999999996	51.23303000000001
FBgn0263864	19.5829	23.2584000322691	21.9501	25.9468000939552	23.9551218902	24.37040300539
FBgn0023172	56.837500000000006	59.674670164736	55.766249012391	53.787005799999996	59.395594266	61.793955
FBgn0263032	0.0	0.0	0.0	0.257643	0.0	0.0
FBgn0263033	0.0	0.0	0.0	0.257643	0.0	1.14372
FBgn0263114	0.0	1.28344	0.0	0.93413	1.22555	0.0
FBgn0034182	6.10671	6.834809999999999	5.980801	6.40401	10.086500000000001	11.488219999999998
FBgn0034183	0.0	0.590494	0.0	0.214891	0.0	0.242617
FBgn0034184	40.44437	49.2268	41.88628	51.7493	41.4719	54.2191
FBgn0026721	28.5217	26.8304	21.1283	24.0346	24.0437	30.6972
FBgn0086350	8.68638	12.4055	9.39329	13.0228	11.6182	15.0951
FBgn0034186	8.83092	7.86329	12.44985	7.08583	11.084209999999999	10.00011
FBgn0034187	0.242115	0.210298	0.384	0.532376	0.279385	0.480852
FBgn0050460	1.958026	2.6040104000000004	1.478802	2.795666	1.61389	2.972049
FBgn0010591	94.3647	94.5658	98.503	94.3095	86.2427	93.4057
FBgn0034191	10.2909	11.3054	12.8595	12.7541	8.09662	8.82561
FBgn0010226	5.85229	4.83882	7.44226	4.33415	6.48699	5.99132
FBgn0287631	16.88505	18.23382	16.713839999999998	25.120530000000002	16.58236	33.177800000000005
FBgn0287632	0.781338	0.944197	2.06537	2.74888	0.450807	0.387944
FBgn0034194	9.21954	10.52634	16.0715	14.2455	20.7024	15.8361
FBgn0000079	2.50605	2.35542	2.77772	1.46945	2.5705	0.0
FBgn0000078	0.0	0.0	0.457287	0.0	0.0	1.92042
FBgn0034198	34.05891	30.421129999999998	37.57791	31.25866	64.93332	46.320550000000004
FBgn0034199	1.53038	1.84936	1.61814	1.34603	5.29787	0.0
FBgn0034200	1.47688	0.451671	2.18621	1.03918	2.385921	0.586633
FBgn0262563	8.24132	13.2788	10.1663	12.081	9.50995	6.81986
FBgn0262567	2.25997	0.0	7.16875	7.95097	7.8236	4.48842
FBgn0034201	0.0	0.0	0.0	0.0	0.0	0.172016
FBgn0034202	0.245401	0.0	0.0	0.0	0.0	0.0
FBgn0265487	20.331322842923342	22.97576523585273	16.89074400619318	15.631001171324973	18.20059110194901	15.1547476184852
FBgn0010620	14.0839	10.8306	19.2237	17.3423	13.297	8.89997
FBgn0034210	13.7915	19.13519	17.5529	18.29787	15.6198	13.4417
FBgn0050101	0.288793	0.0	0.0	0.0	0.0	0.286779
FBgn0016697	144.137	121.378	172.804	144.243	150.609	147.076
FBgn0286070	24.453699999999998	21.95964	30.36304	27.2303	27.7864	28.59021
FBgn0022029	67.17529	59.85911	65.61336	62.868539999999996	74.89954	89.62652
FBgn0034214	10.5589	10.6826	14.0205	9.93494	10.2008	9.26605
FBgn0034215	39.0594	34.03908	44.476240000000004	27.747700000000002	36.83768	40.27873
FBgn0025716	64.074	71.53	67.1034	67.6269	74.9935	67.2629
FBgn0034217	9.82597	9.49925	9.97391	11.0622	7.25667	10.9283
FBgn0027506	11.67069215	13.14172246	11.35843532	13.1811	14.2325	13.43310000471358
FBgn0034218	0.307772	0.0	0.325422	0.0	0.710297	0.0
FBgn0034219	21.4608	24.9632	16.5623	22.9094	26.2805	24.5884
FBgn0028956	26.429280000000002	30.853	26.5214	28.33326	25.8836	28.90397
FBgn0034221	0.0	0.0	0.547646	1.13888	0.896508	0.0
FBgn0024196	245.317	236.301	253.121	229.318	195.558	204.771
FBgn0028953	27.62451	31.725879999999997	31.6485615	31.084179999999996	38.82297	35.636412
FBgn0034223	18.3445	21.6827	19.9629	21.4345	19.3142	18.4825
FBgn0022987	30.559458000000003	30.62979	37.98029	36.99834	40.769400000000005	40.339330000000004
FBgn0262570	0.251573	0.63823	0.5584359999999999	0.464526	0.363624	0.786694
FBgn0034225	18.14297	14.8546	11.11929	11.87903	15.492980000000001	14.2624
FBgn0050104	0.220736	0.0	0.0	0.194146	0.764145	0.219196
FBgn0034229	0.0	0.0	0.74109587	0.0	0.0	0.0
FBgn0034230	37.88354000442807	40.3772	46.7237768	46.172350013455	41.708389999999994	54.745101519100004
FBgn0034231	16.8754	14.064	16.6126	13.3072	8.05784	14.4463
FBgn0034232	29.1734	29.5373	42.5181	50.6249	33.6642	46.1952
FBgn0263197	100.57152983024	87.10406000949257	95.37773511569	81.74960288	95.74598877190417	84.717656
FBgn0034237	231.15905038649998	235.862	264.219386709	283.98346	260.676	260.382000130579
FBgn0263113	3.25846	3.01114	6.48534	5.39474	5.41891	5.51979
FBgn0085223	29.065618	48.2909	54.0801	52.721599999999995	52.4011	34.27141
FBgn0028382	33.0927	34.6186	41.7798	33.8851	31.9174	27.4666
FBgn0010409	3116.86	2858.29	3708.5	3432.25	3617.23	2739.21
FBgn0034240	15.784603012486201	16.5014964	22.95332775	19.3695721	23.750506612	22.02900591
FBgn0263076	0.0	0.230377	0.201574	0.0	0.0	0.189311
FBgn0263029	0.710632	0.858753	0.0	0.0	0.0	0.0
FBgn0034242	39.957840000000004	38.04984	35.27981	42.80547	29.471519999999998	35.64008
FBgn0286931	5.46894	7.11724	6.67221	7.77027	4.36902	3.75978
FBgn0034243	64.4037	57.7357	74.7655	75.4717	86.4468	89.1947
FBgn0040294	24.1155	25.1476	25.2215	30.8508	27.8315	32.7893
FBgn0034245	149.2668	142.8003	134.8108	147.6972	136.3601	138.9615
FBgn0250868	61.4636	66.2451	61.4756	64.2873	42.1716	64.3341
FBgn0016701	71.3147	84.9641	78.0139	78.6263	73.0202	69.3212
FBgn0034246	40.6787251	51.04173057	47.8879	64.51648	48.33408	56.581179
FBgn0034247	0.0	0.0	0.0	0.245788	0.0	0.277501
FBgn0034248	104.52851	98.6844	112.25019999999999	80.44509000000001	82.92579	85.95896
FBgn0034249	16.71159	14.2471	16.45966	16.40999	20.07654	19.7776
FBgn0029079	68.1634	77.1765	91.5516	93.4396	87.8682	79.884
FBgn0050105	29.8337	25.4486	19.4835	23.1529	32.4011	18.2982
FBgn0029006	36.913920000000005	37.79154	37.189	35.896474	37.71447	35.585550000000005
FBgn0034251	0.199957	0.966539	0.422848	0.527611	0.461474	0.397124
FBgn0034253	5.78044	5.62452	9.44573	9.97019	9.26905	13.0457
FBgn0265576	15.2501	15.292	8.23389	13.1277	11.2325	17.7214
FBgn0004400	15.3105	21.2427	17.6875	24.688	19.6303	19.7085
FBgn0034255	142.378	136.552	107.531	115.289	177.335	157.095
FBgn0034258	240.48239999999998	241.2956	262.9474	302.912	280.04819999999995	276.125
FBgn0050108	20.9224	17.2991	33.7656	33.8986	35.5793	40.4594
FBgn0050109	67.3142	52.7023	58.1427	76.7172	65.6419	68.7276
FBgn0034259	122.517	131.33	151.492	149.645	153.588	177.441
FBgn0016059	45.152918451	50.3966292	48.501039999999996	49.189313586999994	50.99964	51.5921121
FBgn0034261	5.65276	5.23547	7.11953	9.08799	7.21767	7.80058
FBgn0260763	2.11834	2.55988	1.11991	0.931585	0.0	0.0
FBgn0260764	0.0	0.0	0.0	1.2081	0.0	1.36397
FBgn0034262	0.167823	0.0	0.181029	0.450752	0.193136	0.673685
FBgn0027872	15.4435	17.4712	16.3292	16.4732	18.5791	19.5776
FBgn0028494	17.564984	13.45181	16.571321	19.42325	15.707632	16.046289
FBgn0284231	2.001114	3.78026	2.9093210000000003	3.30011	2.597792	2.9807289999999997
FBgn0034264	0.646244	1.17142	1.36661	1.1368	0.372862	0.320868
FBgn0034265	17.1035	18.1632	11.7822	15.4991	11.9614	14.6682
FBgn0034266	14.860248	12.501482000000001	20.7846	19.968	17.472635	24.39835
FBgn0034267	1.0832679140049999	1.767215472071	2.08987643432	0.579477254823	1.25395020845	0.895358847
FBgn0085224	13.4176	12.3992	13.3526	14.9252	14.1169	15.2834
FBgn0034269	31.05440293578	22.01723	31.0561272	26.2718	25.066726976600002	23.71824
FBgn0034270	9.15893	10.74245	10.53867	11.3727	9.63627	8.827539999999999
FBgn0034271	11.5297	14.2173	16.5448	16.453	16.0197	19.7442
FBgn0034272	0.227852	0.275345	0.0	0.249738	0.262927	0.678788
FBgn0003545	33.9419	29.2976	27.77082	24.34469	31.9396	28.6895
FBgn0034274	0.0	0.0	0.0	0.340869	0.0	0.0
FBgn0034275	0.216073	0.261111	0.228465	0.0	0.498669	0.214566
FBgn0034276	0.0	0.0	0.0	0.0	0.175834	0.0
FBgn0027572	31.5084	33.5963	28.6833	37.0494	31.8867	36.4755
FBgn0034277	148.93504000000001	164.713	171.219018888	177.4651	190.68011	202.65242999999998
FBgn0034279	0.414851	0.751982	0.657964	1.27708	0.957423	1.64783
FBgn0028740	7.42178	3.92383	8.58311	10.8116	5.88793	7.83064
FBgn0028741	8.50199	11.09878	10.45398	11.55504	10.742320000000001	11.424169000000001
FBgn0250851	10.33572	14.496939999999999	10.80126	12.81558	12.776750000000002	11.857738000000001
FBgn0026309	14.3356	15.769	20.7933	16.8117	17.1786	15.6957
FBgn0026316	84.0597	90.4246	101.211	77.7804	85.7857	77.6834
FBgn0028744	44.8324	43.6258	64.9802	54.0529	72.2722	63.1947
FBgn0028743	4.85377	7.20241	3.68893	4.2193000000000005	3.85816	3.464513
FBgn0259211	0.415872	0.1638	0.264272699	0.211756	0.26144599999999996	0.102307
FBgn0041585	30.7949	27.890909	33.07814	29.103783	35.193200000000004	27.91176
FBgn0015522	7.28685	4.85831	6.11066	3.75705	5.2191	5.4894
FBgn0050323	7.47529	8.1897	12.796	7.66382	12.2891	4.8070344313
FBgn0034281	1.51842	0.917457	0.0	1.33551	1.75216	3.01566
FBgn0003701	10.5614	7.90615	9.48709	9.70022	9.05949	9.93086
FBgn0034282	92.8291	120.7208	122.30523000000001	119.61110000000001	128.60921	120.7399
FBgn0011589	0.077977	0.0	0.082449	0.137168	0.0	0.0774332
FBgn0283437	18.718	18.7812	33.3157	22.2104	24.2711	32.7162
FBgn0034288	0.0	0.0	0.0	0.59563	0.0	0.0
FBgn0034290	4.93607	3.64138	1.30479	0.314817	2.3181	4.98714
FBgn0034299	37.8691	32.97592	48.2847	34.777	45.4023	39.8171
FBgn0034300	13.547959039999999	13.3416629691	19.050520250637	18.1011271697	17.576273	15.538327467999999
FBgn0034301	0.0996451	0.0	0.0	0.277172	0.229968	0.0
FBgn0003520	21.02118	24.27514	28.89756	27.78511	27.931401	33.00280151547
FBgn0028983	37.5263	27.38	31.0689	31.7604	38.8092	37.2645
FBgn0040465	1.22238	1.10787	1.29248	1.88148	0.705272	0.606925
FBgn0001222	31.7576343	31.75900656	37.63151	42.6298002	37.34234	39.46907
FBgn0003044	27.574569999999998	24.152	32.99822	30.64519	31.44931	30.35389
FBgn0265297	873.3549999999999	888.468	903.7251600000001	931.854	983.549	908.388
FBgn0062440	41.0397	32.7507	47.487	40.1825	33.9542	29.2195
FBgn0034304	10.6471	11.29434	13.61054	13.38685	12.07894	11.04571
FBgn0000057	23.9696000441715	21.3936	29.789	27.64367	25.480959999999996	30.4343
FBgn0022238	84.3137653	89.47767	85.3441	102.35944743	95.78778000000001	98.9907305
FBgn0034307	11.7348	7.85007	11.5215	11.98	10.6395	10.6125
FBgn0034308	13.480609999999999	17.18555	21.1456	20.32589	19.31648	15.75280242813
FBgn0034310	42.3255	39.8083	48.7637	40.5634	39.3952	48.3745
FBgn0260392	62.8711	49.2151	61.7906	61.596599999999995	39.096785999999994	63.5009
FBgn0260401	15.565	15.3175	11.3844	14.8649	38.3809	24.2021
FBgn0027836	159.94729999999998	159.3836	178.8233	276.3872	181.0702	284.773
FBgn0266854	0.0	0.0	0.0	0.0	1.46108	1.25734
FBgn0034312	72.88419	63.32254999999999	62.45714	78.35016	70.3612	80.89066
FBgn0034313	22.9916	20.4902	22.8342	20.3188	20.1438	22.0638
FBgn0034314	7.17717	7.0205407488519995	5.30514	7.40965	3.64408	8.930869999999999
FBgn0034315	49.3519	52.9377	48.6643	53.1615	52.1499	59.1947
FBgn0053958	0.0	0.0	0.0	0.0	0.543261	0.155835
FBgn0034317	0.0	0.0	0.0	0.511814	0.0	0.0
FBgn0000658	0.0	0.0	0.122616	0.0	0.133816	0.115156
FBgn0266420	53.8309	46.2206	66.8038	49.3401	68.6561	60.489
FBgn0053198	27.119719999999997	39.59996	37.038579999999996	36.77325	20.86294	29.1748
FBgn0285917	29.044359999999998	26.4806115578	29.72907463	26.023212	29.9234261889577	32.59769
FBgn0034321	1.990011	1.834914	1.899061	2.70127	3.12825	1.8855089999999999
FBgn0034322	1.31992	1.59504	0.0	0.580461	1.5231	1.96607
FBgn0034323	0.952734	2.30264	0.0	1.67594	1.09939	0.0
FBgn0034324	0.0	0.0	0.0	0.976833	0.0	0.0
FBgn0034325	0.994157	1.20138	0.0	0.0	0.0	0.0
FBgn0034326	0.908214	0.0	0.0	0.798812	0.0	0.0
FBgn0034327	1.02699	0.620526	0.0	0.45164	0.0	0.509913
FBgn0063498	65.8172	80.8955	24.9817	24.7389	33.7551	37.986
FBgn0063497	70.612	92.9338	58.3987	60.8764	66.9602	53.4574
FBgn0063496	0.607368	0.0	0.0	0.534206	0.0	0.0
FBgn0063495	2.17971	0.0	1.53648	0.63905	1.67683	1.44301
FBgn0063494	245.764	333.582	225.608	279.335	232.402	327.265
FBgn0063493	48.7611	62.2444	36.3082	45.9077	36.4548	47.7391
FBgn0063492	141.1617	144.5348	114.7	170.0286	121.9679	147.7725
FBgn0063491	289.722	276.739	196.084	290.231	225.419	327.678
FBgn0013983	40.5707	34.3608	50.5969	46.96813	46.41577	46.4858
FBgn0027835	133.14725399999998	132.04884656516998	154.61352940926	140.3390427720436	165.9063644	158.346245
FBgn0034345	158.43833471	155.0872992853657	179.01121284	169.51391643	166.2326554	160.67042166
FBgn0034346	18.7774	23.3831	20.7017	22.3564	19.8182	17.2821
FBgn0284257	57.470879999999994	52.89493	58.96175	52.88678	58.15583	60.08108
FBgn0261477	32.6312	29.47298	32.724199999999996	36.9852	33.384299999999996	32.9047
FBgn0034350	32.52561	33.37446	21.67381	25.921069999999997	12.971070000000001	23.444190000000003
FBgn0050120	1.13631	1.49266	2.05451	1.57127	1.82657	1.22829
FBgn0261119	81.8822	64.5962	87.1915	72.6366	79.1564	74.3846
FBgn0034351	10.8493	9.73938	11.4715	16.6311	15.7387	12.9284
FBgn0028496	0.131857	0.0720236	0.0	0.0	0.0	0.0654688
FBgn0034354	31.760099999999998	33.37395	21.90103	43.7232	34.25889	45.2509
FBgn0262476	0.0	0.0	0.0	0.0891736	0.0	0.0
FBgn0034356	0.21358	1.806686	0.0	0.37570499999999996	0.0	0.237541
FBgn0003067	14.0223	14.3776	9.16547	13.1554	11.964	25.6549
FBgn0266488	14.0223	14.3776	9.16547	13.1554	11.964	25.6549
FBgn0085419	0.179836	0.0	0.0	0.0790867	0.10376	0.0
FBgn0050115	14.57049	15.047699999999999	12.179506	11.679584	9.67452	12.368217
FBgn0261587	0.627973	2.2766	0.0	0.552329	2.17392	1.24719
FBgn0034360	8.4416	8.25806	10.2008	9.5461	8.81334	6.38683
FBgn0034361	31.6029	33.4163	45.1107	34.0502	30.0859	37.659
FBgn0034362	91.1884	102.152	97.8256	96.5961	104.458	116.991
FBgn0034363	0.200679	0.0	0.0	0.0	0.0	0.0
FBgn0034364	0.0	0.0	0.494	0.0	0.0	0.463948
FBgn0034366	13.93247	16.4708	11.0426	15.113489999999999	13.397639999999999	14.52702
FBgn0034365	40.5364	42.8625	43.6266	37.5635	50.1176	51.3954
FBgn0266671	21.3212	22.1454	28.3197	25.5721	25.4166	23.4472
FBgn0000566	93.5859	85.2233	120.15719999999999	96.4235	107.99210000000001	95.9202
FBgn0034368	82.98723	76.23186	85.73889	88.62264	74.86282322599999	82.67689270300001
FBgn0050122	155.9056	157.08958	169.18584218899997	157.6834	174.63817999999998	168.179669332
FBgn0262595	1.12999	0.0	0.0	0.0	0.0	0.0
FBgn0034371	51.435839	48.4906006904	43.2899539	40.39681	48.638635532	43.22349
FBgn0034372	53.612069999999996	49.76383	55.86524	63.7508	55.33264	61.615230000000004
FBgn0259202	53.61207	49.76383	55.86524	63.7508	55.33264	61.615230000000004
FBgn0023214	17.3451	24.3291	14.4099	19.0697	15.7262	15.6862
FBgn0265626	0.0	0.0464168	0.0	0.0	0.0	0.0
FBgn0265627	0.0	0.0464168	0.0	0.0	0.0	0.0
FBgn0265625	0.0	0.0	0.0	0.0	0.195704	0.0
FBgn0262102	1.88883	2.53665	1.13391	2.99352	3.03513	3.29082
FBgn0262103	22.108588254	23.403344	18.8173356	18.933576393586698	17.0903996	19.47055600096685
FBgn0034379	4.39723	5.06456	5.34683	4.05478	4.31301	4.16197299
FBgn0034380	6.65669	10.7961	7.77934	5.54669	6.2664	4.1749
FBgn0034387	0.245556	0.0	0.0	0.0	0.0	0.0
FBgn0259682	0.0	0.0	0.0	0.304174	0.0	0.0
FBgn0034389	4.29438	5.057253	2.19204	4.6888	2.05053	5.88197
FBgn0034390	55.8882	52.236599999999996	61.68551054	56.569	50.2686	54.301228903100004
FBgn0034391	0.0726979	0.0	0.153734	0.255763	0.167777	0.505336
FBgn0034392	52.67409	51.6886	41.50999	46.4401	45.35874	50.2968
FBgn0010651	37.63123	48.26941	30.23098	33.09818	30.08139	31.523300000000003
FBgn0010551	299.39629	244.6439	323.3964500575327	314.1575018779	292.46000116976	313.5002
FBgn0034396	7.55454	9.46137054	6.53547	7.34126	7.61018	8.18385
FBgn0034397	1.601299	1.08422	2.60882	3.15653	2.07064	2.45011
FBgn0034398	498.525	542.628	420.275	477.016	449.743	546.754
FBgn0034399	133.983	129.928	117.181	131.665	139.338	133.048
FBgn0034400	49.097476	54.620000000000005	53.1393	55.457049999999995	53.3707	61.6583
FBgn0034401	56.1721	54.2456	63.1137	70.854	66.0789	79.9959
FBgn0034402	10.1294	10.2006	9.81779	11.5078	8.27948	5.8676
FBgn0034403	10.6255	21.4004	13.5754	21.8063	7.15232	7.91353
FBgn0010053	9.06097	8.75968	20.1193	16.736	14.9866	7.49814
FBgn0034405	177.9567	186.6396	171.6869	172.6285	188.31629999999998	174.8145
FBgn0034406	0.282292	0.0	0.298481	0.0	0.0	0.280323
FBgn0262481	0.0	0.0	0.0	0.0	0.0	3.29918
FBgn0004240	2.61761	0.0	0.0	0.0	0.0	0.0
FBgn0034408	5.0495	5.18094	5.74202	5.19541	8.79515	7.66332
FBgn0014269	56.4444	40.9929	56.1535	48.9115	49.0905	52.4612
FBgn0041702	33.4152	47.8065	31.306400447502	33.8543	40.5113	32.36626
FBgn0267351	13.75622	12.712140000000002	17.2543	13.34471	12.73814	14.27348
FBgn0034411	0.838954	0.337941	5.32241	3.68948	1.2908	1.3885
FBgn0004168	0.0	0.0	0.0	0.0	0.0	0.0800838
FBgn0034417	6.0492956885	7.475308999999999	6.18987283248018	7.51234	6.71047000299174	7.751088970680001
FBgn0027535	24.0595	25.0784	30.0209	25.5742	28.6842	22.6462
FBgn0034418	27.395309702000002	23.914839999999998	24.535400064426998	22.68333	26.303906	31.470670000000002
FBgn0034419	26.6753	30.8189	31.933500000000002	26.81996	25.16791	19.80961
FBgn0000578	92.34761000253485	81.43199999999999	84.31732	76.49024	99.45052012	89.00883999999999
FBgn0034420	147.08691217454	130.80756779369	121.792026015899	119.638079	116.087121	107.21379731804802
FBgn0263395	33.634588709	32.06199	24.89108178105	27.367126	32.664135279999996	36.8239
FBgn0034422	23.9545	20.6141	26.8633	23.6228	22.6161	20.9041
FBgn0010434	277.038971	280.847446	268.93256099999996	267.7572658	278.744399	255.20989930500002
FBgn0004003	0.515538	0.0	0.545104	0.610521	0.0	0.511942
FBgn0003254	0.1034644	0.0	0.0	0.0	0.0	0.1027428
FBgn0034425	14.8791	11.2378	11.6026	16.1949	16.5256	15.8834
FBgn0013954	971.789	731.666	1055.93	801.161	908.475	734.653
FBgn0034430	53.1056	44.1859	52.0089	47.8572	61.2805	45.3868
FBgn0086358	23.068	24.8519	16.90097	18.9442	22.139960000000002	20.8822
FBgn0034432	65.14305999999999	67.06839	76.5826	76.89732000000001	82.34179	78.0946
FBgn0034433	25.205550000000002	20.526	24.772	24.0406	22.77571	22.72868
FBgn0264753	14.022588	13.71297	11.528044000000001	8.836291300000001	12.581017	11.522905
FBgn0034436	37.39499	39.10997	45.083690000000004	47.86799	42.80652	44.89507
FBgn0034437	0.0	0.0	0.0	0.133084	0.0	0.0
FBgn0034438	0.426067	0.858126	0.150167	0.374744	0.32777	0.141032
FBgn0034439	0.0	0.0	0.318858	0.0	0.0	0.0
FBgn0034442	4.09444	6.18483	3.24694	3.15108	2.95295	2.54117
FBgn0261439	78.5998	77.0730265	89.92854779999999	73.412493	89.4163	74.81903
FBgn0034443	52.1766	75.6625	48.2728	53.9225	73.7553	73.833
FBgn0263391	113.3589198	110.592090062779	100.67056832022999	96.026935498	100.0791719274	131.3939173
FBgn0012051	48.18858	56.247409999999995	52.027531465905696	65.78773	48.68513	64.44590000000001
FBgn0020440	16.68819649641	15.502466479999999	16.3215528474312	15.5320920124	16.643426145979998	17.480880068266302
FBgn0040273	34.4492	40.4773	42.8528	38.0579	45.3917	45.3357
FBgn0013325	5069.280000000001	4049.309	5133.1810000000005	4690.139	4862.1	4294.394
FBgn0034446	0.766694492	0.0	0.8106592300000001	2.0230166	0.88471177	0.0
FBgn0266711	208.8136	159.8909	211.916	188.9305	211.4685	183.9887
FBgn0284243	1579.11959	1208.44361	1782.07423	1309.50853	1699.7901000000002	1294.2945
FBgn0034447	40.5659	43.9026	53.9169	49.1487	47.3744	56.7844
FBgn0002716	1.46196	2.71353	3.5056	2.54082	3.96811	5.08357
FBgn0260934	120.04644308142	121.53288	125.87612	130.106490231563	124.8090458	142.87865
FBgn0034451	77.9843	68.9791	63.3301	81.3186	73.2899	86.6214
FBgn0034452	0.282839	0.569656	0.59812	0.165846	0.0	0.374489
FBgn0026378	29.9879	32.6964	28.8469	28.1605	24.4571	23.9573
FBgn0261456	23.282469999999996	27.931459999999998	26.2232	26.116799999999998	23.3622	26.3033
FBgn0034455	30.64722	30.00321	39.37809	36.50935	27.30713	23.11399
FBgn0003435	3.17318452	5.27257306508626	2.3918974737433	4.549886000000001	3.0750725418363998	4.33269771
FBgn0015949	73.02545	83.56523	80.52834	87.55877	82.85909000000001	94.58302
FBgn0028372	14.58530541	20.5268303	18.74137	15.58971	11.9379	15.669761600000001
FBgn0034467	0.0	0.259237	0.0	0.0	0.247546	0.213027
FBgn0034473	0.0	0.885463	0.0	0.0	0.0	0.0
FBgn0034474	0.0	1.6031993602199999	0.0	0.0	0.0	0.0
FBgn0034476	2.00765	2.6555	1.65809	1.82235	1.52003	1.62022
FBgn0034479	0.372869	0.450588	0.394253	0.49193	0.817036	0.704747914
FBgn0287775	0.59539	0.989301	0.708228	1.30918	0.858803	0.443428
FBgn0034487	0.327615	0.0	0.173202	0.432227	0.567071	0.975991
FBgn0034488	45.949	43.9475	49.7355	44.4363	54.53	41.0873
FBgn0034489	0.272592	0.0	0.0	0.239756	0.0	0.0
FBgn0034490	1.31857	0.652867	0.0	0.47518	1.24685	0.804735
FBgn0025720	42.5625	46.18919999999999	40.984300000000005	58.3163	41.8879	53.407000559283
FBgn0034491	24.565200357386	24.596593094	33.16438723261	30.06521000907417	27.941711302999998	27.878729999999997
FBgn0005655	266.45	194.84089999999998	280.187	220.6441	308.591	258.7877
FBgn0010411	6047.860000000001	5367.73	6038.21	6168.299999999999	6146.23	5648.48
FBgn0034493	7.76955	9.67643	10.227	10.8781	8.32517	13.8562
FBgn0034494	82.6639	86.8408	95.8121	97.2498	81.1931	93.1118
FBgn0034495	21.1739	19.8588	18.7126	15.0099	15.6811	14.1221
FBgn0287774	22.1548	20.2199	26.374	20.4399	34.3253	24.9234
FBgn0034497	0.729297	0.440655	0.771123	0.320724	0.420781	0.724211
FBgn0034498	11.095	13.0299	13.714	14.0193	11.9915	12.259
FBgn0034500	39.96204	29.85649	51.183859999999996	39.59428	41.69021	39.40324
FBgn0034501	197.7292	202.635	204.88309999999998	195.25570000000002	190.0403	225.56689999999998
FBgn0034502	0.512142	0.309445	0.270757	0.45045	0.0	0.254285
FBgn0027529	31.08333	29.96103	32.69721	37.735279999999996	29.64877	35.078109999999995
FBgn0034503	38.1592	31.9717	35.506	31.7727	34.0524	31.325
FBgn0034504	68.5754	57.56178025	72.16576	62.7586800526175	62.0605256	53.6683
FBgn0034505	0.0	0.0	0.0	0.0	0.0	0.778235
FBgn0050148	19.4822	28.02732	12.7521	8.15971	13.9169	11.055019999999999
FBgn0050145	0.0	2.21575	0.0	0.0	0.0	0.0
FBgn0034518	2.71449	4.464106	3.01368	2.62626	1.72279	1.88689
FBgn0034519	2.71449	0.755206	3.01368	2.62626	1.72279	1.88689
FBgn0034520	2.90793	1.55727	1.96149	1.66811000352122	1.84106	2.83643
FBgn0034521	20.5822	17.8221	24.06	21.6457	21.624	18.4048
FBgn0028622	0.0	0.0	0.0	0.211305	0.277227	0.238569
FBgn0034523	58.75	83.6386	46.8022	44.5946	52.9348	71.9263
FBgn0267791	70.09694	64.0666	74.0220000022769	64.67502	74.5597	76.7336
FBgn0050147	21.09406	21.697989	24.65545915	23.623185931000002	30.050369999999997	27.209559999999996
FBgn0034527	19.72513	22.48166	21.93835	24.9497	26.0556	24.647
FBgn0034528	12.29068	15.78950000344416	16.87482	14.682469999999999	22.2265	25.90882
FBgn0034529	5.20877	5.01424	4.85406	6.13433	4.58435	6.04913
FBgn0034530	2.1277109999999997	2.9667630000000003	2.24973	2.8790899999999997	1.133186	2.762974
FBgn0250850	30.6099	32.082	27.9662	29.7979	31.6639	33.2491
FBgn0034532	1.1313	1.36711	1.43542	0.796023	2.08872	1.79746
FBgn0034534	78.33523000000001	69.5908	60.8901	70.436	71.6439	67.31700000000001
FBgn0034535	19.6818	13.591	25.27	14.2197	23.5227	5.58415
FBgn0061361	30.8445	22.9031	41.4545	34.6468	29.1602	36.7184
FBgn0061362	30.8445	22.9031	41.4545	34.6468	29.1602	36.7184
FBgn0034537	41.2572	38.6644	50.4487	44.9273	40.4831	47.937
FBgn0034540	0.33694	0.0	0.1187542	0.098784	0.129602	0.22306
FBgn0034538	0.356947	0.0	0.0	0.0	0.0	0.0
FBgn0034541	0.0	0.0	0.704989	0.586435	0.769387	0.0
FBgn0034542	18.1819	20.4563	26.6824	19.438200009829437	17.0016	24.846429999999998
FBgn0000615	18.653697	19.4947400476557	18.4676412646268	19.354138	22.1090767	16.4804700282928
FBgn0034543	67.05345	88.07581	65.76134	95.72972	65.04016	115.8014
FBgn0034546	0.0	0.0	0.0	0.0	0.312798	0.0
FBgn0263850	0.0	0.451671	0.0	0.0	0.0	0.0
FBgn0265877	0.13294	0.0	0.0	0.0	0.153404	0.0
FBgn0011674	0.948601	0.891585	0.690643	1.36254	0.72975	1.36064
FBgn0016984	60.0602	49.25423	65.50668	61.982463	63.9515	53.242000000000004
FBgn0050295	10.293330000000001	9.53345	10.946565	11.354340002276231	5.52178	6.4096735124
FBgn0034558	0.519673	0.627992	0.549476	1.8283	0.0	0.0
FBgn0020617	0.1267	0.0	0.0	0.0	0.0	0.125816
FBgn0000044	2.60828	1.27268	3.35472	1.8548	1.97845	2.73868
FBgn0034564	91.8782	75.1581	124.05	93.2432	104.39	102.467
FBgn0034565	0.0	0.0	0.0	0.0	1.02176	0.0
FBgn0034566	0.15862420000000002	0.1916848	0.0	0.0	0.0	0.0
FBgn0034568	0.880016	1.5192	0.625203	0.774011	0.870413	0.587168
FBgn0034569	21.2466	24.5081	25.0179	22.2973	24.7958	25.4139
FBgn0261394	172.762	140.193	220.373	152.835	187.187	155.599
FBgn0034570	45.4719592	40.87925394	42.7296872	40.16986	46.750822	50.070148136
FBgn0050291	22.9598	22.2609	32.7452	28.1779	21.8731	20.4137
FBgn0001133	24.5384	22.7248	25.4607	22.9945	23.2877	19.1294
FBgn0034572	16.3874	20.4745	18.6488	20.5208	17.628	19.7208
FBgn0034573	37.8375	27.8321	37.0255	29.9724	36.0686	32.6727
FBgn0050296	0.0	0.0	0.2131790224998	0.0	0.2326520179466	0.20021
FBgn0034576	110.629	99.8079	131.395	97.3025	106.673	88.7885
FBgn0003391	3.00893	3.25733	4.04314	4.63133	4.05079	4.23291
FBgn0034577	99.2706	94.822	118.592	103.025	115.596	116.767
FBgn0034578	11.3882	13.7619	21.6743	11.3519	8.7608	9.80089
FBgn0034579	20.9246	14.5881	22.9756	14.8649	16.7163	15.9836
FBgn0034580	0.311221	1.12827	0.32907	0.273732	0.35913	0.0
FBgn0034582	0.0	1.46488	0.427244	0.710794	0.932542	0.0
FBgn0034583	320.357	231.203	302.803	235.873	252.048	171.513
FBgn0003748	39.88261	39.783789999999996	41.567957734000004	52.28124	46.08074	60.132979999999996
FBgn0034585	33.1816	27.0321	39.1616	30.8131	34.2757	30.6297
FBgn0085425	0.236661	0.475443	0.208	0.0	0.0	0.195346
FBgn0011824	129.23	102.252	156.162	126.292	161.55	153.281
FBgn0020312	35.70339	40.7528	39.286699999999996	37.731	39.588300000000004	44.0933
FBgn0002736	63.8594	68.5901	87.7485	77.0126	80.3823	82.4102
FBgn0034590	20.612189	19.1420121	20.30388	17.48360487	23.73279	18.8348544
FBgn0021872	464.972	444.428	461.387	490.72299999999996	467.971	448.964
FBgn0026582	16.5915	12.2754	16.111	18.4645	18.3641	10.4235
FBgn0034595	4.22517	3.4039	1.48916	4.08961	0.0	0.0
FBgn0050389	94.7495	102.66174120000001	94.617952688	102.80890411151	95.204514408	119.75325910000001
FBgn0034598	50.73816143	46.5826	63.74971	54.38415	58.865736	61.68550264362
FBgn0034599	23.7989	20.7707	30.7557	33.3364	28.9881	22.32
FBgn0261067	48.9642	33.8115	57.0552	43.9449	41.5113	41.6766
FBgn0261850	27.231	26.2171	28.4763	29.0832	28.8331	21.6923
FBgn0003162	1.25798	0.988229	1.1529	0.885156	1.25821	1.8343859999999999
FBgn0003891	116.7361714	139.62380000000002	117.20260999999999	153.338733	120.415175	127.28152510000001
FBgn0034602	2.71639	3.28259	2.29774	2.6281	3.13454	1.88821
FBgn0265180	2.22239	4.04561	2.29618	5.075248	3.85697	4.57285
FBgn0265191	20.453749	26.546419999999998	18.476042	23.15274	17.03246	24.82348
FBgn0027073	0.0	0.302082	0.264314	0.879464	0.0	0.0
FBgn0034605	0.478419	0.28907	0.0	0.42079	0.0	1.66279
FBgn0034606	0.0	0.225132	0.0984923	0.0819295	0.107489	0.0928569
FBgn0085426	0.0	0.0	0.0	0.0	0.0	0.164889
FBgn0034611	49.148830000000004	42.693960494644	48.40439	52.77023	49.59259	49.602463
FBgn0034612	0.373387	0.678945	0.99386	1.14611	0.64487	0.738589
FBgn0050392	17.64886	20.26107	16.79491	13.1945	17.8199	20.0788
FBgn0050390	19.24798	8.50975	12.40967	10.32282	16.251910000000002	10.72235
FBgn0016726	3933.38	3648.187	3822.65	4181.89	4073.2	3892.73
FBgn0034614	29.1954	31.2487	27.3418	30.4474	39.465	31.0626
FBgn0261554	17.356783219931	19.275098458	19.05053505	18.630180246372	17.388908075711	17.70140525067
FBgn0034617	10.8701	12.085	8.73508	11.4729	8.7804	13.1691
FBgn0034618	34.338864	37.084894974478004	35.56053800637011	36.81787097139	33.551520491	36.6138244795
FBgn0250824	6.701009	3.255771	10.5912	6.596452	6.481711000000001	11.060074
FBgn0050394	22.39344	28.42251	24.273339999999997	26.01354	22.930229713	28.6706
FBgn0020306	65.20912	61.8720264393	84.55304486933	72.63385	86.49110287690999	83.6141687
FBgn0034622	0.282908	0.0	0.149566	0.124415	0.0	0.280935
FBgn0034623	0.0	0.0	1.20178	0.0	0.0	0.0
FBgn0034624	0.466086	0.0	0.0	0.0	0.0	0.0
FBgn0000395	10.6356	15.3546	10.5489	14.4042	9.88337	13.7391
FBgn0034626	36.2398	24.5036	36.0374	24.6648	31.8616	29.5608
FBgn0034627	4.39848	6.3119	2.61604	4.35223	2.855	4.91378
FBgn0034628	31.8838	35.761	27.4544	29.0507	32.1654	34.3157
FBgn0034629	3.59746	3.8897	2.40239	5.32905	3.49578	2.63228
FBgn0010415	61.42256999999999	54.153999999999996	63.11081377	52.64224	61.5808	64.18101000392684
FBgn0026369	19.2512	21.458	22.4001	22.3443	22.0118	24.6163
FBgn0010470	271.16542000000004	272.9353562253	266.40075	291.73373	289.4968	292.61949469999996
FBgn0034631	9.28412	5.88552	9.97749	10.0399	6.84948	9.52164
FBgn0043070	35.916315600000004	38.41305	38.69551	37.0678907	35.99214283024	36.8477
FBgn0034634	6.3364199999999995	6.77365	5.926769999999999	7.93103	5.90571	7.01826
FBgn0050288	0.0	0.0	0.0	0.446334	0.585578	0.0
FBgn0003731	0.706884	1.0306614680000001	0.48558	0.808255	0.529936	0.842344
FBgn0050286	0.0	0.0	0.582991	0.0	0.0	0.0
FBgn0050287	0.0	0.621347	1.08732	0.452238	0.0	0.0
FBgn0069056	1.14328	2.07237	1.20885	0.502782	1.97891	1.70296
FBgn0260477	24.3337	22.6198	21.1112	21.9513	20.1597	22.9248
FBgn0034636	0.361428	0.208587	0.0	0.158945	0.0	0.0
FBgn0053225	6.47859	2.68422	1.05387	1.31497	2.87534	1.48463
FBgn0034638	751.9998999999999	713.5047	376.42803	397.013	469.71840000000003	314.64799999999997
FBgn0034639	5.35307	4.97604	4.3539	5.79477	7.12743	4.49793
FBgn0042180	12.17409	11.0982	14.22725	12.773962	12.32288	11.66496
FBgn0000326	14.887	17.1333	17.4897	16.8348	7.90762	14.7831
FBgn0016641	9.25893	10.3207	11.8154	11.5836	12.7105	13.7123
FBgn0034641	41.58427	37.195769999999996	48.65363000000001	42.79632	48.1649	50.710800000000006
FBgn0034642	0.820652	2.31398	0.578478	2.54826	0.63132	0.479508
FBgn0034643	29.0012	26.9238	29.6116	31.6384	26.5714	26.5742
FBgn0034644	25.05822	20.59155	20.97963	20.12469	21.41852	20.294159999999998
FBgn0050284	0.0	0.0	0.929883	0.773511	0.0	1.30997
FBgn0034645	259.89338653	229.72840142682	263.03790000000004	186.231419	214.020711	192.4921000818286
FBgn0034646	58.8963	48.8717	77.2198	63.5435	68.4156	52.637
FBgn0034647	0.0	1.70504	1.1189	0.0	0.814071	0.0
FBgn0259708	2.94057	3.5535	2.516978	4.433749000000001	3.71639	3.1981590000000004
FBgn0259709	2.94057	3.5535	2.516978	4.433749000000001	3.71639	3.1981590000000004
FBgn0259710	1.76288	4.26066	4.65996	6.20212	3.05138	3.50117
FBgn0259711	15.3512	24.5138	27.246	20.7353	17.7144	21.233
FBgn0034649	6.227	7.75296	8.13038	8.44455	8.30862	7.44838
FBgn0259725	6.227	7.75296	8.13038	8.44455	8.30862	7.44838
FBgn0259726	6.227	7.75296	8.13038	8.44455	8.30862	7.44838
FBgn0259727	6.227	7.75296	8.13038	6.89195	6.72399	7.44838
FBgn0034650	21.7621	17.6832	24.597	22.4408	23.3802	23.8458
FBgn0050263	0.0	0.335767	0.0680252	0.0	0.0742391	0.127774
FBgn0034654	287.673	254.262	294.116	330.391	337.443	296.291
FBgn0003687	28.7937	24.9103	29.7531	26.1887	26.4299	25.6686
FBgn0050285	4.13527	1.2493	4.37243	6.365	1.19296	5.13304
FBgn0034655	3.9746	4.03902	5.4633	6.64206	3.85686	1.97344
FBgn0027360	182.4377	214.4270000624174	202.15800000000002	234.76399999999998	208.8532	262.3116
FBgn0260223	24.7127	6.24174e-08	26.441	14.95	35.0092	19.6306
FBgn0050290	20.67156	20.32862	25.31713	30.509859999999996	19.705260000000003	26.8126
FBgn0260222	20.67156	20.32862	25.31713	30.509859999999996	19.705260000000003	26.8126
FBgn0266346	0.772538	2.0831	1.22527	1.6987	0.89146	0.895008
FBgn0010228	747.3161	727.41447	701.2244499999999	680.64833	841.938	708.6311000000001
FBgn0004362	595.4357	584.6324	569.7244000000001	495.69960000000003	644.4292	610.0451
FBgn0050403	0.727251	1.75767	2.69136	2.23877	0.4196	3.97198
FBgn0050404	39.142830000000004	32.62510095494601	37.386235	42.1251	33.597713999999996	36.5557
FBgn0050398	2.34166	1.69785	0.495191	0.0	0.540425	0.0
FBgn0034657	39.72091	37.121610000000004	46.40328	36.27723	50.5941896714	42.07867
FBgn0034659	0.0	0.0	0.413776	0.0	0.447658	0.0
FBgn0034662	0.17307	0.0522861	0.0	0.114167	0.049928	0.214829
FBgn0034664	0.0	0.0	0.0	0.580461	0.0	0.0
FBgn0034666	0.0	0.0	0.0	0.0	0.0	0.421402
FBgn0085397	0.0	0.214248	0.281192	0.0	0.385024	0.0880284
FBgn0263999	0.0	0.0	0.313987	0.0	0.0	0.0
FBgn0085398	0.0	0.29786800517573003	0.0	0.216799	0.0	0.244771
FBgn0034674	25.47094	27.25112	29.8478	29.96543	26.9581	27.065399999999997
FBgn0041237	0.373765	0.0	0.0	0.328742	0.0	0.0
FBgn0050401	0.0	0.474963	0.0	0.0	0.0	0.0
FBgn0085399	0.569547	0.458841	0.301105	0.16698	0.109537	0.471312
FBgn0034683	0.765188	0.0	0.0	0.0	0.0	0.379926
FBgn0034684	2.24691	2.42524	1.78183	0.517982	1.2964	1.95233
FBgn0265192	18.23851	15.46199	22.235248000000002	11.980830000000001	17.904900184752	16.76904
FBgn0265184	3.09885	0.991986	4.36866	4.6739	2.91918	3.97369
FBgn0034687	0.285191	0.689271	0.603094	0.752513	0.329092	0.283202
FBgn0034688	21.18658	17.77964	17.1124	18.63447	19.01512	17.532329999999998
FBgn0034689	23.6343	22.1765	15.8759	19.3201	21.4972	17.6712
FBgn0067102	17.3979	15.5844	19.9394	17.8704	18.8125	17.3974
FBgn0034691	34.0059284	33.45576	37.40053999999999	35.44828	33.86036	34.23202
FBgn0034692	0.303921	0.0	0.476255	0.0	0.0	0.0
FBgn0034693	0.0	0.354787	0.145387	0.120938	0.12561	0.136542
FBgn0034694	21.0781	20.165	20.0583	20.2385	21.4851	28.7803
FBgn0243516	28.34650764	25.17474	26.25531	22.36793	22.93515	24.430410000000002
FBgn0050280	0.443739	0.0	0.0	0.0	0.512047	0.881288
FBgn0050281	0.962167	1.74408	0.508674	2.11567	0.55514	0.955456
FBgn0002715	10.68305	11.469	10.8433	8.45947	9.61215	17.51824
FBgn0034697	26.6645	31.4773	30.4752	26.0282	28.9905	31.0701
FBgn0029147	38.7093	41.455700371595	40.1942376	37.3084	35.3065000296816	29.9228
FBgn0085234	0.0	0.0	0.54009	0.0	0.0	0.507233
FBgn0000008	5.7813300000000005	4.83832	5.70589	3.5310253099	5.42361	4.175285000000001
FBgn0034700	0.0	0.0	0.0	0.0	2.22056	0.0
FBgn0029084	0.348937	0.0	0.0	0.306905	1.20795	0.0
FBgn0085235	0.0	0.0	1.8739	0.519592	0.0	1.17327
FBgn0034703	18.3206	21.8184	20.775	17.7485	24.5111	18.4565
FBgn0034704	11.3442	14.3513	16.6802	12.9398	10.8405	10.209
FBgn0034705	9.000029999999999	11.542700634221	14.0516	15.8318	11.8691	10.7223419847
FBgn0050279	2.52413	1.52512	2.66889	1.11004	1.45634	6.2663
FBgn0034706	1.59201	1.6032	1.96386	1.86699	2.14326	2.10787
FBgn0034707	14.2955	12.4969	15.2761	14.8474	12.4598	12.2325
FBgn0034708	71.9947	68.08539999999999	67.21889999999999	66.5329	69.4844	65.5125
FBgn0034709	47.23379	53.7968	33.294	37.0542	31.23499	52.1861
FBgn0034710	0.256747	0.0	0.0	0.0	0.29627	0.0
FBgn0283480	0.497397	0.0	0.0	0.0	0.0	0.246964
FBgn0034712	0.0	0.236882	0.0	0.0	0.0	0.0
FBgn0034713	0.0	0.0	0.0	0.316274	0.0	0.357081
FBgn0025186	11.4857	8.86298	13.9002	9.61532	11.8166	12.0927
FBgn0034716	0.0	0.0	0.0	0.13175	0.0	0.0
FBgn0020307	0.578446	0.7182542	0.436871	0.627324	0.762845	0.944353
FBgn0034718	5.672374736	2.777413	1.72842200898421	2.187414	3.10632	3.9430025699073297
FBgn0013272	288.4029567082	294.91346802778	294.679996116	355.18227030391	331.29119618	375.2710007902
FBgn0085236	11.8873	8.74313	11.4532	12.6908	20.8191	15.439
FBgn0017482	10.8222	11.3574	10.0417	9.71283	5.60691	4.16709
FBgn0016053	0.0	0.671446	0.925695	0.770026	0.0	0.869379
FBgn0034720	0.0	0.144357	0.18443231126	0.0	0.0	0.118625
FBgn0034722	35.64063	37.2329	37.86064	32.51929	36.70679	38.53431
FBgn0025878	0.0	0.0	0.0	0.19229	0.0	0.0
FBgn0034723	0.2819839317	0.3407600374	0.1490773992	0.0	0.1626954579	0.0
FBgn0034724	0.352097	0.512255	1.34463	0.0	1.46746	0.0
FBgn0022984	41.25625	41.1116	46.89063	43.22132	44.33784	44.08204
FBgn0034726	37.747170000000004	43.674	30.5708	33.9066	25.9493	39.8765
FBgn0022986	40.368089999999995	27.72122	38.379312999999996	28.047629999999998	38.38279	33.29173
FBgn0022985	38.75367	36.391400000000004	56.516580000000005	37.3918	49.130089999999996	43.99368
FBgn0034727	30.0699	26.8746	38.7494	29.4782	36.5059	28.616
FBgn0034728	29.136	36.666	33.1442	39.14656	36.519587	48.786789999999996
FBgn0287212	2.60883	3.1526	0.0	0.0	0.0	0.0
FBgn0034729	2.35347	6.63606	7.46534	5.86494	6.7893977404	4.96469
FBgn0034730	0.257257	0.0	0.272011	0.226268	0.890575	0.766388
FBgn0034731	0.0	0.257391	0.0	0.562014	0.122891	0.317264
FBgn0034733	0.0	0.123746	0.108274	0.180133	0.0	0.0
FBgn0034734	10.1125	9.42217	13.6903	11.8037	15.3771	13.3267
FBgn0034735	13.0936	16.07	18.1709	14.2155	19.3586	16.8623
FBgn0003175	28.2430051	24.7314	27.202579710000002	23.207957	28.3451802	28.53390985
FBgn0034736	18.5946	17.3878	13.1073	7.20387	11.2394	8.79281
FBgn0260866	1.94682	2.82313	1.509547	2.65032	1.497671	1.41771
FBgn0034739	0.894774	0.535009	0.0	0.0	1.30199	0.0
FBgn0034741	17.271498	6.90791	17.144375	14.077910000000001	15.930890000000002	13.703389
FBgn0034742	24.03455	19.667740000000002	19.50986	18.39294	20.746119999999998	23.39701
FBgn0034743	5997.03	4930.99	6028.860000000001	5267.32	5641.6900000000005	4731.139999999999
FBgn0034744	172.9888	154.12	178.6053	171.2442	191.00709999999998	166.39280000000002
FBgn0034745	0.651115	0.917969	1.03268	1.8135	0.751345	1.29315
FBgn0053143	0.140839	0.0	0.2688087957	0.22360473559	0.0	0.084151806183
FBgn0034748	9.23904	11.1648	11.675	14.4685	15.8619	11.4123
FBgn0019949	24.0474	26.8527	24.7828	26.773	22.4803	20.5547
FBgn0026261	26.3452	34.8399	34.6887	31.4785	39.0046	37.5145
FBgn0034750	49.3665	43.7479	54.5176	48.8876	43.4628	53.7428
FBgn0261596	2568.83	2291.94	3272.44	2996.71	3088.69	2542.27
FBgn0040091	70.7901	76.1079	94.5612	86.41460000000001	88.08259999999999	87.0574
FBgn0034753	522.4607	473.8643	697.4504	561.644	642.947	483.777
FBgn0034740	0.365561	0.0	0.827866	0.0	1.07162	1.1461
FBgn0034756	1.70014	5.11894	4.21547	5.69819	4.88808	5.93853
FBgn0050196	0.0	0.0	0.0	1.15115	1.51028	1.29968
FBgn0263030	0.943484	1.136543	3.490307	0.829834	0.0	0.749523
FBgn0263031	0.943484	1.472697	0.341937	0.829834	0.0	0.749523
FBgn0034758	2.6829780000000003	2.33576	6.9011	2.73222	4.291305	1.5081
FBgn0034759	2.17402	2.33576	2.39065	2.73222	3.026885	1.5081
FBgn0260767	85.65392	74.08695999999999	87.92115	84.61482	69.225975	64.785
FBgn0260768	77.8199	64.2613	92.6426	66.2949	94.1637	56.9734
FBgn0034761	313.21	248.95	227.90155	149.7244	242.42284	163.64939999999999
FBgn0262141	1.62642	0.0	1.7197	0.0	1.87679	3.23016
FBgn0050269	16.35498	15.6579	22.4367	19.4895	26.691499999999998	16.814432
FBgn0050273	14.4955	15.6579	22.4367	19.4895	13.6546	15.8632
FBgn0040658	2.33323	1.12782	1.48022	2.052171	2.15392	0.926781
FBgn0034763	15.230665	15.615939999999998	18.956755	15.228700181136	16.83576	20.49035
FBgn0020257	27.15287	20.43591	23.16953	19.79703	29.40874	23.17919
FBgn0005631	13.62041	17.4576	21.185209999999998	19.63001	18.581120000000002	17.50532
FBgn0050259	0.0	0.0	0.0	0.217488	0.0	0.0
FBgn0034766	0.0	0.578495	0.0	0.0	0.0	0.0
FBgn0050268	0.0	0.0	0.115387	0.0	0.0	0.216735
FBgn0028371	0.0	0.0	0.0	0.0590486	0.0	0.0666674
FBgn0259145	0.0	0.0	0.0749196	0.0	0.0817632	0.0703618
FBgn0011211	434.347	374.326	562.759	386.356	485.696	378.296
FBgn0000405	107.35889999999999	85.6875814556	117.841361	93.54146	120.1542632	116.88000000885187
FBgn0086408	0.0	0.487786	0.0	0.235247	0.0	0.200418
FBgn0050272	0.0	0.313159	0.0	0.0	0.0	0.0
FBgn0034785	0.567468	0.0	0.0	0.0	0.0	0.0
FBgn0034786	6.4004718	9.894718000000001	8.57703	9.10946	6.9753	8.121200085500002
FBgn0010078	5351.35	4570.02	5786.47	5602.84	5117.16	4833.49
FBgn0001263	2.7818400022250898	2.24112000399106	2.69893	2.93609000194729	3.6380700280249	4.78822000250203
FBgn0004896	0.19158	0.463024	0.0	0.0	0.0	0.760975
FBgn0034788	0.0	0.0	0.0	0.19889	0.260938	0.224552
FBgn0034789	0.608128	0.587907	0.7716050000000001	0.855799	0.842089	0.966219
FBgn0034791	80.6768	94.084	90.6724	90.311	86.5857	83.4755
FBgn0034792	77.9414	82.83234587599999	82.7448	84.8793	73.84426292	84.0712741
FBgn0034793	79.9486	78.4426	102.0234	82.6036	85.2569	96.04159999999999
FBgn0267823	18.2277	15.3677	21.5141	18.269	18.0986	17.2586
FBgn0034795	18.2155	17.6275	17.7132	19.8365	20.5116	20.0276
FBgn0034796	29.2327	19.095	30.4915	30.2282	31.9092	21.1832
FBgn0034797	0.638809	0.771961	0.337723	0.702325	0.0921432	0.317177
FBgn0050187	140.3460000701351	159.25	119.184	144.33800929941998	131.027	179.148
FBgn0010660	33.8376	33.4808	37.9392	39.216	37.3867	37.736
FBgn0261564	59.484496	52.01581	76.44973820465219	53.0550783646445	64.871833	60.756867469999996
FBgn0034800	7.79557	8.13584	16.11063	16.20635	16.355620000000002	13.37117
FBgn0034802	270.8	251.551	358.01099999999997	296.16	373.43399999999997	299.675
FBgn0034803	28.1535	24.10584	27.9326	25.1992214	31.7284	27.839399999999998
FBgn0034804	23.95429	21.3674	17.87105	13.83617	12.28978	11.0449
FBgn0261584	53.207100000000004	70.2941	51.5947	50.920100000000005	62.033879999999996	57.489959999999996
FBgn0052834	0.0	0.0	0.0	0.0	0.0	0.497108
FBgn0052833	0.900847	0.544308	0.0	0.0	0.0	0.0
FBgn0034807	0.0	0.0	0.0	0.0	0.0	1.07075
FBgn0034808	0.632401	1.01895	0.668669	0.185408	0.973	0.83732
FBgn0261705	0.0	0.0	0.0	0.0	0.0	0.118625
FBgn0265187	0.332378	0.0	0.17572	0.29234	0.0	0.330059
FBgn0265188	0.0	0.0	0.0	0.0	1.66748	0.0
FBgn0010622	13.5853	12.7099	18.0714	17.3451	16.688	13.4906
FBgn0034814	16.9543	16.7631	18.2526	18.9789	21.3427	18.0605
FBgn0261363	27.4509	25.2348	37.0698	32.0155	22.7703	17.6927
FBgn0021979	135.253990574705	116.42330399000001	147.73327	140.91437442400002	105.90333017428199	122.06231799999999
FBgn0003062	283.46	200.237	385.665	296.978	378.003	276.999
FBgn0034816	3.00941	3.19332	6.14696	8.607843	2.74438	3.14891
FBgn0034817	13.9716	12.9519	16.5941	14.3086	12.3678	12.5437
FBgn0034829	0.139375	0.0	0.0	0.0	0.0	0.0
FBgn0085400	0.0699002	0.08447	0.1478182	0.0614802	0.0806604	0.0694128
FBgn0034837	0.0	0.0	0.397878	0.0	0.0	0.373673
FBgn0034840	0.0	0.0	0.419396	0.0	0.457707	0.0
FBgn0263084	0.0	3.37941	0.0	0.0	3.227	0.0
FBgn0050413	0.0	1.43651	2.51381	2.09108	0.0	1.18044
FBgn0046253	0.130793	0.0	0.0	0.115038	0.0	0.12988
FBgn0085239	0.0	0.0	1.12297	0.0	0.0	0.0
FBgn0050409	5.02379	8.34752	10.6238	7.18028	8.69569	5.61234
FBgn0050410	99.6952	86.3021	130.7524	121.4116	106.1926	100.4277
FBgn0034849	52.054100000000005	44.9314	57.8985	39.8378	46.8056	38.264799999999994
FBgn0034850	0.0	0.884629	0.865281	1.43954	2.5342	2.90775
FBgn0085452	49.77051	62.8646	62.417899999999996	58.7476	55.2889	72.3781
FBgn0085453	12.48711191	4.59241	18.90637	15.04321	14.35369	16.984177000000003
FBgn0003977	23.386	21.0504	23.2769	23.585	18.8348	19.0687
FBgn0034853	9.40874	10.287	13.075	12.216	13.9591	12.6355
FBgn0034854	42.0147	46.1564	40.7222	45.0723	42.3302	49.2284
FBgn0040660	371.351	349.514	450.253	389.656	380.898	363.7175
FBgn0041712	7.01291	5.75066	6.88545	5.72757	8.38146	6.964
FBgn0034856	3.06343	3.70196	10.4372	8.98139	11.3906	6.76015
FBgn0050414	7.01291	9.68532	7.4151	12.336300000000001	1.7341	1.29387
FBgn0250838	274.2712	255.1663	332.0684	292.9083	321.7378	265.7116
FBgn0034858	66.51582090000001	61.72680581589	72.5721060715	79.85171847000001	74.475489232	75.57729183
FBgn0028497	58.91905	53.7923	62.20431	55.42283	64.01931	61.206522
FBgn0034859	11.4841	12.267	13.4437	10.9124	10.7672	11.3022
FBgn0050411	0.0	0.0	0.0	0.0	0.432132	0.0
FBgn0034861	0.0	0.65150939531	0.57005297591	1.89676214197	0.986915	1.69859
FBgn0264339	0.341458	0.082526	0.577665	0.480522	0.472825	0.339076
FBgn0034869	0.0	0.0	0.0	0.0	0.525853	0.0
FBgn0034870	1.15862	0.0	2.45012	0.0	0.0	0.0
FBgn0015372	21.9977	17.8299	26.6631	26.6624	20.431	21.5779
FBgn0261786	15.6723	15.4604	18.262	15.6573	16.9776	16.3041
FBgn0000241	0.16908	1.43026	0.357554	0.450297	1.17065	0.671604
FBgn0050181	0.27588	0.333384	0.291702	0.0	0.0	0.821869
FBgn0041233	0.388327	0.469269	0.0	0.34155	0.0	0.385619
FBgn0041234	0.0	0.459626	0.804322	0.669064	0.0	0.75539
FBgn0050185	78.4629	64.3715	89.8129	77.8753	75.5895	64.3341
FBgn0034876	48.748200000000004	34.24779	48.24345	49.5537	39.5917	43.213319999999996
FBgn0034877	281.8521	205.20874799999999	302.25618	206.5230000294798	243.810844	204.75900004381808
FBgn0034878	47.884	50.8214	46.90401	41.58117	51.46353	49.92519
FBgn0010501	14.7963	11.7803	16.4403	12.7309	15.8718	17.9305
FBgn0034879	51.6763	40.3422	59.1621722	48.2671	54.354029999999995	45.4123
FBgn0034880	1.03382	1.09314	1.09311	0.681965	0.7456	0.64163
FBgn0015277	17.1743	15.2091	15.6641	14.0677	12.2539	8.46215
FBgn0050184	9.57427	11.5699	6.07402	5.61398	2.20962	3.16917
FBgn0015903	25.010765335499997	21.840590000000002	21.2698	14.477219	20.14050000837408	21.79806
FBgn0260761	0.0	0.0	0.0	0.0	0.329334	0.0
FBgn0260762	0.0	0.0	0.0	0.0	0.329334	0.0
FBgn0067903	0.359922	0.0	8.994742	0.0	0.0	0.0
FBgn0260455	0.359922	0.0	0.453652	0.0	0.0	0.0
FBgn0034885	16.4826543297	10.512390120927	7.44105	8.66667	12.6376679989	5.09965
FBgn0004795	0.0	0.0	0.0	0.0867085	0.157277	0.135345
FBgn0266377	136.4416500643	132.880868	146.40576349999998	128.524192	138.9660300018504	146.26737423
FBgn0034887	1.15804	1.39942	1.63261	0.67903	0.0	0.383321
FBgn0265052	0.0	0.520774	0.0	0.0	0.4972866	1.398023
FBgn0011296	0.0	0.0	0.0	0.0	0.0	0.71614513
FBgn0262728	0.266609	0.0	1.01611	0.407261	0.864264	0.0
FBgn0050183	7.42138	6.33816	8.02138	7.76037	10.37172	8.84354
FBgn0016762	9.80272	16.8577	13.1555	12.9329	9.13638	10.8575
FBgn0034893	41.2677	25.7391	28.855	34.5404	21.506	23.7948
FBgn0034894	32.21182	40.2154	23.4583	36.04102	24.04458	30.9813
FBgn0013548	25.9777	17.6104	28.4725	21.8733	22.848	19.662
FBgn0011297	20.6626	22.7846	29.7674	19.7638	20.5649	15.1324
FBgn0002174	44.94338	31.30809	45.76111	35.96154	46.23092	42.02024
FBgn0034897	12.210403	17.117246228441	13.81074676194	6.763815800000001	11.096295000000001	13.2545050576238
FBgn0286932	4.41746	2.28441e-07	7.6194e-07	6.68651	5.09708	5.76238e-08
FBgn0034898	0.827054	0.0	0.0	0.727429	0.0	0.0
FBgn0000562	28.368	26.8803	26.87278	25.32183	27.25983797	28.1129
FBgn0034902	110.21809999999999	90.38	131.106	94.34479999999999	118.1	82.087
FBgn0034903	0.0874894	0.0	0.12135470000000001	0.10094969999999999	0.0	0.0
FBgn0050177	0.0	0.0	0.0	0.257061	0.0	0.0
FBgn0034906	3.39558	1.41487	3.71393	4.11918	2.70213	2.32533
FBgn0034907	0.376679	0.0	0.362122	0.388955	0.0	0.43914
FBgn0010278	149.221	160.786	161.162	150.207	168.499	157.713
FBgn0034908	20.1879	18.4164	20.5086	15.319	18.271	16.7059
FBgn0028411	142.0231	119.2667	159.1359	148.822	126.57090000000001	156.6977
FBgn0034909	10.3956	11.8235	13.3626	12.0119	5.88035	7.28692
FBgn0034911	0.0	0.0	0.0	0.0	0.0	0.0626427
FBgn0286876	0.0	0.0	0.0	0.0	1.74534	0.0
FBgn0003401	16.1206	18.8524	13.4712	13.7214	11.7014	19.8812
FBgn0034913	48.3496	48.6895	54.3683	44.5505	43.8369	45.7261
FBgn0034914	174.154	194.291	191.664	178.454	174.364	168.03097
FBgn0021895	100.02606815499999	100.354	121.96650928999999	117.85000044736499	117.575	117.426
FBgn0034915	131.537	101.95	156.346	121.278	148.122	124.765
FBgn0024234	150.6756	118.6039	150.25529999999998	131.06650000000002	141.3292	110.43166000000001
FBgn0004581	0.1970605	0.47626698	0.31253447	0.77995482	0.0	0.58705993
FBgn0034918	27.2696	31.7552	33.0275	32.2704	29.1788	28.5564
FBgn0025790	51.693073232900005	45.05084	51.03710414551	46.98771	48.045597	55.228989999999996
FBgn0025335	65.2101	56.441700000000004	80.0475323	59.56703401	67.3594981	52.3055
FBgn0034919	31.0972	24.5081	32.8807	26.1621	24.1828	14.0975
FBgn0025352	114.607	113.896	131.794	108.895	128.066	105.224
FBgn0011236	38.7226	39.4312	36.7918	34.4154	36.4029	38.8559
FBgn0020372	4.075152	4.85035	2.93811	2.98714	2.137666	0.919788
FBgn0025336	34.0694	36.0734	45.2864	39.0978	36.318599999999996	34.798429999999996
FBgn0034920	0.0	0.0	0.0	0.948382	0.0	0.0
FBgn0034921	35.2345	21.06037	31.24628	28.657600000000002	31.9146	23.325760000000002
FBgn0262619	26.1277	27.2779	29.3175	25.4816	34.4567	27.5339
FBgn0034923	20.861780000000003	22.019	25.96724	23.45855	20.72118	17.5695
FBgn0034924	0.463861	0.280273	0.735695	0.815971	0.267633	0.460626
FBgn0034925	29.5274	29.3586	38.7296	34.5179	28.8972	23.383
FBgn0263667	13.4010213	14.276503079140001	12.2119717	13.88040014724	12.749993	15.233601981
FBgn0034928	0.0	0.432938	0.37881	0.630215	0.0	0.0
FBgn0015268	477.9275	444.20732538100003	645.047	574.947	650.2615000000001	606.8083
FBgn0261794	104.35179	101.00288	97.45767000000001	93.20557	93.41256	96.06
FBgn0263006	144.877986114937	130.050579	188.9826203025462	171.45994806350626	184.28860300738918	168.82133
FBgn0034931	0.992403	0.0	0.829529	2.63652	0.542885	2.65601
FBgn0034933	13.65915	10.54561	14.643060000000002	11.51319	14.4483	12.81029
FBgn0023477	176.342	186.461	220.071	225.939	212.781	210.892
FBgn0001123	56.03456221036	57.95866109148	65.86613892	62.1369	58.67667272	65.57005486
FBgn0034935	3.215458	3.4725099999999998	6.0580300000000005	4.14917	1.54319	3.790416
FBgn0034936	100.47637	82.97767999999999	80.3968	81.20776000000001	79.68303999999999	89.75950999999999
FBgn0034937	1.55362	1.87745	3.28544	2.45965	2.15133	1.85134
FBgn0034938	17.7153	18.9377	21.6131	27.2674	20.8355	21.9897
FBgn0034939	36.2039	30.446	34.9223	30.5393	31.516	31.3261
FBgn0034940	24.5176	18.8542	27.3377	21.1722	27.7774	28.3306
FBgn0029105	0.0	0.0	0.0	0.0	0.0	0.274932
FBgn0034942	0.541387	0.0	0.0	0.0	0.624725	0.53761
FBgn0034943	0.0	0.0	0.0	0.272424	0.0	0.307573
FBgn0020764	22.2394	37.7391	46.5293	58.0571	45.3194	42.054
FBgn0085242	13.404	10.3077	15.4611	22.507	18.2796	6.05022
FBgn0003008	20.5571	25.5947	23.712	29.0389	20.1274	19.1765
FBgn0034945	18.2977	14.5613	18.60756	15.93371	16.126360000000002	23.1294
FBgn0034946	26.304299999999998	29.87356	36.41826737	36.51459	33.508939999999996	35.4764
FBgn0002791	12.8692	14.5547	17.6196	21.4771	16.5637	16.0562
FBgn0034948	64.2298	74.2576	84.0833	83.1496	70.2669	80.9008
FBgn0005612	9.713428669999999	10.068722	9.46839	8.65269	8.43734	9.5186
FBgn0283509	144.2009	153.8013	150.8132	148.6126	157.7166	137.2806
FBgn0050178	1.57057	1.89793	0.83032	2.07207	0.906167	2.33942
FBgn0034950	0.0	0.629465	0.137691	0.114537	0.150269	0.517259
FBgn0034951	18.335600235565	18.218300025419698	18.738999999999997	19.351193000000002	15.044373	21.04010127623
FBgn0053519	0.192796	0.372771	0.285394	0.2374016	0.0444949	0.0765806
FBgn0034956	0.25241154400000004	0.30502308499999997	0.266886051	0.222006493	0.0	0.0
FBgn0034957	0.0	0.0	0.0	0.327954	0.0	0.185134
FBgn0034958	47.8778	45.3475	44.6034	52.126000000000005	47.1847	48.1378
FBgn0034959	15.1167	15.0055	13.9857	19.2314	14.9518	17.1557
FBgn0283494	226.227	190.39	257.711	202.529	239.815	214.843
FBgn0011695	1.00443	0.0	0.722335	1.137586	0.0	0.997427
FBgn0061198	108.8403	140.9217	117.8224	107.12599999999999	152.5075	120.948
FBgn0034961	19.062	17.1635	22.1312	19.3958	18.9772	21.156
FBgn0050172	0.697873	0.0	0.0	0.613809	0.0	0.0
FBgn0013764	54.507760000000005	44.8855254097	63.855199999999996	47.16955594	47.6148	39.49714
FBgn0034962	26.438029999999998	29.6335	28.35939528	27.634420000000002	28.357860000000002	30.63925181455
FBgn0034963	23.3482	19.826610000000002	33.36104	27.19595	23.30149	20.05218
FBgn0034964	17.9253	18.5562	22.3994	20.9479	20.8293	19.6052
FBgn0011726	1600.55	1633.57	1609.53	1465.16	1646.93	1765.83
FBgn0028552	40.0153	48.4813	37.37	48.5088	49.3313	59.7087
FBgn0003353	7.104060068988	8.024920146293	8.4912314617	8.149980027042899	4.277030407237	2.9138200529816998
FBgn0034965	6.25665505971	8.791884020000001	8.269053739199999	8.71308528462	5.097186021000001	4.400900843828
FBgn0034966	4.64681	3.41805	4.9133	4.26476	1.63195	1.40438
FBgn0285952	1888.911	2173.724	2083.589	2395.3830000000003	2099.5370000000003	2167.804
FBgn0034968	4143.183	3743.2001999999998	4346.162	4173.335300000001	4055.187	3752.0947
FBgn0023170	5472.56	5826.83	4950.55	5293.53	5548.92	6267.12
FBgn0283666	54.2169	57.5305	51.736990000000006	57.93262	51.3909	77.46771000000001
FBgn0034970	82.39222000000001	61.6251	85.27760002000001	70.53018	74.4905	71.281484
FBgn0034971	115.4507	113.17839999999998	121.1379	138.11589999999998	100.5908	137.42388
FBgn0259209	0.825299	1.94912	1.7054340000000001	0.0	1.86122	0.0
FBgn0034972	0.0	0.0	0.0	0.0	0.254282	0.437647
FBgn0034973	0.0	0.0	0.0	0.0	0.0	1.28241
FBgn0034974	0.0	0.180597365	0.158017059	0.13144550600000002	0.34490401	0.0
FBgn0086129	28.05335	30.21203	31.67559	29.593600000000002	26.661459999999998	33.7216
FBgn0023081	28.7439	26.793	32.5692	30.4353	30.5188	30.7451
FBgn0034975	20.2818	20.52917	22.5113	19.9576	22.04618	23.762970000000003
FBgn0034976	6.37346	6.66971	6.87793	6.35701	6.3689	7.43822
FBgn0041706	0.291391	0.0	0.308102	0.0	0.0	0.0
FBgn0034978	0.143332	0.0	0.0	0.126066	0.165396	0.0
FBgn0264297	0.0	0.0	0.0	0.0	0.0762456	0.0
FBgn0264298	0.0	0.0	0.0	0.0970181	0.0762456	0.0
FBgn0264299	0.486503	0.0	1.02881	0.0970181	0.4089016	0.483109
FBgn0041582	21.92644	16.16972	18.7849	17.702779999999997	22.8363	22.97777
FBgn0021875	26.1762	15.816097999999998	23.987	26.092730000000003	26.178199999999997	26.86004
FBgn0034982	30.399594138	23.511609999999997	27.400548816700002	27.356003607999998	27.603313800000002	23.01658277
FBgn0287831	4.33512	4.36559	3.05582	0.95323	2.50122	5.3811
FBgn0260770	3.00863	0.361337	0.632321	1.0377569	1.3468546	1.7589395
FBgn0260775	8.84625	13.210537	7.284371	1.7061569	3.6930746	6.9153195
FBgn0015544	12.6703	19.3557	19.7163	16.611	14.6207	14.4811
FBgn0034985	1.18018804	0.7130858600000001	2.1391473	2.2984901	0.68091588	0.66969133
FBgn0034986	64.2818	53.9193	63.9702	73.8326	59.3416	37.5491
FBgn0259937	216.369980057462	177.43643014960702	334.04354120092	265.9889700690693	318.663450815191	292.36026000000004
FBgn0266083	14.975640234126999	13.2829	19.785709999999998	16.786946	19.260782	18.339170173306
FBgn0034988	17.2308	17.999	22.851	20.8063	11.1211	9.57036
FBgn0034989	31.6601	30.1322	32.6006	31.5774	26.3855	29.8981
FBgn0034990	0.0	0.0	0.353708	0.0808064	0.0	0.33219
FBgn0050419	0.0	0.0	0.0	0.0	0.12415	0.0
FBgn0050418	0.0	0.0	0.0	0.0	0.171334	0.0
FBgn0034996	0.0	0.0	0.0	0.0	0.0	0.229355
FBgn0034997	197.66980470000001	193.8183	221.23467	197.16064	224.2058	216.2495612463
FBgn0034998	0.0	0.0	0.266025	0.0	0.0	0.249841
FBgn0005636	5.3645351	7.293088	3.8286067	4.87358	4.587	4.5281326
FBgn0034999	0.0	0.0	0.0	0.810554	0.42537	0.366054
FBgn0288686	119.721	108.5889	90.27690000000001	97.05930000000001	114.146	103.0546
FBgn0005638	0.838707	0.198549	0.870576	0.287063	0.772268	1.79673
FBgn0004101	10.412671000000001	11.284247	9.828303	7.7816	8.284682	6.695765
FBgn0035000	0.0	0.0	0.626537	0.0	0.0	0.588421
FBgn0000037	0.22551650291	0.090840833082	0.0	0.13223426249	0.0	0.14929625555700002
FBgn0035001	116.951661	114.853332938	120.76175	114.812663844	123.33724	111.6712600174661
FBgn0002787	120.95920000000001	111.362	139.7389	120.4554	134.887	119.40780000000001
FBgn0010414	0.330728	0.0	0.1377374	0.114575	0.1503194	0.0
FBgn0266438	3.63886	3.03107	4.07387	3.07502	3.48808	3.57648
FBgn0266439	5.49205	3.03107	4.201463	11.83972	3.48808	3.57648
FBgn0029501	0.0	0.208217	0.182185	0.0	0.0	0.0
FBgn0017556	0.0	0.0	0.0	0.0	0.462426	0.0
FBgn0284252	46.9611	46.11328	47.4987	53.36890072717	48.8473010445	62.190200000000004
FBgn0259187	0.0	0.0	0.0	0.224044	0.0	0.0
FBgn0035016	58.3484	49.40690000000001	61.2603	57.644499999999994	59.9809	51.8209
FBgn0050169	5.02866	5.31722	5.71583	4.97578	5.65768	6.24198
FBgn0035019	0.0	0.0	0.0	0.0	0.590201	0.25395
FBgn0035020	52.696942385	59.38889999999999	52.08275	49.772200315507	41.9771	50.47485
FBgn0035021	16.773481	16.64751	17.964904	13.53032	15.8967	15.517392000000001
FBgn0035022	0.0	0.0	0.139768	0.0	1.11303	0.0
FBgn0035023	27.96637164	26.40507	20.30968	25.14225	20.84355	30.823839999999997
FBgn0016687	230.68812211000002	197.33929999999998	267.483	241.7489	273.40999999999997	274.9883
FBgn0035024	25.5177	26.0433	28.9383	29.5376	29.751	29.6724
FBgn0035025	14.631	19.4269	19.0989	16.5226	18.9676	21.7038
FBgn0035026	20.753580000000003	18.61723	21.80915	19.037550000000003	23.2137	21.4939
FBgn0035027	21.489919999999998	22.150570000000002	23.167939999999998	25.0164	19.69258	25.5244
FBgn0035028	30.52138	30.26325	26.479509999999998	27.4535100114201	25.54787000694332	32.79781
FBgn0053527	2.37747	4.30952	1.25691	2.09108	0.0	0.0
FBgn0069913	0.299473	0.723787	1.26659	0.0	1.03672	0.892152
FBgn0020521	0.0	0.215971	0.188969	0.0	0.472658	1.2941150000000001
FBgn0035031	0.500922	0.0	0.0	0.881164	0.0	0.994857
FBgn0035032	388.26300000000003	324.49490000000003	421.829	262.4855	356.9511	271.8154
FBgn0035033	21.1782	21.8699	26.4641	20.6591	27.7707	19.3098
FBgn0035034	0.0	0.0	1.17431	0.976833	0.0	0.0
FBgn0035035	25.0506	19.8334	28.3139	29.6306	31.3987	20.158
FBgn0035036	10.0546	12.1504	13.8407	14.3498	11.8213	12.8103
FBgn0259742	8.72764	10.0059	9.22817	10.2351	8.00526	12.4446
FBgn0259707	0.484683	2.92854	2.04992	2.13149	2.23717	1.44391
FBgn0035040	0.0	0.689777	2.478301	0.521972	1.343482	1.70046
FBgn0035039	22.303140000000003	23.5691	21.77221	24.168850000000003	17.802	19.95213
FBgn0015040	3.52462	3.65081	2.92817	4.20722	3.19565	4.00004
FBgn0035043	0.0	0.0	0.302657	0.0	0.0	0.0
FBgn0035044	33.4523	25.872	24.7595	25.3035	22.389	25.2464
FBgn0050163	1.31768	3.18466	1.39325	0.0	0.0	1.30849
FBgn0050161	0.0	0.0	0.0	0.0	1.38656	0.596606
FBgn0035046	63.978880000000004	68.7452	78.329200804688	57.9344	72.402441	63.560900000000004
FBgn0085243	3.45014	0.0	1.216	1.01151	0.0	1.14202
FBgn0260456	32.2025	43.1828	37.1248	38.7392	42.1942	44.7691
FBgn0261373	4.33512	11.5509	8.7592	5.71938	5.00245	5.7398489999999995
FBgn0035047	19.90727	23.42359	24.926399999999997	15.43582	22.06496	15.866869999999999
FBgn0035049	146.942332	132.451153594068	126.441020125	106.06139	113.47121616743001	85.45810019461567
FBgn0053988	0.17158	0.0	0.0	0.0	0.0989964	0.0
FBgn0050421	30.10738000456939	27.874769999999998	24.08802	23.10186000572375	30.30904	29.388279999999998
FBgn0035056	0.0	0.324405	0.283846	0.236113	0.0	0.266578
FBgn0035057	0.0	0.37519	0.656563	0.546153	0.716538	0.30831
FBgn0040666	57.2108	48.7136	78.80669999999999	75.74239	59.807	51.4672
FBgn0035059	14.7613	14.3405	21.1166	16.0381	15.0297	14.371
FBgn0027590	96.02374	78.244237	120.16754999999999	107.00098	105.24976	90.98411
FBgn0035060	57.6124	49.420120647557	57.746959999999994	55.765670114762	53.22965000000001	55.52408
FBgn0086908	32.341	34.3067	31.5568	31.6465	33.1195	29.0174
FBgn0025578	1.99341	2.40891	0.0	0.0	0.0	0.0
FBgn0035063	45.6624	40.3239	59.4229	53.5493	72.9574	43.0186
FBgn0035064	23.7693	18.5653	25.439	26.77	21.4074	19.5737
FBgn0035065	16.5569	14.6327	15.1548	19.9962	13.6876	14.7236
FBgn0041205	103.9241	129.6746	102.7718	104.691	107.90039999999999	138.3818
FBgn0015801	62.11878	64.892	58.2309	65.90803000000001	66.6351	57.69567
FBgn0028738	10.4869	18.5868	14.7845	15.9877	16.9417	16.6621
FBgn0023181	26.9026	24.8802	30.1871	22.4547	31.6775	28.3506
FBgn0265193	16.9007	19.6065	16.0829	11.2973	10.1412	14.4332
FBgn0035073	11.3266	14.2892	12.3711	12.3707	11.7776	9.39364
FBgn0050423	173.899	169.971	183.872	182.192	197.717	176.072
FBgn0265182	0.311346	0.376242	1.31681	0.41076250000000003	1.07782	0.463762
FBgn0085442	175.65251	187.59600999999998	183.80644	182.82438	164.27835	188.83010000000002
FBgn0035076	1.21664	0.735114	3.00163	1.78347	1.16993	2.61766
FBgn0085434	3.8655939999999998	4.009696	5.394620559160158	5.577311	4.535736	5.2294909999999994
FBgn0035078	2.42002	2.19333	3.35843	1.99548	2.09441	3.30432
FBgn0066084	12740.9	14891.9	12720.9	12748.9	14809.7	14732.0
FBgn0060296	0.638634	0.432938	0.0	0.601498	0.245648	1.26836
FBgn0043792	0.252413	0.63521	0.0	0.431138	0.317672	0.0
FBgn0022343	124.11359999999999	113.4872	142.01059	115.28693	119.77840967328001	108.78238
FBgn0035082	38.0508	29.208130489	42.619303499472	35.400189999999995	24.44433	32.5992
FBgn0035083	266.72162	297.4565	264.91353	266.07691	244.34798	226.64322
FBgn0035084	22.83931	18.39987	19.88746	24.026980000000002	28.938899999999997	16.45415
FBgn0035085	77.8082	67.274	84.6801	68.4356	63.8643	59.4848
FBgn0027599	16.7163	18.3915	15.3007	25.2359	18.1379	24.0324
FBgn0035086	0.31092302633540003	1.20803	0.357461	0.6763440000000001	0.9760789999999999	0.916331
FBgn0035087	208.74571	199.63130999999998	207.85422999999997	204.03632000000002	208.45144000000002	193.3255
FBgn0050424	4.0855999999999995	6.34781	3.85148	3.8468780000000002	0.673503	5.429036
FBgn0285950	4969.404	4383.092	5248.4890000000005	4891.02	5102.694	3902.394
FBgn0035088	61.26489	68.929	59.56603	59.7621424	57.694300615839	53.87326
FBgn0035089	1.12022	1.35371	1.18446	0.0	0.0	1.1124
FBgn0035090	0.0	0.307621	0.269161	0.0	0.293748	0.252786
FBgn0010435	1.8852482309004102	1.14458742127533	1.64733	1.9171935129272102	1.7487371538215	2.190903
FBgn0035091	17.136879999999998	17.42575	17.69766	16.80603	15.755700000000001	13.48939
FBgn0287873	278.6950631659	300.6328600265756	247.32261025366904	239.65880347319293	274.8527542581712	253.95194184792976
FBgn0004055	39.1463	37.9691	43.2067	38.9612	42.3985	37.1683
FBgn0035092	0.421372	0.0	0.0	0.0	0.0	0.0
FBgn0001147	0.0	0.0	0.201672	0.0	0.0	0.189404
FBgn0001148	0.26808	0.0	0.0	0.0	0.0	0.0
FBgn0004919	9.34308	19.395474557639	7.6888376599	11.084206	6.891600102292999	15.29466118698
FBgn0035094	0.348	0.420535	0.367957	0.408107	0.267713	0.460763
FBgn0050428	13.5249	13.9226	16.4192	12.53259	14.46999	13.119110000000001
FBgn0262679	0.57164	0.0	0.0	0.0	0.0	0.567653
FBgn0002564	1.6886	0.816226	0.714176	1.48519	1.75368	1.8445
FBgn0035097	0.0	0.416804	0.0	0.583433	0.0	1.31742
FBgn0040688	0.0	0.0	0.0	0.0	0.0	0.943776
FBgn0020386	42.92678	43.59346048	43.76303	33.724936	46.31127	43.118939
FBgn0035099	48.70113	59.3781	48.51555	69.95029	40.21507	63.44672
FBgn0263988	0.80412854789	1.36043433004	0.6801958022900001	2.40470411491	1.299080377	1.11793164687
FBgn0035101	40.728726572	43.412438656000006	47.195391	54.7365421	40.6067000215381	52.092721229999995
FBgn0035102	59.2812	67.0323	70.2923	61.4511	64.0092	55.9244
FBgn0035103	0.0	0.257956	0.0	0.462954	0.37852366000000004	0.651483147
FBgn0035104	0.0	0.0	0.0	0.962533	0.0	0.0
FBgn0083976	14.0649	14.464	0.710619	12.3835	7.63671	13.4147
FBgn0083992	23.869220060739	25.21427547	42.323199	35.83207154	31.65955	33.59860209
FBgn0027786	87.92451999999999	87.38548885130609	98.157938729257	100.96057	98.2695	100.70834
FBgn0035106	24.31354	26.405500626779002	28.1188	25.640800285175	28.070161462660003	30.23291
FBgn0035107	66.30709999999999	71.1267	56.3521	62.4451	59.6291	72.97506
FBgn0025592	47.754999999999995	54.9165	54.2944	47.422200000000004	53.032300000000006	58.492900000000006
FBgn0024945	29.2707	33.2495	24.7595	27.2895	25.3324	28.7759
FBgn0035109	14.6274	21.6397	19.681	24.8426	10.4956	19.4168
FBgn0027587	38.60309535859529	38.7282201374167	44.637962337007	43.5064207060292	46.221281222200005	48.111450021218474
FBgn0035110	36.7416	49.0089	47.928	53.39130112831	51.61430000725212	56.0499
FBgn0035111	29.3137	27.858831443	27.8752000477013	30.716	30.0197	31.861800000000002
FBgn0063923	11.7792580267817	9.058310124205	10.190291198019999	7.534800000000001	16.0639	10.0035500376072
FBgn0063924	0.0	0.0	0.0	3.16566	0.0	0.0
FBgn0035113	0.951153	0.706373	0.412038	0.856871	0.119074	0.580458
FBgn0035112	8.03273	3.869	0.922404	2.47324	0.0	1.92606
FBgn0053229	124.89099999999999	152.3665	133.0012	146.9004	133.7733	159.03
FBgn0262035	58.5736	52.7651	45.042	67.4416	39.3252	42.3018
FBgn0085483	9.62167	4.65087	4.06939	5.92387	1.11028	7.64365
FBgn0085482	0.0	0.928336	0.0	0.675675	1.77294	0.0
FBgn0000541	70.306566	78.282430838	69.09121729	72.25087189999999	79.59501905260001	87.1767935
FBgn0052476	2.05452	2.23448	0.651705	1.80704	0.237079	2.04019
FBgn0024806	24.916644621099998	32.15907428856	27.4586437837905	31.490898341	26.300335500000003	34.87875718722
FBgn0035120	69.7007	80.9893	98.2641	81.00229999999999	86.6752	100.1277
FBgn0035121	180.4371	177.8974	227.3043	201.6703	212.60750000000002	208.6508
FBgn0035122	78.16187000000001	65.7801	73.78961	71.20188	57.1764	78.30969999999999
FBgn0085292	23.0532	15.5894	6.95319	22.8003	3.83688	0.0
FBgn0027111	0.23010380112	2.20405	1.9463045675	0.40477332070000005	0.7965422558	0.68550179407
FBgn0029002	19.622680000000003	16.93767621	22.7516942	13.820999022899999	28.57372	20.41369
FBgn0052845	0.657725	0.794819	0.236587	0.586345	0.260736	1.10191
FBgn0264707	47.48731659936	54.128921900630104	61.109283535786	54.30729014865899	53.8506	62.10727
FBgn0004373	37.21037	43.39909	39.93758	44.49499	42.72873	46.74228
FBgn0284444	2.1849	1.34982	2.1186	0.0	0.0	1.10921
FBgn0052344	47.5183	43.679	62.7632	52.0717	60.5861	62.658
FBgn0052343	24.861169533900004	17.943906084094	25.16381535654	21.53584	20.890106369	23.36596
FBgn0261985	46.585670685653	43.4955839579	54.125200793714	46.0489724735	49.8464698629	52.403870000000005
FBgn0035131	1.20594	0.971537	1.06259	0.707118	1.39158	0.798354
FBgn0035132	28.73597000463851	40.55177	24.843521133809997	30.615830000000003	32.4834580958849	31.516024
FBgn0023000	29.93817	31.28005	25.68482	34.79448000985743	35.87834	34.65446
FBgn0035134	0.744666	0.0	0.393686	0.0	0.0	0.0
FBgn0265574	38.228	42.46305	45.31984	46.5289	47.61632	44.3521
FBgn0040291	0.000103489	0.0	0.0	0.0	2.06049	0.0
FBgn0035137	21.8219	25.138100004821773	22.986620000000002	25.9199000106239	24.0945	23.05681
FBgn0035138	1.35205	0.816936	0.0	0.0	0.780092	0.0
FBgn0262139	0.0	0.10964583792	0.1918711281	0.1596094063	0.1046999555	0.0
FBgn0035139	0.0	0.0	0.731332	0.0	0.0	0.0
FBgn0001316	101.7276538	110.6365669602	88.34960991	96.22210518	96.51460999999999	106.95731542958
FBgn0085296	0.0	5.33793	0.0	1.36062e-06	0.0	2.61807e-06
FBgn0085297	2.234	0.0	0.0	1.96489	5.15578	4.43683
FBgn0085298	5.0592	2.03791	4.45779	2.22489	0.973	3.34928
FBgn0035140	14.2846	14.234446388	12.454798085	12.9447	8.99104	10.026100058722099
FBgn0035141	75.646	54.305	95.8228	69.8276	82.9693	65.4497
FBgn0035142	216.162036	194.36791	202.82957	164.14916	214.08845	190.62871
FBgn0035143	1.27135	1.15226	0.0	1.11821	0.0	0.0
FBgn0035144	6.06905	10.0173	6.10409	9.76461	6.83249	9.11358
FBgn0035145	24.8255335	25.9233	28.1077976	28.276225	27.886692265	27.415916250000002
FBgn0035146	51.1417	56.3968	33.7195	40.1924	38.5948	36.4957
FBgn0016715	38.0759	71.4221	31.8471	60.4808	43.9372	52.483
FBgn0035147	1194.016	1090.3249999999998	1057.449	896.476	1106.1399999999999	946.417
FBgn0035148	133.447	154.519	128.809	148.453	115.894	123.281
FBgn0035149	189.628	171.475	256.426	210.279	187.062	167.382
FBgn0035150	70.722	80.5265	67.4891	87.129	62.4586	80.7503
FBgn0035151	5.892420615920001	7.97757	5.5430700749	7.00178	5.82536	5.39866
FBgn0035152	8.580860000000001	11.88563426723	8.43728	10.74416	10.707366940000002	10.493108000000001
FBgn0035153	45.4414	38.814	48.6263	41.7333	46.1188	44.762
FBgn0035154	7.88962	4.40036	11.8714	9.87509	9.10412	10.2452
FBgn0052483	0.985754	3.97074	1.73714	3.17904	0.379166	0.978878
FBgn0035155	11.50764	9.49396	6.98166	9.02004	6.52964	12.52558
FBgn0260862	5.25154	9.63964	10.0157	11.1887	7.34555	7.1622
FBgn0035157	0.77977	0.471151	0.206123	0.857301	0.899805	0.580749
FBgn0035158	27.2664	28.8651	23.5883	28.1441	24.1828	34.23690869548
FBgn0025676	15.060537	21.82798336354	11.41393	19.91367	10.15883	20.000140879
FBgn0035159	18.4409	15.578596999999998	18.605897	17.689543	11.023608000000001	13.481371000000001
FBgn0035160	8.031320000000001	6.95336	10.19029	10.9653	16.21833	17.14688
FBgn0000575	54.6303	52.052	53.32	51.0065	59.4029	51.5368
FBgn0035161	2.73743	5.51336	6.75366	3.21025	4.21176	5.43668
FBgn0035162	367.2234	341.2383	504.286	514.9639999999999	496.8607	532.259
FBgn0260755	24.7566	41.5263	32.8182	42.574	32.8313	43.2971
FBgn0260756	4.71742	6.27077	5.98556	6.22376	10.8872	7.49523
FBgn0035164	60.6002651472	50.1406	77.93	60.5033	68.6689	56.3827
FBgn0035165	360.10037	425.60858	395.154855077	494.1124	409.13367200000005	499.69653
FBgn0035166	25.564239999999998	23.95197	31.843900055563402	27.1049	24.65334	26.620974504
FBgn0035167	18.136920000000003	21.247799999999998	17.16109	14.78539	8.74007	16.430521499999998
FBgn0035168	0.65884	0.752544	0.417975	0.637425	0.304104	1.04679
FBgn0035169	40.371	47.392	50.8171	38.5516	31.9444	37.035
FBgn0035170	0.154375	0.0	0.0	0.407337	0.178139	0.306596
FBgn0035171	0.0	0.399947	0.468653	0.389842	0.190955	0.327492
FBgn0052479	70.0141	59.4387	76.1765	66.52604	73.3536	67.9863
FBgn0035173	18.91112	19.5504	11.55817	12.595	15.38906	11.61487
FBgn0054056	2.46468	3.4039	2.97832	1.23874	3.25038	1.39857
FBgn0054057	1.15804	1.86589	1.63261	1.58724	2.08242	2.29993
FBgn0264574	0.0	0.35707700000000003	0.0	0.0	0.0	0.380063
FBgn0035179	0.0	0.0	0.0	0.0	0.0	0.307084
FBgn0024277	114.027445	114.6230135611	106.470229	99.45427000000001	114.34337500000001	114.422582
FBgn0035181	111.0616	101.9243	130.7246	107.8203	119.6945	112.88774
FBgn0004870	0.91083455	1.19239666	1.04328084	1.33519967	0.7882548	1.2808471
FBgn0025525	1.17841	1.8987090000000002	1.245976	1.38195	1.72241	1.560257
FBgn0035186	0.0	0.0	0.663988	0.552329	0.0	0.0
FBgn0035187	0.195925	0.236763	0.207161	0.0	0.45217	0.0
FBgn0004431	1.06497	0.0	1.12605	0.93669	2.45782	0.0
FBgn0040281	0.35482884734	0.8575767746	0.18758954033	0.15604412745	0.20472484208000002	0.35235422757
FBgn0264272	0.347585	0.0	0.122506	0.101905	0.0	0.115053
FBgn0035189	0.0	0.92742	0.0	0.0	0.0	0.381051
FBgn0004426	0.0	0.0	0.0	0.0	10.2296	0.0
FBgn0004427	0.0	0.0	0.0	1.2167	0.0	0.0
FBgn0035192	0.0	0.0	0.14951	0.0	0.0	0.0
FBgn0035193	0.393437	0.0	0.0	0.0	0.454001	0.0
FBgn0004378	54.6234	58.1042	47.3295	50.0948	56.2994	65.3853
FBgn0052318	0.0	5.3467	0.117024	4.41562	2.65284	0.0
FBgn0035194	41.0004	37.2759	49.1678	39.8071	35.1648	36.0166
FBgn0283500	44.6861	48.5790719	46.6796	50.6682	51.986529000000004	48.6515
FBgn0035196	0.0	0.531378	0.0	0.0	0.0	0.0
FBgn0035197	0.0	0.0827878	0.0	0.0	0.0	0.0
FBgn0035198	0.0	0.0827878	0.0	0.0	0.0	0.0
FBgn0262937	31.648	36.732	40.6471	36.7997	30.3299	31.6048
FBgn0025682	316.577	333.611	313.317	342.624000283894	301.59705789	346.966305
FBgn0010333	130.8578	117.5601	135.2847	126.0883	141.2101	106.26
FBgn0035203	63.0095	57.9596	63.9715	67.2755	54.6222	64.4378
FBgn0035204	32.75156	28.889219999999998	39.68533	33.0117	40.0001	37.03358
FBgn0035205	50.64849	55.74905	49.8654	54.357200000000006	53.908300037326796	54.5702
FBgn0035206	46.51511	45.4832	42.8084	44.511579999999995	36.65795	42.14893
FBgn0035207	76.64920000000001	84.923	74.2546	97.1317	71.77454	97.386
FBgn0010246	191.88985268	182.41330000376195	158.20364	149.31249148199998	165.97728	135.50354193
FBgn0035208	5.167561	4.8994807566	4.24972	4.01177	2.92407	5.13152
FBgn0011361	417.16700000000003	402.736	394.0032	397.349	414.80086864	441.99967
FBgn0035209	137.055	112.794	126.176	119.506	122.704	125.539
FBgn0035210	52.1522	35.1754	46.1663	34.6692	42.686	39.1424
FBgn0035211	12.11188	10.062543	11.60589	8.65549	7.42492	6.27477
FBgn0010786	181.961	189.466	176.463	204.203	152.744	156.184
FBgn0035213	46.286280000000005	41.18153571	49.45247	48.90334	57.33947	52.62187
FBgn0267487	61.25237	60.205749999999995	66.7992	61.545044	67.6977	55.499033
FBgn0029514	23.069200000000002	13.938839999999999	20.73338	27.899160000000002	25.28935	21.19015
FBgn0003295	0.0	0.0	0.0	0.0	0.280521	0.0
FBgn0052320	0.325013	0.196379	0.171826	0.571725	0.187522	0.0
FBgn0035216	0.0	0.0	0.0	0.0	0.0	0.43274
FBgn0035218	0.0	0.226489	0.0	0.0	0.0	0.0
FBgn0004635	21.16937	24.373170000000002	20.268451	17.5931	20.38881	21.683737
FBgn0052319	0.0	0.0	0.406135	0.0	0.443234	0.0
FBgn0020248	0.915163	0.552958	0.241912	0.402462	0.79203	0.530955
FBgn0028567	1.98324	0.0	0.0	0.0	0.0	0.984705
FBgn0043458	43.5634	48.869600000000005	54.1918	55.9716	50.5456	57.17999999999999
FBgn0028577	98.42076800000001	95.26587100733997	99.415354913	98.373040117399	105.05679000313488	108.8994558
FBgn0261243	90.490904619	97.51150830417001	94.80065067369941	105.70464244593	99.35208671832	104.16528663181299
FBgn0011204	43.7716	57.7695	59.3925	63.3327	57.0603	54.1474
FBgn0035227	39.255167281	41.948359999999994	35.16518000186366	43.19342125793	35.41656161987	41.316390008545426
FBgn0053971	10.0654	8.97773	11.9096	10.5392	11.8914	15.7067
FBgn0035228	86.2547594454	77.7597	94.829663	81.875894	93.75490020036801	90.39910000644988
FBgn0035229	22.7643	25.246952828770002	25.3884723	30.441879999999998	25.084429999999998	28.182603043820002
FBgn0052313	4.37575928	8.8130354	5.3977835	1.9243348200000001	2.52465651	6.51786281
FBgn0041342	199.13331	180.7896	202.35105000000001	199.5078838	173.61919	171.48967051000002
FBgn0035231	6.48724	5.02571	5.21996	7.07519	4.19208	5.66896
FBgn0035232	87.77827708	80.4374169166	105.48247	101.896174085	109.8180126379	127.97412002200001
FBgn0035233	15.942499999999999	18.414	21.81456	21.1228	14.3322	15.2597
FBgn0035235	13.694	11.79242	16.0755	14.13095	15.117049999999999	14.4551
FBgn0035234	2.41739	2.92126	3.32283	3.18929	2.23161	1.44031
FBgn0035236	89.341848	87.278	79.40488099999999	73.6468	76.48189	90.484486
FBgn0035237	3.0313540000000003	3.5796200034422796	4.79856	3.8679277	4.35542	3.720124
FBgn0035238	35.19394	45.23044	38.647349999999996	39.80124	42.714330000000004	36.25583
FBgn0035239	0.0	0.13368	0.0	0.0	0.0	0.0
FBgn0035240	0.9487483999999999	0.24848222999999997	0.8916533000000001	0.741748	0.6081935999999999	0.303224
FBgn0035241	0.537493	0.389716	0.113664	0.378199	0.822697	0.550648
FBgn0035243	42.7808	38.3278	53.8132	25.95	51.0686	31.4956
FBgn0035244	37.84158	41.569	38.637969999999996	34.8985	35.8225	33.7917
FBgn0053230	13.7481	16.7031	14.1699	20.1531	17.0944	19.9724
FBgn0035245	0.35613	0.0	0.0	0.156616	0.0	0.176823
FBgn0035246	0.813893	0.196708	0.688456	0.286341	0.563509	0.161643
FBgn0013342	0.726119	0.146245	0.609624	0.53221	0.418947	0.600878
FBgn0035247	61.147999999999996	60.7727	64.3523	52.9944	67.4233	62.8857
FBgn0013753	48.8224	40.0832	52.8046	37.3688	47.7366	44.781
FBgn0025725	104.4996	97.402	116.7876	107.8877	106.0111	107.2142
FBgn0035248	17.1133	7.38582	7.75488	20.4275	12.6949	14.5662
FBgn0035249	9.31753	12.6671	9.23614	11.5244	6.71989	7.22855
FBgn0025712	1.21854	1.96338	0.0	1.07176	0.937415	1.21004
FBgn0035251	128.96	110.553	109.162	111.486	111.502	109.088
FBgn0035252	61.4058	36.762119999999996	69.6724	55.38803	43.520519	45.8269
FBgn0035253	71.50420934781	64.776254755	83.45456832139999	78.81637783208	73.94996790709999	76.093300313354
FBgn0035254	13.26105	17.02675	20.59421	16.037580000000002	16.258850000000002	13.168589999999998
FBgn0026372	4650.793	4047.1090000000004	5609.7390000000005	4660.101	5381.540999999999	3824.6079999999997
FBgn0035260	0.301019	0.0	0.0	0.0	0.0	0.0
FBgn0035257	0.0	0.0	0.0	0.224191	0.0	0.0
FBgn0027594	126.347408	132.7714	96.48586000511276	109.29406329999999	101.17306066700002	93.46928
FBgn0035262	7.14612	6.42651	5.62303	6.28531	6.32845	4.95089
FBgn0035263	0.734118	0.0	0.38811	0.645688	1.27069	0.364499
FBgn0035264	0.633948	0.510724	0.836233	0.78256	0.243845	0.209842
FBgn0035266	12.07067126342125	10.529921900000002	13.302040010651702	14.1619551	14.0632	13.7278
FBgn0035267	0.980764	0.44444300000000003	1.036984	0.349511	0.366839	0.3652234
FBgn0022702	6.18289	4.54795	11.113338	13.47701	6.57276	6.673654
FBgn0035268	29.579829999999998	26.0517	34.1034407011	31.161299999999997	30.0835	31.6969
FBgn0013811	1.17684	1.73816	2.90343	2.87521	1.81066	3.31111
FBgn0035270	17.44429	21.3805	21.47887	19.726770000000002	16.04272	20.042052570000003
FBgn0027903	41.5546	41.5172	56.0466	36.2612	43.7981	46.4635
FBgn0035271	47.8714	37.0237	58.7155	42.1049	48.6116	30.424
FBgn0035272	47.0839	46.3122	50.363	46.2276	32.22	28.2707
FBgn0250789	239.04502684000002	217.742380729	239.402575994	224.61846425000002	240.8964130599	235.015683026
FBgn0024510	5.6459	4.60326	5.76403	6.49647	5.1087	5.40516
FBgn0011573	65.2447	79.5095	93.1464	84.5044	86.7245	72.7175
FBgn0035273	0.0	0.0	0.0	0.0	0.0	0.37009
FBgn0067864	27.376414284000003	28.743859999999998	27.742932041	24.639980501719002	23.269122225999997	23.77735
FBgn0025820	45.32517	40.92447	49.751599999999996	45.2107	41.315870000000004	34.4288
FBgn0261562	28.016	25.33305	25.747860000000003	22.26834	26.82893	25.338630000000002
FBgn0035282	0.366022	0.0	0.0	0.643864	0.0	0.0
FBgn0035283	11.824	11.032737	12.66201649573	11.502828000000001	11.6766	11.17820008178972
FBgn0004636	164.18825999999999	153.88788	166.28759	160.4479	165.88923	166.67107000000001
FBgn0042712	48.1177	49.71014	57.4614	53.9393	45.944	41.0364
FBgn0035285	46.860963999999996	41.31096	52.79751	54.391850000000005	52.301649999999995	43.48265
FBgn0035286	2.18204	3.76694	3.62558	5.20926	2.51794	4.20222
FBgn0002183	170.3928	172.699	186.0346	189.9571	194.0224	213.8171
FBgn0035287	31.529602	28.800083653999998	21.0792742	14.20325	22.593732000000003	23.48098
FBgn0000109	20.80086	37.704679999999996	26.804859999999998	21.15386	20.25238	27.11065
FBgn0262624	0.0	0.0	0.338557	0.0	0.0	0.0
FBgn0035290	0.0	0.0	0.209271	0.0	0.0	0.0
FBgn0261723	0.0	0.0	0.179558	0.0	0.0	0.0
FBgn0035293	0.0	0.0919973	0.241486	0.0	0.175696	0.0
FBgn0288748	0.0	0.0919973	0.241486	0.0	0.175696	0.0
FBgn0035294	64.4801	62.3994	61.2494	56.9435	66.2394	56.2218
FBgn0002872	15.125511775889999	17.1447132615	15.9925357252	17.03931	17.56346300136	18.02351562257
FBgn0035295	21.469749999999998	23.89651	27.081899999999997	26.00625	22.8188	24.31231
FBgn0288310	13.7892	16.4524	14.1371	15.9662	11.8432	16.5703
FBgn0035298	41.869330000000005	40.447739999999996	44.951750000000004	40.303340000000006	41.09036	32.042010000000005
FBgn0027547	134.8022	145.6618	109.3509	124.8375	131.5487	128.1959
FBgn0262030	0.0	0.0	1.08732	0.0	0.0	0.0
FBgn0086906	1.3427731507579999	1.4362847	0.4660098287662	0.6832056	1.4292674	2.0510734
FBgn0052311	12.959171999999999	14.228247096650001	4.96708507221	7.537058	13.443708190999999	17.0682329122
FBgn0035308	0.511872137259	0.371139177429	0.460256	0.180085042178	0.354400488047	0.1016600200429
FBgn0035309	13.819	15.9037	9.86726	18.0035	16.3373	15.6231
FBgn0026570	42.26	59.3499	43.4759	51.5684	44.372	55.953599999999994
FBgn0035311	2.83734	1.71437	6.00012	2.49556	4.91116	3.28714
FBgn0035312	19.6313	22.7759	24.8239	21.3114	18.5336	24.6494
FBgn0026593	9.03312	9.15531	12.2209	6.15097	9.12562	8.97012
FBgn0035316	0.0	0.328029	0.0	0.0	0.0	0.0
FBgn0035317	0.0767303	0.185447	0.162262	0.0674875	0.0885418	0.0
FBgn0035318	41.787800000000004	34.6772	41.6023	36.6775	36.6592	28.336180000000002
FBgn0040507	0.0993195	0.1200192	0.0	0.0	0.0	0.0986274
FBgn0052301	0.117648214	0.0	0.124393768	0.41390737	0.0	0.350483977
FBgn0052305	0.117936	0.0	0.0	0.0	0.0	0.0
FBgn0035321	100.41679046746	127.53732500000001	99.936912875	111.28584736	121.20476000000001	119.67934600000001
FBgn0015359	77.7431	64.7744	93.88289999999999	63.3399	79.7952	65.4175
FBgn0015360	20.0407	23.0365	23.6449	22.7856	14.101	17.4739
FBgn0035323	59.5971	45.1464	48.9072	35.9886	43.1103	29.1491
FBgn0000543	30.8258	22.2569	37.7185	31.5461	32.2153	22.91
FBgn0035325	0.0	0.0	0.421115	0.0	0.0	0.0
FBgn0052302	0.441722	0.533793	0.0	0.388513	0.0	0.0
FBgn0035331	0.0	0.0	0.0	0.0	0.1340966	0.0
FBgn0035333	48.2952	53.298629999999996	54.5481	56.281800000000004	49.7091	51.600139999999996
FBgn0035334	107.2	105.888	125.175	98.3861	119.399	92.567
FBgn0035335	69.99031	71.5668	80.83537000000001	48.300399999999996	57.156319999999994	83.4026
FBgn0035336	10.0704	14.2288	15.2347	13.0815	15.0173	19.0771
FBgn0035337	19.4595	19.5007	20.0737	21.29	20.2643	13.1967
FBgn0266696	65.285382391412	59.080906121	65.7380651971074	58.0946785595083	67.70125365155498	62.19180655413766
FBgn0261858	0.0	0.0	2.19791	0.0	0.0	0.0
FBgn0052298	0.0	0.0	0.204279	0.339853	0.0	0.191851
FBgn0052299	0.989098	1.19526	0.204279	0.339853	1.14136	0.191851
FBgn0035343	1.69992	0.684749	1.79741	0.0	0.653867	0.562689
FBgn0035344	3.84391	2.03224	2.54023	1.90175	3.88117	3.10139
FBgn0035346	53.56722	39.81352	53.01283	42.5189	59.7347	47.27592
FBgn0035348	10.288982	12.7547	5.73945	3.71333	8.00366	7.48651
FBgn0010905	19.03133819173165	16.05901110994021	16.916206677266	13.426915093	14.56413284625118	18.250164276035
FBgn0260480	0.796548	0.0	0.84223	0.0	0.459583	0.0
FBgn0010909	269.74535465640594	247.37680953132002	241.823101584	226.351396183259	225.853053387	231.06533101999997
FBgn0261602	5170.62	3967.63	5779.55	4722.82	5073.79	3671.7699999999995
FBgn0016794	65.29301	66.60659	56.6635	59.66171	55.81362	57.53067
FBgn0062517	1.54716	0.0	2.15771	0.0	0.0	0.0
FBgn0028504	9.49662	8.44619	12.40013	10.78414	8.97393	10.9324
FBgn0035355	9.68244	10.6276	14.9653	15.1485	13.8078	14.4705
FBgn0035356	27.9602	24.7231	25.2374	23.3926	24.395	17.6072
FBgn0011828	1319.1532	1104.65466	1686.6763999999998	1192.6722	1748.6733	1041.05976
FBgn0035357	102.139333	104.90350555	104.820975	108.683471313349	107.4299	120.876266
FBgn0250911	23.6028	26.1196	13.8969	16.513	13.7457	15.9687
FBgn0035358	2.64432	2.5564	0.0	3.25611	2.4411	6.82729
FBgn0035359	2.677717	1.61793	3.77505	1.9626390000000002	3.08992	6.6476
FBgn0035360	1.17083	2.12231	1.00185	0.257449	2.02659	2.034661
FBgn0027082	10.6823	17.9289	12.8449	13.57119653	10.598980000000001	13.17920000666209
FBgn0259199	2.90086	5.64774	4.60084	5.95334	3.34741	6.27289
FBgn0259200	9.9859	5.840445	11.035350000000001	8.91152	8.841529999999999	6.2728900174025
FBgn0264606	0.114395	0.345599	0.120956	0.150923	0.0910351	0.0567988
FBgn0053233	0.457312	0.0	0.0	0.0	0.0	0.0
FBgn0053234	0.29492308	0.0	0.0	0.51879583	0.0	0.0
FBgn0052296	7.903456	7.39609	6.17039	8.0247	7.838637	7.98581
FBgn0020509	0.0	1.67764	0.0	0.0	0.0	0.0
FBgn0035370	205.281	151.272	225.853	189.703	252.886	190.075
FBgn0035371	44.6451	42.1282	47.0598	51.0232	47.0655	48.5755
FBgn0035372	45.7104	51.3843	63.6932	49.8657	30.6668	35.1873
FBgn0044452	17.126506000000003	18.74845	17.56169	18.83932	18.483669	22.416490000000003
FBgn0035374	52.6514	49.7077	55.2361	42.6912	50.7885	44.9317
FBgn0035375	28.6153	29.4061	31.7054	27.228525568000002	29.7103	31.0238
FBgn0263392	31.879109999999997	27.77552	37.0215138886326	29.38475	34.12297704937015	29.137414999999997
FBgn0262593	0.05368616071	0.110787	0.1789337	0.04721926169	0.211582	0.182078
FBgn0035380	0.0	0.0	0.287017	0.0	0.0	0.269556
FBgn0052846	0.0	0.0	0.0	0.0	0.397653	0.0
FBgn0035383	29.6095	27.7087	27.2987	37.7939	25.6256	32.8095
FBgn0035388	56.32402	48.8911	47.1252	51.632630000000006	56.7556	63.0212
FBgn0040308	78.4871	66.2749	96.1394	79.124922	91.2339	86.5949
FBgn0035390	57.7328	55.8809	61.6364	68.0332	57.5648	61.2264
FBgn0052484	32.136	22.5553	38.2693	31.8338	34.8354	21.1134
FBgn0052485	21.1574	20.5542	21.0549	28.0957	17.2336	19.362
FBgn0035392	5.91686	2.15476	8.00982	5.85357524	4.70304	4.89543
FBgn0035393	59.8553	54.872	66.9253	54.4606	69.0692	60.121
FBgn0266918	33.6995	29.835	28.0103	28.3721	27.4497	30.6012
FBgn0035397	60.568940005239014	57.83879	49.46615	45.2429700186931	43.5817878	51.941354409999995
FBgn0035398	0.103547	0.0	0.109485	0.091074	0.238973	0.20565
FBgn0266436	0.0	0.551984	0.0	0.0	0.0	0.0
FBgn0266437	0.306437	0.185155	0.162006	0.269524	0.176804	0.3043
FBgn0026189	143.01773	148.4314830094262	173.711729	170.9024533	174.18351	154.10698
FBgn0035400	71.013516	61.4047	66.895145	56.812212	72.1036060062697	69.206927
FBgn0035401	47.1447	43.7393	56.6021	54.3067	39.6608	41.0771
FBgn0035402	38.27787726	29.07544	34.85646000176435	32.43027	32.45155	35.373400000000004
FBgn0263108	83.325814759	72.9797018828537	90.860886285	75.17817169489649	82.08467043028	79.4901691727665
FBgn0266582	132.073	115.47	153.401	124.964	125.849	115.752
FBgn0035405	25.427142	18.1597969	31.6529	22.20717	24.86144	23.19627
FBgn0024194	37.7112	31.5496	33.7395	34.3283	33.1698	40.3288
FBgn0035407	6.68985	7.23329	6.32893	7.742109999999999	7.71966	9.44032
FBgn0052280	16.621825	20.60258	18.02664	30.3653	22.624380000000002	31.74385446483
FBgn0052278	29.4846	37.8117	52.1713	33.8716	49.9935	57.9604
FBgn0052281	11.0233	12.6198	15.0294	13.5226	16.4023	14.4031
FBgn0035409	2.65154	1.92253	2.8036	2.79857	3.67165	2.10644
FBgn0035410	1.91172	1.34761	1.0949	1.33114	0.643416	1.10739
FBgn0283724	25.500162	24.825913371112	27.23235915238	26.2429949	28.51472176	28.40553391837
FBgn0260026	1.22889	1.36764	3.34154	3.706147	3.74181	5.26435
FBgn0052284	0.0	1.82069	1.59306	1.32516	0.0	1.49614
FBgn0035412	1.73534	0.0	1.83486	1.5263	0.0	0.0
FBgn0260430	0.0	0.413502	0.0	0.0	0.0	0.339793
FBgn0035413	0.0	0.0	1.20178	0.0	0.0	1.12867
FBgn0035414	8.14186	7.0278	7.8709	6.13809	8.05301	4.85104
FBgn0001233	1651.964	1487.874	1941.25	1532.8000000000002	2119.47	1096.5965
FBgn0035415	24.0443	26.6346	34.9569	33.4842	24.2773	26.8611
FBgn0047135	297.905	297.286	272.14099999999996	324.2445	354.758	313.078
FBgn0286567	31.368	34.5884	37.6835	38.5918	35.4843	37.0253
FBgn0052271	4.28337	4.52915	2.83064	4.70925	4.32489	2.12675
FBgn0053159	3.38014	3.26774	5.00358	5.35135	6.24074	2.01394
FBgn0052277	0.0	0.0	1.2627	0.525179	0.0	0.0
FBgn0053160	0.620951	0.75038	0.0	0.0	0.716538	0.61662
FBgn0052269	0.422977	0.471624	0.0	0.186013	0.244044	0.210013
FBgn0052270	0.422977	0.0	0.0	0.186013	0.244044	0.210013
FBgn0035420	21.7367613	25.17599	22.16503	25.4324845	23.36947678	23.952379999999998
FBgn0035421	20.4174	22.1425	21.8651	22.5625	17.5192	20.275
FBgn0035422	3588.607274	3321.4233000000004	3663.36193	3478.5067	3607.08299	3100.5104
FBgn0035423	507.266	517.491	474.962	551.141	491.361	578.206
FBgn0035424	65.6293	59.2444	68.3408	61.7672	62.3501	58.6946
FBgn0035425	98.3481	91.1731	96.8527	88.6722	88.9255	77.4823
FBgn0035426	0.0	0.0	0.0	0.0	0.609447	0.0
FBgn0263246	1.0738	0.648809	0.0	0.472226	0.0	0.0
FBgn0035431	0.526002	0.0	0.0	0.0	0.606973	0.0
FBgn0035432	137.04542	143.4242214417672	123.536601986247	108.290621676	119.867430165944	106.2736900266228
FBgn0035434	2.35585	0.0	0.0	0.0	0.0	0.0
FBgn0035435	9.88988	9.87282	8.63846	12.48056	3.9695	10.6749
FBgn0035436	11.622679999999999	12.5155	12.3811	12.16730115541	12.3378	11.7372
FBgn0259933	9.39494	12.5155	12.3811	12.1673	12.3378	11.7372
FBgn0035437	60.51229	54.39564	64.54185	53.92576	50.01074	57.69441
FBgn0035438	530.1034	560.6411	463.37144	607.5513000000001	464.15827	545.8251
FBgn0035439	11.6723	11.645	11.4807	15.5188	10.1801	17.1168
FBgn0035440	79.5284	94.4706	73.5067	92.5511	62.4291	82.4658
FBgn0052268	2.06764	4.99721	4.37243	3.63715	0.0	4.10643
FBgn0004167	252.442275	264.73775870000003	256.91167814336	265.321	280.4355401	318.907908
FBgn0283461	0.0	0.0	2.18621	1.81857	0.0	0.0
FBgn0027616	61.9447	49.1563	69.4234	61.905699999999996	60.1836	60.1717
FBgn0035443	8.88601	4.11249	8.7959	7.31675	9.16304	5.8201
FBgn0035444	65.07131	72.78443	66.0928	59.63695	58.26012	71.70311
FBgn0035445	4.05757	1.96133	2.28815	3.56881	3.4336	4.02927
FBgn0014388	319.733	254.8854	392.7429	298.9418	353.411	301.245
FBgn0026259	121.53731909999999	130.89670420178774	149.93295462464	165.471906052028	162.931356389	175.931075944193
FBgn0287594	0.881588	12.9183	35.0296	15.598	2.39143	19.0502
FBgn0041164	47.25466	36.2180705	26.88511	40.487465	60.08153	49.67273
FBgn0010317	0.0	0.0	0.0	0.537562711	0.0	0.6069217010000001
FBgn0035449	30.2918	31.7391	36.2872	29.723	29.4994	34.7752
FBgn0052267	50.9351	64.7914	85.0362	86.0624	66.5096	87.8493
FBgn0259224	1.3190108276579	1.7997649999999998	2.099665	0.8732869999999999	1.718594	1.478944
FBgn0005640	18.515177	14.9187280042929	15.56961	13.27257	14.070058	16.252847
FBgn0035452	0.785284	2.21425	1.38387	1.84184	1.51028	1.03974
FBgn0263239	0.584999	0.996439	0.618451	0.411344	0.541435	0.465236
FBgn0035455	0.38794	0.0	0.0	0.0	0.0	0.0
FBgn0052264	18.831560819099998	16.58130207983893	20.37771153	15.374847345486561	21.7002230162168	17.338378
FBgn0035458	0.328863	0.0	0.347723	0.0	0.0	0.0
FBgn0052266	0.0	0.0	0.0	0.0	1.37172	0.0
FBgn0035461	3.76425	2.97284	2.47083	3.31435	3.45297	4.09904
FBgn0035462	8.43811	9.97032	7.9307	7.5866	4.97671	7.07582
FBgn0052262	8.66854	7.16736	10.1305	13.6436	10.0029	8.60808
FBgn0035464	28.1947	33.766	42.3823	38.63188	35.98427	34.73114729
FBgn0004888	150.1603	134.08350000000002	166.5933	133.0478	157.0576	123.0371
FBgn0004875	31.05315685	26.114807277	31.565295103300002	25.496690051425183	32.61507594	27.521515522
FBgn0064227	0.0	0.0	1.70543	0.0	0.0	0.0
FBgn0026592	0.312472	0.755206	0.0	1.09933	0.360573	0.310293
FBgn0035468	0.0	0.0	0.0	0.0	0.0	0.303701
FBgn0035469	40.6796	51.8896	45.402	44.7242	36.5102	54.9832
FBgn0035470	12.2568	12.343	8.02269	7.44359	8.41878	8.69379
FBgn0003943	289.09503	383.46634	405.589	434.18271	409.14658000000003	367.55726
FBgn0035471	62.6407	67.4017	75.7598	72.4539	63.8668	69.8727
FBgn0041147	2.8155	3.82765	4.65152	4.95271	2.8428	3.14535
FBgn0035473	84.88198076313999	73.9745	93.92859	85.7614	100.407	101.603
FBgn0004910	0.0	0.0	0.174674	0.0	0.658668	0.0
FBgn0035475	4.4405149999999995	4.9533	7.22335	3.3047500000000003	4.335744	6.105516000000001
FBgn0035476	2.66244	1.08237	1.87675	1.5747	1.02409	1.76258
FBgn0027552	53.2846	57.52	61.8822	43.7795	53.4231	59.8524
FBgn0035477	4.37593	3.924543	4.892437	4.28464	4.03582	3.875407
FBgn0035480	4.57312	6.18076	6.489599999999999	8.99715	12.98442	10.158
FBgn0035481	0.0569463	0.0	0.153019	0.0	0.0	0.150138
FBgn0035482	13.3475	14.714682	12.379796	11.32773	7.295738	11.394148999999999
FBgn0035483	29.901200000000003	19.91983	29.58933	26.973660000000002	23.002740000000003	24.7439
FBgn0035484	1.08238	0.33059	0.788463	1.12547	0.668834	1.25983
FBgn0035486	0.356293	0.0	0.0	0.0637144	0.0	0.0
FBgn0045476	0.0	0.0	0.0	0.0637144	0.0	0.60836
FBgn0052255	0.0	0.0	0.0	0.0	0.359706	0.0
FBgn0035488	18.43258	12.8128	21.559350000000002	18.36434	16.9407	19.9238
FBgn0263832	36.4699	30.0976	40.9127	40.6828	37.4649	39.7487
FBgn0035490	0.0	0.0	0.0	0.0	0.0	0.154094
FBgn0024179	0.0967436	0.0	0.1022918	0.25527	0.0	0.0960688
FBgn0016013	0.318098	0.0	0.0	0.0	0.367065	0.0
FBgn0035496	20.9274	25.2894	3.7664	1.56651	5.13806	4.86374
FBgn0035497	9.29733	9.55455423	8.3092613858701	6.98788214031	7.885946495	7.997719999999999
FBgn0035498	18.68267	18.098019999999998	16.540979999999998	18.31286	17.18963	18.579
FBgn0028484	20.9465	17.9204	17.7378	18.4233	17.2191	19.696
FBgn0035499	424.78303999999997	368.152	377.927	317.709	355.56	281.815
FBgn0264693	97.7497343238	96.18068125445001	87.5409547	90.741493	95.8198734	87.7640313
FBgn0260985	117.704	94.6563	109.396	99.8412	129.539	112.307
FBgn0004574	124.5442	105.3989	121.0537	104.6086	110.01773	113.11290000000001
FBgn0003206	43.7681	43.6351	52.6415	46.1951	44.1924	41.2897
FBgn0004552	0.0	0.0	2.43922	0.0	2.66203	2.29083
FBgn0052260	0.352417	0.425873	0.0	0.196829	0.0	0.699917
FBgn0035501	0.0	0.303057	0.467852	0.441151	0.0	0.249035
FBgn0259986	0.5333685	0.42968829999999997	0.187976	0.31274759999999996	0.2051485	0.17655089999999998
FBgn0011653	0.1124831	0.0	0.0	0.19786720000000002	0.0	0.2233975
FBgn0261274	30.6719	37.3122	30.2689	41.1853	30.9103	44.0626
FBgn0040696	0.0	0.0	0.291702	0.943433	0.0	0.273956
FBgn0035504	0.460382	0.370895	0.0	0.26995	0.0	0.30478
FBgn0035505	0.15674	0.378821	0.0	0.13786	0.361736	0.0
FBgn0040697	0.0	0.338672	0.296329	0.0	0.0	0.0
FBgn0028664	14.3747	20.266	11.3993	17.9111	12.4406	14.2744
FBgn0003710	0.103962	0.0	0.0	0.118912	0.0	0.0
FBgn0263110	15.761500000000002	18.218605027709998	17.73164	19.83415673	17.7736645	21.01607
FBgn0035508	0.158724	0.383616	1.17479	0.418814	0.183158	0.157617
FBgn0035510	0.0	0.0	0.0	0.419499	0.550372	0.94725
FBgn0035511	0.0	0.0	1.16433	0.0	0.0	0.0
FBgn0035512	1.12508	1.35959	1.78441	1.97911	0.0	5.58617
FBgn0035513	1.02025	0.616454	0.539381	0.897353	0.588652	3.0394
FBgn0001257	114.04482	116.43567	102.41709	124.56700000000001	94.98349999999999	143.48022
FBgn0287590	47.3458	32.904	47.5365	54.149	44.6487	43.9347
FBgn0035515	16.67085	23.720730000000003	18.61772	21.142539999999997	12.25803	20.20687
FBgn0011692	67.7151	64.4953	63.127	46.7146	67.9987	73.2741
FBgn0041171	34.971629899999996	32.4432339	40.74084658	34.835300338463995	39.3431	38.001280028035
FBgn0035517	58.709	41.8209	56.1951	48.9193	55.6234	68.1184
FBgn0035518	16.7825	18.9286	17.914	19.8218	18.8127	19.205
FBgn0035519	39.0655	48.3978	44.5204	36.5149	31.5188	27.5754
FBgn0035520	42.266799999999996	34.330200000000005	32.23594	32.2999	29.58365	39.21968
FBgn0035523	0.855069981	1.239957471	1.084924848	2.256213035	1.184029703	0.3396422868
FBgn0035524	51.632	49.9152	68.2414	58.0632	72.7728	72.8794
FBgn0035526	51.3035	49.6905	56.6838	47.6587	51.4406	45.7939
FBgn0015829	25.1522	19.8948	22.7263	15.6868	15.8313	15.4402
FBgn0041630	24.57397	21.35175420492	39.781630179942496	33.0460339236	9.35484	8.66962
FBgn0035528	129.768	148.976	134.092	168.611	145.661	188.023
FBgn0035529	25.7583	24.7603	37.7583	43.2514	28.3723	30.2293
FBgn0066365	0.0	0.188574	0.0	0.0	0.0	0.0
FBgn0052251	14.86647	14.5835	15.071850000000001	15.4601	21.89783	22.231090000000002
FBgn0052250	28.0187	25.01110922	30.3756	21.21228	29.467000000000002	22.1583
FBgn0035532	19.1105	21.1284	21.4963	23.961	17.3603	14.9395
FBgn0035533	98.086768768	83.952440193	89.7850660341379	78.19472645900001	89.10877394	94.90524679786999
FBgn0035534	12.7258	13.9803	22.01829	22.3858	12.0148	16.08348
FBgn0053514	0.0	0.0	0.838793	0.0	0.457707	0.0
FBgn0035537	2.02985	3.67941	3.75595	0.892668	4.09905	1.00784
FBgn0035538	0.174625	0.258453	0.0	0.0	0.0	0.0
FBgn0035539	0.20405	0.0	0.0	0.0	0.470922	0.202627
FBgn0035540	10.80556	8.24704	9.01994	9.25384	9.51576	8.18882
FBgn0035541	88.6402	106.133	92.86383000000001	99.4204	127.62178	135.66682999999998
FBgn0035542	9.92777	14.749000000000002	7.0017738	8.1305806992	7.35764	10.726927
FBgn0035550	0.219489	0.0	0.0	0.0	0.0	0.0
FBgn0035553	0.161695	0.0	0.0	0.142218	0.373172	0.0
FBgn0014073	0.077172	0.0	0.0	0.0	0.0	0.0
FBgn0035557	0.286769	0.173271	0.151608	0.126113	0.0	0.264749
FBgn0052243	23.215	33.2731	23.9755	25.167	25.8541	29.7545
FBgn0035558	139.8058364	133.5614	119.60424	116.85193	121.18501553040001	116.83995999999999
FBgn0053777	0.0	0.0	0.0	0.0	0.0	1.20626
FBgn0260657	1.36304876177	1.86453990412	0.562663781059	0.84958112167	1.36764679031	0.4328614558
FBgn0262733	4.5414670037855	5.16608560947275	7.827306028428	7.54499	3.3201	4.00869000194076
FBgn0052246	0.0	0.0	0.262123	0.0	0.0	0.0
FBgn0015805	104.802	91.7514	118.499	96.7953	113.944	108.683
FBgn0262870	0.62540200222354	0.831763	0.18034600732568	0.49866000205571	0.7216730210295	0.56954100088319
FBgn0035574	0.0558915	0.0	0.0	0.049073	0.0	0.0
FBgn0035569	0.0	1.06276	0.0	0.0	0.0	0.0
FBgn0035571	0.0	0.0	0.0	0.35429151631	0.0	0.0
FBgn0035575	0.220987	0.267048	0.23366	0.194367	0.0	0.438891
FBgn0042131	0.0	0.0	0.355851	0.59202	0.388357	1.33681
FBgn0261797	42.9906053	46.7054617	43.688293656999996	41.683358395999996	45.830614858	48.319427995
FBgn0027085	9.23217	8.99179	10.053	8.96845	6.5192	10.5361
FBgn0035577	0.0975692	0.235812	0.103165	0.0858162	0.225177	0.484443
FBgn0035578	0.0	0.0	0.520923	0.0	0.425976	0.489232
FBgn0035581	0.0571304	0.0690385	0.0604069	0.0753729	0.13185	0.028366
FBgn0035582	0.290737	0.0	0.0	0.0	0.335492	0.0
FBgn0005775	0.0721313	0.0	0.115484	0.0	0.0	0.108459
FBgn0035585	0.891549	0.0	0.0	0.0	0.0	0.0
FBgn0035593	11.4876034216	15.72345	19.94858	15.838458233	16.14039	13.2437
FBgn0035592	58.5163	47.1422	66.2917	73.5251	54.6624	58.1082
FBgn0035591	5.50159	6.18981	8.22418	9.34404	8.53761	7.72385
FBgn0035590	19.2575	7.75714	12.8204	10.6645	13.9916	9.20744
FBgn0035589	47.9969	40.0996	30.7003	32.3129	30.7696	39.4242
FBgn0035588	18.4893	15.9594	20.9461	26.7163	15.7476	20.1089
FBgn0035587	0.592554	1.0741	1.767439	1.05157	0.692178	0.595729
FBgn0035586	29.212509999999998	27.6149	31.6352	28.67337	27.4502	23.3884
FBgn0028962	9.99335	11.457	10.1601	12.7336	9.60973	10.1781
FBgn0263831	4.68558	5.88871	5.74698	4.28601	7.78587	5.02513
FBgn0010747	42.382	43.4559	51.6024	53.8442	54.0931	57.178
FBgn0052423	97.501155845	96.49667000000001	92.832617	83.7698607572	90.5918500531844	78.884674
FBgn0035598	0.0	0.493941	0.0	0.719015	0.0	0.405893
FBgn0016031	35.9443	28.7089	33.2785	31.069299999999995	42.74212	24.25639
FBgn0287586	11.1048	9.8719	14.3961	9.20399	8.64112	19.2664
FBgn0004380	16.8499	22.3781	22.4026	24.2112	21.3688	23.0277
FBgn0035600	171.75799999999998	136.552	174.2224	119.62633000000001	183.4993	158.31889999999999
FBgn0035601	205.09802619939998	193.52	215.422	199.53170002894888	236.04199590000002	226.093884
FBgn0260856	36.5711	34.9274	46.7764	39.4291	49.0073	40.4162
FBgn0035603	99.4389	137.917	136.206	142.124	161.688	178.415
FBgn0035607	0.109931	0.0	0.0	0.0	0.253706	0.109164
FBgn0035608	233.084	266.727	216.462	225.156	219.451	305.12
FBgn0035612	0.27835	0.466704	0.612531	0.0	0.160599	0.5752669
FBgn0010894	4.58293	6.29338	5.50654	6.04632	7.69222	8.48134
FBgn0029118	44.5004	45.5849	40.197199999999995	41.9913	42.8489	49.4577
FBgn0029121	18.8556	19.2803	16.1029	15.9464	13.3896	13.683
FBgn0040239	22.3816	21.4783	22.2731	23.449	20.8894	22.2255
FBgn0015766	0.0	0.9443397385003	0.342364	0.284791	0.560458	0.321536
FBgn0035617	10.2597	12.5368	12.2603	12.3863	11.8363	14.2875
FBgn0003486	0.0	0.735033	0.0	0.348664	0.234393	0.0
FBgn0035619	0.0	0.303057	0.265167	0.0	0.0	0.0
FBgn0035620	0.0	0.0	0.0	0.0	0.0	0.241706
FBgn0035622	54.3315	50.1513	57.9498	52.1057	61.4156	53.3233
FBgn0035623	27.5234	33.2603	19.9236	23.2769	24.9196	23.3369
FBgn0035624	9.35255	15.5402	10.507	12.3389	13.4903	9.86778
FBgn0035625	0.0	0.0	0.0	0.0	0.0	0.103486
FBgn0085447	0.159178671	0.06411902100000001	0.0561021399	0.0	0.0612270035	0.0526894924
FBgn0035627	6.87818	8.78681	6.02591	8.98805	7.25667	10.538
FBgn0263106	57.52132	60.83413	61.796749999999996	59.96271	62.43693	58.839400000000005
FBgn0016756	9.7213	12.45953	10.26088	10.170491	13.25245	11.370462
FBgn0035630	218.7537	186.06095	269.133	242.9479	308.73199999999997	234.99402
FBgn0035631	77.4066	84.3902	85.8492	83.2528	89.3222	92.3235
FBgn0035632	17.4819	14.9123	16.8535	13.1149	13.3498	15.0623
FBgn0260936	48.759029999999996	45.5329934	55.74895000000001	51.80039500303578	59.9566001	56.2672985
FBgn0052418	18.0918	23.7368	20.769	19.095	28.0346	27.7184
FBgn0040298	12.7265	12.681	13.4563	10.2116	16.489	15.2983
FBgn0044419	8.730730227472	10.057680480638	13.48014	20.3394	12.60297127314	21.65464623
FBgn0260458	7.391439999999999	9.42883	9.437470000000001	8.984210000000001	7.29189	7.45461623
FBgn0086694	25.02365	31.88145	31.72658	29.6777	33.5794	35.98058
FBgn0035638	0.58674	0.709038	0.0	0.258031	0.33853	0.582648
FBgn0283472	108.79808000000001	101.7504	104.28402000000001	108.6934	102.61991	104.04622
FBgn0259167	4.228289999999999	4.53074	5.51696	5.21463	4.68262	5.27905
FBgn0035639	76.73310000000001	51.7926039	79.18971	74.9894	75.8193	57.6504
FBgn0035640	55.2617	45.532	40.5033	29.2734	48.551	40.5336
FBgn0003984	0.605091	0.486775	0.640904	1.151449	1.048878	0.701744
FBgn0035641	14.9855	15.914	16.085	13.1804	15.4583	14.6555
FBgn0035642	13.29024	13.0644	11.685	13.412379999999999	13.1066	11.539069999999999
FBgn0035643	0.0	0.0	0.0	0.430594	0.0	0.0
FBgn0035644	11.4866	7.8868	10.2131	11.9398	13.556	13.9988
FBgn0035645	0.0	0.0	0.0	0.0	0.0	0.26918
FBgn0052409	74.2025	69.1862	80.8476	69.9023	111.704	86.7762
FBgn0052412	74.6895	76.7937	86.8266	89.2838	67.1401	88.9203
FBgn0052407	15.91833	13.03104	16.28827	15.807369999999999	17.18364	15.8073
FBgn0053523	46.987700000000004	46.346233999999995	56.530232	61.1661	50.417643999999996	63.00304
FBgn0002638	99.3429	95.3925	122.9142	103.87719999999999	110.1045	98.6503
FBgn0053993	0.0	0.0	0.186398	0.0	0.0	0.345572
FBgn0035656	0.0	0.0	0.0	0.0	0.3042497	0.0
FBgn0035667	0.0	0.0	0.621798	0.0	0.0	0.0
FBgn0028980	8.70483	10.156500000000001	12.37786	11.35239	9.69844	11.0287
FBgn0035669	0.0	0.0	0.292325	0.243166	0.0	0.0
FBgn0035670	3.69201	1.27473	1.67303	1.85559	4.26034	2.61875
FBgn0259164	0.718845	0.21717	0.950089	1.42257	0.622126	0.535374
FBgn0035673	0.323391	0.390797	2.05162	2.27549	1.11952	1.60568
FBgn0035674	13.7766	20.2389	16.2804	19.9575	17.1441	23.0691
FBgn0035675	36.77042	40.202799999999996	61.095800000000004	32.341139999999996	44.4512	38.2527
FBgn0035676	0.525406	0.317408	0.831339	0.232223	0.46238396239999996	0.294967
FBgn0035677	0.3305566	0.0	0.0	0.2907398	0.0	0.164127
FBgn0035678	7.61309	5.41173	9.94375	9.45323	8.78502	7.55999
FBgn0035679	24.5657	23.0503	23.8354	25.6736	25.0122	26.6903
FBgn0061492	18.8654	27.8982	33.13624	29.015819999999998	16.356066781	25.30372
FBgn0002440	0.366367	0.0	0.300225	0.0	0.211382	0.197849
FBgn0035686	0.746095	0.0	0.0	0.0	0.0	0.0
FBgn0035687	0.0	0.0	0.66885	0.278187	0.0	0.62816
FBgn0035688	1374.88867	2033.933876	1323.1873389999998	1292.444772	1630.583607	994.57636
FBgn0035689	7.79482	8.6759	8.45875	10.8251	8.52132	9.77742
FBgn0035690	10.6948	13.5868	15.2225	13.5068	11.9911	11.5733
FBgn0022699	10.9162	10.7703	16.6137	14.3022	17.141	13.8288
FBgn0262985	1.54252	0.0	2.44648	4.07014	0.0	0.0
FBgn0022935	15.9107	14.7083	17.4092	14.4244	17.5932	12.2058
FBgn0035691	1.32862	1.83491	2.40825	3.33879	2.1902	2.07327
FBgn0035692	60.9221	57.9843	82.0877	83.4576	74.033	73.3462
FBgn0024921	35.01676691648	36.160500373169	33.738665126871	36.3797579	34.9184189	34.9733000439641
FBgn0035693	0.622709	0.577599	1.13481	0.801301	1.08459	1.69081
FBgn0002526	346.262	342.278	452.535	428.235	449.685	398.501
FBgn0035695	0.0	0.0	0.0	0.183714	0.0	0.0873115
FBgn0004513	0.0	0.0	0.0	0.0	0.0	0.0980702
FBgn0035696	0.116104	0.140304	0.0	0.0	0.0	0.0
FBgn0035697	0.0	0.0	0.80511	0.669719	1.75731	1.89032
FBgn0001258	300.99350000000004	313.6001	292.3950306187	443.7131	282.603	238.661862348
FBgn0041623	0.375934	0.0	0.0	0.0	0.0	0.373312
FBgn0035699	0.0947163	0.0	0.0	0.0	0.0	0.0
FBgn0035702	3.46846	2.99387	2.88151	2.17904	1.34633	1.96815
FBgn0035703	3.74713	6.19644	5.83878	2.60192	4.09637	4.11268
FBgn0035704	8.75295	9.9402	7.69386	10.6667	5.71947	7.2258
FBgn0020251	2.808628206	3.988013826	3.26668	2.840864921	3.48406	6.2258764079999995
FBgn0052396	0.26808	0.0	0.0	0.235787	0.0	0.0
FBgn0042185	10.990476000000001	12.992652999999999	13.59418	10.96121	9.7034332	13.623864000000001
FBgn0263973	0.26162912634	0.94848654722	0.5532671881	0.34517033054	0.21785	0.38970630514000004
FBgn0002926	0.484019	0.701887	1.63769	1.49	1.67558	1.97064
FBgn0286051	31.89931	27.9072	41.90267	37.83278	40.13178	38.50003
FBgn0024177	12.689	10.09787	19.3069	14.42694	19.64202	13.8298
FBgn0035708	31.77142	25.77424	25.790840000000003	20.79346	25.47925	23.1893
FBgn0004619	0.0	0.0	0.113821	0.0	0.0	0.0
FBgn0035710	0.147632	0.0	0.0	0.0	0.170358	0.0
FBgn0005626	0.0	0.321188	0.140516	0.350658	0.661582	0.142332
FBgn0261934	22.84476	22.34749	28.46555	23.41409	27.922719999999998	26.53418
FBgn0035713	60.80159	51.038039999999995	81.92919	67.79939999999999	80.54571	86.39557395
FBgn0035714	32.44034	43.3287	42.72567	42.54871	34.80719	32.779250000000005
FBgn0035715	89.87378	84.4339	86.32719	87.06619	86.75203	82.62542001508842
FBgn0052392	0.0	0.203526	0.0	0.0	0.0	0.0
FBgn0086680	0.0	0.0	0.0	0.0	0.0	0.0928688
FBgn0041194	0.0	0.0	0.0	0.222296	0.0	0.0
FBgn0035719	4.15739	4.94461	3.4461310153844997	3.439933	6.51893	6.199420438943
FBgn0035720	122.951	122.17838	134.6467	130.77100000000002	114.2676	99.8723
FBgn0035721	23.5982	32.4777	31.189500000000002	32.286600182627	27.0679	31.89583
FBgn0035722	41.6082	32.1438	38.5371	32.0813	41.4477	33.3755
FBgn0029117	16.802	18.1091	18.7259	15.5768	13.6243	12.1754
FBgn0261445	271.127	212.242	267.274	234.021	270.082	250.828
FBgn0035724	0.53493	0.215476	0.188536	0.940986	0.205758	0.354132
FBgn0035725	49.8042	51.3776	41.743	28.3129	28.7354	31.966
FBgn0035726	190.627	174.516	221.156	226.516	212.75	190.732
FBgn0035727	11.7605	10.4719	16.3618	17.4212	4.99979	11.0638
FBgn0001104	308.808	302.513	285.154	310.411	293.672	342.403
FBgn0045759	0.175651	0.0	0.0	0.0	0.0	0.0
FBgn0260660	0.133855	0.161756	0.141532	0.235463	0.249127	0.20849457058067
FBgn0053556	0.594973	0.399437	0.419396	0.523304	0.533992	0.65647
FBgn0002775	19.9735	17.5058	19.7265	26.0618	23.0482	26.5909
FBgn0035741	0.207869	0.0	0.0	0.0	0.0	0.0
FBgn0010387	0.0	0.0	7.43907	7.73511	2.39868	2.06419
FBgn0023001	0.0	0.0	0.0	0.0	0.11593226599999999	0.0
FBgn0259173	16.52897	20.08351	26.09914	24.636873129999998	29.2464318	24.999658500000002
FBgn0040837	42.5158	39.1448	65.3569	97.40984	73.2013	66.127
FBgn0265296	0.456063841711	0.475877	0.1899694	0.381986554	0.448787	0.17840229999999999
FBgn0035751	2.20444	0.887974	2.71934	0.646298	1.27189	1.45937
FBgn0261111	8.87348	5.53447	8.77706	11.581	6.60608	7.67461
FBgn0035753	2400.617	1936.841	2771.6099999999997	2059.642	2504.0688	1833.70205077
FBgn0024542	20.150190000000002	15.05287	19.368949999999998	16.75625	16.4878	19.282
FBgn0028648	38.8716	31.3159	38.0563	34.8223	29.9035	33.5967
FBgn0016036	0.487723	0.0	0.0	0.857946	0.0	0.484322
FBgn0012058	24.12223	25.37948	28.8049	27.7609	26.727600000000002	28.00591
FBgn0035754	18.8595	15.8268	16.6176	17.97	13.2994	15.6066
FBgn0035755	0.0	0.2983822	0.0	0.2171764	0.2849163	0.0
FBgn0035756	0.0508857	0.0	0.0	0.0	0.0	0.0679346
FBgn0035760	6.72684	3.48384	5.08045	4.2261	2.77227	4.29424
FBgn0035761	17.6963	18.9548	21.80669	18.5715	20.4204	23.37396
FBgn0035762	15.584	17.1203	15.7288	18.3796	15.3264	22.5096
FBgn0035763	37.05544	46.5527	39.95644	40.820440000000005	46.146559999999994	46.451699999999995
FBgn0002909	5.9463716911971	7.0504000297405	7.768330208949	7.6029762863997	6.564258000000001	7.326524020000001
FBgn0259203	33.8538716911971	55.7289000297405	42.731030208949	49.5734762863997	54.671658	30.87872402
FBgn0264302	14.2097	13.7373	14.204659999999999	13.4701	12.9355	15.208095669
FBgn0264303	14.2097	13.7373	14.204659999999999	13.4701	12.9355	15.208095669
FBgn0035766	26.97108	26.44603	37.5236	29.44471	27.71038	30.54205
FBgn0011640	112.04267	81.19699	119.379622	85.14445	95.67049	74.2361
FBgn0035767	45.78537	45.178290000000004	46.621100000000006	45.31856	38.345440006027694	48.230818189
FBgn0035768	0.633603	0.0	1.00491	0.835921	0.731138	0.314592
FBgn0015298	68.4961	55.8719	95.9623	80.578	75.0881	68.8686
FBgn0019662	47.72142684	46.71857	45.918189999999996	52.931990274	45.85513400000001	46.72103042862
FBgn0035769	23.3836	16.7452	24.572	21.9633	26.3169	25.9438
FBgn0035770	35.0814	42.1806	50.1412	48.647943330000004	42.1976	55.6686
FBgn0035771	97.7099	89.4983	110.201	103.003	114.712	104.059
FBgn0035772	265.54503	276.38223	244.906519	260.06827999999996	248.836579921	244.12709
FBgn0082598	213.87049	184.04252	232.33540266792	194.355422	206.189900016736	192.560300085606
FBgn0052380	50.052	49.6838	52.407	56.8867	50.631	55.6737
FBgn0016983	73.01297135373001	71.49122970712929	75.4055078582083	65.363341529	84.4966350496772	79.78289000000001
FBgn0035776	0.709335	0.646577	0.282869	0.470601	0.617416	0.26566
FBgn0035777	0.244937	0.0	0.0	0.215433	0.565284	0.486458
FBgn0259935	0.770388	0.53198	0.465468	1.54877	0.634984	2.29504
FBgn0014011	67.1418	73.877	60.903999999999996	56.256699999999995	72.1762	63.515299999999996
FBgn0035782	0.0	0.0	0.893497	0.743243	0.0	0.0
FBgn0052383	0.0	0.0	0.574034	0.0	0.0	0.0
FBgn0052382	0.0	0.0	0.892526	1.32175	0.974056	0.497428
FBgn0053278	0.0	0.423951	0.0	0.308566	0.404831	1.04514
FBgn0035789	3.82702	3.96403	3.75746	1.44258	2.83894	5.15758
FBgn0015033	0.0	1.01237	0.295265	0.982447	0.0	1.94111
FBgn0035791	2.0824	0.838818	2.20183	2.7473400000000003	2.40296	2.06788
FBgn0035793	46.28415	39.916362245699865	52.157580848724706	46.22064571	48.8378364074	48.0734
FBgn0268063	0.298324	0.41169	0.240145	0.0998807	0.262082	0.451071
FBgn0028582	42.125695	45.58904700000001	42.716269999999994	39.200329999999994	41.43088	44.7454218
FBgn0035795	0.0890532	0.0	0.0	1.47851	0.0	0.0
FBgn0035798	0.0	0.0	0.0	0.0	0.0	0.0792616998769
FBgn0035799	0.11733	0.0	0.0	0.0	0.0	0.0
FBgn0035800	0.0	0.0	0.0	0.0	0.0	0.176097
FBgn0035802	0.0	0.0876916	0.40374150000000003	0.223898	0.293748	0.126393
FBgn0053276	8.09824	9.78621	19.266	14.2455	4.67243	12.0626
FBgn0035805	20.2865	29.2598	22.8338	27.052	20.3888	25.3437
FBgn0052373	0.0	0.29122	0.0	0.0	0.0	0.0
FBgn0035806	1.48933	0.0	0.0	0.0	0.0	0.0
FBgn0035807	17.9045	16.1324	20.9241	20.1682	18.1233	26.6694
FBgn0261788	0.45182	0.1819983953	0.199325	0.331612	0.3537346	0.374398
FBgn0265084	0.0	0.0721023	0.0	0.0	0.0	0.0
FBgn0035811	65.6047	65.449	89.4613	68.8268	73.2228	76.2152
FBgn0035812	11.39497	12.659609999999999	13.8862	14.14446	12.6458	19.07206
FBgn0035816	0.0	0.0	0.0	0.0	0.19873860000000002	0.0
FBgn0023076	0.137404	0.336528	0.0	0.0	0.478217	0.0
FBgn0052369	41.48034	45.6572	40.26597	55.2091	43.367399999999996	53.3994
FBgn0016694	19.9064662392312	23.298182560016002	16.585779250537	16.21998452378	21.12666285977	21.116966167183598
FBgn0052365	0.191288	0.0	0.198907	0.0	0.0	0.376278
FBgn0003041	35.842960000000005	31.73391	31.314690000000002	26.68177	40.251810122322006	39.00034
FBgn0035824	9.52388	10.2302	9.32415	7.75616	15.0603	11.9094
FBgn0035825	28.9578	32.5235	38.5433	35.9571	24.3736	24.0196
FBgn0024187	18.6645778	17.60967341212	17.52660001352054	16.582328471	19.0651169599255	21.889700235842
FBgn0035827	32.4971	33.9843	40.9687	41.7745	31.7304	36.6146
FBgn0010406	52.0412	56.1504	51.3761	60.0179	49.0222	46.9322
FBgn0027554	34.0668	39.7397	31.8563	38.7962	27.2677	36.3712
FBgn0035829	114.90646	106.855	145.334	117.814	125.272	106.934
FBgn0035830	96.4695	95.1477	111.002	97.6388	115.822	89.105
FBgn0035831	24.6327	26.1369	41.9267	31.7056	42.2901	32.8134
FBgn0011817	5.36438120613	5.803795	5.81143	5.57181	4.8113915	6.11151
FBgn0026263	6.412436	4.91116	10.8692	11.5646	12.332569	9.399945
FBgn0262579	126.37572	123.81414	107.64887490000001	107.5075400159131	124.97362773	123.51217
FBgn0260967	0.0	0.0	0.626537	0.0	0.0	0.0
FBgn0035833	14.6748	12.0001	15.633	14.945	12.6048	12.9289
FBgn0028379	2.18073	0.0	2.3058	4.79511	0.0	1.08276
FBgn0027549	30.5617	38.411669999999994	39.99304	38.577999999999996	33.243456	38.6181
FBgn0262716	204.4546	176.9143	242.86860000000001	204.74079999999998	216.1858	210.82649999999998
FBgn0026252	172.865	173.48	205.504	194.1	215.614	205.358
FBgn0035838	9.11646	10.0986	9.37153	10.2456	7.30542	12.322
FBgn0035839	4.31307	7.81811	6.27059	7.11286	3.73276	4.81836
FBgn0042112	56.4688	53.9564	70.8156	56.5969	37.8845	33.9058
FBgn0029113	117.71	110.488	133.144	111.235	140.462	133.742
FBgn0010350	43.74084	56.747	48.72483	59.09191	43.754000000000005	54.7147
FBgn0035842	6.49436	6.10439	7.90958	10.27063	9.701360000000001	9.35778
FBgn0002899	10.5623	12.0217	15.5833	15.1232	15.7312	17.4403
FBgn0035844	1.26655100255	0.337092	1.94791	2.02542	1.46152	0.969512
FBgn0259916	12.4352	11.6878	10.658710000000001	10.5322	7.44045	13.65258
FBgn0264478	0.0	0.0	2.77708	0.0	0.0	0.0
FBgn0040290	9.47303	8.63418	9.67678	8.54376	12.1356	9.5664
FBgn0020392	40.4862	35.2376	45.1014	35.8213	40.3225	36.6142
FBgn0035848	11.9036	13.1447	13.8884	15.8851	13.736	13.2472
FBgn0035849	16.757176	16.147200596595003	16.2691	18.75829	19.6242	19.3002766404
FBgn0035850	53.145610000000005	47.51505	59.17475	59.346464282186005	62.229060000000004	62.076203
FBgn0035851	11.4219	11.434	10.0934	12.6762	7.56684	13.1402
FBgn0035852	0.593912	1.79426	1.25595	0.261185	0.342668	2.06419
FBgn0035853	104.1042	89.4738485229	92.67830242599999	108.269	104.9142091	108.57820000000001
FBgn0035854	21.553305899999998	11.0852329289	17.9916	14.9661	20.0714	19.60462
FBgn0035855	1.02204	3.70521	0.720435	0.898926	2.75186	2.02982
FBgn0035856	0.0	0.0	2.83454	1.17894	0.0	0.0
FBgn0052364	50.0236	43.258	56.7745	69.4278	68.3156	70.6383
FBgn0035857	0.0	0.0	0.0	0.0	0.0	0.251633
FBgn0265089	0.0	0.0	0.0	0.40653	0.0	0.0
FBgn0035861	0.0	0.0	0.0	0.0	0.314774	0.0
FBgn0263219	0.15654930830000002	0.2559243567	0.0	0.170095	0.11858559510000001	0.10205021389999999
FBgn0027569	91.018693	73.2694763	74.602	65.3915	77.24636	75.26647
FBgn0035865	0.0	0.0	0.0	0.0	0.0	0.26918
FBgn0015793	20.0417	21.40294	20.2054	32.8137	18.28656	24.0674
FBgn0035866	20.4587	19.3664	18.0267	16.4948	22.8211	16.2528
FBgn0035867	14.2099	16.9458	20.9557	19.4051	16.1816	16.1531
FBgn0035868	16.002	12.8916	18.6822	20.5252	18.0806	26.153
FBgn0087039	21.7971	30.7305	25.448	32.7513	36.1567	36.9771
FBgn0035870	0.841983	0.339161	0.890271	0.987413	0.64773	1.11481
FBgn0035871	166.12059	168.65	143.038	168.2323	150.5732	186.46388
FBgn0035872	121.4892	94.6181	134.7545	106.553	131.3625	115.2251
FBgn0035875	0.0	0.0	0.0	0.426299	0.559293	0.0
FBgn0035876	19.162	18.7454	14.4721	16.8538	17.9	14.9509
FBgn0011762	10.2144	6.17174	7.50015	7.48668	9.49491	9.01616
FBgn0035877	7.22204	6.93056	4.71649	8.22035	6.37288	8.22632
FBgn0035878	49.722300000000004	52.3904	65.0051	48.25693	72.3564	57.1589
FBgn0035879	26.49448	27.832	32.4051	27.5041	28.04867	27.637700000000002
FBgn0035880	2.7568054860037	2.22094551	2.9012390395	2.17815	2.423728409042	3.7017600129536
FBgn0001248	155.8154931	154.951530037	153.145526933592	159.55437798	156.56855000000002	136.72481892913217
FBgn0001253	0.0	0.0	0.0	0.058503023834	0.0	0.536117577547
FBgn0035888	4.93455	7.55509	9.263698	5.36139	4.68933	6.0531559398
FBgn0035889	7.479895425177	13.230043	13.891879	13.96223000177283	11.16033	10.864777
FBgn0053057	7.47673	7.68641	5.5561900209795	7.67412	5.7116900147705	10.4396
FBgn0035890	9.94335	11.4572533	11.742897	12.6627	9.80443	16.6401
FBgn0265102	4.86586	4.14278	5.02798	4.27972	3.31789	4.7221
FBgn0266667	23.3043	24.1065	26.2178	20.9126	23.4495	24.6228
FBgn0010431	0.870583	0.526022	1.38077	0.382857	0.0	0.432256
FBgn0052354	0.636821	1.07738	0.269337	0.784155	1.02879	0.252952
FBgn0020224	23.62906	21.977339999999998	26.93516	26.29907	28.18535	28.422430000000002
FBgn0263352	41.72855000069913	45.94558	44.719030011004605	48.45244000048946	45.43889	46.97170000611915
FBgn0035896	25.72641	21.71952	27.57443	17.97802	21.55327	19.59765
FBgn0010825	16.80342383	17.8545346342026	17.4291980434087	16.9237660197386	16.045843205661498	19.1046210229684
FBgn0262719	0.2024820880096	0.30585923268	0.26761872808700005	0.267138101855	0.116826247508	0.1508030486682
FBgn0035900	15.6077	14.2731	17.1718	15.9537	13.1426	13.6138
FBgn0035901	9.35976	8.40449	13.4285	12.6331	10.6424	12.2495
FBgn0035903	0.967447	1.2013800019316598	2.06667	2.8418100016932	1.8641900130622	1.94802
FBgn0035902	5.89708	8.9078	6.75488	5.61895	4.53656	4.87995
FBgn0035904	217.726	184.589	246.485	202.528	244.007	205.454
FBgn0086348	1.2419	2.25114	1.96969	0.0	0.716538	3.0831
FBgn0035906	71.23214	77.54122	84.5468	81.1419	86.00963	88.58966
FBgn0035907	15.4457	13.0656	14.6983	9.50957	3.56466	10.7365
FBgn0024236	65.8764152598	68.0129247	77.46179	88.317601336	76.13150352099	70.679411
FBgn0035909	107.78790000000001	102.8193	142.0134	130.4489	128.5423	128.5277
FBgn0260442	52.658151000000004	53.77697236	35.1256730898	37.738584782483414	40.59414243032	40.65585131200959
FBgn0035911	23.9437	18.9324	30.3177	22.8794	25.5829	19.9607
FBgn0262508	0.3053189	0.2332360546	0.1972631	0.50047545772	0.26283460849999996	0.308786
FBgn0017430	12.1001	11.8805	17.192	11.6403	10.9084	12.3912
FBgn0017579	3353.13	2840.8	3768.56	3537.76	3467.74	3120.2
FBgn0017429	21.2560801	21.4637	24.957939	24.3294	14.451970000000001	10.440741800000001
FBgn0035914	0.1252306	0.605332	0.1324126	0.440582	0.0	0.0
FBgn0035915	0.404491	0.0	0.0	0.62183	0.233378	0.501166
FBgn0052351	0.41047	0.0	0.434011	0.632568	0.710485	0.510444
FBgn0035916	20.2305	23.0503	20.474	18.8104	19.3428	18.9415
FBgn0035917	0.844116	0.0	0.0	0.0	0.764145	0.0
FBgn0035918	11.4028	8.43225	14.9359	9.58015	10.2122	13.0133
FBgn0052029	0.42952	0.519047	0.0	0.0	0.0	0.0
FBgn0035921	0.0	0.0	0.0	0.364102	0.0	0.0
FBgn0035922	0.326104	0.394075	0.0	0.286822	0.0	0.971487
FBgn0000121	0.288365	0.34847	0.914707	1.7754	0.332754	2.00447
FBgn0001168	88.563	80.6303	75.2103	90.2312	99.19030000000001	106.05170000000001
FBgn0011509	97.55030000000001	102.32509999999999	111.52199999999999	121.07759999999999	110.8526	102.7706
FBgn0052022	43.2634	54.6575	47.824	38.05200000000001	43.115559999999995	42.9617
FBgn0035923	6.41414	7.97905	5.78464	7.96448	5.33344	6.1963194
FBgn0000357	0.863812	0.0	0.913352	1.51952	1.99357	0.0
FBgn0003149	0.0	0.0	0.0	0.225895	0.177927	0.258024
FBgn0266084	5.68468275313	4.812385699999999	2.7228249	3.46387	3.605909	4.16043000134333
FBgn0085456	0.0	0.0	0.0	0.0	0.673503	0.0
FBgn0035931	0.0	0.0	0.0	0.396626	0.0	0.895602
FBgn0052024	0.0	0.863489	2.26659	0.0	0.0	1.41913
FBgn0035932	2.31838	0.933873	1.63423	4.07823	0.891755	4.60443
FBgn0286938	1.53038	0.0	1.61814	4.03809	0.0	0.0
FBgn0263930	30.1869	27.5039	16.08569	23.495199999999997	26.4017	28.192
FBgn0052026	1.42452	0.86072	0.753107	1.72277	0.821902	0.707291
FBgn0262788	1.79132	0.0	1.89405	0.0	0.0	0.0
FBgn0020633	59.7227	54.8584	66.9805	58.905	80.4686	71.6473
FBgn0035934	0.0957932	0.0	0.1012851	0.0	0.0	0.0951254
FBgn0266757	0.0796047455252	0.0	0.0	0.0	0.0	0.0
FBgn0035936	0.0	0.480305	0.840508	0.174791	0.229322	0.789375
FBgn0264305	15.84349	17.53168	14.64635	16.505760000000002	14.831800000000001	15.995809999999999
FBgn0264307	7.869283	6.730262	11.021674	11.142482999999999	10.005785	9.4603
FBgn0040321	56.6147	57.483	69.7357	67.249	31.3179	43.469
FBgn0011787	123.322	100.222	152.508	134.473	141.473	129.623
FBgn0035941	0.975855	0.786172	1.37576	1.43051	0.0	0.323016
FBgn0035942	6.1952	5.415775	4.0432369999999995	6.14454	4.411	3.40323
FBgn0035944	94.25593	91.180683	92.3889803263	87.2009000563521	105.56960000000001	91.16312
FBgn0035945	31.816534210900002	34.4781352243	30.75417	34.219628479099995	39.507790320299996	38.98106
FBgn0086706	221.437	242.76	224.796	294.425	252.643	291.601
FBgn0035947	51.8824	49.331	58.0472	51.8232	62.4215	63.7017
FBgn0035948	1.79842	1.55234	1.90156	2.9376	2.66819	3.0615
FBgn0035949	2.89512121878	1.47545	3.60747	8.726714000000001	8.16503	3.19116
FBgn0263199	30.46083	21.49672	24.43982	21.74936	20.93431	24.93528
FBgn0035951	44.6479	37.0934	53.699600000000004	48.8417	49.58871	52.0954
FBgn0035952	0.987841	0.596872	0.0	0.0	0.0	0.980951
FBgn0016070	14.99193	12.30157	16.179717	14.04299	15.67495	16.10003
FBgn0035953	10.69436	12.29602	10.20965	12.230000128168001	13.05925	10.92911
FBgn0035954	0.0	0.319115	0.0	0.0	0.0	0.262231
FBgn0035955	0.433834	0.0	0.0	0.0	0.0	0.0
FBgn0028789	0.0	0.412051	0.0	0.0	0.33802	0.0
FBgn0035957	9.2977	8.64283	7.18414	6.91961	4.12652	8.16753
FBgn0000116	263.9846	243.95704999999998	207.23662000000002	265.12678	250.07572	268.71828
FBgn0035959	16.8528897115	19.4802	15.688839104900001	20.78414	17.7560461037	22.19255
FBgn0035960	3.16029	3.81901	2.22769	4.01499	1.21559	2.09216
FBgn0023479	26.311410000000002	24.180072000000003	20.600369999999998	17.65503813553	24.73108	19.018960461075
FBgn0043806	99.7392	108.153	78.1528	100.649	93.5127	118.498
FBgn0040827	213.2083	202.66320000000002	129.2136	211.5378	186.0216	175.57389999999998
FBgn0011206	32.1871796	30.2748217675	12.073565	21.8633933	21.298280000000002	21.93062282908
FBgn0035964	25.68606	22.07286	36.21222	29.11854	31.61611	34.576
FBgn0035965	11.4474	13.2321	18.4191	15.3216	10.338	8.89639
FBgn0263456	0.0	0.193308	0.0	0.0	0.0	0.15885
FBgn0004244	0.0	0.0	0.113476	0.0	0.0	0.110793
FBgn0035968	4.95305	5.985453	5.865565	8.190059999999999	6.35667	10.2305
FBgn0035969	0.0	0.21342	0.186737	0.155335	0.0	0.0
FBgn0264000	0.0741825	0.0	0.0	0.0	0.0	0.0
FBgn0035975	16.1530491963	18.890270279	13.35127	19.24862	26.03338	24.3502
FBgn0035976	20.4146696	19.314735000000002	16.674259999999997	17.63874	17.13214	24.43523001589994
FBgn0035977	19.5813	17.8781	22.2759	15.0057	16.704	17.8801
FBgn0035978	65.125154	60.307199999999995	58.43866	55.50495	50.58354	66.48949999999999
FBgn0052040	1.35505	2.01604	1.82435	3.22816	1.92512	3.31334
FBgn0052039	18.85221	26.0363	22.78107	23.687689999999996	8.28735	16.937820000000002
FBgn0085484	17.0465	21.275	16.8422	20.4004	17.7357	20.8126
FBgn0085485	0.0	1.09752	0.0	0.0	0.0	0.0
FBgn0004379	22.60304	22.791	22.3771	19.75376	31.5648	23.754096753
FBgn0035980	4.49382	4.75168	6.53337	4.44657	0.0	3.34686
FBgn0035981	27.24381	28.0884	30.176	25.7988	35.05199	22.8296
FBgn0011769	28.9311188283	28.220700351765	30.26810195704	31.9708	29.55580138339	37.403500154001
FBgn0001228	0.417077	0.252005	0.220498	0.183418	0.0	1.418851
FBgn0001223	32.944677	37.009404999999994	28.640998	41.608318000000004	38.4974	28.839351
FBgn0035982	0.584535	0.0	0.0	1.02825	0.674516	0.0
FBgn0001225	85.52770000000001	85.40692000000001	97.47231	84.2342	128.2424	81.3712
FBgn0001227	0.0	0.306218	0.0	0.0	0.0	0.251633
FBgn0001224	64.5866	75.8808	61.3351	47.8648	71.0784	67.6992
FBgn0001226	38.452740000000006	23.463939999999997	46.69637	44.87117	42.175439999999995	41.58712
FBgn0263494	0.0	0.0	0.54084	3.00132	0.0	1.94825
FBgn0035983	10.277090000000001	9.13176	7.510654	6.646415	9.59192	7.8041279999999995
FBgn0015218	214.07166999999998	194.41523999999998	200.42507	182.80487	209.4459	219.70043
FBgn0035985	0.479304	0.579208	1.52038	1.2647	0.553086	0.475961
FBgn0035986	10.49217	13.760869999999999	14.161190000000001	14.45978	12.73439	14.718630000000001
FBgn0288470	74.06128	64.06139999999999	88.2269	70.6247	72.2059	79.1827
FBgn0035989	17.5157400111924	14.199522299999998	16.469357855000002	19.23771	16.635511	15.95216
FBgn0035988	0.618974	0.373995	0.654472	1.08883	0.714256	0.614657
FBgn0023129	21.92	21.1912	16.6876	17.9943	13.8276	13.931
FBgn0015296	50.2195	46.605	51.9261	52.4673	51.5468	54.2776
FBgn0005533	3000.98	2369.66	3324.76	2713.77	3065.11	2636.55
FBgn0040305	16.442620832	16.811696615238	17.300982353454	19.22542	15.46528	19.197787372999997
FBgn0260431	1.35414	4.34795	2.46637	4.84065	4.65343	4.37099
FBgn0260859	17.369	19.9768	21.4713	19.9903	20.2147	18.9346
FBgn0035993	19.7406	19.8659	23.8463	16.8314	23.7426	15.2299
FBgn0053926	39.5975	41.4709	60.011399999999995	53.982800000000005	21.32342	43.51110309
FBgn0035995	22.2199	18.0951	21.8235	20.4672	18.94567	19.5735
FBgn0035996	5.24745	9.63275	8.4284	10.7228	9.19831	8.19037
FBgn0266124	41.3693	49.0489	62.7242	53.5493	58.5461	48.8319
FBgn0035997	16.26258	13.580860000000001	18.73307	20.0018	20.13908	15.2719459
FBgn0035999	3.06612	5.76366	5.76348	6.89177	6.68308	5.07455
FBgn0035998	4.61259	7.60094	9.67594	8.11393	8.70976	7.98517
FBgn0036000	21.8715	23.2266	20.6731	25.0662	23.7087	28.3004
FBgn0266101	0.807021	0.486271	0.853305	1.419619	1.39302	1.040496
FBgn0011327	63.5636	59.0866	60.31569999999999	65.9413	78.0501	64.334
FBgn0036004	18.1564	17.8482	22.3807	18.9894	23.2852	21.2527
FBgn0036005	13.8965	14.9271	19.1831	20.7104	15.1448	12.6496
FBgn0052036	2.28656	6.44738	6.44719	6.70376	5.27709	7.56871
FBgn0052037	4.058213	6.30521	3.37143	4.8441	1.64405	4.31772
FBgn0036007	46.6821	34.23003	30.3504	27.846000000000004	51.6019	43.061679999999996
FBgn0036008	9.66611000352588	15.0183	10.4638	13.7647	12.7475	16.4549
FBgn0010408	3751.3806999999997	3255.6791	3823.2230999999997	3572.9562	3651.2455000000004	3064.1915
FBgn0261555	4.598788	3.167944	2.424286	3.0294549999999996	2.25403	2.62433
FBgn0267796	0.5688517908999999	0.909317	0.7351358219999999	0.33355262010000003	0.723589	0.934032
FBgn0036014	1.00965	0.0	0.0	0.0	1.16507	0.334203
FBgn0036015	1.22046	0.0	0.0	0.0	0.704165	0.0
FBgn0036016	0.470031	0.568002	0.496987	0.0	0.0	0.0
FBgn0267348	124.20439999999999	109.52573000000001	143.6171	133.55846	146.4684	119.28734
FBgn0036018	13.9692	13.7804	15.6747	16.5492	15.7906	19.5338
FBgn0036019	1.67118	0.807804	0.706807	1.46987	1.92843	0.663808
FBgn0036020	13.32553	15.3175	19.24451	16.58007	13.687199999999999	14.846350000000001
FBgn0016081	41.8190515	41.151121041124114	34.5530531	34.30894640816828	34.49686504	38.28746761057019
FBgn0036022	0.0	0.0	0.578071	0.48086	0.0	1.08581
FBgn0036023	0.579308	0.700057	1.22506	0.509526	0.0	0.575267
FBgn0036024	0.553726	0.669142	0.585482	0.0	0.0	1.09973
FBgn0053696	0.0	0.0	0.164075	0.136484	0.179063	0.0
FBgn0036028	6.96396	4.59027	5.68986	8.90923	7.30542	5.65804
FBgn0087040	0.274129	0.0	0.0	0.241108	0.0	0.0
FBgn0036030	34.0601148	37.01498	29.333550000000002	28.214902206509002	32.13174	37.90286440656
FBgn0036029	0.882442	0.533187	0.93305	0.388072	1.01828	0.876287
FBgn0015321	59.0779	57.423919999999995	53.865660000000005	53.091100000000004	52.8581	53.98961
FBgn0036031	0.0	0.0	0.0	0.0	0.177294	0.0
FBgn0036032	6.08437	5.14681	8.68497	7.157579999999999	7.72308	6.04194
FBgn0040475	89.8418	76.9627	84.4393	71.2933	79.9424	73.7512
FBgn0045823	302.9311	307.4325	342.4048	302.7585	326.38779999999997	267.7261
FBgn0036035	30.26158	17.8492	43.4244	42.459199999999996	49.054	36.8475
FBgn0036036	10.2294	3.7622	9.40523	8.21479	9.23793	7.94975
FBgn0261530	13.15057	14.518130999999999	15.792290000000001	17.849559000000003	14.986965	16.122146
FBgn0036038	12.4522	13.3413	14.6595	12.0814	9.48064	9.56087
FBgn0036039	22.38204	20.717869999999998	19.6265	16.56849	17.80944	17.679544269999997
FBgn0019644	186.519	191.423	233.8	188.777	222.093	198.102
FBgn0036040	0.0	0.574603	0.502763	0.0	0.0	0.472177
FBgn0259163	1.13618	1.05146	0.996663	0.790189	1.06525	1.44005
FBgn0036043	54.687412615	49.856728167300005	43.8530795731	37.18441156568	51.368205792748	40.7350408655
FBgn0044328	0.0	0.199460527	0.0	0.0	0.0	0.0
FBgn0264489	0.16783900464735	0.0871823	0.0	0.14762200349843	0.19367603520469998	0.0
FBgn0028429	41.33204	47.5946	45.53401	43.64235	41.8254	46.1958
FBgn0015618	7.63969	6.82757	5.93696	5.4204	5.84744	2.05215
FBgn0004390	23.940360000000002	22.66214	30.3697	30.1235	27.53934	29.02102
FBgn0036052	15.61901	13.291920000000001	14.18871	12.963639999999998	11.1694	11.79641
FBgn0036053	88.492933	99.65288	88.2691681	99.56063	80.37144	93.54146
FBgn0027567	98.76451999999999	97.57376000000001	114.84020000000001	110.61666	116.0331	118.7251
FBgn0085411	0.7321300000000001	0.7083956	0.0	0.12881511	0.3379929	0.6710189
FBgn0011836	15.40419	13.993290000000002	12.8054	12.707640000000001	12.9944	16.3516
FBgn0025866	21.45033	17.829439999999998	21.03497	21.861150000000002	23.573610000000002	19.27203
FBgn0036056	1.95826	2.30696	0.35069	3.44475	1.91362	8.75073
FBgn0036057	5.69547	2.198608	3.41312	8.14028	3.83705	8.48361
FBgn0036058	65.3032	56.035579999999996	65.8167	61.2202	63.3707	60.4717
FBgn0286833	0.0	5.00609	1.46007	4.85814	3.18688	2.74248
FBgn0036059	35.120779999999996	35.43635	30.2847800190762	34.20433	35.01855	36.5689
FBgn0085385	0.0	0.0	0.144062	0.0	0.0	0.0
FBgn0036062	1.06497	2.573908	1.68908	2.341723	4.30119	3.1726340000000004
FBgn0026404	19.2645	23.28	20.5957	27.1104	21.983	23.8064
FBgn0036063	12.675501835	9.48229	7.70203	11.06634	12.9905	10.1896
FBgn0259932	13.65388899	5.30124832	10.2752	19.2314	16.82074	13.12671
FBgn0263251	51.04688899	44.56174832	77.259	39.7731	57.97904	60.096909999999994
FBgn0040823	0.15291681243	0.0	0.0	0.0	0.0	0.0
FBgn0052053	0.0	0.0	0.0	0.0	0.316105	0.0
FBgn0052054	0.0	0.0	0.0	0.0	0.284615	0.0
FBgn0262007	0.2503	0.302471	1.85258	0.660448	0.28883	1.49132
FBgn0267539	0.0	0.512814	0.0	0.0	0.0	0.0
FBgn0000451	0.0	0.268729	0.0	0.0	0.0	0.0
FBgn0036075	0.0	0.0	0.0	0.440582	0.0	0.497428
FBgn0052055	0.0	0.0	0.292325	0.243166	0.0	0.274541
FBgn0052056	54.4202	52.8138	51.2257809	43.799148148600004	46.861149999999995	44.0254
FBgn0036082	0.228926	0.829926	0.0	0.402699	0.528331	0.227329
FBgn0036083	0.185456	0.0	0.0	0.0	0.0	0.0
FBgn0052058	0.25523	0.0	0.269868	0.0	0.0	0.0
FBgn0011802	6.39017	6.84792	6.501687	8.27158	6.39995	6.94425
FBgn0045770	0.0	0.0	0.211098	0.0	0.0	0.0
FBgn0052062	14.593898000000001	13.957863977145001	17.12229	14.67595	14.65829000300975	19.41111
FBgn0036085	0.5916520000000001	0.0	0.0	0.520383	0.52218	0.224682
FBgn0036089	1.60626	0.0	0.0	0.0	0.0	0.0
FBgn0001179	26.56831	26.615699999999997	29.5101	31.94331	27.549500000000002	30.0141318
FBgn0054001	6.51479	14.4333	2.1186	7.04931	4.62426	7.54757
FBgn0000629	32.54497	31.938053625080002	34.84045	26.41543403047	33.07207	32.05933
FBgn0036090	25.0577	19.63186	28.606659999999998	32.7764	25.2079	17.2266
FBgn0036091	2.87937	0.0	0.0	0.0	0.0	0.0
FBgn0052066	120.01950000000001	98.4215	110.2191	100.56349999999999	109.02170000000001	107.5257
FBgn0036093	2.58111	0.0	2.00492	1.81616	1.19138	1.02524
FBgn0036094	1.88926	2.28305	1.99761	0.830842	1.09004	0.938042
FBgn0036096	76.14699999999999	63.087199999999996	73.4823	67.8519	77.5087	79.9085
FBgn0052068	59.6237	51.4653	40.9371	64.0196	51.8248	61.5146
FBgn0010762	52.672359	45.927496999999995	50.763429	44.832165966	52.245103	59.21476200000001
FBgn0036099	54.5219	49.8414	66.9083	65.5955	61.2848	57.2274
FBgn0053493	2.16555	2.50372	6.86922	2.73624	3.42407	2.15044
FBgn0047038	151.384	141.63	183.818	142.598	136.369	121.233
FBgn0036101	47.901089999999996	50.603300000000004	36.2791	38.24731	41.46882	38.61411
FBgn0262890	1.74508	1.05441	2.30644	0.767434	1.51028	2.16613
FBgn0036102	0.0	0.0	0.0	0.0	0.629106	0.0
FBgn0262020	0.364307	0.0	0.0	0.0	0.0	0.361766
FBgn0026160	22.8921	19.273497	19.666365	17.384292	19.678179999999998	15.915516
FBgn0036104	21.4071	20.4719	23.449	24.5176	20.9704	19.4226
FBgn0036105	10.985437	12.25404	13.402470000000001	11.14865	12.676499999999999	17.621950000000002
FBgn0036107	34.3516	20.7559	39.1892	45.3205	38.5964	37.7027
FBgn0027615	16.8646	18.70935	17.83185	19.21011	23.608060000000002	19.7669
FBgn0036108	0.0	0.0	0.0	0.0	0.0	1.08734
FBgn0036110	9.0399	7.28276	4.77917	2.65032	1.73858	5.98456
FBgn0036111	62.8006	68.6131	73.65375999999999	84.1145	80.5356	75.29445
FBgn0013469	0.275164	0.255918	0.447844	0.0	0.244376	0.0840419
FBgn0263776	0.1978991431936	0.0	0.0	0.0	0.0	0.0
FBgn0036116	0.238769	0.865611	0.0	0.210007	0.275524	0.242313
FBgn0036117	11.7033	13.8059	10.9013	6.12709	8.68167	10.7854
FBgn0036118	11.3303	11.5855	7.37235	21.4641	8.04579	5.19288
FBgn0052069	27.2348	20.9437	31.4147	39.1978	37.1413	49.1725
FBgn0052075	11.27075	14.52797	15.8895	13.87838	12.7167	12.68442
FBgn0025355	2.93411	2.56077	3.6769	3.77543	3.38578	3.23739
FBgn0266540	2.93411	2.56077	3.6769	3.77543	3.38578	3.23739
FBgn0036121	143.294	118.63	138.956	114.196	144.341	170.597
FBgn0263241	14.70241	15.0187	14.25574	18.92569	13.135629999999999	19.124859999999998
FBgn0010741	125.3921	135.6184	157.1116	154.9538	162.0582	156.2698
FBgn0036124	13.3811	13.4974	18.5918	17.7998	19.6521	19.6571
FBgn0020412	23.58761	22.384819999999998	24.658790000000003	23.46415	27.48986	26.41743
FBgn0286979	0.0	0.0	0.0784068	0.0958217	0.085569	0.0
FBgn0286980	0.0	1.12243	0.0784068	0.7211237	0.085569	0.0
FBgn0083068	3.77456	5.15525	2.00636	2.48173	0.556653	1.44502
FBgn0036126	44.002466999999996	73.559	30.641	60.587	50.811	61.5872
FBgn0261112	29.7363	27.51737	31.725	31.338150000000002	27.512929999999997	32.72129
FBgn0036128	0.0	0.732821	0.0	0.0	0.0	0.602191
FBgn0052072	0.526715	0.0	0.0	0.0	0.0	0.0
FBgn0054012	0.0	0.0	0.0	0.0	0.0	1.0966
FBgn0036133	19.9871	15.2693	25.02	22.8332	25.4498	23.9542
FBgn0003462	231.344	184.916	248.445	215.596	234.319	169.957
FBgn0036134	29.29794210723	30.391224849	34.755015570000005	26.5986400298825	34.3473580107	31.23993
FBgn0036135	28.2282	24.6053	32.2935	32.1541	25.0976	26.6527
FBgn0036136	39.4576	41.5447	49.1558	42.264	49.138	47.7171
FBgn0260795	0.846875	1.5350929999999998	1.34316	0.993149	0.25515	0.65871
FBgn0052082	0.524583	0.4754431	0.554667	0.270966	0.444376	0.38241
FBgn0036139	0.444755	0.0	0.470261	0.0	0.0	0.0
FBgn0052076	24.5505	20.838	19.1598	23.6496	16.1884	19.7356
FBgn0036141	40.0826	38.83332	48.00121	47.1057	48.64856	43.86796
FBgn0036142	3.75369	3.27607	3.30747	1.83418	0.72192	2.070836
FBgn0036143	0.34354	0.415146	0.544863	0.862637	0.0	0.511716
FBgn0036144	90.32105890368001	75.12761	97.491786	90.38211000000001	104.0481378127	81.83902
FBgn0036147	42.103899999999996	49.67807	46.4465	55.256699999999995	45.71603	51.3575
FBgn0036145	4.14409	4.00629	8.76351	10.9347	1.91281	3.29215
FBgn0036146	5.59303	9.29338	5.17457	4.30439	0.80675	4.16551
FBgn0061469	28.7482	27.0353	28.6227	30.3029	29.5593	33.3241
FBgn0064766	32.6898	28.7438	32.4126	31.6608	28.0346	33.3459
FBgn0261553	25.694858853	29.924891034942533	29.588651559000002	28.545992332999997	24.4681341	30.6771272
FBgn0036150	0.346449	0.838252	0.0	0.1525293	0.80043	1.033261
FBgn0041094	60.5664	57.1875	53.744099999999996	61.49249999999999	70.11449999999999	73.6812
FBgn0036152	2.8482866347	3.4419640868999997	2.85312	4.0874072046	3.6327056790000003	3.2750031244
FBgn0036153	1.17437	3.19308	1.86258	1.80758	1.35514	2.6239
FBgn0036154	0.827494	0.999974	0.656214	1.194034	0.5221806	0.0
FBgn0036155	1.65646	2.33535	0.875728	1.2141	1.59287	1.6449
FBgn0036157	0.0	0.0	0.0	0.376533	0.0	0.0
FBgn0036158	0.0	0.0	0.0	0.0	0.769387	0.0
FBgn0036159	29.2293	30.0437	38.48535	40.77880000650741	41.193430000000006	52.0454988481
FBgn0036162	0.535052	0.323288	0.0	0.0	0.0	0.26566
FBgn0036165	4.75051191104	5.0751	4.8072585	5.820857	4.52843	5.53779
FBgn0036168	0.0	0.0	0.0	0.0	0.0	0.438891
FBgn0285958	1.05343	0.636501	1.11384	0.231634	0.607795	0.523041
FBgn0259481	111.00962	95.82015200000001	108.80947	97.30483000000001	82.84817	97.1779
FBgn0036173	84.0891	100.80017	88.74928	92.65950000000001	75.27008	106.99649
FBgn0286893	0.0	0.00446745	0.0	0.984677	0.0	2.19238
FBgn0053267	4.2952	2.59524	3.78461	5.03708	0.826064	4.97611
FBgn0053270	0.0	0.0	2.17465	0.0	0.0	0.0
FBgn0003292	0.0	0.0	0.0	0.111402	0.146156	0.125775
FBgn0036179	0.316367	0.0	0.0	0.139137	0.0	0.157106
FBgn0036180	25.71221	23.53587	27.9723	27.03668	23.72536	23.31666
FBgn0036181	0.62528	0.755611	0.969671	1.13658	0.721533	1.28323
FBgn0086254	73.9224	79.79654	69.6397	79.75200000000001	74.75880000000001	96.0518
FBgn0036184	18.4242	14.843	24.8286	22.242	22.9279	20.4482
FBgn0042138	93.74282175093798	83.6928	94.99008172647001	78.29611	82.069870428492	79.10552311887
FBgn0052091	1.54475	0.848515	1.48486	1.23516	1.2964	0.697262
FBgn0036186	2.42324	2.41156	4.52154	4.51342	3.4542	4.67112
FBgn0036187	20.38135	16.50432	17.122359	20.66054	26.67072	26.916
FBgn0036188	36.94818	35.475047	51.37609	43.18164	46.1402	47.74789
FBgn0052085	0.274614	0.0	0.0	0.120767	0.158443	0.0
FBgn0015828	44.2529	40.9329	50.5457	47.812	55.7933	41.5029
FBgn0036191	15.347764	18.16996	17.95078	15.0183168907	18.56411	20.700551
FBgn0036192	6.90742	10.6722	4.19218	11.1267	3.30398	8.42126
FBgn0036193	2.10686	7.059650581900001	2.78461	3.55725	0.607795	1.78499
FBgn0036194	19.78376	36.24731	28.196669999999997	32.72720928651	30.7902	38.8745285
FBgn0036196	2.29873	3.05566	2.532828	2.6815	1.856808	3.45998108645
FBgn0261353	50.5622	51.9184	58.7155	66.5789	57.8397	68.7842
FBgn0261381	50.5622	51.9184	58.7155	66.5789	57.8397	68.7842
FBgn0036198	15.4643	17.8382	11.8917	12.365	13.7891	18.8465
FBgn0040817	1.11861	0.0	0.0	0.49193	0.0	0.0
FBgn0036199	33.1463	27.4759	33.0197	37.5864	34.7715	34.2753
FBgn0052088	3.74298	3.68553	2.19869	2.56053	2.87944	4.54285
FBgn0036202	0.398818	0.0	0.1405638	0.116926	0.1534038	0.1320124
FBgn0015278	23.0979095	24.774852	23.262415999999998	20.91325423	22.407457328016	24.4002751
FBgn0036205	0.1667936	0.40311549999999996	0.17635279999999998	0.733514	0.1924632	0.99379
FBgn0036207	9.64213	12.6506	10.1951	15.0229	8.90112	10.9427
FBgn0004381	12.501553	13.929400150261	13.661207000000001	15.0242000478034	13.621600973099001	13.7859
FBgn0036208	0.0	0.0	0.0	0.277509	0.0	0.313315
FBgn0259140	0.035341	0.0854147	0.0	0.0932517	0.0815625	0.0350945
FBgn0036210	12.0914	10.2823	11.3643	11.0288	8.26826	12.8965
FBgn0036211	64.95615	63.2957	68.56818	54.213169	70.703378	66.27979
FBgn0036212	2.061789	2.000083	3.9388379000000002	3.6484275	2.34632	2.1331
FBgn0036213	2683.1298	2603.8424999999997	2658.2162000000003	2690.0466	2874.9867	2694.3311999999996
FBgn0052095	13.7676	14.1594	15.4864	11.8516	16.225	15.7078
FBgn0000404	91.2645	95.6558	107.80189999999999	92.57050000000001	111.37950000000001	103.4496
FBgn0036214	1.28183	1.564750489207	0.338836	0.911104	0.0	0.954669
FBgn0266100	0.0948781	0.0	0.0	0.0	0.1264598	0.0
FBgn0036224	0.0	0.0	0.0	0.787164	0.0	0.0
FBgn0036229	0.0	0.19475	0.0	0.0	0.185967	0.0
FBgn0262986	0.0	1.24269	0.0	0.0	0.0	0.0
FBgn0028573	0.291391	0.0	0.231077	0.320363	0.420308	0.361698
FBgn0053265	0.0	0.0873281	0.15282	0.0635605	0.0	0.0
FBgn0264488	0.0619467	0.0	0.0	0.0544847	0.0	0.0963085
FBgn0036235	0.0	0.1160706	0.203118	0.1689606	0.1108358	0.1907608
FBgn0036236	0.443739	1.07246	0.0	0.0	0.0	0.440644
FBgn0036237	90.3895	72.9833	115.288	85.2055	111.787	75.2688
FBgn0026432	7.38067	6.68931	6.96782	8.11452	7.50292	9.59776
FBgn0036239	65.117846	63.648170527	76.1317	66.47014999999999	68.34739	72.21134
FBgn0036240	12.90856	7.12057888	13.8234687	6.64022925	8.71183	8.411248650000001
FBgn0041096	0.5862989999999999	0.619939	0.619915	0.709052	0.507408	1.0188647
FBgn0284221	5.16566	6.362410000000001	6.971321639999999	8.56258	9.28515	7.19263
FBgn0011335	27.216	22.1642	24.3978	26.7997	25.261	25.5574
FBgn0036248	20.1889	19.7499	22.3632	21.7029	17.0102	17.5023
FBgn0036249	12.92850112659	9.37393152022	12.302908206069999	16.2986012281	4.47558226175	11.554500723566
FBgn0022959	174.09249999999997	135.49689999999998	211.80200000000002	145.8288	199.4783	162.7679
FBgn0002565	0.184663	0.0	0.0	0.162419	0.0	0.0
FBgn0046296	8.37982	8.81984	12.5761	12.3633	8.73399	11.2741
FBgn0036254	7.32849	9.59402	11.946	12.3543	12.1564	11.2193
FBgn0036255	21.5953	13.9182	28.9228	16.4615	19.9357	21.4447
FBgn0011455	145.674	131.3442	147.644	136.0928	148.93689999999998	124.4208
FBgn0036257	34.9657066478484	32.27495	35.991909940069	34.212122	34.62128001861729	40.2638931695135
FBgn0036258	147.165	157.441	164.906	209.944	200.546	195.245
FBgn0013997	33.37	42.307100000000005	34.7637	43.773120000000006	43.33203	53.65464
FBgn0052099	20.3872	19.1618	25.8677	26.2994	16.2065	27.4432
FBgn0036259	0.211258	0.510584	0.446748	0.371622	0.0	0.209784
FBgn0036260	1.01891	0.615646	0.969614	0.358471	0.940609	1.51771
FBgn0027843	44.3293	48.961	55.4395	59.322700185357	51.9782	56.5635
FBgn0036262	1.18692	0.700579	0.941241	0.521972	1.71203	2.06262
FBgn0000592	0.256917	0.310468	0.0	0.677908	0.0	0.0
FBgn0036263	35.374359999999996	36.4326	42.92845	31.466810000000002	33.39795	37.9218
FBgn0022709	10.1758	14.141300000000001	11.44458	8.05504	7.6324499999999995	8.68238
FBgn0036266	5.41554	6.18076	7.31671	7.67404	5.55483	6.57283
FBgn0260941	19.78084000886238	21.22260216403	20.8101	18.234978563407	20.218509756192518	18.136228
FBgn0052100	5.67704	7.74978	4.13955	8.00106	4.88439	5.82236
FBgn0036271	30.66205	34.26419	32.42046	36.53803	25.10986	29.793370000000003
FBgn0036272	29.9012	28.47818	41.77	37.8174	32.741	36.19042
FBgn0036273	4.3725351	4.28232	5.047912	4.77763	3.93191	3.65432
FBgn0036274	0.0	0.0	0.232339	0.0	0.0	0.0
FBgn0036277	107.795	102.632	138.154	91.9373	75.387	115.153
FBgn0036278	0.0	0.15457	0.1352446	0.0	0.0	0.1270168
FBgn0036279	36.14452	35.87672	32.828807000000005	23.644260642499198	35.69957	30.899820000000002
FBgn0052104	5.44572	5.00141	4.49127	5.07712	5.02721	6.05667
FBgn0036282	0.197719	0.955723	0.418116	1.04341	0.0	0.19634
FBgn0052103	57.0749500142931	50.0221151794	65.6929	71.29043999999999	69.82739	70.5266
FBgn0020655	51.5179	48.893899999999995	57.323623000000005	44.41357756	54.2259	46.042699999999996
FBgn0036285	0.0	0.0	0.0	0.0	0.0	0.1767415006
FBgn0036286	35.2191	36.5702	36.96317	32.124	34.9209	37.5641
FBgn0036287	0.522643	0.157895	0.0	0.114922	0.301548	0.429212
FBgn0036288	2.3495259394723	3.11085	4.416482062805	6.33971000219505	3.916178987833	2.85161
FBgn0036289	0.880111	1.7726	2.17137	2.58031	1.69265	2.62192
FBgn0036290	82.18919	93.37434999999999	95.28609999999999	112.6622	92.70264	110.7023
FBgn0036291	8.0195201	15.3919	12.469590199999999	13.6923	9.79848	10.3057866
FBgn0036292	22.4386	16.7479	24.4233	20.6064	20.1811	19.6607
FBgn0264848	51.5261	43.2745	53.4094	42.3394	57.2681	55.6192
FBgn0036294	1.04515	3.06011	2.46111	2.62786	2.09295	2.4367050000000003
FBgn0002466	36.71418	37.4318726496	38.037	36.24874	38.72234213	42.2321
FBgn0041775	136.65595	110.477102639004	137.72305	116.09400099999999	135.97875	129.7987049
FBgn0020388	45.0553	42.7533	49.3977	45.0802	39.9528	44.5909
FBgn0262524	36.280100000000004	29.3104	33.6635	32.56114	26.4859	23.52791
FBgn0004926	281.599	296.81	356.148	347.78	346.192	393.483
FBgn0036298	35.7083	30.9563	34.6782	30.8949	32.2474	30.6414
FBgn0036299	16.0698	18.3696	14.8483	23.8114	18.2094	26.74
FBgn0085271	16.1965	20.88676	14.7668	16.378	15.5748	18.4912
FBgn0036300	35.9227	42.1144	36.2821	41.027	30.9347	39.3991
FBgn0036301	28.8319	18.6651	25.8581	23.7739	31.7849	28.3752
FBgn0036302	64.47133000000001	72.23145	59.6511043606	59.552	49.2034143511	60.316137899999994
FBgn0015904	0.0	0.0	0.15116182350000001	0.0	0.0	0.0
FBgn0014343	0.210514	0.666295	0.445176	0.121238	0.318123	0.136881
FBgn0261933	90.9448	70.9038	100.813	89.6659	103.252	75.7442
FBgn0014007	26.295370000000002	30.62890727	29.042	28.48601	26.088151	32.3216
FBgn0052112	5.59303	11.5463	6.884140119035	8.69576	6.95646	10.2966
FBgn0052109	15.9496	25.3317	21.6827	17.6357	17.3532	27.6041
FBgn0010235	138.18198888	145.356	125.953412211	119.50131782	127.12620000000001	134.9972
FBgn0036305	18.796700289569003	21.71480439	17.6004000404922	20.463567324274003	22.48203695268	23.33506100340084
FBgn0036306	29.8653	40.6016	37.0056	36.9391	32.8472	25.9499
FBgn0052113	5.11555	6.06139	6.14651	6.5445	4.10145	5.11286
FBgn0036309	21.45994	29.0721	24.8041	28.621019999999998	25.33928	32.514
FBgn0052106	0.0	0.109292215086	0.0	0.159093164408	0.0	0.0
FBgn0036310	0.0	0.0	0.191256	0.0	0.208726	0.0
FBgn0036311	0.148082	0.357896	0.313149	0.832866	0.546349	0.147049
FBgn0260945	26.5768	27.442099999999996	27.22515	26.898609999999998	29.8156	35.9936
FBgn0261674	29.44057	29.89703	29.041079999999997	30.171980797908997	28.064799999999998	27.690694500000003
FBgn0262714	33.098569999999995	25.717460194203998	30.3523824	24.09061408924	32.0500881471	30.03611
FBgn0052110	0.33026	0.798195	1.3968	0.580954	1.52439	1.31182
FBgn0036314	35.7834	34.949	49.2381	37.5089	38.4635	33.5868
FBgn0260965	5.69376000253826	6.429359413	5.526827589	5.869916534000001	5.97786	6.7199673813
FBgn0036316	47.960300000000004	45.14571	40.158547864999996	44.05024	43.1376	56.34233157347
FBgn0036317	13.914821863910001	17.785871296	17.855040000000002	18.633113	15.5388	20.9494
FBgn0036318	117.8639	102.6886603	99.1594	111.97562658000001	98.9043900375338	103.4999
FBgn0036319	0.491778	0.533793	0.467055	0.756946	0.339813	0.438641
FBgn0052107	0.0	0.0	0.111294	0.0	0.0	0.0
FBgn0036324	0.965353	1.94428000711662	0.0	2.5472100035971303	0.7426370111582	1.91724
FBgn0287591	0.0	1.33448	0.0	0.0	1.2743	1.0966
FBgn0052115	26.5618	18.2925	28.3871	37.4297	31.3097	39.7065
FBgn0036329	0.0	0.0	0.0	0.163977	0.0	0.0
FBgn0036330	0.0	0.0	0.474606	0.0	0.0	0.0
FBgn0036331	9.14625	7.18423	6.28601	5.22893	3.69396	3.17886
FBgn0036332	15.2324	17.2424	18.1447	18.4852	18.9122	20.6788
FBgn0036333	18.7096	23.6505	21.9951	22.735	21.7317	25.5462
FBgn0036334	217.484	196.22	258.051	239.757	270.267	256.033
FBgn0036335	56.9087	41.9617	55.0731	51.7504	48.9735	46.9335
FBgn0036336	29.51206	34.2719835	36.10811	28.92364	26.27104	23.445
FBgn0036337	59.39103	56.12365	66.66609	53.72225	56.1909	62.0514
FBgn0286213	2491.91	2129.71	2372.73	2109.98	2170.17	1969.18
FBgn0266709	1.19789	1.80947	3.16647	2.10719	3.11015	2.08169
FBgn0083978	0.302738	0.0	0.0	0.266271	0.34934	0.901879
FBgn0036340	38.7336	33.855	44.3211	35.1879	41.7572	41.2033
FBgn0011284	2812.327	2414.882	3514.763	3226.8639999999996	3274.591	2712.654
FBgn0036341	65.3197	46.5579	57.3087	46.12473	56.9559	46.72085
FBgn0036342	50.70204	48.27343	43.862528000000005	68.9189	39.004615	74.759721
FBgn0010452	0.0	0.0	0.0	0.0	0.0	0.1219218
FBgn0023095	3.510637	4.34844	2.744778	2.872419	4.05105	2.245179
FBgn0040814	0.0	0.0	1.30894	0.0	0.0	0.0
FBgn0036348	0.0	0.0979437	0.0	0.142574	0.0	0.0804846
FBgn0287423	12157.740000000002	14764.260000000002	13387.82	14727.01	13855.5	14088.39
FBgn0036351	0.0	0.0	0.0	0.470925	0.0	0.0
FBgn0001256	0.0	0.0	0.857965	0.0	0.0	0.0
FBgn0036352	0.0	0.0	0.0	0.771765	0.0	0.0
FBgn0036353	15.69175	10.645620000000001	17.46495	19.12853	15.56589	13.94209
FBgn0036354	76.2874	59.6131	68.1214	67.3351	76.5215	62.9064
FBgn0036356	9.77342	6.97896	12.2128	13.2849	12.3032	11.4698
FBgn0260049	118.15	109.289	112.84913935600001	112.31462	123.2995	119.9084
FBgn0036362	0.0	0.0	0.0	0.50501	0.0	0.0
FBgn0036365	14.489314529999998	13.15705307139	12.39773511	16.0467580983	12.00959	12.51199028780311
FBgn0036366	24.6735	17.7852	15.5616	16.7519	27.4726	16.7641
FBgn0036368	0.6374885366899999	0.7703554413	0.758278	0.77096137203	0.36779873550000003	0.63304591756
FBgn0036369	16.248138	21.389842	26.20439	20.55713	22.2960522	20.086100000000002
FBgn0086708	17.5427583508	20.152992003166798	16.31812298	19.112270876228	14.661985	11.26446
FBgn0036372	33.4488	36.3378	34.2954	36.1059	38.013	37.4094
FBgn0036373	158.8336	131.7264	163.9707	124.57130000000001	148.5949	127.9051
FBgn0036374	14.809674999999999	15.04624	19.51515	18.01475	17.9965	16.50315
FBgn0086785	26.434	27.8485	39.4167	23.5479	27.7657	29.615
FBgn0036376	50.25123	55.1181	60.281658	61.632110000000004	59.86660175494	61.003
FBgn0036377	0.0	0.0	0.0	0.140234	0.0	0.0
FBgn0264001	13.466175330755	68.2952	10.314452	62.2978	32.6687	57.3847
FBgn0043550	0.0	0.0	0.343079	0.0	0.0	0.0
FBgn0029167	9.788540000000001	8.8606906	32.3303	20.6194555	33.378572	21.67988
FBgn0036381	5.22936	9.90031	4.2391	7.3591	3.62061	3.98121
FBgn0264006	0.20792529999999998	0.20243	0.43969800000000003	0.2743183	0.23993240000000002	0.448623
FBgn0036382	0.0	2.92672	1.2804	0.536722	0.0	1.21194103395
FBgn0026376	16.354402	15.982973999999999	13.610871	13.951316	14.30346	16.829265
FBgn0036386	4.71507	5.53027	5.42537	5.9767	5.12083	4.9576
FBgn0001108	32.3408	30.5529	34.5734	36.0672	38.5564	38.9464
FBgn0052137	0.485288	0.0	0.135915	0.284554	0.0	0.0
FBgn0025874	12.767769999999999	8.9037086424	10.389460999999999	12.432500000000001	13.159395	13.1309
FBgn0036389	39.10436	39.29211	47.75593	43.46084	41.46762	41.46371
FBgn0263232	11.779720000000001	10.843250000000001	13.08249	15.67522	9.7459	9.28562
FBgn0001216	0.0	0.477134	0.20874	0.347274	0.227807	0.0
FBgn0036391	0.0	0.0	0.115355	0.09729420334682	0.0	0.0
FBgn0250848	273.239	230.236	346.642	289.576	331.656	269.488
FBgn0036395	7.58754	2.11594	12.3426	13.3471	8.75554	9.85296
FBgn0036396	4.04561	8.55551	5.34703	8.89571	4.27934	7.7
FBgn0036397	8.5228360939	7.183933	7.34953	8.0961	7.30254	7.23639
FBgn0036398	27.553176	30.214962987000003	34.356429999999996	31.34114	32.713210000000004	33.6841636
FBgn0052133	24.3091	22.9225	25.4557	23.3632	27.6424	27.2102
FBgn0061515	151.79547	134.51910999999998	153.5773	149.21762	171.04084	142.44126
FBgn0036402	58.3535	51.9948	59.5523	57.496300000000005	62.8613	63.8145
FBgn0036403	2.18748	0.79303	3.93199	1.73158	1.51453	1.52056
FBgn0026418	157.942786	136.931087	173.48349000000002	160.216674	171.315057	140.01199549999998
FBgn0283503	11.4721	11.7371	11.8324	12.4426	11.3702	11.8115
FBgn0036405	35.0159	28.526600000000002	30.8739	25.6838934	24.066654999999997	28.520599999999998
FBgn0036406	19.7361	14.5173	19.0534	15.8493	13.8626	13.6337
FBgn0267795	164.0236	160.00623000000002	165.2683	151.1835	159.6245	156.9316
FBgn0013563	7.07675	7.02469	7.88345	7.22463	6.12458	6.02347
FBgn0285896	0.656245	0.396515	0.115647	0.38479600192357005	0.378632	0.21722155580000002
FBgn0036410	0.0	1.03126	0.0	0.0	0.246187	0.211857
FBgn0042630	0.0	0.0	0.169861	0.139605	0.0	0.0
FBgn0036414	0.1467631	0.0	0.0	0.0	0.0	0.1457396
FBgn0013718	20.139991384887598	18.85595581594	16.339441899999997	14.42320853267754	13.2828045822353	16.920972699756
FBgn0036416	0.883444	0.533793	0.0	0.777027	0.0	0.438641
FBgn0085273	0.0	0.0	0.0	0.0	1.60772	0.0
FBgn0001085	0.537196	0.259668	0.340802	0.37799	0.495912	0.42676
FBgn0036419	0.0	0.0	0.0	1.00261	0.0	0.0
FBgn0036422	0.0	0.0	1.25563	0.0	0.0	0.39308
FBgn0003459	9.62763	6.39891	14.398365010800001	10.59132250342	11.52629	13.02615
FBgn0036423	11.7386	8.51121	9.69875	7.37471	8.12736	9.515320000000001
FBgn0087007	2.06709	1.7535325000000002	2.19204	2.18784103	2.1528069	1.358649
FBgn0026409	415.2034	367.0372	487.4819	420.5255	470.65929	395.197
FBgn0036428	7.65791	9.99442	5.18214	9.612867000000001	7.93689	8.39618
FBgn0054039	6.99688	7.51581	10.6862	12.9919	14.3537	15.4402
FBgn0028418	4.5517	7.70062	5.77529	8.00683	6.30285	4.51996
FBgn0040318	0.1380872	0.0	0.0	0.1214536	0.0	0.0
FBgn0003388	0.0	0.185594	0.0	0.135082	0.0	0.26918
FBgn0036433	1.12508	0.679794	2.406370705588	1.20102	1.05048	1.35599
FBgn0027375	18.0263	19.06106	17.02555	19.89841	21.282500000000002	22.37801
FBgn0041604	5.01991	6.72976	6.69244	7.7794799999999995	6.93018	4.22897
FBgn0259175	1.5223799999999998	2.60625	0.670706	0.33475	1.024762	1.46723
FBgn0036442	0.0	1.2201	0.0	0.0	1.16507	0.0
FBgn0036443	0.0	0.0	0.563025	0.0	0.0	0.528773
FBgn0013263	141.96652400000002	133.234771	134.78103	122.444172236	154.5750810329331	138.558146
FBgn0260233	0.312013	0.529691	1.31942	1.1736e-05	0.178211	0.287946
FBgn0053260	3.90679	4.52356	6.99184	5.17637	5.38579	7.25458
FBgn0036446	9.89891	11.1869	11.891639999999999	12.919360000000001	11.97357	11.3772
FBgn0036447	0.0	0.0	0.297401	0.0	0.324568	0.558617
FBgn0036448	47.2908	49.9739	48.719	47.9432	47.9536	49.5736
FBgn0036449	31.9923	39.40009	30.1119	30.6277	28.3813	33.47062
FBgn0036450	34.8175	35.3504	41.0168	37.8947	37.9756	35.6797
FBgn0036451	28.15335	30.30283	35.68432	34.749520000000004	31.93326	29.73632
FBgn0029148	177.746	137.5088	250.29340000000002	193.5922	252.0714	212.7971
FBgn0001120	0.0	0.0	1.13538	0.0	0.0	0.0
FBgn0036454	4.16097	6.7314	1.56115	2.42016	2.78797	5.79806
FBgn0036460	53.2487	46.1789	72.1997	64.59152999999999	72.2889	68.1184
FBgn0002778	54.508579999999995	49.843998539999994	84.56049999999999	67.93342	71.88439	89.65670054940699
FBgn0036461	0.575591	0.46371	0.405734	0.168752	0.409264	0.190525
FBgn0036462	49.7291	51.581	58.7155	63.7858	53.5586	59.2587
FBgn0023174	195.522	183.395	208.704	176.473	195.537	182.139
FBgn0036463	3.3700841820000003	3.59373	2.545250119	2.3713017190000003	2.333313971	4.20712924
FBgn0261090	0.106352	0.128519	0.112451	0.0935408	0.122723	0.31683
FBgn0036466	0.0	1.01895	0.0	1.48326	0.0	0.0
FBgn0263762	0.0	2.66897	0.0	0.0	0.0	0.0
FBgn0036470	0.65884	0.0	0.0	0.0	0.0	0.0
FBgn0086690	40.336726	38.9587700661966	48.918960735109	43.85707	50.58271496559381	56.80639210218968
FBgn0036474	0.326926	0.0	0.345676	0.0	0.0	0.324646
FBgn0036476	7.49232	8.00633	10.9882	7.99555	7.68705	12.8809
FBgn0027088	83.5257	87.3494	95.2433	109.13579999999999	100.2783	118.21440000000001
FBgn0266452	36.10638	31.5004	41.9016	39.81253	40.8514	49.8465
FBgn0264703	3.2348	0.651509	1.42513	2.13386	1.55532	1.33843
FBgn0266441	25.60713	18.8684	25.380092141	27.70271	24.525650000000002	21.361072
FBgn0036479	0.390865	0.0	0.206641	0.0	0.451034	0.0
FBgn0036480	16.85880181703	17.0258	15.91570479182	13.1545	20.9825	23.31807
FBgn0036481	0.0	0.496289	0.2500050804627	0.903042	0.2728420655915	0.737705
FBgn0052847	0.0	0.0	0.0	0.0	0.0	0.726938
FBgn0036482	0.0	0.15258979	0.4005201	0.2221229	0.0	0.12539186
FBgn0036483	11.59254	11.86334	11.70524	12.30884	11.68985	14.645679999999999
FBgn0286818	470.96320000000003	492.9624	531.4046	525.6512	610.7093	514.0564
FBgn0047178	20.7461	27.7093	21.3586	12.965	16.3797	22.2278
FBgn0036484	40.12138	44.2107	44.9381	41.598	48.138999999999996	55.82379
FBgn0036485	0.280155	0.169275	0.0	0.0	0.0	0.139101
FBgn0036486	23.8377	22.9967	24.5694	24.2258	24.9645	25.8596
FBgn0036487	42.8941	52.2536	49.6679	51.6003	55.4053	49.7644
FBgn0036489	25.6507	26.2823	25.5215	26.0036	22.9712	23.4852
FBgn0036488	93.6664	84.8924	92.8483	84.4431	102.681	101.152
FBgn0029114	9.53087	12.5888	10.1361	9.9424	10.3586	9.73952
FBgn0036491	0.265698	0.0	0.0	0.0	0.0	0.0
FBgn0036492	0.0	0.0	0.274922	0.0	0.0	0.0
FBgn0036493	3.8376562	5.087	2.63013	4.29153	5.09326504596	5.41527
FBgn0036500	30.5934	29.7211	28.2251	29.5462	32.88	34.2519
FBgn0036501	51.7242	51.6144	53.0333	54.1099	43.4083	54.8655
FBgn0026738	24.7877	25.4158	32.9601	25.4354	26.0031	23.4959
FBgn0036502	12.8692	9.17146	9.420390000000001	11.6092	11.804030000000001	13.76247
FBgn0004052	0.0	0.0	1.61814	0.0	0.0	1.5197
FBgn0001099	1.52238	7.4037500000000005	3.99522	7.893	3.81515	2.3729800639035
FBgn0028377	1.52238	2.00637	0.0	0.0	0.0	0.0
FBgn0000565	41.1592	39.79963	50.836020000000005	41.406303	39.81799243454	44.557990000000004
FBgn0036503	2.3921	1.44535	10.1171	6.31185	2.76033	3.56312
FBgn0004228	0.760696	0.0	0.0	0.0	0.0	0.0
FBgn0036504	0.931055	1.68768	1.47668	1.22835	2.14876	1.84912
FBgn0036505	108.3742	106.083	109.9301	113.6703	91.60549999999999	117.3632
FBgn0053985	0.0	0.0	0.0	0.517234	0.0	0.0
FBgn0261681	0.0	0.0	1.08732	0.0	1.18665	0.0
FBgn0053983	0.542899	0.656059	0.574034	0.955005	0.0	0.0
FBgn0262893	0.0	1.38158	0.0	1.00556	0.0	2.27061
FBgn0004396	21.58089	18.538159999999998	19.24458	17.83787	20.2524	18.84835
FBgn0087035	298.85220000000004	316.1086	316.4055	323.2018	300.8966	339.4899
FBgn0036509	51.3029	63.0582	53.5319	53.5299	52.595	48.5758
FBgn0036510	50.38794	36.65208	40.5736000047727	43.94320999999999	41.4922331602	48.19611999999999
FBgn0267390	25.5215	24.3464	23.8321	29.54978	22.420071	27.93012
FBgn0036512	23.1504	26.4498	20.9176	23.1383	20.157	18.8091
FBgn0261109	13.8552	12.0923	20.347	18.505	17.4684	17.3256
FBgn0036514	17.1196	14.6033	21.8282	21.4051	23.0474	20.8336
FBgn0036515	85.07004	76.848	88.6011	92.71089	104.02380000000001	89.7911
FBgn0036516	81.3891	68.22017	71.21044	80.02886	83.609	71.58041999999999
FBgn0036518	70.55410004467001	66.458330161529	76.12906475	66.547074	74.06351000000001	73.09948
FBgn0036519	21.1913	20.0712	25.1526	20.2919	16.7187	17.7535
FBgn0036520	0.491423	0.6116383	0.535167	0.4451711	0.283535	0.243998
FBgn0259236	0.323122	0.0	0.683306	0.284199	0.0	0.0
FBgn0036522	8.31634	6.38456	9.41399	9.46592	10.6126	11.5617
FBgn0036529	0.194358	0.0	0.0	0.0	0.0	0.0
FBgn0085481	0.469463	0.0	0.0	0.0	0.0	0.0
FBgn0041160	0.0	0.0	0.312079	0.0	0.340587	0.0
FBgn0010105	0.0	0.0	0.0	0.0	0.0	0.16812
FBgn0036532	1.6755	0.0	0.0	0.0	0.0	0.0
FBgn0261722	61.93247	69.07316999999999	72.75432	81.48978000000001	73.43163000000001	75.72905
FBgn0015025	5.88963	7.11724	4.44814	4.68683	3.55994	3.62053
FBgn0036534	50.05906	58.431406	59.99118	59.43117	63.21219000000001	55.330680119179995
FBgn0040230	12.7533	13.68169	17.88785	14.87979	15.01683	14.732
FBgn0036536	15.5216	12.6405	13.2008	13.6519	12.4598	15.4134
FBgn0036537	76.4931	84.97989999999999	101.63168	89.363	95.9284	91.8428
FBgn0036538	55.6595	60.8893	77.4653	89.6592	77.4434	65.3845
FBgn0264908	0.131101070606	0.0	0.0	0.1153090545804	0.0	0.0
FBgn0036544	0.05944941382	0.07183987829999999	0.0628558315	0.1568655767	0.0	0.1180697732
FBgn0000489	0.646422	0.781161	0.227832	0.382429159322	0.74593	0.855885
FBgn0036545	52.336299999999994	44.846430000000005	42.2579000745312	57.3307	45.01995	45.82913
FBgn0283649	13.39394	14.7783	14.7778	11.864484951	10.165513952	12.144
FBgn0036547	0.922584	1.51855	0.885794	0.540968	1.93342	1.52692
FBgn0263599	41.5116	47.4213	49.6393	55.6336	53.3466	56.3467
FBgn0036549	12.3839	8.72964	14.1852	11.1947	14.2902	13.3223
FBgn0000212	55.90751	52.379212313	57.887933832	55.775750135873004	64.864643295435	61.957675320149995
FBgn0036550	0.482876	0.0	1.53171	0.0	0.557209	0.959017
FBgn0036551	8.2089	11.087	4.59512	6.3706499999999995	3.90046	4.79508
FBgn0036552	0.560109	0.99838	0.592231	0.726656	0.64633	1.1124
FBgn0036553	0.334235	0.807804	0.706807	0.503152	0.0	0.0
FBgn0000115	97.1789	84.8924	118.227	104.009	88.4946	93.0131
FBgn0263600	16.1915	17.6822	17.7541	18.3552	17.4383	17.746
FBgn0259824	27.73648	30.42644	33.88294	29.13247	30.7632	27.94416
FBgn0036556	13.404	15.3528	15.2819	14.5573	14.2569	12.8475
FBgn0036557	37.5013	24.402	38.1269	35.8384	28.2946	35.0913
FBgn0263601	60.4353	65.7903	61.7533	74.7748	64.8157	75.5467
FBgn0044028	16.8772	19.2183	20.9336	21.7905	21.0981	20.3047
FBgn0261634	2.234	5.39929	0.0	1.96489	0.0	0.0
FBgn0261633	0.0	0.0	0.0	0.0	0.0	6.12705
FBgn0260646	0.0	0.0	0.0	0.0	0.0	5.43546
FBgn0036560	1.18421	0.0	0.0	0.0	0.0	0.634876
FBgn0260635	368.4674500300001	288.4885610756	425.81010068741296	354.42406	361.72712147	364.40728721
FBgn0005536	77.833998	75.994010143852	88.44640310046273	81.6290350536006	85.74102155211091	92.468315424113
FBgn0053258	0.0	0.0	0.0	0.0	0.723472	1.24518
FBgn0036563	0.409174	0.988922	0.865281	0.359886	0.472161	0.0
FBgn0263602	25.934269999999998	24.495579999999997	39.714	29.364890000000003	26.48667	23.977240000000002
FBgn0036565	39.1729	57.6552	38.4103	46.8224	45.975699999999996	48.3752
FBgn0036566	69.149150139868	75.57965999999999	66.22387	79.69319999999999	77.6879	86.84495
FBgn0036567	45.0182	51.2279	50.2859	52.9578	47.4108	65.882
FBgn0036568	22.43	17.1325	17.6754	24.7532	22.2201	24.1647
FBgn0036569	5.75662	5.39129	7.45628	6.07582	5.64635	7.57432
FBgn0036570	17.1705	11.4997	16.4053	16.9217	15.278	14.1747
FBgn0262987	7.64686	12.321	8.08541	10.0886	2.94133	2.53118
FBgn0263603	61.26958	64.094980031243	76.040712126	71.8101574808	67.8621008348454	64.41883
FBgn0010280	71.17308617978	61.124051393	85.968892323279	75.540309	88.90581	78.7186200128255
FBgn0036571	8.400530152953	8.710321780907	6.1397048000000005	7.834598099999999	7.931187226706	8.34194
FBgn0003076	67.1504	69.7178	66.7514	101.694	69.302	95.7967
FBgn0011016	182.194	159.498	192.096	190.294	207.851	186.063
FBgn0266724	29.9807	18.7395	21.8621	16.3672	9.54368	22.5854
FBgn0036574	21.34778	22.017561	23.94702	24.9743	24.11643	30.05046
FBgn0036575	1.62779	1.57366	2.4096	3.72244	2.62971	2.90958
FBgn0036576	40.84104	26.573928	37.385334	33.129722	30.47965	33.693716
FBgn0052152	0.60706	0.873878	0.263824	0.600882	1.21143	0.749326
FBgn0036577	0.597564	0.0	0.0	0.0	0.0	0.296698
FBgn0263605	13.96800000365424	13.1033875	18.850001661620002	14.5482738	19.723600778891	19.8934
FBgn0036579	9.58349	16.6654	14.3346	15.0079	14.2954	13.4626
FBgn0036580	120.666	101.03	110.271	101.582	110.398	115.545
FBgn0036581	84.97046999999999	68.4812	76.4187	92.7746	81.1452	85.3477
FBgn0263606	11.2129	10.3239	5.64572	7.98373	2.46458	9.01384
FBgn0263607	3.18619	3.85031	2.12774	3.83485	1.93509	3.99659
FBgn0263608	0.0	1.50076	0.0	0.364102	0.477692	0.0
FBgn0036584	0.0	0.0	0.0	0.299642	0.0	0.0
FBgn0036587	0.0	0.0	0.257363	0.0	0.0	0.0
FBgn0036597	0.0	0.0	0.0	0.0	0.0	0.671312
FBgn0036612	0.124949	0.0	0.132115	0.109898	0.0	0.0
FBgn0285951	46.4934	56.1843	53.1893	44.9152	49.2529	42.3848
FBgn0036614	7.24724	9.55399	6.26962	8.69216	5.89201	7.68737
FBgn0283681	13.8685	19.1534	17.5967	17.4257	17.3751	19.674
FBgn0011693	0.54441934469	0.0	0.0	0.0	0.0	1.03902052
FBgn0266417	10.3091	15.494340000000001	5.12959	6.63372	8.39725	4.8175300292038
FBgn0036618	0.0	0.0	0.0	0.560478	0.0	0.0
FBgn0036619	0.0	0.376393	0.0	0.0	0.0	0.0
FBgn0036620	0.528865	0.639099	0.0	0.465159	0.0	0.0
FBgn0042137	0.0	0.0	0.542944	0.0	0.59254	0.0
FBgn0036621	32.865520000000004	28.676625	38.41404	37.864819	39.378589999999996	32.636226
FBgn0036622	8.070219999999999	8.5333013	11.732947200000002	17.44951	3.88022	7.0121924
FBgn0036623	112.236082	106.999143	121.43208	117.109196	128.35819	131.39109200000001
FBgn0036624	18.276900003380693	17.27430000873094	22.05862975	23.619032400000002	22.386442094	25.58018
FBgn0266099	0.0	0.184139	0.0	0.0	0.0	0.0
FBgn0036627	0.0	0.359677	0.0	0.0	0.0	0.0
FBgn0014163	21.317490000000003	15.42468	14.60928	10.647942	19.891830000000002	15.94196
FBgn0028399	114.22068	137.8597	123.80699	121.92428999999998	116.1378	131.77062999999998
FBgn0036629	3.36662	3.7554	4.38117	5.6944	2.09185	1.28582
FBgn0027080	80.1169	71.4169	77.9138	85.2554	80.1803	79.3126
FBgn0053158	16.932	15.092	16.8873	19.7509	19.5384	21.5838
FBgn0261799	0.471599	0.0	0.124661	0.207396	0.136049	0.234155
FBgn0004569	0.59278	0.537253	0.0	0.130344	0.855038	0.882968
FBgn0260388	55.2993	65.39504	66.5547	59.136050000000004	80.98505999999999	67.382
FBgn0263131	0.0	0.0776812	0.0	0.0	0.0	0.0
FBgn0003515	0.199648	0.0	0.0	0.0	0.460763	0.396512
FBgn0026061	0.742769	0.0	0.261789	0.0	0.0	0.245863
FBgn0262732	166.4703	155.35064	205.04029999999997	217.34690313	189.5547	192.83954
FBgn0036640	16.846130086	16.62127	16.9353700127811	15.020893282000001	14.0394500114715	18.78885000583972
FBgn0036641	25.72381	22.105359999999997	38.07869	25.1391	40.23787	23.27377
FBgn0263975	2.91954	1.51203	0.0	2.56786	1.92512	2.89917
FBgn0028693	130.874	128.647	149.739	124.559	140.314	124.627
FBgn0250814	168.50119999999998	128.1422	203.6611	136.7056	157.2283	136.4579
FBgn0036643	47.8933	27.5921	31.2084	33.7973	34.0592	28.2038
FBgn0052163	12.911249999999999	17.1855	24.435	24.69941	13.6754	18.8295
FBgn0002283	31.15267	28.4436	31.4753	28.313299999999998	29.55736	27.841839999999998
FBgn0003741	28.7346784	18.4211	19.8375	20.1113	21.6496	37.8436
FBgn0027500	27.9054	27.4222	28.4896	21.6853	33.9111	30.7011
FBgn0042178	12.591809999999999	19.03826	11.0876	16.424979999999998	14.65102	13.607420000000001
FBgn0036646	22.0518	16.6226	23.3491	23.2978	31.2777	33.0967
FBgn0042177	33.7921	34.42361	43.31381	37.766239999999996	36.86309	49.32446
FBgn0036648	39.0055	28.1187	46.6094	45.9268	37.0218	42.7087
FBgn0002284	189.923	167.719	228.951	175.306	216.148	161.137
FBgn0004465	54.4779	50.3429	66.4119	50.7341	54.7286	54.0979
FBgn0025558	70.1442	52.978	60.2606	38.5592	57.3338	39.1809
FBgn0017572	81.6303	76.53960000000001	83.89403	77.6295	77.5732	72.6597
FBgn0000017	298.42088789999997	409.54540678	299.051832	361.5754867	325.1482827	352.45394802000004
FBgn0260960	139.03230000000002	127.8619	113.2113	99.76679999999999	121.8589	100.9293
FBgn0010223	2.39062	3.4667	4.29714	1.68212	3.86208	3.32353
FBgn0040512	190.5588	203.34875	232.78572	213.79903014343103	216.79234	253.30363
FBgn0036652	0.391062	0.70886	1.65396	0.515933	1.12815	0.970836
FBgn0063485	65.90929754	52.031701999999996	68.1132	53.06489	76.24974	59.938990000000004
FBgn0264605	16.5141	16.5026	13.2638	13.4523	17.4744	16.3989
FBgn0036654	1.3065407999999998	1.9735651	0.34535484	0.57457849	0.3769038	0.32435748
FBgn0000414	15.81457000539861	17.306870249550002	16.13263224	16.506340167814	14.657004	17.2219364143551
FBgn0036656	0.0	0.0	0.0	0.0	0.364085	0.0
FBgn0043577	0.0	0.0	0.0	0.0	0.0	0.823037
FBgn0043578	0.0	0.0	0.0	0.0	0.0	0.910388
FBgn0004556	15.2779	11.4513	18.8123	17.0095	21.2003	16.8997
FBgn0004108	8.0928	6.940385000000001	13.80149	9.528880000000001	11.597878012	8.664525999999999
FBgn0287696	12.2672	9.26505	14.592022	10.9581	11.72251	12.37192
FBgn0036661	115.7777	126.98666999999999	154.37400000000002	123.9152	145.4041	133.4393
FBgn0036662	19.82999	18.93478	20.19860429015	19.63376	26.2588779	20.87793
FBgn0025582	290.727	284.474	332.291	345.256	331.406	308.57
FBgn0036663	92.00028	106.77767	62.777209	75.585689	78.5016	73.89639
FBgn0021768	60.23408	53.80063	82.28081	65.8117	90.22864999999999	70.95942
FBgn0036665	0.963758	0.776426	0.339676	0.0	0.74141	0.0
FBgn0036666	80.0884	76.2797	82.3072	81.4132	84.9314	78.291
FBgn0036667	96.00201	95.066	94.112	111.929	90.7786	117.18
FBgn0036668	25.15	27.353	30.7376	30.9036	31.4969	34.3768
FBgn0003250	0.0	0.408468	0.0	0.0	0.0	0.0
FBgn0003410	16.515731000000002	17.2699531	17.564634033	14.844529999999999	14.5721873	18.19078643
FBgn0259794	0.310724	0.0	0.0	0.819884	0.0	0.0
FBgn0036670	0.0	0.0	1.08445	0.0	0.0	0.455194
FBgn0036671	12.9014	12.126	15.9149	15.9704	13.2333	13.0487
FBgn0261565	28.64773771	26.067147	16.115579171807	25.6038067511298	17.466808096512697	20.6945789
FBgn0052170	1.66741	1.51122	1.32228	0.9166	1.20255	0.827891
FBgn0036676	0.714551	0.0	0.0	0.0	0.0	0.0
FBgn0036677	0.19272	0.0	0.0	0.0	0.0	0.0
FBgn0036678	0.8444099999999999	0.0	0.0	0.295243	0.0	0.0
FBgn0036680	0.944453	0.433179	0.502576	0.703838	0.457941	0.1681
FBgn0036681	0.0	0.900185	0.0	0.0	0.0	0.0
FBgn0010352	91.67720159999999	76.7492486132463	96.384902487	90.147111888936	90.02917614500001	92.49635824999999
FBgn0261547	15.425200101400002	15.3985803515	16.0588805449	15.8997994667	14.4581706581	19.2302200108287
FBgn0036684	15.33254	20.53596	14.0338100008417	15.232500000000002	13.93423	17.197860000000002
FBgn0036685	38.741784867	41.157000000000004	43.142340000000004	43.00233	46.4494	42.640209999999996
FBgn0036686	28.9636	31.7573	39.7292	33.7367	39.3581	35.4244
FBgn0036687	0.0	0.0	0.200982	0.0	0.0	0.188755
FBgn0036688	7.20121	9.60869	9.51776	10.4243	6.23231	8.64078
FBgn0036689	7.27326	7.56854	5.12692	6.21944	3.9633	5.61753
FBgn0036690	0.0	0.0	1.23056	0.511814	0.0	0.0
FBgn0036691	17.8988	12.6956	16.0454	22.9297	20.2051	18.9331
FBgn0261872	39.68013	37.48992	46.2878	43.52197	48.89035	52.94778
FBgn0036695	25.876	18.4143	23.104	19.9774	18.2473	25.41
FBgn0036696	39.933467	33.5527	48.427	43.53433	52.95021	59.475
FBgn0010424	0.0	0.0	0.0	0.0	0.587881	0.0
FBgn0036697	28.053800000000003	24.22006	29.94768	29.30271	27.502519999999997	32.78463
FBgn0036698	0.0	0.0	0.0	0.280469	0.0	0.0
FBgn0260943	0.0	0.0	0.0	0.0417732	0.361154	0.0471405
FBgn0036702	76.6943	79.3044	92.0693	101.4761	90.1442	103.6868
FBgn0036710	50.13289	45.1445	56.87238	54.45349	59.2913	45.594300000000004
FBgn0036712	0.184927	0.0	0.0	0.0	0.0	0.0
FBgn0036714	5.2049500144186	7.23329	7.062660213285	6.8652186169394005	5.51582	6.0221600603025
FBgn0036716	0.0	0.0	0.0	0.296652	0.0	0.0
FBgn0036717	0.0	0.0	0.147792	0.245877	0.0	0.138801
FBgn0027660	23.75191	18.262002	19.08075543	16.91914	21.21088	16.878809999999998
FBgn0266669	23.3764	25.9889	24.5758	24.5551	20.655	18.5707
FBgn0040793	404.763	394.321	405.352	354.438	417.689	405.482
FBgn0053051	16.4457	18.0668	20.5504	14.4646	19.8398	13.3617
FBgn0053052	33.5887	27.9794	33.4462	32.4109	39.5118	26.2302
FBgn0042641	57.209680000000006	57.612829999999995	64.42378	60.83903	59.01847	59.27678
FBgn0052174	14.256780000000001	10.136410000000001	6.1075099999999996	9.4101900873143	3.4393199999999995	8.78646
FBgn0052176	12.1403	13.5841	15.4514	16.0169	14.0092	17.1905
FBgn0036723	1.98662	1.33373	2.10055	2.13561	1.01886	1.75357
FBgn0036726	80.781	76.76	89.794	91.0901	79.6719	72.6758
FBgn0036727	0.221996	1.34134	0.704183	0.0	0.0	0.661344
FBgn0036728	362.916	313.85159999999996	383.729	298.0203	373.13250000000005	295.4808
FBgn0288810	0.0	0.0	0.0	0.0	0.0	18.444
FBgn0085279	26.7056	40.20084000000001	41.40062	39.14787	30.81663	44.374449999999996
FBgn0036729	0.0	0.0	0.0	0.0	0.0	0.413724
FBgn0036730	0.491423	0.0	0.0	0.0	0.0	0.607881
FBgn0036731	0.468897	0.0	0.212517	0.0	0.0	0.0
FBgn0036732	49.22133057	51.46801	41.26892	44.8739357901	43.441766028	43.333349999999996
FBgn0052185	1.75097	0.0	3.70278	0.0	2.02051	1.73876
FBgn0036733	23.0009	22.2361	31.616	28.8741	30.1609	25.9551
FBgn0036734	62.732344399999995	59.563359999999996	71.06777	55.545930000000006	54.93807	49.08191
FBgn0036735	15.1944	16.0511	18.4065	17.0813	16.14	17.8863
FBgn0259174	61.107170999999994	61.598371	68.41306999999999	59.211521	71.26968	71.32463
FBgn0023197	0.552153	0.0	1.16764	0.0	0.0	0.0
FBgn0036738	0.613116	0.0	0.0	0.357627	0.0	0.0
FBgn0025455	37.086079999999995	36.9743179	46.30391	43.83357	48.8371	54.00267
FBgn0000567	6.418116	4.287197	3.8646538	3.9304360000000003	4.742030000000001	4.3031239999999995
FBgn0036740	133.3878	119.69	116.8293	104.1872	118.31230000000001	112.6876
FBgn0036741	17.30937	17.757749999999998	19.507050000000003	19.528599999999997	17.46492	20.0732
FBgn0036742	0.778989	0.313786	0.549109	0.685154	0.299635	0.773556
FBgn0004401	278.0171277079	264.0118233651	314.38599999999997	291.1919	293.59769946	296.3743000436631
FBgn0262531	0.535421	1.29404	0.826979	1.03187	1.23568	1.595055
FBgn0052177	19.9757	24.1737	20.6851	18.9352	18.7958	21.2601
FBgn0052179	8.62168	6.29547	6.27327	8.30254	7.60932	8.23084
FBgn0036745	138.342	132.306	138.199	158.256	150.823	150.019
FBgn0036746	25.59926	21.89256	23.319619999999997	22.948700000000002	24.08646	22.2921
FBgn0085280	0.0	0.0	0.477917	0.0	0.0	0.0
FBgn0036749	2.15713	4.07203	8.14382	5.9275400000000005	5.47623	4.78024
FBgn0036750	0.261058	0.0	0.27603	0.0	0.0	0.0
FBgn0036751	0.0	0.314822	0.274922	0.0	0.300035	0.0
FBgn0036752	143.09450999999999	160.36522209999998	133.77629	132.50847000000002	145.9749	154.04783600000002
FBgn0043025	4.3326859	3.9487338	2.9453720999999997	5.74837865	5.277090180351	5.2249203
FBgn0052182	4.37813	3.77907	3.9679	6.60129	6.49554	3.72651
FBgn0052181	2.05868	1.80929	5.14503	4.93825	3.02347	3.53109
FBgn0261998	0.169819	0.307823	0.269337	0.149363	0.0979801	0.168634
FBgn0052190	182.914	173.456	182.329	192.101	195.403	187.416
FBgn0036754	11.5822	12.7686	15.4692	9.29345	15.2409	13.3175
FBgn0052191	0.0	0.250127	0.0	0.0	0.0	0.0
FBgn0001134	0.229006	0.36395	0.106149	0.402841	0.0	0.424025
FBgn0036759	3.783124	3.42874	4.50009	3.32741	1.637054	6.10469
FBgn0036760	24.6294	22.8614	19.2483	28.8834	16.8877	25.8754
FBgn0036761	32.8072	28.833	40.73293	35.41999	34.129000000000005	32.6727
FBgn0036762	150.5583	139.76389999999998	148.3389	133.2249	137.1453	136.3698
FBgn0036763	16.98462	17.72597	25.7136	19.691879999999998	19.599159999999998	14.405630200000001
FBgn0036764	129.431	125.025	164.761	173.50887	181.029	167.79787
FBgn0054002	0.819211	0.0	0.0	0.0	0.945317	0.0
FBgn0262532	0.0	1.24269	0.0	0.0	0.0	0.0
FBgn0262533	0.0	0.0	0.0	0.496936	0.0	0.561053
FBgn0036765	2.04372	2.22273	4.53795	5.572363999999999	3.53748	5.07367
FBgn0036766	0.0	0.0	0.0	0.0	0.970894	0.835507
FBgn0036769	0.31993	0.773231	0.0	0.0	0.738359	0.317699
FBgn0036770	50.5307	52.0997	55.6344	51.2736	52.9597	52.9404
FBgn0036771	14.2066	16.4372	13.4233	15.4197	14.3007	13.5072
FBgn0036772	24.1696	26.615	22.5314	23.6481	36.8018	26.1313
FBgn0000568	36.737158	33.845761	38.05604700000001	32.90373	35.780536	34.945996
FBgn0052192	0.0	0.0	0.0	0.0	0.0	0.49235229585900003
FBgn0259739	0.0	0.498131	0.0	0.0	0.475666	0.0
FBgn0264748	0.0	0.902475	1.18446	1.3137	0.861773	0.741603
FBgn0264746	0.0	0.467401	0.408964	1.02057	2.23161	0.768168
FBgn0036774	58.9904	58.5297	70.2522	64.9922	70.2207	61.662
FBgn0036775	25.7217	17.4624	34.8364	30.7575	30.0147	28.6992
FBgn0002901	4.60458	5.20535	7.3815	6.00956	5.14199	4.42496
FBgn0036777	4.713610033949	3.41766	3.97679	2.719630016564	4.19692	0.93614600460595
FBgn0052195	2.84982	3.44383	3.917236	4.295513	3.11356	3.39593
FBgn0036778	0.0	0.0	0.0	0.0	0.313893	0.0
FBgn0003997	1.5618910000000001	1.6515179999999998	1.4450319999999999	1.5454700000000001	1.1264509999999999	0.581624
FBgn0011706	6.64471	13.3828	4.09837	9.25348	5.11171	7.14823
FBgn0052196	5.39883	1.49837	1.31103	0.678356	0.889986	0.765882
FBgn0013717	10.52878	10.260760000000001	12.03039	6.27324	11.16973	9.94944
FBgn0259791	14.6604	11.2028	11.6259	9.29157	13.683	17.7695
FBgn0036801	1.34925229709	1.635261	1.9023	1.5824	1.58758	1.78657
FBgn0260027	3.41728	2.06478	2.70995	3.00564	0.98583	0.848361
FBgn0042134	106.251	86.6936	112.0128	96.1197	108.1257	104.21209999999999
FBgn0040322	23.5035567	24.218289999999996	26.992649999999998	29.37587	20.619	29.06862
FBgn0040323	22.3034	21.0286	21.2501	20.6946	20.3631	23.1213
FBgn0286925	0.0	0.0	0.0	0.0	0.0	0.382941
FBgn0085283	0.0	0.0	0.0	0.385882	0.506267	0.435671
FBgn0036804	27.8116	22.6662	24.6195	25.5992	21.644	14.7722
FBgn0052202	17.7113	12.3912	20.6983	16.3977	21.5133	15.7364
FBgn0036805	56.9876	76.8399	72.30699999999999	59.0924	53.3002	52.4203
FBgn0036806	21.7021	22.906	28.1751	24.4036	19.6539	22.369149999999998
FBgn0036809	0.690436	0.834348	2.55511	0.910901	0.796719	0.0
FBgn0036810	0.383727	0.0	0.0	0.0	0.0	0.0
FBgn0036811	40.8516	51.6113	36.7829	33.2579	34.822	37.1168
FBgn0036812	4.58582	6.19363	7.41584	6.16876	4.98046	5.35745
FBgn0036813	37.6544	28.9565	42.2269	39.4748	31.1617	43.0572
FBgn0001078	16.05321	14.349675	20.61428	15.572059999999999	17.880850000000002	21.752375
FBgn0036814	17.17538	16.2646	18.018369999999997	17.08532	18.48333	19.61649
FBgn0036815	43.634	41.29019	48.239689999999996	41.760419999999996	45.7626	43.6382
FBgn0000261	86.6701	93.7381	88.4332	75.6583	97.0107	77.0287
FBgn0036816	112.57003	124.20772	94.6098	89.79217	109.65427	119.54239000000001
FBgn0036817	4.706	2.27476	3.98071	1.24174	5.43042	1.40195
FBgn0036818	4.91009	6.42799	3.02848	3.95875	5.66593	5.68848
FBgn0036819	4.65781	3.58188	4.4772099999999995	3.351879	1.12891	1.26145
FBgn0036820	30.4298	17.7931	21.7959	25.0375	6.79626	7.79807
FBgn0025807	10.52712	7.1918	8.831949999999999	7.0363299999999995	7.18948	9.21664
FBgn0085284	25.4724	23.1652	20.7391	18.1941	23.4378	28.9243
FBgn0014075	30.6901	36.5362	38.9562	41.6925	39.7097	41.037
FBgn0036821	19.83243	21.665429999999997	22.647386490000002	32.52702479	21.96997	25.523580161902004
FBgn0036822	7.88906	9.53343	11.3748	6.30796	4.13794	7.83404
FBgn0036824	129.852	109.47	131.962	103.604	136.249	79.6517
FBgn0036825	3392.228	2631.908	3787.693	3406.607	3428.627	2667.727
FBgn0036826	14.5838	22.3685	23.7234	20.2274	14.887	19.4952
FBgn0036827	18.3221	23.8776	23.5513	25.5945	19.8988	19.2645
FBgn0027057	37.3439	34.2853	41.0239	34.5517	33.2987	34.4346
FBgn0036828	21.74565	22.35407	20.991030000000002	25.284599999999998	23.50936	22.22416
FBgn0036829	0.0	0.0	0.234923	0.0	0.0	0.0
FBgn0036830	0.153211	0.0	0.0	0.0	0.0	0.0
FBgn0036834	0.0	0.0	0.370278	0.0	0.0	0.0
FBgn0036835	0.0	0.988922	0.0	0.0	0.0	0.0
FBgn0036836	0.0	0.211594	0.0	0.0	0.0	0.173876
FBgn0036837	9.127348000000001	12.194971999999998	7.494759999999999	7.61602	8.843146	8.684887
FBgn0036838	14.3816	15.1366	13.8005	16.9253	11.5588	20.2459
FBgn0002945	0.4342695	0.2099125	0.09183041	0.0	0.10021964	0.4312433
FBgn0015586	0.0	0.0	0.0	0.0	0.4489535	0.0
FBgn0036842	33.70977	34.37107	37.39336	39.046864	40.80909	38.10733
FBgn0036843	16.0661	12.1027	18.7524	16.5165	14.4461	17.6116
FBgn0036844	31.925167000000002	26.996781	35.73728433627	31.3855463209	31.4307365	35.49411
FBgn0036846	13.7931	15.759	15.91	16.3226	17.6527	14.195
FBgn0036847	56.4653	69.4829	64.8003	65.1078	59.1979	65.3028
FBgn0036848	36.4656	30.8919	35.3769	35.0489	43.3804	39.9444
FBgn0036849	4.80489	5.22576	5.08045	6.76176	4.43563	5.24851
FBgn0036850	11.77926	12.9023000404888	10.871	11.4775	15.0582	17.545659999999998
FBgn0016797	0.7832490000000001	1.0817230226858	1.6563379999999999	0.88573	0.9038200000000001	1.33439375
FBgn0036853	27.2029	22.491999999999997	44.658291	28.963235	24.78192	23.45881
FBgn0040075	55.940252	45.79010804	76.96664	53.185343	64.38630171	54.3068
FBgn0026630	48.423987999999994	56.2791	53.826049999999995	58.417105559999996	52.16932	53.04607
FBgn0260857	63.7935	42.142799999999994	47.116	61.65499	42.93052	52.93735
FBgn0017578	34.77644	34.887950000000004	39.432719999999996	36.10556	46.60136	32.05538
FBgn0036856	15.88523	17.92535	16.4608	16.97525	16.38276	17.10312
FBgn0259720	15.88523	17.92535	16.4608	16.97525	16.38276	17.10312
FBgn0266456	0.0	0.0	0.0	0.0	0.0	3.62445
FBgn0036857	49.6859	49.5435	53.3508	41.661	51.9943	40.9953
FBgn0036859	0.0	0.341752	0.0	0.124369	0.163169	0.0
FBgn0036858	0.0	0.0	0.0	0.0	0.0	0.574411
FBgn0036862	1.84707	3.7780500000000004	1.59870557	2.8518314	1.603406	3.1181726880000005
FBgn0028380	24.1814	25.076108	24.929	22.779600000000002	24.6886	26.85241
FBgn0003089	1.444787	2.063021	0.868063	0.7093689999999999	2.4448855	1.998608
FBgn0052206	0.329746	0.398478	0.522986	0.483376	0.380506	0.76404
FBgn0053255	0.0	0.0	0.0	8.08396	0.0	2.9608
FBgn0053062	11.6509	15.3593	9.51927	11.969850000000001	4.88886	6.83659
FBgn0023395	10.711	9.03217	11.182	10.2556	11.734	9.28995
FBgn0036870	0.0	2.12551	0.0	0.0	0.0	0.0
FBgn0036871	0.0	1.81366	1.58691	0.0	0.0	1.49036
FBgn0052214	2.92267	0.843336	0.0	2.57062	0.0	0.0
FBgn0036872	0.0	0.0	0.0	0.0	5.82536	0.0
FBgn0262031	16.8873	13.0047	23.888	8.08396	12.9374	2.9608
FBgn0052212	7.54654	2.9841	5.71714	6.95699	1.03194	5.8085
FBgn0036875	0.0	1.02563	0.897398	0.296267	1.9587430000000001	0.161508
FBgn0036877	0.0	0.323288	0.565738	0.235301	0.0	0.0
FBgn0036882	0.565404	0.569379	1.09602	0.663063	1.52236	1.31008
FBgn0286940	0.0	0.4688	0.410188	0.0	0.0	0.0
FBgn0262517	19.781	20.3823	20.4414	23.2358	22.568	19.4159
FBgn0260461	0.652806	0.797325	0.69122926645	0.878332	0.396853	0.972084
FBgn0286941	0.0	0.0	3.26645e-06	0.0	0.0	0.0
FBgn0036886	15.6916	11.0414	17.2216	16.9461	20.8576	24.2609
FBgn0005564	0.540383	0.0	0.95229	0.572683	0.563509	0.646573
FBgn0036887	25.9144	25.2055	30.0738	38.914500000000004	22.609969999999997	23.850700000000003
FBgn0036888	61.9098	63.635	70.3511	64.623	60.1492	69.7811
FBgn0036889	9.11561	9.44197	7.22879	10.022	6.7621	7.43559
FBgn0005386	10.397753	10.851456	11.04902	12.24173212	14.785150000000002	14.6035806771
FBgn0010417	22.8164	20.01167	25.4529	23.1978	16.42520404554	18.7078
FBgn0036890	0.24083975507	0.0	0.0	0.0	0.0	0.0
FBgn0020277	1.57375	0.61484	0.554667	1.38418	0.0	4.68831
FBgn0036891	216.584	207.065	226.808	254.69	256.392	270.954
FBgn0036892	26.8791	30.623269999999998	30.85886	37.56916	30.49852	41.2955
FBgn0036893	13.0192	12.9234	10.3244	15.5405	10.1944	12.4666
FBgn0260655	12.57462	14.35143	14.45654	18.345399999999998	18.54097	15.55913
FBgn0029094	86.1026	77.27940000000001	73.8048	85.6567	70.418	95.0484
FBgn0036895	0.0	0.0	0.0	0.0	0.0	0.108826
FBgn0036896	11.87487	13.77815	10.2428100105844	12.57158	13.137150003923098	14.47422
FBgn0036897	14.91656	11.92459	15.12765	16.886779999999998	16.596420000000002	15.43811
FBgn0022774	40.3046	40.0468	48.2982	32.8237	48.9205	36.1694
FBgn0036899	0.0	0.0	0.0	0.0	0.0	0.053364
FBgn0036900	16.9587713	14.219304121175	17.4991708	18.005002699950868	19.3222	15.1092001037989
FBgn0004623	0.0	0.0	0.0	0.269843	0.354028	0.30466
FBgn0261341	0.19771867616	0.0	0.2090585151	0.17390212927	0.0	0.0
FBgn0260653	0.191769	0.0	0.202767	0.0	0.0	0.571294
FBgn0262516	9.00369	10.8804	9.87795	11.6107	9.21791	10.756
FBgn0261360	18.4177	9.95436	22.74743	18.037126	21.875420000000002	14.660747999999998
FBgn0260434	0.160626	0.58232	0.0	0.141278	0.0	0.159506
FBgn0261361	9.00369	10.8804	9.87795	11.6107	9.21791	10.756
FBgn0266136	18.4753501	32.41116	22.881524	18.0688994	21.9276422	24.280768
FBgn0036905	0.160626	0.58232	0.0	0.141278	0.0	0.159506
FBgn0261283	365.45694957999996	354.378696197	334.2426171	338.30908593699996	343.0767221	338.83729
FBgn0036906	5.15161	3.29019	2.78094	4.2368	2.41677	2.18468
FBgn0260874	14.037659999999999	14.804601109	9.44537	13.91811	6.13256	9.377648511
FBgn0036908	45.5127	46.5809	41.7392	42.0727	43.9443	50.26814
FBgn0036909	23.485619999999997	23.717209999999998	27.23192	25.36495	24.32497	29.43254
FBgn0083952	1.56511	0.0	1.06014	0.693681	7.09972	1.96002
FBgn0040786	12.2752	17.3061	12.9792	12.596	18.8864	8.12641
FBgn0024889	34.4223	30.5341	34.8476	35.7513	36.9744	33.0913
FBgn0036910	0.0	0.0	0.0	0.213416	0.279996	0.0
FBgn0023094	14.9925	13.8352	16.717	21.578	24.5351	21.3845
FBgn0036911	15.35829362	19.53237	20.401229999999998	27.64804	18.00369	25.250390000000003
FBgn0013799	25.520706037138	27.282619	30.775483435	26.00616	25.7348457	20.944380000000002
FBgn0003744	33.60661	25.693779999999997	36.02589	33.12693	35.985	30.90435
FBgn0052221	8.84072	15.0236	11.1004	8.26177	7.97002	10.4251
FBgn0001324	23.46572	20.343024	23.46309	22.65822	22.6631	24.3152
FBgn0020389	20.8553321680072	20.496557035883498	21.19552500269916	22.233696694558	22.901332749999998	19.873097935220002
FBgn0262518	53.2304	59.460499999999996	44.45892	49.96578	48.52013	63.5197
FBgn0036913	27.191829820000002	26.197979117	38.800031680000004	40.86362408856	33.178746040550905	35.640104699999995
FBgn0262519	59.2197129705	62.097544400000004	67.495795	56.859480000000005	66.94175	67.42924441
FBgn0014037	44.08957618	51.367650000000005	50.91162706	52.51806888	50.192294780000005	59.08398708
FBgn0036915	26.21715	26.94203	30.994799999999998	30.5033	29.30003	28.932508000000002
FBgn0036916	19.1776	19.6096	20.6674	19.4625	20.853	20.875
FBgn0028695	71.5335	69.4194	90.3871	73.1422	87.4378	81.0854
FBgn0020887	28.9696	26.6271	33.9725	28.3473	33.366	29.6326
FBgn0036918	102.5657	95.8224	115.73849999999999	99.3078	118.3543	121.53609999999999
FBgn0036919	39.8932	31.453	40.3807	40.6504	42.3852	39.1319
FBgn0036920	26.461	22.5186	22.4616	21.9624	25.3736	20.7251
FBgn0036921	200.3	197.9515	194.011	196.72800024187802	195.20499999999998	199.6356
FBgn0287592	0.0	0.0	2.47062e-08	1.25872	19.8514	0.0
FBgn0004852	2.1314550000000003	2.1157448999999997	2.656026	2.0086136	1.93266	1.6630376
FBgn0052219	0.0	0.588644	0.0	0.0	0.562096	0.483715
FBgn0036922	12.744769999999999	15.4012	9.709507	8.00683	11.77306	8.13593
FBgn0036923	0.0	0.0	0.0	0.157264	0.0	0.0
FBgn0036924	0.0	0.0	0.0	0.0	0.0	0.325742
FBgn0013303	24.2094	32.9592	17.1967	34.1124	29.333	28.0322
FBgn0036926	9.44872	8.629885	4.03921	4.434397	2.9089	4.16818
FBgn0036927	3.5476	5.119756	4.479652	2.15977	0.0	0.788837
FBgn0036928	225.7977	210.6912	249.32479999999998	219.33820000000003	220.9785	214.289
FBgn0036929	39.5556	41.6906	33.6479	40.284099999999995	37.408	43.1191
FBgn0261574	30.275033142	36.69129	35.7361192	43.154618	35.85667044	42.605309420000005
FBgn0036931	1.39214	2.99077	1.14487	2.04074	2.4989	2.61125
FBgn0036932	35.7244	43.1707	44.0687	42.6429	31.4085	25.5039
FBgn0036937	0.184313	0.0	0.0	0.0	0.0	0.0
FBgn0005198	13.1979985411	14.9417448	16.84232	17.96210260305	11.943212077699998	13.933682443
FBgn0036940	0.0	0.0	0.0	0.0	0.865932	0.372591
FBgn0036942	0.6484	2.35065	1.02838	1.99603	1.49642	1.28775
FBgn0261556	38.45859436793	29.3558449	35.22836755839	31.188377300000003	36.990964	40.770973
FBgn0036945	12.79472	4.7041	8.37478	6.3585	8.43673	5.52224
FBgn0260397	12.16184	11.47751000609549	16.019880720614	13.648200001271428	15.7713109	12.1942606056
FBgn0036956	0.0	0.353718	0.0	0.257449	0.0	0.290666
FBgn0036958	33.91684	27.04851	36.33856	32.01097	34.179531821219996	35.9564028893
FBgn0024814	185.98129	185.10967	204.5222431	164.36601000000002	195.89462	180.0287
FBgn0036959	3.64712	4.89877	1.90502	8.0806	2.5988	4.75465
FBgn0265959	0.0	0.0	0.0	0.0	0.0	0.110193
FBgn0052227	0.158659	0.0958649	0.167759	0.209321	0.183083	0.157553
FBgn0036964	25.399	24.0207	22.7689	21.3682	26.7603	27.9634
FBgn0288469	12.8217	13.6393	13.1752	15.1687	12.6074	13.9876
FBgn0036967	33.87112	39.8197995633	41.6060095	32.4423993187	39.203821594	43.9593400899223
FBgn0052225	0.710632	0.0	0.751386	0.937546	0.820024	0.352838
FBgn0003124	120.3646	102.1265	110.4404	96.2123	131.50549999999998	121.70490000000001
FBgn0250791	82.6878	79.3358	71.3938	67.4281	76.2372	82.111
FBgn0262057	16.197	18.02225045	10.55963	14.721420000000002	12.73601	10.08768
FBgn0036969	0.40407	0.0	0.427244	0.0	0.0	0.0
FBgn0036970	0.0	0.0	0.0	0.0	0.0	0.31356920639999997
FBgn0266934	0.0	0.987371	0.0	0.666456	0.0	0.923194
FBgn0036973	15.746	11.6218	15.4066	13.4359	13.0173	15.3499
FBgn0036974	140.2937958478	143.602366021	152.40663000854974	153.779476086	160.330368177	167.13652
FBgn0036975	6.5162510000000005	7.26868	11.6598	13.1724	9.34364	13.36351
FBgn0024887	15.809	19.4788	18.6822	18.5396	11.804	12.6206
FBgn0036977	0.0	0.0	0.881992	1.10051	0.96256	0.828335
FBgn0259676	25.7643	20.5548	20.1008	12.9804	24.2461	18.8779
FBgn0036978	0.718247	0.428202	0.165462	0.379037	0.722307	0.998533
FBgn0001259	0.543088	0.492216	0.861352	0.477669	0.313345	1.34825
FBgn0036979	0.0	0.969531	0.0	0.352829	0.462903	0.349009
FBgn0001247	33.1128	34.7954	29.5571	41.2591	32.257	46.4635
FBgn0036980	27.38882	24.79817	27.89048	26.03259	27.53583	35.214180000000006
FBgn0027565	33.4695	34.7691	31.6638	26.0809	30.8295	30.029
FBgn0011205	67.19966	73.15588	63.70324	62.6715509	66.1799	66.73097
FBgn0053969	25.9851	30.119600166555998	26.67997	31.950293980999998	28.7612	29.392
FBgn0028978	33.0936	22.2655	28.5606	27.5338	31.9953	27.7113
FBgn0036984	1.46299	1.23755	1.54689	1.41543	2.02583	0.87167
FBgn0036985	0.967237	0.825067	1.68446	1.25107	1.77268	3.50297
FBgn0036987	16.74336	15.591382419999999	13.5576000078398	15.1358	11.83420215963	13.4691
FBgn0036988	8.25104	11.3557	10.1783	9.27301	8.72774	10.241859999999999
FBgn0029158	24.5017	21.6063	24.8566	24.7537	18.3395	26.6323
FBgn0284421	75.3951000029063	73.45276324	75.428	75.78810146049	83.4993	81.1127267292
FBgn0036990	35.5932	24.9018	41.596	36.2488	36.7489	29.2991
FBgn0036991	7.258973200000001	7.074159099999999	6.90356	8.85623	9.4570492	8.60371
FBgn0036992	1.7684269499999998	2.1313	3.35669	2.171728	2.04042	1.75138
FBgn0036993	0.0	0.0	0.951408	1.18712	0.0	1.34029
FBgn0036994	16.959200670455	16.2652	17.696200012366102	13.259	17.08480030326	19.5141
FBgn0036995	0.170602	0.206161	0.270578	0.225077	0.0	0.0847058
FBgn0036996	0.304159	0.0	0.321603	0.802563	0.0	0.302038
FBgn0036997	2.09174	3.79161	1.10585	2.45303	2.41374	3.80811
FBgn0052428	22.105829999999997	29.233359999999998	26.82079	28.82273	33.956900000000005	29.09984
FBgn0036998	25.6929	29.5156	25.0235	26.2665	30.356	32.8196
FBgn0036999	36.906729999999996	34.783100000000005	34.7096	28.59463	34.385999999999996	27.35746
FBgn0037000	8.60487	7.685674	5.3401964	8.39099	5.1804635999999995	7.98758
FBgn0037001	76.59270000000001	74.99709999999999	98.5908	73.49080000000001	94.3219	67.9416
FBgn0052425	39.46179	30.61506258	34.3056	33.46907308	49.75929291	32.7965314
FBgn0037003	0.0	1.36173	1.4018	1.16607	1.78225	0.605591
FBgn0037004	1.18151	2.40944	0.0	0.0	0.741369	0.791965
FBgn0037005	0.33949	0.410252	0.717919	1.79157	1.95875	1.34849
FBgn0037007	38.628200016838605	39.794414928769996	35.895897	34.935991304400005	31.17892	37.420351000000004
FBgn0037008	6.72373	13.7113	7.10933	7.76187	7.75875	12.1018
FBgn0037009	74.7021	63.1111	63.6084	66.2851	55.6877	75.494
FBgn0287585	51.837900000000005	31.55578	57.4469	51.4733	49.5586	54.5165
FBgn0037011	35.1966	38.1545	38.3097	38.6961	41.8092	32.3812
FBgn0037012	6.64958	12.1682	8.23624	9.19064	7.01549	7.35785
FBgn0037013	2.62646	2.47231	6.94271	5.7752	9.09229	3.91221
FBgn0037015	0.273166290855	0.0	0.0	0.0	0.0	0.0
FBgn0037016	6.33141	6.44304	4.40429	3.22401	4.61435	4.79817
FBgn0045474	0.324741	0.0	0.686731	0.0	0.0	0.0
FBgn0037017	1.38662	2.40644	1.95486	2.03265	2.7575	2.29491
FBgn0040634	2.07869	3.8346	3.35517	3.6566	3.66166	0.0
FBgn0037018	17.5749	19.9889	13.6638	12.5346	11.3331	18.47893
FBgn0016696	30.875220104622997	31.29646000647792	33.044810566868	36.395607999999996	38.33587	39.48901
FBgn0037019	11.5988	10.9858	15.91	15.716	13.0225	10.8953
FBgn0037020	33.3185	22.8158	37.5779	29.305	34.6026	24.2631
FBgn0037021	16.2963	17.3763	19.5622	18.3804	19.0262	17.8009
FBgn0037022	9.70403	7.70612	8.79476	12.4369	10.238	8.81037
FBgn0027364	0.316802	0.0	0.0	0.0	0.0	0.0
FBgn0037024	32.95959	25.7751	34.3725	34.09251	36.444	23.891129999999997
FBgn0037025	13.364503	13.85098	14.19666588	14.95532	18.96295	19.68068924
FBgn0037026	44.48995	37.43338	44.044600017432	38.478918477	40.530822	38.604400000000005
FBgn0037027	30.79101	30.2507400092415	34.229107164026	32.04018	31.4128392099	29.2242788967
FBgn0037028	12.686100327698	10.023659885999999	12.539215683599998	9.5852889	7.98272	11.61280151404
FBgn0259243	29.341924414	19.486272	26.110601965209003	21.72336984	20.16950005663583	24.71485009365
FBgn0086915	0.0	1.08485	0.0	0.394794	0.517959	0.891465
FBgn0037030	1.09652	1.32507	0.0	0.0	0.0	0.653138
FBgn0040636	1.57375	1.26785	1.06941	2.76835	3.02667	1.56277
FBgn0027055	49.64	48.5608	51.9315	50.8217	45.1584	34.949
FBgn0037031	9.45013	10.6585600510713	7.32754	9.97415	9.81436	8.75861
FBgn0052432	0.0912905155	0.1103182542	0.0	0.2408816073	0.0	0.0
FBgn0011591	1.32517	2.66897	3.50291	2.33108	2.29374	1.97389
FBgn0037035	0.0	0.805726	0.352494	0.0	0.384694	0.0
FBgn0037036	0.568298	0.0	0.0	0.0	0.0	1.693
FBgn0037037	0.0	0.0	0.270578	0.225077	0.147647	0.328235
FBgn0037038	0.0	0.0	0.0	0.0	0.0	0.540622
FBgn0037040	0.226524	0.402978	0.129574	0.0	0.14141	0.243382
FBgn0053287	0.0	0.0	0.0	0.0	0.0	0.119321
FBgn0053286	0.0	0.0	0.0	0.220932	0.0	0.0
FBgn0037042	0.0	0.0	0.0	0.547027	0.0	0.0
FBgn0003415	17.667057	16.335434	17.56127170924	16.39041	18.615189	19.4127
FBgn0037044	20.472360000000002	17.53689	25.2085	22.33688	24.52091	23.93224
FBgn0037045	6.17009	12.782	11.1839	12.4042	7.62845	10.0659
FBgn0028402	20.25077	20.413849999999996	26.1032	20.29607	20.9219	23.025560000000002
FBgn0037046	11.0203	10.896	21.186	22.0291	16.1849	13.928
FBgn0026179	7.948798	5.627003	5.00112	6.517500635923	5.48458	5.3800774
FBgn0262482	0.0	0.0	0.0	1.81857	0.0	0.0
FBgn0020294	0.0	0.115614	0.303477	0.252443	0.441598	0.570029
FBgn0037050	9.54092	9.29806	7.48471	10.82792	8.16842	8.5575
FBgn0037051	105.0944	111.096	138.1456	127.8319	140.8608	141.4846
FBgn0024150	21.55906	21.4329147	21.05096	15.518372099999999	20.759407811099997	17.59062
FBgn0021760	32.00281473	32.921605	35.812762	33.88258	36.944311	33.337325
FBgn0270926	26.9778	32.3175	30.0133	36.1081	28.153	39.3692
FBgn0259239	0.303684	0.0	0.443016	0.184259	0.241742	0.603131
FBgn0041100	8.546230108276	8.86298	9.3278511516	9.2141000992171	8.271190748611001	7.39157
FBgn0085290	9.67383	12.0302	9.57356	12.3136	5.69343	7.92429
FBgn0053054	21.5769	25.29	15.5428	12.2872	14.133239	17.31638791
FBgn0053056	32.2605721	32.9798	31.70071456177	32.048275000000004	31.96251	38.23512
FBgn0037057	31.74567	34.4538100848454	43.854755454	31.86189	39.50369	32.93537
FBgn0037059	0.253565	0.0	0.0	0.0	0.0	0.251797
FBgn0037060	0.40428	0.0	0.213733	0.177791	0.420781	0.401461
FBgn0037061	29.9711	38.4132	61.4592	50.3252	54.4971	39.6827
FBgn0028427	44.388369999999995	50.70484	39.92596	50.6528	47.97458	58.30873
FBgn0004865	2.4609	1.42227	1.69698	1.74023	2.22239	1.429433
FBgn0262854	0.0	0.0	0.0	0.0	0.0	0.799181
FBgn0037063	57.9865	56.5762	61.4529	56.3672	49.06821	51.6485
FBgn0037064	1.2648	1.52843	1.56023	1.66867	0.973	1.46531
FBgn0012034	89.345680125549	79.57223199999999	87.55439	80.30473	95.76085	75.58830999999999
FBgn0027945	28.2803	21.4431	22.8664	35.6036	21.1159	25.8805
FBgn0037065	0.312724	0.0	0.661317	0.0	0.360863	1.24217
FBgn0259785	69.91513	64.14358	85.60315	69.69872000000001	84.14232999999999	79.3305
FBgn0037068	0.0	0.0	0.0	0.0	0.0	0.378065
FBgn0000551	0.0	0.0	0.0	0.985279	0.0	0.0
FBgn0037069	0.0	0.0	0.0	1.05849	0.0	0.0
FBgn0037070	17.973253	15.75731	16.478074	19.217402	11.866295000000001	14.94953
FBgn0037071	15.9489	13.8274	14.88665	16.10252	12.82657	13.3533
FBgn0003042	4.98133	5.3969	5.63025	6.04316	6.34277	6.82288
FBgn0086913	0.167622	0.0	0.0	0.0	0.0	0.0
FBgn0037073	34.6544	31.9772	46.9862	42.7353	49.7785	44.1823
FBgn0037074	60.9837	70.62639999999999	51.3477	64.3448	58.72409	69.375
FBgn0052436	3.58263	2.79606	3.63026	4.13579	6.28732	4.66941
FBgn0037076	7.73563	9.68188	9.34774	5.58884	8.60762	8.23037
FBgn0037078	3.02895	0.610049	0.608001	1.51727	0.66354	1.14202
FBgn0052437	0.0	0.236525	0.206953	0.0	0.0	0.0
FBgn0052440	0.0	0.0	0.947024	0.0	0.0	0.0
FBgn0261258	33.38362	38.5035	17.885817893503	18.618181331000002	26.119022	26.621580303351
FBgn0002842	0.513495	0.0	0.0	0.45164	0.0	0.0
FBgn0037081	28.1363	31.815793619999997	35.4251	32.7761	35.07643	46.927099999999996
FBgn0053288	0.897669	0.269114	0.241037	0.394068	0.776496	0.775797
FBgn0005694	21.37769	20.79323503475	30.47035	25.82269	24.99166	29.464754329
FBgn0037082	12.358000007649391	12.218081999999999	13.04337	13.269100132832	12.592785	12.88716
FBgn0283479	0.0	0.0	0.0	0.0	0.282820152998	0.0
FBgn0267849	52.9038	42.3927	48.4595	54.4937	49.6216	57.3107
FBgn0037087	59.3343	52.3974	63.5414	62.2229	57.9344	71.7621
FBgn0015239	19.252111	19.9985	22.9543866	20.4178957761	26.04078317401	25.2107
FBgn0264561	60.200500000000005	58.8019	64.5547	65.89384	62.4886	60.4446
FBgn0037090	0.238769	1.15415	0.0	0.420014	0.275524	0.474207
FBgn0037092	4.56101	9.48252	5.6192400033181595	7.32655	6.398755	9.39377
FBgn0026371	15.7258	16.3536	16.4559	14.6587	16.0401	15.5911
FBgn0037093	29.79948	27.17399	39.11951	34.48503	38.25732	37.61372
FBgn0037094	36.854518245811	35.203655003201	39.9982064761032	37.4979103891391	41.08232087	38.8502906763
FBgn0052442	8.46183	16.0649000692418	8.995938420779	8.83802	4.9088539856099	10.5608928140795
FBgn0029152	28.69852	25.91656	31.59986	25.43139	26.03617	28.342124999999996
FBgn0015283	79.9605	71.04939999999999	95.55860000000001	80.37559999999999	90.7186	72.3967
FBgn0263911	167.1294	154.3097	236.28	170.1198	188.5222	167.8277
FBgn0028663	197.46710000000002	207.624	188.24196	168.89459	185.70107000000002	211.53023
FBgn0053290	0.0	0.0	0.0	0.0	0.0	0.848361
FBgn0037098	19.6447756	21.854879	21.913034500000002	21.503042999999998	23.192529999999998	25.08170622
FBgn0037102	34.566	30.7785	48.7311	41.603	43.3858	33.1205
FBgn0052438	28.1630088	34.62667574671	31.681718070068097	31.89624	25.723365	32.3489254372
FBgn0052441	93.64671	96.81891	112.4597	87.4607	100.89912	84.02742
FBgn0037105	8.33813	11.5155	8.25655	11.0588	8.70532	8.67425
FBgn0037106	13.49707	15.0871	11.41691	14.64959	12.5511	12.732780000000002
FBgn0037107	0.237965	1.00264	1.75457	0.364879	0.239356	0.0
FBgn0037108	58.136399999999995	57.856300000000005	67.7983	70.6844	62.481700000000004	73.5785
FBgn0037109	20.42394752	22.07988	28.61335	23.578043656	27.238951141	25.5769014
FBgn0037110	52.3743	40.5458	37.2071	39.5875	33.0513	34.1309
FBgn0043783	0.719178	0.86908	0.0	0.632547	0.414943	0.714162
FBgn0052446	39.2028	26.6896	33.8614	42.2508	28.6718	30.1566
FBgn0264711	0.0812023	0.0	0.0858593	0.0	0.0	0.0
FBgn0037115	0.0	0.0	0.0	0.357814	0.0	0.0
FBgn0037116	12.2273	13.3273	13.182	14.1283	11.1585	14.3641
FBgn0037117	5.1561731	7.25773	6.02049	8.04747	4.66238	5.65423
FBgn0261059	2.01407	0.0	0.0	0.590486	0.0	0.666674
FBgn0052447	0.278649	0.130447	0.114137	0.0	0.0	0.0
FBgn0037120	15.3495526938	17.831102080169998	19.064684	19.687468	13.826270000000001	21.36902
FBgn0037121	59.1352	61.933	64.194	68.6557	69.1481	92.3905
FBgn0037122	0.0	2.4255	0.0	1.17691	0.772036	0.664379
FBgn0037123	0.619961	0.0	0.0	0.0	0.0	0.0
FBgn0037126	2.21701	3.57215	2.34415	1.94995	0.852762	0.733849
FBgn0037127	0.0	0.0	0.0	0.0	0.0	0.7598480160000001
FBgn0037128	0.548259	0.0	0.0	0.0	0.0	0.0
FBgn0037129	0.0	0.570763	0.499403	0.0	0.0	0.0
FBgn0037130	8.505562171535999	6.545821	9.9547948937	7.9642	8.48292	6.2945168
FBgn0037131	0.562541	0.679794	1.1896	0.0	0.649136	0.558617
FBgn0037133	0.448574	0.0	0.0	0.0	0.0	0.356055
FBgn0000560	0.0	0.0	0.0	0.272424	0.0	0.0
FBgn0022936	27.8295	32.5454	26.1033	32.7679	25.38	32.0927
FBgn0037134	12.8047	11.6053	10.1543	8.84896	9.49877	11.8072
FBgn0037135	149.14440000000002	152.34199999999998	202.5094	212.67430000000002	195.5249	191.51144
FBgn0052448	69.3251	50.863299999999995	78.5366	67.5073	51.42647	49.1725
FBgn0263001	0.0	0.0	0.0	0.791416	0.0	0.893529
FBgn0046301	15.0471	12.1223	17.6778	14.2149	12.8617	13.0052
FBgn0037137	72.3124000199463	63.1244	101.485867221	75.67828	108.9277	95.89485
FBgn0037138	25.06838121285	33.93914	33.737165128	35.19965807	28.296568001994128	34.449218
FBgn0262737	28.583016980799997	23.223131	22.590642900000002	21.925277	26.174708497999998	27.778728
FBgn0037140	0.412212	0.249066	0.871704	0.543836	0.713499	1.63735
FBgn0037141	10.4362	12.9391	15.7639	15.8548	14.7015	15.0741
FBgn0037142	8.07614	7.437473882	9.40188	9.18408	9.50762	8.991968
FBgn0037143	0.0	0.0	0.0	0.274171	0.0	0.0
FBgn0037144	11.6595	11.7017	19.6415	14.0789	21.8918	14.1585
FBgn0085291	0.0	0.0	0.0	0.0	0.0	2.01143
FBgn0037146	0.291282	0.351995	0.153993	0.128097	0.336121	0.28925
FBgn0000045	1.4498	1.75376	1.22713	1.53147	1.13267	1.52947
FBgn0037147	0.204911	0.247621	0.0	0.0	0.0	0.203481
FBgn0004514	0.11181086999999999	0.2702285	0.0	0.0	0.0	0.0
FBgn0037149	20.74351	15.25831	17.64194	13.48528	19.773789999999998	10.2994
FBgn0027532	19.5374	20.8803	23.1655	26.6203	27.106	27.5878
FBgn0037150	11.4419	17.9375	12.0981	18.2233	15.7011	13.8188
FBgn0037151	30.199	29.0077	28.656	34.053	30.3801	24.6059
FBgn0000100	1605.564	1499.262	1816.238	1515.539	1720.6350000000002	1339.191
FBgn0004414	0.0	0.0	2.30904	0.0	0.0	0.0
FBgn0037153	0.119826	0.0576083	0.126698	0.105392	0.1382716	0.23798060000000001
FBgn0028500	21.502570000000002	23.854491	25.202560000000002	23.515594999999998	20.183586000000002	22.428549999999998
FBgn0015075	29.2692	26.0476	31.3098	25.2919	25.7655	25.4957
FBgn0037156	23.035	29.9728	31.054	39.001	31.5986	23.4462
FBgn0004179	82.28333	75.3072	82.01640151238	80.1596	77.19719331	79.23453801694967
FBgn0025702	0.873748576	1.04224	1.7776480296	1.731099	0.9331780000000001	1.6658660000000003
FBgn0011771	24.3355	26.1257	29.0624	25.1307	29.962	32.149
FBgn0027086	50.60298604	56.592462430699996	61.05544999999999	65.17075856	64.5364564735	75.29690199999999
FBgn0004449	3.99565	4.87223	5.94449	6.615530000000001	5.862159999999999	7.82099
FBgn0052450	0.0	0.0	0.660785	1.09933	0.0	0.0
FBgn0037163	0.0	0.0	0.0	0.0	0.0	0.364671
FBgn0037166	0.0	0.279108	0.0	0.0	0.0	0.0
FBgn0037170	0.0	0.0	0.0	0.0	0.0	0.242009
FBgn0037179	0.0	0.0	0.0	0.0	1.22221	0.0
FBgn0037181	0.0	0.0	0.0	0.0	0.0	0.3480650165589
FBgn0037182	49.20106	50.14317949034	46.424200106427996	52.06226	48.783822658834744	49.17454000000001
FBgn0052452	12.11231	10.711040227772	16.23388	10.654131	19.929940000000002	18.487209999999997
FBgn0016034	25.262750935303	25.632500824744998	27.971741515410002	23.273762158228998	24.44042	28.873420000000003
FBgn0037183	5.7416	6.77916	5.16982	7.02767	2.49614	3.72766
FBgn0037184	6.26479	6.488573	6.30865	5.50978	8.26191	6.2207
FBgn0037185	7.54551	9.90659	10.536	10.9042	9.50703	8.20578
FBgn0260481	0.950405	0.861378	2.00982	1.46286	1.09671	1.41566
FBgn0037186	0.696207	0.861114	0.694896	0.767559	0.780636	0.437067
FBgn0010830	11.6443	12.0021	16.1144	12.049	12.844	13.4336
FBgn0037188	5.7371	6.6713	6.75285	6.85497	7.99426	8.06191
FBgn0052451	30.769401	36.81005800751315	42.37381	42.74995	37.750076	39.868373999999996
FBgn0027339	24.777276234096	25.0156040389198	22.313495	20.11843900139361	23.857732	24.170995768
FBgn0052462	0.0	0.449941	0.0	0.982447	0.0	0.369736
FBgn0052459	0.33026	0.399098	0.3492	0.0	0.0	0.0
FBgn0037197	0.0	0.0	0.0	0.677013	0.0	0.0
FBgn0053169	9.86588	7.153370000000001	4.17267	15.61944	9.10767	9.79706
FBgn0053170	77.42869999999999	111.3819	62.66731	91.3278	61.52550000000001	87.78569999999999
FBgn0037199	71.6285	55.9463	78.50720000000001	62.232	59.4711	61.587199999999996
FBgn0010348	360.42618	356.8246289	398.67639	396.9410425793	428.85823	441.1589
FBgn0037200	19.18	21.2464	23.66007	19.03135	17.3372	18.4114
FBgn0044324	41.7483815378	43.52828849373	43.91603	42.2421391968	48.460130858838	48.15841
FBgn0037202	24.74146	30.4058	25.57899	26.355200000000004	26.329459999999997	28.93664
FBgn0037203	0.458211	0.184573	1.77646	1.20905	1.23374	0.606687
FBgn0037204	0.0	0.398083	1.09602	0.0	0.59807	0.0
FBgn0037205	10.7591	14.6793	12.7217	10.5824	8.81086	9.87987
FBgn0037206	28.00784	28.53717	32.06198	32.065400000000004	30.021630000000002	38.5381
FBgn0037207	167.0531	173.1	164.52599999999998	165.9238	160.5295	163.3847
FBgn0052461	0.0	0.0	0.0	0.0	0.656739	2.26064
FBgn0052457	0.0	0.0	0.0	0.0	1.25998	0.0
FBgn0262509	0.978721	1.8411250000000001	0.419641	1.318889	1.265006	1.61983
FBgn0024733	2576.52	2885.448	2824.473	3194.293	2988.7400000000002	2872.4300000000003
FBgn0264492	79.714673	87.0262400132298	85.6219245128011	91.211453447235	87.5066112806	80.69171274
FBgn0053217	6.51693	6.48553	5.27385	9.10362	4.98818	10.4686
FBgn0084017	0.0	0.0	1.90325	0.0	1.27798	0.0
FBgn0052350	3.67406	5.68303	6.52641	5.68742	5.93548	4.96187
FBgn0266347	1.780378	3.9443610000000002	1.660683	2.062456	3.081657	2.651941
FBgn0010215	52.77682	63.73757	49.325959999999995	55.791695000000004	57.97576	60.50785
FBgn0052230	235.3889	319.214	208.691	242.3139	225.0162	312.2484
FBgn0250816	5.43658418244	6.38727	6.2273974808	8.37463	3.1367335025	5.6985917043
FBgn0039977	35.551790000000004	41.58835	40.437	41.24422	38.277950000000004	47.04605
FBgn0058298	0.0	0.0	0.854487	0.355397	0.0	0.802504
FBgn0040056	24.49489	27.2746066	26.3625	32.97405	31.06925135	27.2247257
FBgn0264699	0.133855	0.161756	0.283064	0.235463	0.0	0.531686
FBgn0058470	0.139275	0.504914	0.294524	0.489992	0.964284	0.276606
FBgn0058045	197.95621999999997	211.54622	215.3687	209.67166	198.23304000000002	238.99271
FBgn0011288	0.0	0.0	0.20207	0.1680884	0.0	0.0
FBgn0040045	1.57856	1.7241	0.0	0.660723	1.68081	2.2106
FBgn0287187	45.127700000000004	59.67449	46.76576	46.0325	47.67396	64.5167
FBgn0261640	0.0	0.000844244	0.0	0.0	0.0	0.0
FBgn0085810	13.7619	8.22613	10.2904	13.6379	13.5913	14.5745
FBgn0287186	3.9709983269999998	7.01102	4.3289100000000005	7.3855390000000005	4.6562529999999995	7.37353
FBgn0085736	137.87	242.224	101.383	120.418	116.761	172.589
FBgn0058002	171.3328	203.1965	233.27089999999998	212.74099999999999	231.679	226.42849999999999
FBgn0040022	16.5284120534	19.05389326323	16.671690658	20.598768908	17.04681473	21.511252825122998
FBgn0040020	20.0247	26.1752	22.9026	31.0810065	27.8643951	24.9973
FBgn0260008	121.68829	130.25552	149.060707341	151.21753999999999	148.78275	149.3743431
FBgn0058354	2.05938	2.48743	1.33908	1.45505	3.26016	4.81866
FBgn0267429	0.219862	0.531378	0.697412	0.773511	0.0	0.218328
FBgn0085734	2.34863	1.93236	0.873795	1.73638	0.992249	1.75554
FBgn0287184	0.0	0.0652777	0.0571162	0.142534	0.0623336	0.0
FBgn0287183	3.62894	5.05372	4.51102	3.6436	2.97903	6.405007
FBgn0085612	0.0	0.0	0.0	2.06436	2.99345	0.212066
FBgn0058160	63.18461	71.8242542745704	57.144435931	59.720743649590005	60.781128300000006	65.5147290908
FBgn0085599	3.71055	10.7722	4.47266	9.9367	5.00412	4.58736
FBgn0260997	4.51314	3.47954	5.15715	2.87038	5.99038	5.71858
FBgn0063670	69.64482000000001	90.0331496788	49.18244	50.4657	74.75882	69.69936
FBgn0260987	30.3568	41.03013	27.5963	33.24318	30.65607	39.20451
FBgn0028697	2439.3523653	2632.9768274999997	2613.4249	3201.7244600000004	2743.8674059	2843.4828350000003
FBgn0024804	11.615585	24.39342	15.33247225702	19.17227	14.23575	17.32687
FBgn0020660	74.21872	100.1109	82.92453499999999	89.3531	90.18661	107.8375000463916
FBgn0260469	0.365604	0.658819	0.576449	1.85021	0.975573	2.7069
FBgn0287182	14.8952	19.8599	21.6293	22.778190000000002	20.2247	25.336489999999998
FBgn0267431	0.0	0.0	0.0	0.0	0.0	0.0610766
FBgn0267430	0.0	0.0	0.0653328	0.0	0.0	0.0
FBgn0010247	5.07078	6.934	7.7602	7.51152	5.38941	7.15559
FBgn0086378	34.1231	46.692	42.1933	42.7409	41.1697	44.4779
FBgn0263977	119.369	123.907	118.12400002156599	126.07801894800001	138.922	129.175
FBgn0069923	25.9144	25.6221	32.3825	35.2252	24.4665	37.4307
FBgn0039955	14.110009999999999	18.999859999999998	16.60408	19.26527	16.808711	22.8500837
FBgn0259821	1.934922	3.3227399999999996	1.8451578463	3.5828300000000004	2.93786	4.34849
FBgn0287209	0.557698	0.0	1.07914493681	0.327013	0.214516	0.707910407238
FBgn0058198	2.481163	4.9972199999999996	0.874486	0.727429	2.863104	0.821286
FBgn0037213	11.767228	15.281883	13.527363999999999	10.681980000000001	11.07134	14.761593
FBgn0053294	0.225473	0.254325	0.715212	1.18988	0.780544	1.3434
FBgn0000500	0.0	0.0	0.0	0.0	0.0	2.08651
FBgn0037215	152.28825	168.11668	155.57910011933703	159.26024	169.49560000289526	190.63323
FBgn0037217	0.923315	0.743845	1.9525300071998202	3.51908	2.4860400062754002	2.13937
FBgn0037218	33.0781946	37.74278924	42.0081725	39.6540661	39.8370830190689	36.53005638
FBgn0051516	0.0	0.959302	0.0	0.698213	0.916037	0.525533
FBgn0261436	62.5969	57.071	84.5064	72.7534	65.7835	58.2753
FBgn0037220	99.3859	88.7856	111.108	89.6683	106.141	92.1886
FBgn0015331	37.4431	39.7551	48.9732	48.9233	44.4557	36.3222
FBgn0010225	363.45529422000004	408.25917730000003	366.326059	350.83502950350004	387.2478564	359.879866
FBgn0037222	25.87022	23.05857	23.3094800654778	22.6932	17.3599900767532	13.0152
FBgn0085334	0.0	4.65087	4.06939	13.5403	13.3233	0.0
FBgn0037223	0.0	0.536843	0.0	1.1722	0.512632	0.0
FBgn0037225	2.46196	1.32227	4.0394	3.36011	1.102096	3.793653
FBgn0250821	5.58633	3.37536	4.92226	2.04726	2.68595	6.00965
FBgn0037227	0.895658	0.541173	0.947024	0.0	0.0	0.444705
FBgn0041621	0.0	0.489821	0.0	0.713017	0.46773	0.0
FBgn0037228	578.7	641.3969999999999	510.524	502.528	581.7860000000001	555.5550000000001
FBgn0037229	2.38659	0.360505	3.46976	4.98537	2.75397	3.85116
FBgn0041605	0.349685	0.285382	0.1528481	0.33806	0.2956837	0.39966199999999996
FBgn0037230	0.196024	0.473765	0.621798	0.344823	0.0	0.778627
FBgn0037231	62.0246	72.89920000000001	67.3784	63.8945	75.0039	64.9668
FBgn0027930	102.42344899999999	110.97109999999999	115.48134999999999	106.4305800788	130.349	121.18634
FBgn0037232	7.83768	10.27741	12.166279999999999	11.147056000000001	11.738186	10.266952999999999
FBgn0261086	0.0	0.5554651	0.48601700000000003	0.269524	0.24431	0.6086
FBgn0037234	21.45149	22.01131	24.55187	23.87576	24.30839	28.06541509221
FBgn0027866	50.23944	56.663799999999995	64.4744	64.2888	59.337199999999996	69.6491
FBgn0037236	55.9336	54.2442	61.626400000000004	58.7044	63.1879	63.478300000000004
FBgn0040687	0.0	0.0	5.04157	2.88292	0.0	0.310744
FBgn0037235	64.1532	59.176	76.2613	77.126	67.0201	65.2136
FBgn0037238	1.03169	0.524597	0.45432	0.255552	0.167381	0.711136
FBgn0037239	72.16638	74.55357000000001	66.37082449900001	56.14576712912	72.7283	66.5065
FBgn0037240	32.4286	38.5675	33.1123	43.3479	33.1749	40.3592
FBgn0003882	41.7326	43.9323	50.0398	49.9499	55.1072	49.7726
FBgn0037241	39.7742	40.68440187335	42.79477	49.8764	39.4506	39.35404
FBgn0086608	12.850500279510001	7.587186	11.27007	12.517769999999999	5.4478	4.3209409999999995
FBgn0037242	49.536429999999996	48.593500000000006	59.1556	60.4846	53.7995	54.3994
FBgn0086605	40.51984	36.5167	47.20066	38.961169999999996	36.85108	36.4863
FBgn0037244	27.1105	25.6612	23.6722	21.1581	21.1645	24.8399
FBgn0263594	355.179	388.684	377.362	397.182	380.154	392.2
FBgn0052944	5.993798	4.02903	6.843230101514	1.552485	8.37359	5.647892000000001
FBgn0051528	0.755521	0.912999	0.0	0.996769	0.0	0.375126
FBgn0037248	52.02425	46.600770000000004	65.4423	59.34075	76.41203	64.71045
FBgn0051525	3.59922	8.21558	4.65133	2.81392	4.61474	5.55973
FBgn0037249	177.8261	178.87900000000002	200.3297	194.5744	206.70620000000002	172.37310000000002
FBgn0037250	18.8088	15.4685	15.7443	19.3003	18.6897	18.937
FBgn0037251	29.25815	22.097900000000003	35.908	35.8434	30.747609999999998	21.27178
FBgn0037252	45.6009	45.6081	53.9529	46.6164	48.0946	48.3479
FBgn0051522	28.495910000000002	25.36314	34.22666240757866	26.942610558419	32.106550514031	35.09651
FBgn0051523	185.88151	191.52087	180.70405	188.1947	193.41282999999999	210.85108000000002
FBgn0037254	0.121284	0.146564	0.0	0.0	0.0	0.0
FBgn0037255	47.2975	43.6079	48.8987	44.2194	42.0455	32.7034
FBgn0085386	0.930831	1.574793	1.1810580000000002	0.850212	1.07412	0.779928
FBgn0037260	0.0	0.296178	0.259148	0.215569	0.28282	0.486765
FBgn0087012	0.0	0.157683	0.0	0.0	0.0	0.0
FBgn0037261	108.1343	96.3175	119.435	95.01179	105.00250376	97.0141
FBgn0037262	86.3214	82.1866	88.72258	83.882500324437	101.65775000000001	77.2763
FBgn0037263	0.830997	2.49861	1.75746	1.45486	0.966666	1.64257
FBgn0040466	19.8775	21.3517	22.7689	22.8252	21.6631	21.3838
FBgn0022981	0.16762241660000002	0.4051211586	0.0	0.29486106110000004	0.0	0.0
FBgn0087013	172.47	165.29793	200.0922	181.5362	209.14488	177.46280000000002
FBgn0037265	6.614560000000001	11.98991	6.52764	7.95097	5.8518	7.22527
FBgn0263346	24.21946330418	25.138090250216	23.3112020928355	24.922416894	23.460756971961	24.240292312732798
FBgn0053927	0.0	0.0	0.0	0.0	1.28158	0.0
FBgn0037270	348.151	305.628	388.63	380.362	389.126	365.688
FBgn0027570	1.364450201198	2.38167	0.801498846983	1.066740136658	1.04966	1.354930145123
FBgn0026620	118.409394983	156.9741265234163	104.723713556941	139.1702065323286	117.81292030800999	156.33783146324714
FBgn0010750	45.308899999999994	40.9899	53.14312	50.7393	49.42648	41.30491
FBgn0264907	0.214109	0.0	0.358333	0.0	0.0	0.0
FBgn0037275	0.200576	0.0	0.0	0.176415	0.0	0.0
FBgn0037276	0.0	0.0	0.284042	0.118138	0.154994	0.0
FBgn0260794	57.2010219041785	63.331370873550895	68.94560985068	75.7544591745	72.63204612	81.7926455961
FBgn0026417	26.74774	25.5164	22.1022	26.2964	31.36419	28.86863
FBgn0037279	62.02006003012811	60.59804	65.78073191973999	65.56198	66.08076	67.02656999999999
FBgn0037280	0.0	0.0	0.0	0.332256	0.0	0.0
FBgn0037282	32.11505	28.924	36.05722	34.6228	33.32004	27.55724
FBgn0004913	47.2815	57.191489999999995	53.4079	47.0399	58.4356	51.4416
FBgn0265082	51.67561	56.3672547	50.543619	57.98476302	55.07883999999999	58.26154
FBgn0004436	114.59479999999999	124.0348	112.0139	110.58	107.5005	114.61430000000001
FBgn0037288	0.473466	0.0	0.0	0.0	0.0	0.0
FBgn0037290	0.0	0.0	0.0	0.372837	0.0	0.420943
FBgn0010313	2.6723913116688003	1.19469800310097	2.95146014646	2.451089	2.4236959999999996	1.110886
FBgn0037293	44.6529	51.4042	42.9894	51.6765	42.3061	51.3428
FBgn0040684	0.0	0.0	0.0	0.0	0.277742	0.0
FBgn0037294	0.356293	0.0	0.0	0.0	0.411139	0.0
FBgn0259212	32.0261166	30.2654259961832	33.69571282489409	33.8199160707914	34.18532	36.7558877174031
FBgn0037296	0.0	0.419409	0.366972	1.22104	0.800987	0.344647
FBgn0037297	20.21009	20.214859999999998	24.059060000000002	24.74031	19.9575	20.343909999999997
FBgn0037298	75.8238	66.5190189	92.1744	70.861	76.3776	73.88640000000001
FBgn0040682	0.897726	0.0	0.341086	0.0	0.0	0.0
FBgn0037299	88.66316825	82.32481	82.0957	91.64108	81.21413899999999	82.2337347
FBgn0040208	35.06404	32.78633	39.71976	38.50245	43.80892	36.153110000000005
FBgn0037301	24.0865	24.3075	25.8743	27.2702	32.3774	30.0254
FBgn0087005	0.0	0.617264	0.0	0.0	0.0	1.01447
FBgn0260462	185.20374	169.04546000000002	146.68301	129.99887999999999	156.84151	133.56079
FBgn0053293	0.0	1.01675	1.77926	0.740025	0.970894	0.835507
FBgn0037304	0.0	0.293954	0.257202	0.591167	0.258532	0.483109
FBgn0037305	44.2251	48.5208	55.3754	50.6696	50.3615	57.7851
FBgn0264785	38.61412	49.16121	41.26775	54.958882	40.26009	53.440200000000004
FBgn0037307	0.981605	1.18621	0.0	0.431681	1.69906	1.94952
FBgn0266393	0.0	2.55468	8.31984	3.12834	0.0	0.742975
FBgn0013576	80.13656647592893	81.05542759289774	83.4898063842864	84.40835340256412	79.37849436544502	81.1745014158
FBgn0051538	1.19055	0.239785	0.41961	1.22166	0.915881	0.985208
FBgn0037310	0.0	0.801601	0.0	0.0	0.0	0.0
FBgn0037312	120.199	97.2791	152.744	131.422	128.522	117.718
FBgn0037313	127.269	120.99916	161.11849999999998	125.8144	130.27859999999998	128.43779999999998
FBgn0250746	215.2742	164.1524	209.72840000000002	203.8117	197.9704	183.434
FBgn0037315	29.5549	32.77247	31.06463	31.321300080430102	25.4879	34.3181
FBgn0003275	162.533	107.133	186.276	135.957	186.241	143.341
FBgn0086695	18.44601	13.592	21.64457	14.047609999999999	18.4301	14.51984
FBgn0037317	13.5556	13.2819	12.3961	15.1451	14.374	16.3715
FBgn0001311	0.0	0.08933775581	0.078168189279	0.0	0.0	0.2936510737188
FBgn0264712	42.5492	32.556052	50.641276999999995	42.501403	42.190579	42.67709
FBgn0037322	0.0	0.0	0.0	0.0	0.0	0.663808
FBgn0037326	0.0	0.0	0.0968674	0.0991278	0.0	0.1119178
FBgn0037327	54.8035600214977	57.85940208039	64.08123525559999	67.0865210823	64.85843676	65.24157
FBgn0037328	2233.73	1781.0	2691.03	2163.15	2487.24	1897.09
FBgn0037329	32.71358	29.611	42.22889	34.0523	32.53076	31.04156
FBgn0037330	27.7955	36.1337	34.7331	35.9301	36.448	35.5475
FBgn0011715	78.359	69.8818	78.8731	79.4537	93.1853	82.2298
FBgn0025825	24.6107	17.2012	26.1628	22.8162	23.9474	22.3254
FBgn0266539	24.6107	17.2012	26.1628	22.8162	23.9474	22.3254
FBgn0037332	13.521201504399999	14.11879	18.028950000000002	15.777730000000002	12.4052399	14.532889999999998
FBgn0015402	13.675889999999999	15.78201	16.805076999999997	15.314532900000001	17.771501	16.761526
FBgn0051550	45.282476	39.8627794073	40.514917	47.742177540691	42.36887692946	45.53128632000001
FBgn0051547	1.00378	0.303252	0.796014	0.662153	0.36448	0.747587
FBgn0010399	0.0	0.236584	0.103502	0.0	0.0	0.0972058
FBgn0010051	23.793239970000002	26.387493399999997	22.1947507	25.18309	25.1334	29.02019
FBgn0264427	0.0	2.46798	0.659725	0.0	0.0	0.676015
FBgn0037336	18.18004	18.64432000867294	22.782963528	21.99051	23.53366	23.61539
FBgn0014342	16.869206000000002	13.1049	12.48568	15.897010000000002	17.519372	16.7516
FBgn0086768	90.0683	77.2513	104.26334	84.7928	65.4387	60.9211
FBgn0037338	11.2223	11.0064	8.77047	10.7288	10.1347	10.9826
FBgn0037339	34.56129	33.41944	34.47668185	32.65001	30.389923999999997	35.195886
FBgn0037340	32.5436	41.51173	32.49832	38.9597	25.0355	26.032899999999998
FBgn0037341	16.02602128444	20.61272	16.22401	17.878819999999997	14.163733	18.96163
FBgn0037342	25.0647	29.2624	34.1384	31.0131	32.3546	29.9522
FBgn0041191	78.3097	83.02350000000001	83.1575	84.6779	75.1065	94.70570000000001
FBgn0023023	28.63073	28.63298	25.837500098299998	26.37269	26.94149	31.56935
FBgn0037344	38.343851794900004	40.19304528	46.788125019999995	44.02992184	48.65983273	50.7685153133
FBgn0037345	22.7571	24.5275	27.9642	26.5074	17.7434	24.4307
FBgn0014366	28.3341	27.1656	33.9206	31.5117	36.2085	25.8111
FBgn0283535	180.68846	196.83614	205.71587000000002	215.58556	194.81939	198.234826
FBgn0250753	382.14531	398.515198	450.9122051389	440.00695899999994	446.28621	488.99251000000004
FBgn0037347	22.236414134	19.38820123776	20.628289103	24.014159680000002	23.864572000000003	25.826706
FBgn0261004	30.9619	36.1579	32.6001	39.4754	35.578	45.2147
FBgn0017550	87.8449	63.91676999999999	85.6934	65.0978	69.2972	67.36037
FBgn0019637	50.0345	44.3108	58.8246	49.5679	51.692	47.8918
FBgn0044823	11.1519	11.3305	11.3176	12.2961	13.8486	13.1612
FBgn0037350	10.95186	15.3781	17.18108	14.817	12.5348	13.9994
FBgn0037351	4684.66257	3489.8174	5188.30514	4233.9446	4443.6311	3280.3894999999998
FBgn0051551	0.683156	1.29729	0.515953	0.944215	0.788318	0.581478
FBgn0051549	31.4114	43.889599999999994	33.2128	41.4415	18.1233	30.21751
FBgn0037354	36.7253	31.7001	64.0467	39.4329	27.5186	20.8395
FBgn0051546	2.91537	4.69738	4.11008	5.55574	1.68207	0.965011
FBgn0051548	58.8494	56.144	80.2367	71.2842	55.399	44.5981
FBgn0037356	21.5777	18.4061	24.4927	24.8395	21.6038	17.961
FBgn0027951	49.34637	44.727619999999995	60.089349999999996	51.98201000000001	54.203359999999996	56.23639000000001
FBgn0262125	115.86931	107.075952656	133.15879	117.538608	117.54814	118.25565000361271
FBgn0037358	83.6847	93.5431	91.1386	93.4774	100.42953	85.5941
FBgn0037359	16.7664	18.6616	18.661	22.8963	18.3291	19.7165
FBgn0037360	55.9568	61.261	63.9882	62.1761	63.9633	68.9791
FBgn0046222	30.6604785748	28.01958	34.965107	28.282650960999998	33.996349	32.2291697
FBgn0010772	47.88511	47.745830000000005	46.0921	47.5608	52.87033	52.7695725
FBgn0037363	16.80617283	16.678836	17.88102	17.310181	19.170616	20.051257
FBgn0037364	15.6013	16.8088	20.2722	19.6737	22.7747	20.9055
FBgn0261261	17.689034	17.71714	16.065350000000002	15.738389999999999	16.0229	20.3363300349679
FBgn0037365	0.0	0.0	0.187077	0.541825	0.35543	0.0
FBgn0004878	0.0	0.0	0.155332	0.129211	0.607795	0.145882
FBgn0037368	5.017502771999999	7.165678570000001	7.234186172	10.029806413000001	5.263361258	3.1707014765
FBgn0037369	20.17841643	23.02971242	22.2246217	26.9013	19.0804887	17.395
FBgn0037370	46.285	54.9845	64.6996	48.9895	57.4836	37.0034
FBgn0037371	17.2443	17.9857	20.7295	22.3895	21.0833	19.1626
FBgn0027497	43.8657	38.1911	50.1153	45.4091	46.1034	41.9504
FBgn0037372	20.5307	21.5021	20.9846	19.2615	18.1632	22.4263
FBgn0266672	36.4833	39.1943	44.5251	45.595	36.9891	44.2709
FBgn0027608	1.733131538	0.893901	2.83718	2.431714551	1.6717	1.85468
FBgn0037374	74.3069	82.52850000000001	85.3808	91.423	88.7193	84.8783
FBgn0037375	2.40403601	1.11734732	1.24989091	2.07941105	2.2734426099999996	1.65272364
FBgn0037376	85.4644	79.7736	91.6122	88.9074	81.957	92.1852
FBgn0028690	82.6421	92.3984	86.1714	76.7142	93.7787	87.2943
FBgn0037377	23.8111	24.458	28.3237	26.1785	28.5068	26.305
FBgn0037378	66.0928	61.5939	60.4076	53.6977	60.1087	61.1822
FBgn0037379	20.91043	25.99919	23.77099	35.188500000000005	28.87143	32.647099999999995
FBgn0263353	0.0629594	0.0763145	0.0	0.11183	0.419993	0.0
FBgn0261561	4.367595000000001	2.111181	2.553307	2.304889	1.5162520000000002	3.4697000000000005
FBgn0037382	18.7732	24.6879	22.5743	21.5301	21.2383	26.5012
FBgn0037383	23.88839	27.283	27.34981	31.76157	26.5624	30.80563
FBgn0037384	14.638079999999999	15.70989	18.047102518534	16.20363	19.7200000434785	16.68391
FBgn0037385	0.0	0.51114	0.0	0.0	0.488088	0.0
FBgn0037386	0.592253	0.954267	0.834959	0.520912	1.59465	0.784163
FBgn0037387	0.746573	0.300729	0.26313	0.218881	0.0	0.494244
FBgn0037388	0.512142	0.0	0.0	0.0	0.590979	0.0
FBgn0037389	0.0	2.00743	0.0	1.05197	0.0	0.0
FBgn0029088	18.5853	22.3589	22.8972	24.9577	17.6166	17.3846
FBgn0028436	18.5594	14.5365	11.9923	17.2306	11.898	15.3583
FBgn0037391	61.65308999999999	56.590480339658995	66.32695000000001	68.47097	68.76704000000001	75.626580156934
FBgn0083949	0.0468276	0.0	0.0	0.0411868	0.054036	0.0
FBgn0010403	0.0	1.42778	0.0	0.0	0.0	0.0
FBgn0003261	500.6738873	495.03679998984	487.852161	506.34406196225234	478.1931244126	519.7096043233
FBgn0026077	0.0	0.0	0.0	0.0	0.355712	0.0
FBgn0051559	0.0	0.0	0.683495	0.0	0.0	0.213971
FBgn0037405	4.25129	4.02058	3.90878	2.60117	3.41267	3.85454
FBgn0037412	0.0	0.0	0.0	0.259594199	0.0	0.0
FBgn0037413	0.0	0.0	0.0	0.0	0.0	0.55941582
FBgn0027527	0.0	0.348988	0.0	0.0	0.0	0.0
FBgn0037419	0.0	0.0	0.0	0.219725	0.0	0.0
FBgn0037428	0.0	0.0	0.0	0.0	0.418817	0.0
FBgn0037429	4.60098	8.64378	2.704	6.25662	7.64307	6.98836
FBgn0037430	0.364991	0.441069	0.0	0.0	0.421176	0.362445
FBgn0037431	0.766697	0.926505	1.62133	2.02303	2.65416	0.76135
FBgn0037432	1.42387	0.860326	1.50553	1.25235	0.0	2.1209
FBgn0037433	4.02814	2.43388	2.12958	0.0	0.774703	4.00004
FBgn0261789	183.28	159.013	188.113	152.346	194.45	160.668
FBgn0037435	8.35257	7.37605	10.53	10.4545	14.4575	8.61332
FBgn0037436	0.0	0.736266	0.0	0.53588	0.703061	0.0
FBgn0267698	65.720724	66.75556399999999	71.19460900719483	62.5651448	65.650361	64.02898
FBgn0261641	50.11689	57.07983000910143	57.52354046	65.31717	54.1731964667	64.07397838
FBgn0037439	49.5851	36.3373	61.2723	47.9909	73.3035	53.9852
FBgn0037440	11.750976731	13.17444534	12.0822400617035	9.8433315728	8.6760566	9.146136101
FBgn0260766	0.840163	0.676856	1.18446	0.492639	0.323165	0.278101
FBgn0027514	17.08925	19.52695	22.000924	24.31370000857924	21.87808	25.998445837
FBgn0260645	0.986548	0.0	0.0	2.96924	5.7419	0.0
FBgn0010282	58.1173	66.9897	69.0135	63.6992	69.3851	72.3619
FBgn0037442	82.07197	80.94788	85.17063	91.85963	88.31731	88.90633
FBgn0037443	33.68368021966577	29.510660010326397	27.735410023508003	26.850590013008002	24.775897002769838	30.8870352619
FBgn0264495	33.39127	36.58236	35.20749	35.453177	37.008594	43.45467
FBgn0037445	21.595299999999998	21.17672	27.325629999999997	24.91012	27.77926	24.9602
FBgn0037446	72.2133	65.2523	82.54562884	74.526041	73.1949	67.795107648609
FBgn0037447	0.0	0.0	0.17262	0.0	0.0	0.0
FBgn0037448	0.111925	0.135254	0.118344	0.16929506006	0.0	0.333433
FBgn0037449	0.0	0.0	0.424595	0.706388	0.0	0.0
FBgn0010355	32.458661	33.09093	33.72341	33.3219007549564	35.102462	34.536400616762
FBgn0026566	88.8492	65.0923	140.9171	86.93809999999999	114.0606	85.4724
FBgn0262801	168.567	139.357	212.604	190.216	209.61	210.341
FBgn0024912	31.4749	35.3098	35.8763	46.7998	28.149661	42.97618000000001
FBgn0004780	0.0	0.0	0.0	0.637858	0.0	0.0
FBgn0004783	0.0	0.0	0.0	0.604049	0.0	0.0
FBgn0000166	0.724762237	0.0	0.0	0.304891	0.28264011316209997	0.0
FBgn0000071	0.5858562320230001	0.707969492485	0.309727776787	0.515285178867	0.0	0.0
FBgn0026563	0.0	0.0	0.0	0.0	0.139043	0.0
FBgn0019828	0.384867	0.0	0.0	0.0	0.0	0.0
FBgn0037464	0.209776	0.0	0.0	0.0	0.0	0.0
FBgn0037465	27.0178	29.1196	24.7068	24.6196	32.5812	31.1801
FBgn0037466	19.42935	20.21007	26.5748	26.602034340000003	24.193431	26.08034
FBgn0037467	27.923470000000002	26.34601	34.975258000000004	27.55505	29.66777	33.968817900000005
FBgn0037468	328.6879	328.10999000000004	358.7533	338.26025	376.08875	349.33421999999996
FBgn0010774	161.821	145.207	168.918	157.167	151.769	147.701
FBgn0037469	36.9687	33.5058	45.4121	38.2536	45.7963	48.588
FBgn0037470	79.3513009	69.491100112068	71.7265	79.80135	72.484588773	95.792246935
FBgn0003884	1626.29	1454.57	2108.57	1703.72	2031.38	1557.81
FBgn0040670	6.4785900000000005	9.1401566	7.98936	6.64789	7.47588	5.3611699999999995
FBgn0261238	15.773984049608199	10.9875252546061	17.02577490337576	14.532364046	14.975279364110119	14.89251799
FBgn0014863	1.0683867177000002	0.21518024819999998	1.317932469	0.310811	0.616425182	1.2377632124
FBgn0037472	20.1211	15.8576	26.0969	22.0575	21.8724	20.2703
FBgn0037473	17.8628	17.0755	14.7606	15.0076	13.8442	12.708
FBgn0262149	1.76689	0.711724	0.62274	2.59009	0.0	0.0
FBgn0051248	1.84225	0.742082	0.649302	1.62034	0.0	0.0
FBgn0037475	0.0	0.0	0.0	0.0	0.0	0.3117970850524
FBgn0037477	0.0	0.0	0.0	0.0	1.42851	0.0
FBgn0037478	42.3448	32.7724	38.2333	42.6842	35.1376	33.0726
FBgn0250732	29.99409	24.9407	29.17693	28.48265	30.921	24.85008
FBgn0011020	12.992	12.9931	13.4213	14.3166	14.6473	14.3843
FBgn0037481	23.511	26.5175	27.6215	17.4622	9.0434	9.85764
FBgn0002306	0.42585	0.41169	0.270163	0.449463	0.294842	0.270075
FBgn0037482	33.2235	32.9641	43.8187	37.3728	40.1539	48.6195
FBgn0086372	25.13005734	26.3576100629543	27.7811000732434	23.83768424023	27.3925500421974	30.20500000661549
FBgn0037483	0.216675	1.57103	0.0	0.544992	0.500059	0.860656
FBgn0250845	0.0	0.668191	0.269337	0.224044	0.0	0.758855
FBgn0037485	0.233603	0.0	0.0	0.0	0.269563	0.231974
FBgn0037486	0.0	0.369872	0.0	0.0	0.0	0.29042785
FBgn0037487	0.0966233	0.0	0.102165	0.0849843	0.111497	0.287848
FBgn0037489	22.6055	22.3685	24.2483	26.654	34.7803	34.973
FBgn0037490	6.508177	5.99921	6.25584	6.7649799999999995	6.82729	9.40041
FBgn0037491	14.751259999999998	11.5628	18.1265	14.37698	8.74103	10.158
FBgn0037492	3.43996	3.74573	5.09214	3.83241	3.96949	6.6042
FBgn0011282	0.0	1.19564	0.0	0.0	0.0	0.0
FBgn0001112	0.1439688	0.0	0.0	0.0	0.1661306	0.0
FBgn0267337	0.0	0.281023	0.0	0.0	0.135704	0.11571
FBgn0037503	0.754055	0.0	0.0	0.0	0.0	0.0
FBgn0037504	55.1408	48.1613	39.2536	49.459	58.5891	65.5991
FBgn0015569	32.321897	35.07034	32.6567367862	39.77740689556	35.07429234	48.8082
FBgn0261508	6.92033	0.0	0.0	0.0	0.0	6.87206
FBgn0015577	17.8557	18.17962	14.9408	12.99327	16.7503	12.772739999999999
FBgn0037506	0.950405	0.382835	0.33497	0.27864	0.0	0.314592
FBgn0015576	23.0338	22.4599	19.4838	15.5088	19.6139	19.4028
FBgn0017456	3.54991	3.21738	3.7535	0.780575	1.02409	0.881288
FBgn0015575	38.7005	30.2307	32.5551	31.9701	34.2953	31.4239
FBgn0015574	0.0	0.0	0.0	0.208853	0.0	0.0
FBgn0015831	0.0	0.627154	1.09749	0.0	0.0	0.0
FBgn0003885	117.541	105.72	159.153	115.869	151.542	107.848
FBgn0261393	0.0	0.205036	0.0	0.219866	0.0	0.496469
FBgn0015572	0.250784	0.0	0.0	0.0	0.0	0.249035
FBgn0015571	2.80018	1.23049	1.88412	1.4718476100000002	1.17499	1.51672
FBgn0015570	0.220987	0.0	0.0	0.0	1.02002	0.397533
FBgn0015568	16.7689	18.5551	24.1393	23.8116	17.7183	15.6488
FBgn0051146	0.0	0.0	0.0	0.0622527	0.0816739	0.210855
FBgn0037513	4.68332	5.65949	10.2575	9.12103	7.72036	6.64379
FBgn0037514	0.0	0.0	0.0	0.593562	0.0	0.0
FBgn0037515	36.35241	23.89153	41.13454	31.13202	45.995999999999995	34.51558
FBgn0042104	9.00251	8.15922	10.8786	9.33203	7.04922	9.259
FBgn0042102	0.0	0.343376	0.600889	0.249921	0.0	0.282167
FBgn0042103	0.0	0.0	0.319106	0.0	0.0	0.0
FBgn0037517	0.0	0.0	0.0	0.0	0.269401	0.0
FBgn0037518	14.8252	20.0651	16.3024	16.4296	19.5023	17.0772
FBgn0037519	0.163739	0.267048	0.0	0.0	0.0	0.0
FBgn0037521	0.0	0.0	0.0	0.0	0.145776	0.0
FBgn0051472	9.41284	10.111	15.1133	14.4116	5.63205	7.27004
FBgn0051473	0.497079	0.0	0.0	0.437202	1.14719	0.0
FBgn0085413	0.0	0.0	0.0689264	0.0573355	0.0	0.0
FBgn0037525	1.209756	0.935745	0.9085070000000001	1.60338756446	0.5948979999999999	0.68259
FBgn0037526	9.85791	10.55895	14.92427	12.1593	11.3105	10.526359240500001
FBgn0037529	52.1235	47.0945	45.0832	44.4852	35.5585	37.2203
FBgn0260005	1.52909	1.36077	1.19064	2.3061800834512	1.89103	1.73583
FBgn0037530	100.82823	94.6642	106.9313	98.53960000000001	101.28610825334	105.13404000000001
FBgn0024909	14.16254	17.84281	13.70028	20.67249	14.25629	14.662130000000001
FBgn0004901	56.0843000298774	46.57950087025	67.9558	55.61069	68.012500898844	53.262900006477125
FBgn0014930	40.9174	44.14833	44.29415	38.13073	37.6605	35.31113
FBgn0014931	20.4968	25.6433	21.16237	18.23989	20.3129	26.3402
FBgn0037531	8.37148000832355	11.47489	11.21200937985	11.290040000000001	13.8462204852	10.261579999999999
FBgn0002542	46.1483	47.4795	46.3368	49.0754	49.4964	51.2518
FBgn0000504	0.340779	0.41181	0.18107040000000002	0.29973	0.823896	0.112801
FBgn0037533	208.5613000101036	192.53629999999998	220.33970165555002	211.5738	243.68980000247274	279.2711
FBgn0037535	19.81859	29.2136	30.174419999999998	26.797159999999998	27.4707	25.86701
FBgn0266598	21.208	15.45288	6.663960254743	9.86238	17.5479	18.4028
FBgn0037536	42.485909	44.93070897	43.48305	53.99408078979	39.202680904352	55.120619700362
FBgn0037537	100.156	99.8722	109.602	102.568	100.621	107.455
FBgn0037538	42.5205	34.9844	40.8139	33.1547	41.7582	26.9514
FBgn0037539	30.4171	25.7589	31.1485	27.1744	26.2554	26.1617
FBgn0037540	4.68103	4.18017	5.23579	4.89278	4.45395	3.90595
FBgn0037541	18.78127793638	21.42899945778266	19.883296619950098	18.9830677	19.5712684276	22.693597
FBgn0001255	1.73728	2.62423	0.459227	1.91001	2.50588	2.58774
FBgn0037543	19.3912	18.7895	26.323	14.717	26.9979	23.13921
FBgn0037544	5.78445	5.59212	9.17429	7.63151	3.82252	4.59529
FBgn0288846	18.814996999999998	23.664783	21.924082	22.740249	24.8129	26.563987
FBgn0037547	0.0	0.28128	0.0	0.0	0.0	0.0
FBgn0037548	13.8827	15.6579	9.05197	9.36132	9.07786	9.87987
FBgn0243512	60.451	57.22414	48.831818	54.4261	51.00051	47.1903
FBgn0037549	91.4625	93.6885	100.108	98.8281	113.169	108.209
FBgn0037550	23.7244	25.729	30.873920000000002	27.82219	26.8869	30.203699999999998
FBgn0037551	74.27338999999999	93.68554	90.5709	81.53904	82.57878	91.52125000000001
FBgn0001138	0.119531	0.0	0.1058218	0.0	0.137931	0.0
FBgn0037552	87.6395	102.337	74.9654	67.9886	67.0415	72.3605
FBgn0037553	23.24176	26.69516	24.08448	22.9466	28.0639	21.988590000000002
FBgn0037554	20.94348	27.1423042087	22.2592808346	27.6281	24.4362013316	30.6262104
FBgn0037555	31.23563	24.7789175	32.832139999999995	34.509100000000004	35.596289999999996	32.30791
FBgn0037556	23.78533	31.7581	27.43571	29.6764	26.679	22.85754
FBgn0042182	3.00525	4.59759893	3.3152999999999997	5.25621	3.74834	4.33205
FBgn0064126	41.12175	42.18441893	45.910813642	46.26571	47.828540000000004	41.859410000000004
FBgn0040528	1.94195	1.62804	0.812526	1.79976	1.87001	1.48638
FBgn0260386	0.610228	1.72065	1.07538	0.715629	0.469443	0.927895
FBgn0037560	30.8256	50.513009999999994	24.30693	35.78440421242	28.343114999999997	36.7978
FBgn0010173	166.851	177.365	162.195	167.061	169.366	184.429
FBgn0014861	55.1604	45.5989	56.8011	44.5891	60.1616	54.2036
FBgn0037561	12.6249	13.1152	15.2225	14.4159	14.0572	16.056
FBgn0037562	1.61293	0.97456	0.0	2.12796	3.72243	4.00419
FBgn0037565	0.0	0.0	0.1568428037	0.06523401726	0.0	0.14730133615000002
FBgn0037566	52.5394	44.6274	66.4215	51.2335	50.9619	53.6852
FBgn0265351	17.0489	13.735	14.8219	11.663	10.0553	10.5342
FBgn0265101	59.2287	63.0912	61.6977	64.0565	85.0529	67.529
FBgn0037569	36.4421	40.2322	46.1433	30.8652	28.0346	28.5929
FBgn0037570	0.0	0.0	0.331994	0.0	0.0	0.311797
FBgn0037573	65.4934	57.8928	77.9056	58.1376	62.2796	66.8432
FBgn0037574	5.92226	6.83137	7.40043	7.33978	8.07644	7.48485
FBgn0062412	0.515538	0.622995	1.09021	0.453437	0.0	0.0
FBgn0040529	241.6198	259.358	300.952	249.547166	279.548	251.543
FBgn0004908	60.2211	39.0592	38.6726	44.1392	38.2791	48.9896
FBgn0037578	15.0607	20.4111	21.0837	21.2522	17.0542	11.1818
FBgn0037579	1.00184	0.0	1.0593	2.64349	1.15606	0.0
FBgn0037580	87.8543	77.9693	88.7268	89.81880000000001	89.1394	96.5082
FBgn0037581	6.75634	7.45454	5.590559	8.5262	4.74544	2.041944
FBgn0261108	14.8333	15.4122	15.2442	17.9237	19.3562	18.722
FBgn0020249	91.75153	105.34628000000001	95.0703	106.34912715860001	99.6057	103.9803
FBgn0037583	22.7599	24.1262	27.0206	30.2031	26.0331	30.9279
FBgn0037584	3.1276	4.85936	6.1415	5.10873	3.60905	6.21156
FBgn0266801	0.6107644	0.26551060000000004	0.579612	0.597807	0.21089239999999998	0.761627
FBgn0037592	29.432810000000003	23.6453	30.5004	21.8229	28.17021	25.2395
FBgn0051454	0.758716	0.61124	1.87187	0.889764	0.583673	1.00457
FBgn0051259	1.8079800000000001	3.55035	5.97396	7.35465	6.51966	3.1419
FBgn0051453	48.7776	54.94223	47.75461	45.28542	57.32864	50.5303
FBgn0051450	60.0372	41.8091	68.86	54.5953	63.408	58.608
FBgn0051460	54.74869	45.3415	61.8893	58.747609999999995	59.38590000000001	54.36679
FBgn0266916	19.28044	17.44679	21.255699999999997	20.41388	29.418490000000002	25.497700000000002
FBgn0037601	0.0	0.0	0.0	0.0	0.0	0.207418
FBgn0024326	49.80103	45.8429	52.657115000000005	56.737	44.54678	55.925779999999996
FBgn0037602	16.5803	15.5837	23.3749	30.7865	17.0067	9.14702
FBgn0000447	59.5179	52.825199999999995	76.0863	62.1083	85.7527	71.4576
FBgn0037603	55.1338	49.363600000000005	71.5677	65.3494	61.5917	70.2659
FBgn0259992	2.234	0.0	0.0	1.09581	0.0	0.0
FBgn0263231	180.0226	150.5898	204.8835	171.6591	180.3908	168.1619
FBgn0086679	23.42899	25.6415	26.1749	26.568550000000002	27.03561000781123	27.655350000000002
FBgn0037606	14.41884	10.50227	16.49881	12.681989999999999	13.6754	12.55299
FBgn0037607	205.11842	173.49859999999998	241.71546	190.2573	234.1908	194.14010000000002
FBgn0037608	40.4041	33.673	50.087	38.8049	35.3698	34.127
FBgn0037609	59.1112	52.5741	63.0013	78.1942	67.1192	69.03
FBgn0037610	19.4666	19.0151	18.5502	19.5987	16.1564	16.4646
FBgn0037611	3.88487	3.26865	11.5804000560757	6.93922	8.76651	8.1726417
FBgn0037613	57.64652	44.0481	50.256750000000004	49.17568	32.72472	43.3203
FBgn0037612	27.7042	22.3823	29.4564	27.863805899950002	37.5424	22.841
FBgn0037614	18.3952	17.84539124886	21.722684	24.92961	21.62144	24.435121000000002
FBgn0037616	1.37523157	0.9971077	4.9435405	3.12779	3.49100407	1.9119228700000002
FBgn0037617	22.52874	19.38019	23.41701	22.50168	30.843490000000003	22.75075
FBgn0037618	0.412649	0.0	0.0	0.725885	0.476171	0.409771
FBgn0037619	11.7062	9.15344	9.46521	9.08481	9.53522	11.9665
FBgn0037620	1.61965	0.48931	2.14067	2.8491	2.33621	3.2167
FBgn0037621	54.7736	48.7531	62.8967	52.8378	60.1469	52.637
FBgn0037622	26.7385	25.8169	29.8347	33.7992	29.4591	32.1559
FBgn0037623	0.87916289922	0.60709315898	0.26559493806	0.331397637073	0.289856	0.249437413349
FBgn0037624	120.947	118.956	123.93	118.438	137.036	143.72
FBgn0037625	0.728341	0.429681	0.575044	0.122284	0.40774	0.209383
FBgn0083971	0.106967	0.429681	0.26961	0.2574172	0.40774	0.209383
FBgn0037626	0.0	0.344635	0.301547	0.501675	0.658185	0.283202
FBgn0037627	0.0	0.438188	0.0	0.0	0.418426	0.0
FBgn0046874	19.3929	25.61326117979	12.132023	14.925176420426	13.21132958326	16.081678429192
FBgn0261015	32.781	46.71496117979	21.317643	27.097776420426	25.50322958326	31.814878429192
FBgn0053191	0.577586	0.697976	0.916066	0.254006	0.666498	0.860337
FBgn0053189	0.0	2.94815	0.0	2.14576	0.938395	0.80754
FBgn0037630	0.657923	1.98761	0.48614	0.398951	1.13971	0.930096
FBgn0037632	398.186	292.755	438.487	375.015	447.536	346.857
FBgn0037633	51.71279	59.4414	55.7561	49.4964	58.44409999999999	70.7847
FBgn0037634	8.48387	10.2522	8.15493	8.81863	8.45487	10.3394
FBgn0037635	9.669540999999999	10.127025	8.17928	9.638738	11.158037	5.76126
FBgn0286516	204.66991831443	232.74736000000001	188.0038377742	219.43871000000001	215.56349	231.14998
FBgn0040532	0.676027	1.67764	1.77159	4.42101	1.93342	1.66381
FBgn0037637	154.766	169.628	151.138	176.825	161.977	180.748
FBgn0037638	47.2060703	50.08310579	45.8299	49.227599999999995	43.265100000000004	47.345099999999995
FBgn0262614	39.31025	37.757544	31.021339999999995	31.893819999999998	33.12426000156598	33.195417
FBgn0003015	0.291172	0.527796	0.615742	0.256098	0.1679974	1.301138
FBgn0037643	140.71000001302426	147.75128999999998	150.6955	139.11494	135.75430500000002	156.343573
FBgn0037644	34.1221	35.3836	35.3477	38.9343	37.2464	32.7394
FBgn0286204	0.0918949	0.0	0.0	0.0808255	0.0	0.091254
FBgn0037646	8.402270000000001	12.87194	7.28612	7.0012	9.51332	13.343290000000001
FBgn0037647	29.5797	38.4649	36.0355	39.8732	38.9562	39.2709
FBgn0027503	15.77895	14.278300000000002	22.1397	19.33742	23.385530000000003	20.644280000000002
FBgn0260243	21.4727	23.5233	29.282	23.4753	25.9359	29.6926
FBgn0037648	31.1374	34.795449999999995	30.0911	27.6812	33.9988	29.25786
FBgn0051100	0.367928	0.444617	0.194514	0.323608	0.0	0.182681
FBgn0037650	0.0	0.0	0.624633	0.519592	0.681691	0.586633
FBgn0037652	54.02085431656951	57.7072348728	67.6882	64.85189	71.402300020331	68.714200337966
FBgn0026380	142.438	125.482	137.961	144.407	167.502	144.144
FBgn0037653	40.6795	27.3103	35.2464	40.2518	30.6424	28.3332
FBgn0037654	0.265335	1.92384	1.12221	0.700119	1.22472	1.67412
FBgn0037655	63.75225303862	57.567010606	72.5824971728902	63.54976	70.49365000975186	67.58775774
FBgn0040534	38.6442	54.9401	50.4747	55.9823	89.1859	51.9187
FBgn0037656	10.239	14.5826	13.9194	16.7247	16.0348	19.2457
FBgn0264075	26.0208	20.44856	27.68185	21.763080000000002	26.342100000000002	22.561397
FBgn0002932	12.66103	11.8291638858	12.756632311574	9.7470500422681	11.894852719	8.317359
FBgn0037657	43.25465	48.08889	55.085679999999996	43.9623	52.1316	46.961960000000005
FBgn0010222	57.829110109999995	36.1477	58.4786	39.16386	54.233900000000006	45.235699999999994
FBgn0014018	47.197993	50.26916	50.011759999999995	51.90028	53.3356	59.0558
FBgn0028708	12.474	16.7036	14.6152	12.7505	15.1722	10.0435
FBgn0037659	31.3830014788	32.64361227495	36.02859856539006	34.55183000212506	38.79469704999	39.7462225502
FBgn0037660	25.1753	23.1659	24.9096	24.9867	16.5242	18.5777
FBgn0037661	13.4912	13.2464	16.0481	13.7202	8.2705	6.69856
FBgn0003165	54.019059999999996	53.25707	57.17576	47.508067460239	54.5640506	54.14827
FBgn0037662	0.879447	0.708504	0.0	0.515674	0.0	0.291104
FBgn0000412	242.22261	214.66687000000002	248.7002	206.8902	262.148	219.7294
FBgn0260935	8.27464	6.62749	9.667116	10.37608	6.21756	8.93257
FBgn0037664	0.339786	0.0	0.0	0.0	0.25486	0.674833
FBgn0037666	0.413527	0.0	0.0	0.0	0.0	0.0
FBgn0037667	11.7201	16.9169	13.4249	12.599	8.26479	11.315
FBgn0037668	0.0	1.32507	0.579702	2.41108	1.26531	0.0
FBgn0037669	34.3658	54.449	37.1442	35.5997	40.5372	50.0516
FBgn0037670	15.263700139728	17.9076	31.2022	19.6901	23.4844	24.7568
FBgn0037671	236.783	243.938	242.913	266.724	266.516	239.39
FBgn0037672	10.2971	5.35096	6.3511299999999995	7.92464	10.892009999999999	11.935
FBgn0010803	111.585	100.025	116.046	134.545	120.299	137.078
FBgn0285911	47.2514	47.676	39.9367	50.7054	43.9377	48.4404
FBgn0037678	2.30692	1.39388	3.65883	2.53629	0.0	1.14541
FBgn0037679	6.80579	5.399467114	7.25704	6.09906	5.437	9.92837
FBgn0037680	26.17376	27.7825	17.95123	23.02092	19.18286	35.12323
FBgn0266410	183.54716000000002	179.23852349930002	160.628199	164.5733	188.53511024902102	169.732233
FBgn0263750	4.2372	7.310414	2.3722000246486	4.86287	1.47456348	0.645755950561
FBgn0037683	19.023	24.7231	16.3189	15.4688	11.1828	16.3954
FBgn0037684	1.68275	0.4067	1.42341	1.1912687728	2.18806	2.6899289298
FBgn0000723	45.291649517	53.879392980000006	44.01518	44.639559	48.54727	46.326825049350006
FBgn0037685	0.793297	0.958649	0.838793	1.04661	0.0	0.0
FBgn0083953	76.3851	77.9478	75.3815	83.6067	60.7211	60.6819
FBgn0037686	3064.8599999999997	2269.1500143219	3521.62	2833.9300000000003	3273.3199999999997	2291.31
FBgn0037687	25.4676	25.9166	32.1248	29.0804	23.7166	23.9589
FBgn0037688	12.662700000000001	16.024978	14.9458	13.20945	10.5342	14.6214
FBgn0037689	19.2995	22.7735	23.0472	23.1656	22.7945	20.9687
FBgn0260237	19.2995	22.7735	23.0472	23.1656	22.7945	20.9687
FBgn0265201	8.41983	6.78322	7.41892	9.87413	9.71595	4.18055
FBgn0003889	0.719937	0.578738	0.759025	0.210642	0.275325	0.715559
FBgn0037690	0.254395	0.61484	0.0	0.0	0.293556	0.505241
FBgn0011740	19.43156	18.28061738	22.9212	24.363269	22.174105552	21.93
FBgn0261552	126.918218792655	123.45729518831	131.3898631117518	125.626609792766	136.848635021	123.638687728
FBgn0037696	13.0661	17.1053	12.0885	11.4922	13.821	9.19058
FBgn0037697	0.900847	0.544308	0.0	0.0	0.0	0.0
FBgn0037698	0.199905	0.236787	0.124309	0.103405	0.316551	0.198784
FBgn0043791	0.467487	0.282464	0.741446	0.205587	0.0	0.69634
FBgn0014380	118.184	100.68248	95.9275	79.5119	105.34231000000001	104.21851
FBgn0037700	87.329	92.2787	87.6131	83.2401	77.8054	89.14
FBgn0267790	177.8191	166.9663	197.9041	160.6859	196.297	205.77710000000002
FBgn0003205	152.481	143.672	158.889	145.581	158.868	160.634
FBgn0014022	15.9233	19.9969	20.798	22.2436	24.8596	22.3231
FBgn0014023	86.993	76.5154	91.3999	84.2623	87.0421	81.4655
FBgn0037702	97.23267999999999	87.9978751831	99.4366	88.93106	103.4045882328	93.82325
FBgn0037703	13.3608	18.102628	19.67314	20.5943	17.87773	19.5407
FBgn0000244	9.357008	11.83318	6.34271	8.4778	9.34345	8.298862999999999
FBgn0037705	13.46046	11.36536	10.06053	10.571950000000001	9.94574	11.54041
FBgn0037707	56.0999	52.1485	76.5157	51.6779	59.3729	48.1269
FBgn0037708	8.56084	9.37536	8.76893	11.0591	10.1874	10.3607
FBgn0037709	17.293	17.8688	26.2346	21.6024	21.6902	20.9055
FBgn0024833	74.9452	76.0758	83.9979	80.639	78.6985	77.1513
FBgn0027950	36.93936008	28.1567673	42.767805	42.086833500000004	41.990484900000006	39.6030142
FBgn0037710	48.9769	46.9738	50.81012	60.0981	42.7527	57.9007
FBgn0261049	9.84355	11.136	8.63649	10.4999	10.1504	10.1908
FBgn0037712	0.784017	0.947434	2.32114	1.51707	1.26659	0.622839
FBgn0037713	7.50235	7.36622	11.685	16.503139	10.5346	9.31253
FBgn0037714	10.484	13.6438	10.2326	12.0584	11.1673	5.60587
FBgn0037715	23.0216545892	21.6964278779	28.34930187927	23.4896137547	23.5133966065	24.71780960281
FBgn0027338	140.983416137	141.5312248965	153.305200434384	142.83637652497	160.90352902	148.10809131128002
FBgn0037716	8.84417	9.48095	12.0663	13.424710000000001	12.18088	13.59872
FBgn0037717	6.31075	8.76195	5.82084	7.67632	1.70435	2.93337
FBgn0053654	1.26206	0.0	6.67221	0.0	0.0	6.2663
FBgn0037718	103.824	112.663	100.41	124.524	111.583	120.889
FBgn0037719	34.939681	28.49362	36.2459	37.1983	29.395410000000002	34.429610000000004
FBgn0037720	39.67671	32.64474	34.9647839121	38.06363	35.585441829299995	28.20546
FBgn0037721	2.99012	0.903342	1.26854	2.62994	0.0	0.742316
FBgn0037722	12.768	16.2865	19.1254	15.9092	18.4169	10.2136
FBgn0005585	1164.567	1141.337	1330.184	1276.194	1351.489	1310.407
FBgn0037723	28.99671	29.49799	39.88681	36.78254	45.75698	43.408210000000004
FBgn0003334	32.68351	30.41187	35.70983	36.31636	34.446020000000004	35.48473
FBgn0012344	0.0	0.0	0.378287	0.0	1.84894	0.318223
FBgn0287844	0.08169815100000001	0.0658169587	0.028792756500000002	0.09580967439999999	0.0942696489	0.054086026899999994
FBgn0037727	0.778209	0.940416	0.41142	0.171117	0.673503	0.0
FBgn0037728	417.392	435.856	511.402	473.60400000000004	524.292	542.938
FBgn0028997	16.9432	16.5373	15.1587	18.3412	16.9194	16.1779
FBgn0037730	0.478125	0.288892	1.3237	0.841062	0.827588	0.621585
FBgn0069242	204.128	162.623	257.845	185.059	276.187	201.85
FBgn0037731	30.2777	35.865	30.5797	41.3915	24.8504	37.4467
FBgn0260463	180.1870100727862	190.598293744	201.65801091859998	202.5426	175.22767590501002	226.68290673
FBgn0053105	227.3659	212.62369999999999	206.6578	201.3015	203.4662	211.8081
FBgn0052939	9.53473	11.8041	11.1288	12.9006	8.86705	11.5186
FBgn0051352	35.99733065532446	39.85284780696	40.6140827803076	47.88444456390859	42.740701421171195	50.02159192916
FBgn0037734	25.2442	22.542	24.3298	24.07	22.1699	23.4043
FBgn0278604	28.7215	32.8236	36.8272	34.635	32.093	45.5565
FBgn0002431	67.16481569999999	70.582082	76.294303	74.824635	77.04765	75.3051613
FBgn0003886	4.87814	5.59162	3.6578	3.63305	3.01766	5.92675
FBgn0037736	0.0	0.138199	0.0	0.0	0.131966	0.0
FBgn0037737	22.25898	22.102781999999998	28.07166	30.3373	28.33579	27.769906
FBgn0085438	3.4724	2.79745	2.85564	2.98112	0.667821	1.9981
FBgn0051415	2.23829	0.0	1.57777	2.25099	4.30473	2.64471
FBgn0037739	20.47759	26.91655	27.729729999999996	24.014499999999998	20.31343	25.32927
FBgn0005777	67.0459064	72.78227888	64.4418330219	67.433508	76.92123699999999	77.20090136765
FBgn0037741	9.78824	9.46277	6.20976	9.90055	7.05938	8.99097
FBgn0037742	13.437100187301999	14.691400408770999	14.333599485999999	12.662700150144	4.430150436617001	6.0362800582555
FBgn0037743	21.0387	27.8453	18.5378	28.7847	18.497	30.8406
FBgn0286506	36.2716	28.3162	36.9942	43.1952	32.9655	30.5998
FBgn0266720	42.7186	49.9114	55.6496	62.6905	52.835	46.6393
FBgn0037746	37.03	39.24451137378	34.349051	33.26612000625843	43.1872255689	36.968303146660006
FBgn0024330	25.0381000272889	24.51383	30.4343600442887	31.10299	32.581770528555	26.9495
FBgn0037747	22.91816	27.74496	33.241	26.74104	28.23352	27.47282
FBgn0037749	42.98882	36.611	53.20850209038	39.94063	27.2568	30.0849
FBgn0037750	18.56681747	14.75527	16.224	18.84878000821113	14.008502107	17.866150998
FBgn0037751	10.7756	9.00028	11.2261	9.19888	10.0572	11.0152
FBgn0261599	4393.89	4402.83	4491.25	4972.66	4185.02	4620.58
FBgn0037753	10.9131	6.27992	10.1653	10.5127	8.99504	15.7395
FBgn0002868	158.47629999999998	205.9621	110.6562	110.4573	117.3135	178.15550000000002
FBgn0037754	20.8218	20.9588	25.6101000338587	24.607729999999997	24.1816000742721	21.478830000000002
FBgn0037755	34.75015	32.578600026221004	40.58269	43.92188	34.428203138879994	41.013012930399995
FBgn0037756	177.136	210.887	170.993	228.216	194.941	235.186
FBgn0037757	42.5524	37.5394	48.0915	44.9532	46.6679	39.5782
FBgn0037758	22.558799999999998	26.78814	26.61006	26.493449999999996	25.73046	24.34377
FBgn0037759	14.55080103022	14.33822	17.5832617858	17.02723	11.99340000809246	15.07689
FBgn0037760	31.520000000000003	30.5171	35.899	36.1141	37.5593	38.5447
FBgn0037765	0.0	0.0	0.586317	0.0	0.0	0.0
FBgn0262104	1.84225	2.22625	2.92186	3.24068	2.12584	1.8294
FBgn0037766	0.0	0.0	0.0947024	0.0787768	0.0	0.0
FBgn0267336	13.772902	12.891298	11.684511	11.038269999999999	15.182012	14.365622
FBgn0287598	0.953808	0.743951	1.45616	0.780839	0.741584	0.949271
FBgn0037770	27.8097	25.1578	36.7969	33.2053	36.751999999999995	33.9413
FBgn0037772	0.397226	0.247786	0.208675	0.0	0.218978	1.02136
FBgn0037773	12.100098000000001	21.019414	24.788504999999997	17.959296	16.580762	19.006394999999998
FBgn0053208	22.94309448597	21.922290680114	22.844472709034697	21.914518299999997	22.9606073906801	26.76877067
FBgn0051407	0.0	0.0	0.0	0.0	0.793899	0.0
FBgn0027524	33.1463	36.934	38.6885	34.4542	39.7389	30.3503
FBgn0037777	14.9768	6.58127	10.0773	12.5739	6.28445	10.8162
FBgn0037778	7.99339	7.51295	6.57363	6.50974	7.51574	10.2895
FBgn0037779	40.1786	42.7035	39.4118	48.1118	45.2463	42.7825
FBgn0037780	24.2164	20.1821	19.6454	23.87	18.3083	18.6576
FBgn0037781	9.26395	6.735574000000001	5.500380000000001	2.2878126	8.55201	8.856020000000001
FBgn0041105	0.0	0.41662	0.0	0.0	0.0	0.0
FBgn0028734	149.53029116543473	129.229320726278	148.15663887614	132.73678841103	147.90829238310002	152.94039307056278
FBgn0037788	0.641974	0.251466	1.01819	0.366051	0.370399	0.6374972
FBgn0051477	5.18287	8.3509	7.30682	4.83239	9.96784	12.00903
FBgn0001321	0.0	0.0	0.166064	0.414414	0.362467	0.155961
FBgn0004889	51.46448152142	50.58356	64.25237619481	54.879532454949995	64.32986	61.579654835999996
FBgn0037792	20.41392	18.159100000000002	18.43689	19.82524	21.10257	20.130804
FBgn0261817	0.0	0.0	0.0	0.0	0.0	4.82505
FBgn0086359	4.7863	5.37079	5.18128	6.21439	7.49561	4.86608
FBgn0085332	1.12022	0.0	0.0	0.0	0.0	0.0
FBgn0037794	10.1105	15.3373	12.5099	11.3522	8.9363	10.04
FBgn0040238	65.85430171272	59.927800000000005	58.181799999999996	55.925200000000004	60.214	67.4788
FBgn0037796	0.0	0.0	0.0	0.19514396142	0.0	0.22032197137
FBgn0004575	0.0970091	0.117229	0.121533	0.0	0.0	0.288998
FBgn0025879	0.27925	0.0	0.535951	0.0	0.322236	0.0
FBgn0037797	0.0	0.0	0.626537	0.0	0.68377	0.0
FBgn0261928	0.0	0.053482616979999995	0.0	0.0	0.04609866124	0.0
FBgn0037801	0.0	0.0	0.285919	0.0	0.312037	0.134262
FBgn0037802	8.07169	5.64712	9.88217	8.22035	9.80443	9.28098
FBgn0040078	56.7099	50.1912	82.2017	67.4416	78.0359	61.0733
FBgn0262617	12.698807528120001	10.69804709561762	13.974375189819	11.413735955689999	15.800792088394001	14.362029213260001
FBgn0037807	229.63194000000001	259.1408	244.70289	274.216	259.2151	270.3024
FBgn0266717	41.481344	48.17035	48.63334900284392	50.17378399999999	47.898379999999996	52.222648
FBgn0037809	18.4179	11.1285	12.2995	12.789	7.27081	10.5886
FBgn0037810	88.2876000482535	94.24949559999999	100.95600000614114	97.87544137489999	140.1710000227007	125.97800000152228
FBgn0037811	1.63409	3.47202	0.0	0.0	1.25548	1.81268
FBgn0037812	3.69931	3.61922	4.45779	4.44978	6.6566	2.67247
FBgn0051406	0.889509	0.0	0.0	0.0	1.02644	0.0
FBgn0015396	37.4806	30.4092	39.8547	29.0435	45.9457	44.7052
FBgn0020379	5.6363291783146	3.8096242289299997	5.413386439	4.295942213	4.078764779999999	3.9843169571728
FBgn0259938	21.09686	29.329439999999998	18.397843299999998	18.96312	18.32103	16.57978
FBgn0045443	0.0	0.0	0.297832	0.0	0.0	0.279713
FBgn0037814	12.3564	11.0962	13.3047	13.0615	11.2498	13.621
FBgn0024957	50.064	54.7622	53.5437	59.85	52.4584	57.8578
FBgn0037815	28.8402	25.7598	39.775	30.3291	36.1736	20.5454
FBgn0037816	1.66933	2.88183	5.04305	4.61449	1.65111	2.84175
FBgn0037817	4.64709	7.92807	2.60132	4.56817	3.46982	4.07178
FBgn0037819	0.804794	1.45881	0.425475	0.0	1.85736	1.59836
FBgn0262717	0.0	0.372808	0.0	0.0	0.0	0.0
FBgn0020385	3.8884819633842502	3.24378	7.80104	6.970024	5.35272000754462	6.07309
FBgn0037822	28.5036	26.8937	35.0048	33.0427	37.322	30.3427
FBgn0287589	28.5036	26.8937	35.0048	33.0427	37.322	30.3427
FBgn0051391	0.258283	0.0	0.0	0.0	0.347394	0.0
FBgn0051467	1.82007	1.57103	2.74922	0.68607	1.75053	2.58197
FBgn0037824	10.7977	6.52414	2.85423	5.93562	1.55748	8.04176
FBgn0051278	12.7069000277692	13.2615	21.9856	13.64884	10.664000201326	10.8976
FBgn0004841	0.0	0.0	0.0	0.13898	0.0	0.0
FBgn0051272	0.204265	0.493682	0.215979	0.179659	0.0	0.0
FBgn0051390	29.3475	42.156	39.8128	30.1956	36.421	33.5417
FBgn0037831	11.800779400947999	11.520501020000001	13.980882632999998	14.38096	14.6017101534668	14.259739544959999
FBgn0010421	29.6084	26.0682	33.0953	27.9019	32.7019	25.2016
FBgn0266446	0.0	0.255988	0.0	0.0	0.0	0.0
FBgn0261380	38.6364	27.2018	36.9446	31.9138	38.3809	38.7005
FBgn0260944	125.1372	118.465	172.1872	136.02710000000002	132.48340000000002	125.97579999999999
FBgn0037834	104.125	91.5441	127.725	105.732	140.405	123.731
FBgn0017577	54.5202	50.4557	57.8294	47.1941	64.8194	60.3078
FBgn0037835	1.43703	0.0	0.0	1.89589	1.65824	0.713502
FBgn0037836	0.0917648	0.0	0.0	0.0	0.0	0.0455624
FBgn0037837	12.6312	16.2488	13.7864	16.127	8.933447	16.5893
FBgn0037838	3.83811	7.73019	3.38186	4.68859	2.95262	3.17612
FBgn0261053	1.16052713506831	1.741510414165	1.14416	1.6435515364120001	2.5039887892722	1.9409371055450002
FBgn0259740	171.9287	167.71012000000002	137.34601	187.1347	152.82921	162.09910000000002
FBgn0037841	3.49669	2.92263	4.92964	3.07549	2.01748	2.89359
FBgn0037842	19.0081	16.5672	17.0835	28.0034	16.4506	20.2912
FBgn0037843	74.1445	76.102795158	76.1005	77.02544	90.9277	82.49647
FBgn0037844	56.0542	46.0441	42.6116	39.3127	39.3171	44.7489
FBgn0037845	0.996706	0.802971	0.702578	1.16886	0.766757	0.989755
FBgn0037846	8.37844	6.12818	7.22703	6.59349	5.08852	7.00632
FBgn0267376	29.30822306593	34.68352	41.02969747	30.59984652694	28.42762	25.284515846693
FBgn0037848	41.39396	44.9416	43.767920000000004	46.931940000000004	44.78062	42.71098
FBgn0011768	125.017	108.973	146.273	123.177	133.62	117.362
FBgn0037849	0.0	0.217673	0.380916	0.15843	0.207856	0.0
FBgn0022359	20.3339	19.6577	26.5167	27.1248	18.7712	21.5382
FBgn0037850	41.1182	35.8579	42.5799	43.6219	40.5997	42.5152
FBgn0037852	39.607	34.8912	36.6503	43.49347	32.00693264	49.1875
FBgn0037853	48.7578	59.8973	54.1175	52.8357	44.4512	66.0728
FBgn0037856	12.779	15.285	14.2012	16.4007	12.9405	15.927
FBgn0042094	15.29208	12.51836680624	12.43637	6.94196535178	15.507159999999999	14.69559
FBgn0037855	18.60590998799	14.014837163	21.511808000000002	18.291647	14.673700850986	16.18714
FBgn0083950	0.0	0.0	0.0	0.0516531	0.0	0.0937131
FBgn0040256	14.524	14.0411	13.6817	15.7939	15.2362	15.4716
FBgn0040251	10.534289999999999	11.775260000000001	11.416870000000001	13.89801	14.283180000000002	19.090980000000002
FBgn0040257	1.39225	1.00947	0.294419	0.489816	0.321313	1.10603
FBgn0040259	115.424	132.155	94.5663	153.327	114.45	158.488
FBgn0027584	2.0469516334000004	1.53509	0.649302	0.900189	1.75903	1.5137399999999999
FBgn0040253	0.0	0.339161	0.0	0.0	0.0	0.0
FBgn0040255	0.0	0.305025	0.0	0.222008	0.0	0.250652
FBgn0026314	0.0	0.318899	0.279028	0.464211	0.0	0.0
FBgn0026315	61.1822	77.7948	80.2791	86.4454	74.2863	79.0552
FBgn0040250	5.81304	8.24638	5.07748	4.89052	8.74941	7.02739
FBgn0040252	0.740881	1.49218	2.088993	1.30327	0.854929	2.69761
FBgn0037870	0.0	0.768802	0.0	0.0	0.0	0.0
FBgn0261808	31.97248	45.57131	41.127193999999996	50.344015755	48.594076	47.22222
FBgn0037873	155.6559	135.6793	181.67079999999999	112.9664	130.54160000000002	99.6685
FBgn0037874	1456.4057	1451.3078	1697.0644	1761.7415999999998	1657.5574	1668.5315
FBgn0037875	46.327	33.8503	53.3126	47.1901	45.2531	35.3053
FBgn0086472	6224.9580000000005	5649.679	6711.22	6538.25	6935.139999999999	6255.26
FBgn0037876	7.86874	13.3124	11.648	8.65111	9.08002	8.98593
FBgn0037877	11.1386	13.4603	14.6617	16.5947	9.96784	17.1557
FBgn0037878	100.59998999999999	88.9418	98.1571	97.59039999999999	96.4538	87.7783
FBgn0020910	1923.7258000000002	1780.3706	2109.1432	1980.8204	2131.5626	1887.2271999999998
FBgn0037879	2.18687	3.76691	3.46843	2.4043	0.0	0.0
FBgn0037880	12.8501	12.0346	15.2854	10.4545	5.93128	7.65628
FBgn0037881	33.1406	29.2065	33.2988	29.3096	22.396	23.273
FBgn0037882	21.1894	18.1008	22.7909	26.0275	20.657	18.1393
FBgn0037883	18.8959	30.9897	18.5525	35.6137	42.0518	45.57
FBgn0037884	57.7151	48.1449	53.9662	54.93	53.9257	51.9662
FBgn0037885	23.9619	16.35903	24.3978	21.84402	13.389752	24.9655
FBgn0051441	15.97589	11.0527	10.0737	12.0663641	8.354951	10.5958969
FBgn0051388	8.85526	9.59402	11.94604	16.920009999999998	12.6849	13.0273
FBgn0037889	0.0	1.60182	0.0	0.0	0.665509	0.0
FBgn0037890	70.29660999999999	59.179886999999994	51.90663	59.383986	73.1893	64.50533
FBgn0037891	60.7818	53.9995	70.1102	63.3915	71.2473	58.9265
FBgn0004595	0.1476909145	0.44090300209547	0.524774111478	0.192542607	0.25273998329022	0.6546016
FBgn0026063	3.04382	4.102156	2.5747	3.28399	3.32504	4.100207
FBgn0026064	3.04382	3.69746	2.5747	3.28399	3.32504	3.96308
FBgn0037892	23.3079	27.2575	31.0045	27.1133	15.6169	23.1453
FBgn0264694	110.839	113.819	129.85	113.964	115.891	115.233
FBgn0011774	35.7013	35.0891	36.25300576285	39.6935	36.6314	46.4236
FBgn0037894	47.504000000000005	44.226614520999995	57.40798	51.4413	65.8683	57.8245
FBgn0037896	0.460018	0.555903	0.4864	1.01151	0.0	0.0
FBgn0037897	9.30863	10.861	12.7273	13.9749	10.7416	10.6781
FBgn0037898	9.568382795229999	8.672084501859999	7.587844582400001	6.31184161175	4.1404861545700005	2.375410511099
FBgn0037899	345.374	304.429	382.367	386.564	394.633	419.628
FBgn0037900	24.0016	22.670070000000003	21.58598	23.294220000000003	19.73765	18.393
FBgn0037901	27.059540000000002	27.8658	25.625799999999998	29.80174	27.152189999999997	26.1698
FBgn0037902	1.37452	2.32544	1.45335	1.20895	1.26889	1.36494
FBgn0051374	0.874596	2.2739607934247	1.0059128684132999	0.5685034209549	0.8888501697519999	1.8761598750896
FBgn0046225	7.39	4.286126	10.2184765	7.8033558	6.997047	4.900460000000001
FBgn0037906	17.665051	12.4552	6.791793999999999	3.88513	8.6474848	4.252601
FBgn0053512	0.0	0.0	0.147051	0.0	0.0	0.0
FBgn0037911	7.90608	5.30777	10.4494	11.2032	7.85601	7.41477
FBgn0037912	78.43145780740001	66.03970022886901	64.72257	60.8364	60.85020000000001	66.3604953
FBgn0037913	687.3910000000001	520.1246	777.4568	795.2746000000001	693.9697	712.8411000000001
FBgn0263316	86.3812	92.7647	84.6167	108.979	82.1406	97.7161
FBgn0037915	1.20345	1.63608	0.636236	1.45542	1.04153	0.59753
FBgn0037916	0.80915	0.782245	1.02667	1.13869	0.373483	1.28561
FBgn0037917	22.70962	23.60264	24.3725	20.92223	19.9882	24.9706
FBgn0037918	19.91020781	21.504640000000002	30.04009	29.697830000000003	26.31635	26.8638815
FBgn0051363	310.5089	266.20863	301.05335	276.98672	326.87359999999995	265.3921
FBgn0037920	6.48374	7.83518	8.6942	9.92361	6.05671	9.84872
FBgn0037921	3.32661	8.280629999999999	5.06118	8.34368	5.057727344	7.694470000000001
FBgn0037922	25.9774	21.871	19.9845	16.5188	24.3747	19.9041
FBgn0037923	5.39883	5.33794	4.1516	5.18017	2.83177	2.92428
FBgn0042205	1.9782	2.78894	6.62355	2.60986	3.80452	3.274
FBgn0037924	20.5345	23.8869	25.2632	24.5595	26.7958	24.7744
FBgn0262081	90.38815189141499	80.77500001204541	100.67847	98.966331986	98.9955851	96.61872509999999
FBgn0037926	44.75374096	46.3957549	58.01836	59.3821924	57.238580000000006	67.9266003088
FBgn0259227	29.3974	24.5333	22.774	18.4962	21.5796	15.8246
FBgn0037930	575.581	470.803	724.158	567.494	776.068	675.726
FBgn0037931	9.62237	9.91802	11.3712	10.0813	9.7973	10.6794
FBgn0011290	81.74889999999999	74.7017	82.55791099999999	77.9094	68.00415	78.5709
FBgn0037933	23.9792	24.402	20.0166	27.0109	20.3888	21.7232
FBgn0037934	6.17248	5.27591	10.3468	14.0358	12.3343	17.3418
FBgn0037935	1.73598	2.97192	0.305924	2.16307	2.67095	3.30409
FBgn0037936	0.0	0.410252	0.0	0.597191	0.0	0.0
FBgn0042110	0.0	0.0	0.0	0.328111	0.430473	0.0
FBgn0037937	0.610228	0.0	1.29045	0.0	0.0	1.81792
FBgn0265271	0.479896	1.967493	1.7215	1.074005	0.469689	1.42965
FBgn0037939	0.0	0.246194	0.64624	0.358377	0.235091	0.202308
FBgn0037941	0.245634	0.0	0.0	0.108023	0.0	0.243921
FBgn0037942	32.2386000187746	33.48771	31.8366	36.6431	41.09547	42.1866
FBgn0002906	9.36562	9.27852	13.1144	10.0927	11.5862	10.8085
FBgn0037943	30.6551	29.2326	35.7207	35.5831	32.0051	34.7901
FBgn0037944	14.74953	14.66521	17.766930000000002	17.07816	15.188749999999999	16.32239
FBgn0262364	0.0	1.2201	2.13511	1.77606	2.33014	1.00261
FBgn0017581	218.6246	252.47070000000002	216.2236	270.3113	235.8898	278.0457
FBgn0265276	0.825883	0.538073	0.6764474	0.4842655	0.385355	0.9529941000000001
FBgn0037949	5.6299600000000005	7.4145293	7.090879999999999	6.48102	5.2546170000000005	7.07058
FBgn0037950	0.5203686270210001	0.628832592795	1.3625633	1.31581	0.0	1.033478830181
FBgn0025802	18.175433568	20.73960527141	18.146600372627	19.445325945	18.7728113698	20.001404446000002
FBgn0051116	2.820442179467	2.451660395188	0.361167	0.8029810601201	0.93643647057	1.13065
FBgn0259139	168.99049300000001	149.59210000000002	166.8641	156.9716	156.748485712	179.7764
FBgn0019624	431.91920000000005	397.3615	497.6193	412.748	517.8439999999999	411.7052
FBgn0037955	43.2781	46.576840000000004	59.76515	48.64720401	51.0128500200313	58.07113
FBgn0037956	0.27945	0.0	0.0	0.122894	0.161234	0.138751
FBgn0003312	0.0	0.0	0.522247	0.0	0.0	0.490476
FBgn0037958	16.6132	16.7983	18.4622	17.2959	18.1925	14.8139
FBgn0051368	14.15049	13.59485	17.842	16.280929	14.9822444	12.80580261558
FBgn0037960	11.3283	19.32255	14.0917	16.60620044821	13.3284	21.1663
FBgn0037962	0.0	0.0	0.0	0.462016	0.0	0.0
FBgn0037963	10.6324	11.5171	13.0479	12.9857	13.0319	13.8406
FBgn0085336	0.0	0.0	0.0	0.658751	0.0	0.0
FBgn0037964	0.0	0.0	0.220616	0.183517	0.240769	0.0
FBgn0051211	61.88274820000001	57.739600690222005	58.41995000000001	59.831261301000005	57.51953554	59.41141348
FBgn0013275	0.492227	0.778446	0.723126	0.557716	0.980324	0.684366
FBgn0013276	25.5755	34.78	22.9122	30.0203	33.2288	38.5317
FBgn0260741	6.97873	6.74669	6.3951	9.82095	4.29494	6.46806
FBgn0000147	31.3116	26.2481	25.3525	22.5778	32.551	30.2529
FBgn0260742	84.87478	81.64779999999999	92.9894	82.50588	85.45179999999999	69.53
FBgn0260743	15.65603	15.16638	16.576140000000002	13.04243	13.19407	12.279630000000001
FBgn0260744	20.958779999999997	30.05509	22.75176	29.49461	25.47493	24.14261
FBgn0037972	0.908214	0.0	0.48015	0.399406	1.976	1.35282
FBgn0037973	18.3514	22.1765	29.9877	19.4423	20.695	19.8801
FBgn0037974	19.0594	20.8378	20.5636	23.7064	14.9955	19.7086
FBgn0037975	17.1216	17.5658	24.781	16.7024	12.8516	10.7819
FBgn0260745	118.77004841368725	119.1975241	107.0665809194735	87.49471630204512	119.6485033315578	93.150370543
FBgn0260746	32.4407	35.0516	22.3966	24.3369	23.5617	19.7076
FBgn0037978	18.87714	20.02913	18.84347	19.46423	17.103720000000003	18.80668
FBgn0037979	17.3055	18.8335	17.6559	17.6242	17.517	20.7021
FBgn0037980	9.81605	8.6	9.3411	9.06531	7.92896	7.31069
FBgn0037981	8.45034	7.06964	14.4334	8.86174	6.7508	5.16394
FBgn0051358	0.436759	0.0	0.0	0.0	0.0	0.0
FBgn0037988	0.0	0.0	0.0	0.0	0.320166	0.275521
FBgn0037989	158.92010000000002	175.737797	195.3921092	203.0588341022	186.866789	199.6443027495
FBgn0051361	32.82519	27.45248	51.5039	46.10893	57.088494342366	48.642027663099995
FBgn0261714	0.300398	0.0	0.0	0.0	0.0	0.149152
FBgn0037998	21.293559000000002	23.832320000000003	19.9459700121248	19.608502	18.79959	19.725910000000002
FBgn0037997	0.0	0.0	0.0	0.121923	0.0	0.0
FBgn0037999	73.9015	59.7991	80.8936	71.0127	79.2669	68.5368
FBgn0003651	0.120644	0.0	0.0	0.0	0.0	0.0
FBgn0038012	0.0	0.0	0.0	0.229304	0.0	0.0
FBgn0038013	37.4165	43.77611	28.57282	36.200250000000004	34.061280000000004	34.6785
FBgn0038014	1.50083	3.62732	0.528968	0.88003	2.88644	1.49036
FBgn0038016	43.5913	43.0647	48.6706	48.4152	47.2419	51.5024
FBgn0038017	0.0	0.0	0.0	0.0	0.489687	0.0
FBgn0042206	2.97638	2.15806	1.88825	3.66499	4.12147	9.89463
FBgn0038020	46.741699999999994	50.41480211017	49.081669999999995	45.7142	46.730760000000004	86.88629999999999
FBgn0001149	413.32320000000004	373.7208	417.081	380.568	443.801	380.835
FBgn0010038	9.34904	9.65816	19.2739	21.561	18.1092	9.66259
FBgn0010039	93.8034	109.92	102.94	83.1291	114.803	75.5072
FBgn0010040	0.0	2.68549	0.0	0.651094	0.0	3.66924
FBgn0010041	12.2089	8.79385	10.9004	7.60631	18.5567	13.6208
FBgn0010042	0.0	0.808499	0.0	0.0	2.31611	1.32876
FBgn0010043	2.79149	5.90335	6.64107	1.22762	5.63711	0.742456
FBgn0010044	0.0	0.0	0.0	0.0	0.73654	0.0
FBgn0038029	0.0	0.733966	0.0	0.0	0.700864	0.0
FBgn0085431	0.662207	1.06698	0.46679	0.970732	0.50943	0.876784
FBgn0038032	0.326225	0.286077	0.500619	0.703362	0.7415152	1.2762319999999998
FBgn0038033	0.852671	0.302082	0.264314	0.5300929999999999	0.0780092	0.134262
FBgn0038034	22.4149	29.2803	30.2829	33.5833	27.4771	38.484
FBgn0286075	22.3047	23.4381	22.5585	26.5837	23.5001	30.1741
FBgn0038037	42.3618	48.9042	34.6496	40.1895	35.7596	48.6665
FBgn0038038	96.5437	79.1425	119.094	100.06	108.799	98.9539
FBgn0038039	60.19238	63.20819	75.56256	68.28059	65.89753	69.74002
FBgn0000455	30.6352	33.3793	40.09189	35.55852	28.68655	33.41379
FBgn0082831	27.85483	27.61891576	36.37465515	32.9799474612	37.293600070736694	37.1760453221
FBgn0038042	0.0	0.944197	0.0	1.03083	0.0	0.387944
FBgn0038043	71.2869	52.0125	78.2196	60.3338	57.4272	50.0871
FBgn0004103	205.414	197.131	245.292	227.416	233.453	238.46
FBgn0038045	0.781338	0.0	1.23922	0.0	0.0	0.387944
FBgn0038046	46.0058	39.0777	48.9967	41.6369	43.8551	38.4018
FBgn0038047	6.00544	4.94808	6.06122	6.4825	5.9849	4.33713
FBgn0086134	193.549	158.968	220.611	146.051	199.702	189.522
FBgn0029512	94.7695	111.126	135.446	110.55	145.038	111.654
FBgn0038049	59.5179	51.1998	67.9088	53.2357	53.1589	49.0853
FBgn0043043	0.0	0.0	0.35493	0.0	0.0	0.0
FBgn0038051	0.0	0.0	0.365666	0.231948	0.0	0.0
FBgn0286930	0.0	0.0	0.365666	0.651493	2.3181	0.0
FBgn0086687	469.9448	499.6158	480.3650500173404	473.14820002889087	471.30780000000004	446.0741
FBgn0286507	0.0	0.416066	0.0	0.0	0.0	0.683799
FBgn0038053	27.3501	37.9954	35.5221	35.7992	37.0274	40.8459
FBgn0038054	0.0	0.0	0.0	0.0	0.839987	0.0
FBgn0038055	17.3377	14.8786	27.3651	22.1003	21.7463	23.9537
FBgn0038056	24.511219092	24.191000000000003	30.240505000000002	25.425534883	27.37208825	34.508300379021
FBgn0038057	6.96527	8.09312	5.948438383999999	9.08111	5.873540570097	10.109000120481
FBgn0038058	12.3553	18.1464	14.8727	16.8856	15.5732	14.5341
FBgn0013277	0.0	0.0	0.433179	2.80301	7.11928e-06	0.00025063
FBgn0051354	21.7249	9.8007	1.73788e-07	19.81	20.0408	33.3715
FBgn0267866	5.18234	3.13126	0.0	2.27904	2.99004	0.0
FBgn0013278	16.109	18.9059	20.209	25.8631	6.69508	13.3341
FBgn0267867	5.18234	3.13126	0.0	2.27904	2.99004	0.0
FBgn0013279	0.0	0.0	0.0	0.0	1.39889e-07	0.0
FBgn0250910	0.0708301	0.0	0.0	0.0	0.0	0.0
FBgn0028374	0.0	0.563235	0.0	0.0	0.0	0.0
FBgn0038063	0.1886053247334	0.227918	0.0	0.0	0.217638	0.1347784221786
FBgn0005671	198.03640000000001	177.19939	212.062	187.3104	198.2596	180.7899
FBgn0038065	194.83249999999998	181.0812	213.37630000000001	188.0818	219.70649999999998	182.7776
FBgn0260444	19.99959	20.82583	27.22055	21.52031	24.7968	21.97285
FBgn0042207	0.786078	0.474963	0.855587	0.345694	0.453542	0.780595
FBgn0038067	0.370558	0.0	0.760589	0.977765	0.4276	1.10392
FBgn0038068	0.0	0.0	0.0	0.302291	0.396598	0.0
FBgn0038069	0.0	0.0	0.0	0.0	0.38013	0.0
FBgn0038070	0.246804	0.0	0.0	0.0	0.0	0.0
FBgn0038071	0.0	0.0	0.0	0.150946	0.0	0.0
FBgn0038073	0.10396211217199999	0.0	0.0	0.0914392872526	0.119965571842	0.0
FBgn0038074	3.93138	0.0	0.519606	0.864454	2.26828	0.0
FBgn0263621	0.0	0.0	0.0	13.0765	0.0	0.0
FBgn0026207	18.0645	14.0902	22.747	20.2217	24.2563	15.8185
FBgn0001296	3.682847	4.03922	2.91053	4.05391	3.1764	6.11208
FBgn0005355	41.7375	43.0397	50.6038	47.7229	37.5667	32.8808
FBgn0051347	4.92722	3.68379	5.13201	3.22609	2.78175	4.32179
FBgn0011745	117.704	111.989	124.818	132.911	125.337	118.702
FBgn0038079	0.0	1.4022	0.0	0.0	0.0	0.0
FBgn0016693	294.51	235.57379999999998	274.6627	255.547	293.83299999999997	235.7244
FBgn0038080	123.856	72.6565	107.866	69.6311	97.9279	76.0758
FBgn0002905	10.1794	9.65155	11.9251	13.3617	13.0676	13.8847
FBgn0002719	198.3976	225.21370000000002	96.8195	128.38665	122.0312	151.7276
FBgn0038082	0.298945	0.310879	0.0	0.226268	0.0	0.0
FBgn0038083	1.54585	0.0	1.39989	2.09607	4.27775	2.36651
FBgn0038088	10.431879480000001	9.95208	5.2246854679100005	9.175303399999999	8.86969	7.63285
FBgn0038092	1.6287	0.984088	2.29614	1.91001	1.25294	1.61734
FBgn0040493	124.928	118.95938	142.38	107.157	122.472	118.787
FBgn0087021	33.8673	43.3698	39.5509	36.012	43.1637	46.18
FBgn0038095	1.02496	0.928948	0.0	0.676121	0.295684	0.763357
FBgn0038097	0.0	0.0	0.809072	0.673015	1.76596	0.0
FBgn0038098	25.83902679789	29.04455000200359	27.689322072510297	31.606426146	29.605343749070002	28.811351138120003
FBgn0038099	77.9281	81.8758	89.4879	74.4392	74.7143	60.8514
FBgn0038100	54.217999999999996	67.74	53.9266	69.5099	54.0809	66.1591
FBgn0051342	56.40254	63.33934	70.05923	70.26453	63.50631	66.11683000000001
FBgn0038102	4.20609	4.01057	7.98533	8.06491	8.79145	5.44956
FBgn0041710	344.0397532502	353.8800815295	345.495323296	359.6740356482	337.167299469	400.9010354494
FBgn0038105	47.7046	39.0519	50.115	67.6745	43.6833	65.7094
FBgn0038106	54.7904	50.5528	61.4555	58.9356	56.8167	55.5111
FBgn0038107	125.10820000000001	113.7358	154.53269999999998	153.7843	139.952	168.3068
FBgn0265083	125.10820000000001	113.7358	154.53269999999998	153.7843	139.952	168.3068
FBgn0038108	65.43989	65.53425	75.70687000000001	72.73089	71.52820000107147	61.47788
FBgn0038110	45.8538	51.6334	48.8509	53.7738	56.1192	39.6698
FBgn0038109	7.22994	5.13937	8.99362	10.0996	8.34289	5.91254
FBgn0020496	103.12104	99.63418	93.41227	114.67917007640631	98.4170619264188	104.2660032876
FBgn0283438	73.7892	76.2627	83.9226	70.0479	88.6624	72.1546
FBgn0283439	2.36975	1.62223	0.445587	0.713965	0.0	2.14778
FBgn0002354	49.6937	57.3828	52.5437	44.679	31.8574	50.4437
FBgn0003308	7.4211	5.33535	8.64131	9.66683	6.50391	5.50369
FBgn0038113	0.0	0.816936	0.357399	0.0	0.0	0.335656
FBgn0003450	0.32391211	0.0	0.0	0.0	0.0	0.0
FBgn0038114	1.02473	0.412775	0.0	0.0	0.394159	0.0
FBgn0001217	0.0	0.0	0.208106	0.0	0.0	0.197919
FBgn0038115	0.858724	1.03771	0.302657	0.0	0.660608	0.284245
FBgn0260962	60.5982	66.5951	69.32	70.1983	75.5304	72.1268
FBgn0004666	0.0	0.1585343597	0.0	0.0	0.0	0.0
FBgn0038118	14.7483	13.6222	14.2035	11.8976	12.1406	11.6604
FBgn0260793	1.592662	1.283086	1.1856010000000001	0.9338740000000001	0.772834	0.738059
FBgn0038123	0.0	0.0	0.0	0.0	0.0	0.500006
FBgn0000024	0.126907	0.12116	0.0	0.0	0.146442	0.0
FBgn0040551	12.36822	8.54069	9.98979	9.32432	4.67243	10.5274
FBgn0038128	12.3517	8.78015	9.98712	11.1834	10.4802	11.1833
FBgn0003598	19.15519	21.394199999999998	21.0721	19.825969999999998	23.66683	24.11327
FBgn0038129	16.9884	13.884	17.1708	16.5806	17.5696	16.8632
FBgn0038130	0.0	0.0	0.0	0.0	0.0	0.195544
FBgn0038135	0.527788	0.318899	0.0	0.464211	0.0	0.131027
FBgn0038136	0.140483	0.0	0.0	0.0	0.0	0.0
FBgn0052473	16.36405	17.2612	19.648602	17.808130000000002	16.64274	19.0041
FBgn0086371	35.07314	41.109	39.0505	39.293	29.62916	27.871699999999997
FBgn0027610	82.99064996000001	88.14419000000001	76.99987999999999	80.9395	85.57068	86.9041
FBgn0038142	0.875485	0.0	0.0	0.0	0.0	0.0
FBgn0023495	0.629499	0.0	0.3328	0.553671	0.363201	0.625108
FBgn0038143	3.739142	2.93098	1.6645880000000002	3.63492	1.8166499999999999	4.690204
FBgn0038144	2.05226	2.50744	3.14889	4.45093	3.35743	3.58387
FBgn0044511	66.2385	69.5128	79.2527	96.5882	64.3663	62.3146
FBgn0038145	295.55089	250.52240999999998	312.2463200226185	275.3575300242979	304.3287	264.87892999999997
FBgn0038146	26.8129	21.2582	40.0508	28.8237	35.8515	32.4018
FBgn0038149	78.3327	64.1246	51.6544	64.452	59.7746	71.0951
FBgn0053977	30.9596	66.5116	36.3724	45.3839	43.6644	46.1156
FBgn0000046	0.933595	1.8679	0.805128	1.64054	1.96243	3.09001
FBgn0004049	16.14107	20.507590049188398	19.89145	19.606721	19.4969457288	22.9776175
FBgn0038156	3.12949	2.48802	2.61234	2.53521	2.47084	3.02588
FBgn0038157	0.0	0.0	1.06479	0.0	0.0	1.00001
FBgn0051337	135.153	157.543	122.67	162.53	156.648	210.818
FBgn0038163	0.1763304	0.0	0.0	0.1550901	0.0	0.0
FBgn0263396	292.2291	278.4939	342.7785	305.4118	352.2602	310.3856
FBgn0015778	147.3401	125.6688	196.9438	154.086614	180.7512	133.504900118798
FBgn0010258	2.06764	1.42778	0.936949	1.03918	0.340846	1.7599
FBgn0004237	306.02299999999997	278.35848	365.08529999999996	310.64714000000004	358.61940791545	378.5761
FBgn0004587	338.50632	259.53051860000005	367.6057855770975	290.1194535743	331.9704947234	303.56419925
FBgn0038165	0.220548	0.0	0.116598	0.193981	0.127249	0.0821285161
FBgn0038166	50.7185	37.5059	49.225	37.6181	43.2393	40.9683
FBgn0038167	31.3826666330562	27.778163145986	34.498808397190004	29.844585228678998	36.2240088308965	26.8265200575419
FBgn0038168	18.86969	21.11578000649806	25.93026	25.4647	23.2641	25.33148478
FBgn0024555	52.794399999999996	53.86349	66.6746	57.61325	63.584900000000005	57.6511
FBgn0038170	2.67802	3.94753	3.27171	2.17315	1.45969	1.15225
FBgn0028487	11.815791	13.76620283348	12.1555547	14.628363	3.93694	5.948997
FBgn0002937	0.0	0.0	0.0	0.173991	0.0	0.0
FBgn0038172	0.274905	0.0	0.290671	0.0	0.317223	0.545975
FBgn0038173	0.252741	0.0	0.0	0.0	0.0	0.0
FBgn0051469	1.87785	2.26927	0.992774	1.65165	2.16692	2.79713
FBgn0040076	3.11804	2.51197	1.37369	1.8283	2.99835	3.09629
FBgn0040077	37.85194	30.091969999999996	49.34199	52.663399999999996	24.675849999999997	30.64189
FBgn0085412	0.179104	0.14447	0.0631252	0.0	0.138794	0.135504
FBgn0259721	11.0094	14.8392	10.0737	12.4764	10.0167	11.7736
FBgn0260464	11.0094	14.8392	10.0737	12.4764	10.0167	11.7736
FBgn0038183	19.4358	22.8997	38.532	29.0608	44.2946	34.7404
FBgn0000454	117.51935085279999	120.488824	134.96556156	115.6618	115.25860041	129.361164445965
FBgn0266464	32.451139000000005	38.160912999999994	38.511700000000005	41.64311000000001	33.39595	35.31354
FBgn0051495	5.37808	5.41589	5.12893	5.94557	4.52321	3.3146
FBgn0008646	0.0	0.247763	0.0	0.0	0.0	0.0
FBgn0016672	34.2509	31.6282	34.8486	38.3669	32.8118	28.5573
FBgn0015270	24.457	25.8931	21.9693	18.2748	25.7244	23.8566
FBgn0264493	38.18819	38.46159	40.45082	34.902679	46.03145	44.539742999999994
FBgn0038194	6.20434	6.84559	3.99314	13.7611	7.47069	8.30405
FBgn0038195	79.8372	89.3609	87.4142	103.604	77.7794	104.407
FBgn0038196	127.44748	101.2082	151.12040000000002	124.10589999999999	152.319	140.1182
FBgn0038197	9.62897000454409	12.25522289872866	8.727305	10.4361850464094	9.385851028295	9.3793527814
FBgn0038198	0.642505	0.0	0.0	1.13022	0.0	1.27605
FBgn0038199	0.0	0.0	0.0	0.0	0.681691	0.0
FBgn0038201	0.0	0.0	0.177695	0.0	0.0	0.0
FBgn0038202	0.2372388	0.0	0.2508444	0.1043307	0.2737581	0.5889599999999999
FBgn0038203	0.0	0.0	0.0	2.03709	0.445435	0.0
FBgn0038204	0.0	1.23453	0.0	0.0	0.0	0.0
FBgn0038205	0.156488	0.0	0.0	0.0	0.0	0.0
FBgn0020510	62.756534040000005	52.545538	65.21208	63.43193	62.449510000000004	55.348300243128
FBgn0038206	49.8419	48.0099	45.9832	47.9781	54.1838	52.0422
FBgn0010340	18.96176	19.5224	18.378435	13.43477	11.5168	15.6912
FBgn0262955	42.28476	42.03472	47.813100000000006	50.76744	46.53608	53.3239
FBgn0038207	0.0	0.0	0.75972	0.631962	0.829118	0.0
FBgn0038208	0.0	0.0	0.0	0.110537	0.0	0.0
FBgn0011582	0.0	0.0	0.0	0.0237987	0.0	0.0
FBgn0038211	0.513495	0.0	0.0	0.0	0.0	0.0
FBgn0051326	0.497715	0.601457	0.0	0.0	0.861497	0.247122
FBgn0053109	0.4706	1.13738	0.497589	0.0	0.543042	0.0
FBgn0053329	56.6549	52.9327	56.0214	64.3642	56.5988	51.8319
FBgn0027563	0.310972	0.37579	0.0	0.0	0.0	0.617607
FBgn0038213	0.0	0.0	0.0	0.0	0.482834	0.0
FBgn0262983	8.142449	5.411432	0.43015	3.938632	6.858779	6.046464
FBgn0027083	11.453439999999999	12.428422000000001	13.098880999999999	11.718445000000001	7.552302	7.89185
FBgn0262808	0.774334	0.0	0.818742	0.681059	0.0	0.768933
FBgn0038219	0.0	0.0	0.525586	0.0	0.0	0.493612
FBgn0003862	14.8088900482706	19.4517394198	17.20883	19.15999	18.40940404234	23.514646
FBgn0285913	23.394895999999996	22.1230300146334	22.83379	21.26565	22.8774	16.316758
FBgn0038221	0.0	1.14291	0.0	0.415927	0.545685	0.469592
FBgn0003567	37.868069999999996	42.32922	38.305903550000004	34.62479	40.4445	38.19851496
FBgn0004855	70.06419	69.31298000000001	90.484	88.8081	87.33296	71.38650000000001
FBgn0051321	0.77782	0.234986	0.411214	0.513094	0.448777	0.0
FBgn0011474	18.11172	26.05685	29.14076	29.125439999999998	27.9616263	30.627015999999998
FBgn0038223	13.98707	12.739941000000002	13.906304	17.62708	15.53799	16.169890000000002
FBgn0038224	202.88899999999998	220.44542	249.0831	219.15797	261.27430000000004	243.0433
FBgn0003480	5.57651	1.98202	4.50895	4.32774	5.67788	5.53761
FBgn0024321	28.3054716	32.00918	33.6854	26.850360000000002	32.58971	29.02191
FBgn0288976	5.17165	6.54029	6.35842	7.40483	6.93925	5.9716
FBgn0038225	0.0	0.0	0.0	0.407985	0.0	0.0
FBgn0285955	29.970713	32.255540169317	28.13798	30.07744	32.66267	43.51742999999999
FBgn0085417	0.43430567000000003	0.7872399	0.6888012	0.19099501	0.25057493999999997	0.43127735
FBgn0038233	7.991680000000001	8.49855	8.11201	7.87251	6.27088	6.34875
FBgn0038234	29.7894	21.0724	36.8755	21.0886	20.122	29.5816
FBgn0038235	6.25127	10.3013	8.41245	9.99683	8.52513	14.1083
FBgn0038237	0.280509	0.254233	0.0	0.12336	0.228	0.139276
FBgn0051313	0.871559	1.05322	0.0	1.26159	0.0	2.848741
FBgn0038243	34.70671	41.940843	47.29857	42.05812	50.729200000000006	32.93296
FBgn0004629	106.385	70.8727	96.623	93.5704	102.302	73.1377
FBgn0038244	40.2566	38.5736	56.929199999999994	45.66454	53.3286	51.07916
FBgn0020299	0.0	0.0	0.11934	0.155582	0.0	0.11208
FBgn0003169	41.902012	39.2382	44.4686	45.150387	49.422881	46.983726
FBgn0013981	1012.2846	1066.374332428	924.658	929.8019400000001	978.672	1029.040716107
FBgn0038248	0.48034	0.725576	0.253944	0.10562	0.277141	0.596238
FBgn0038247	0.0	0.0	0.0	0.0522291	0.0	0.235872
FBgn0086686	27.94755	33.249300253682	29.884847999999998	29.222278000000003	31.946043	34.6908
FBgn0038250	46.9139	53.3577	49.1876	47.1575	50.9512	24.6636
FBgn0038251	30.1284	21.41659	20.925240000000002	15.5878	20.7916	22.292
FBgn0025808	11.9678	12.4376	11.1357	11.5788	9.39089	10.6959
FBgn0038252	0.359922	0.0	0.0	0.0	0.0	0.0
FBgn0265140	64.0574	57.9034	64.039	63.8334	71.0277	65.6356
FBgn0262127	41.9251	35.8039	29.7567	28.1643	33.332	32.6177
FBgn0038256	94.68769999999999	69.74499999999999	87.90419	68.16103	93.73011	75.0178
FBgn0011217	296.9316	296.1029	290.5657	272.2155	305.7604	287.808
FBgn0263929	18.16094374273	23.711626000000003	22.72862275779	23.171533	21.5751353	21.250933
FBgn0038257	0.0	0.855625	0.495788	1.23724	2.04259	0.465626
FBgn0038258	0.316673	0.765357	0.334834	0.83558	0.36542	0.943391
FBgn0038260	6.35443	7.41413	6.25548	6.93805	8.34399	5.65734
FBgn0038261	1.29572	1.30483	0.913352	0.569819	1.74437	2.35892
FBgn0038262	0.415294	0.0	0.219556	0.365269	0.239612	0.206199
FBgn0266756	0.30924050145365	0.3736975	0.578055	0.47135900443702	0.24942406	0.312681
FBgn0038268	7.58545	8.99738	7.05242	8.0929	5.189710000000001	6.776384
FBgn0038269	18.11869	15.49512	30.063000000000002	20.10405	24.28526	30.17174
FBgn0067628	11.3002	9.52464	11.2218	10.2657	11.1621	7.82682
FBgn0067629	9.56407	8.83916	6.76772	7.48166	9.24437	9.6847
FBgn0004597	28.8548	31.8804	28.3304	24.2913	26.1616	26.1975
FBgn0038271	252.479	197.7659	244.61219999999997	218.2978	263.3314	243.3446
FBgn0038272	37.6559	39.7719	45.7721	40.6828	45.1632	47.9929
FBgn0038273	4.16918	3.81408	5.24836	4.86113	4.79432	3.90214
FBgn0038274	21.9801	18.7241	25.0525	23.0661	20.1036	18.7807
FBgn0038275	33.7268	23.4869	38.0787	33.6864	38.2589	46.5476
FBgn0038277	0.0	0.695908	1.2178	2.02602	0.0	1.14372
FBgn0028662	210.709	217.58422	233.843	216.49023	228.75	223.6975
FBgn0038279	0.0	0.0	0.0	0.0882301	0.0	0.0
FBgn0038282	0.0	0.305719	0.0	0.0	0.0	0.0
FBgn0038285	0.0	0.0	0.737897	0.0	0.805301	0.0
FBgn0038286	19.39983	18.523249999999997	14.68787	15.693729999999999	18.240589999999997	21.04834
FBgn0261859	14.5654	11.73623177	12.424062831799999	11.543569999999999	13.213050299999999	11.1306
FBgn0038290	84.1321	77.2067	76.9178	64.2612	89.7836	74.437
FBgn0038291	11.1642	8.58529	9.92644	12.4973	14.0539	15.1177
FBgn0038292	1.21095	0.731679	1.2804	0.0	1.04802	0.300626
FBgn0266064	143.93826	146.96873	120.98935	141.44601999999998	139.0988800077891	149.11251288135998
FBgn0038295	0.0	0.0	0.0	0.0	0.0969844	0.10081018900000001
FBgn0038296	4.95786	6.79778	7.0568100000000005	6.87641	6.16228	7.10089
FBgn0260659	29.43888	26.13411	26.507777297374	26.3074120996003	27.30641	25.90276
FBgn0028984	265.22000893696	278.219117	334.29420000000005	326.48810000000003	354.801	316.51210133
FBgn0038299	1.57758	1.52512	1.00083	0.555019	0.72817	0.939946
FBgn0038300	19.9817	17.9232	25.9194	22.2855	22.3444	19.8423
FBgn0038301	8.85586	8.42477	12.5514	12.4294	8.91453	9.91674
FBgn0038302	29.7774	43.7644	54.4607	48.8417	36.2186	56.7418
FBgn0038303	17.7666	19.6921	15.6746	19.5082	14.2336	15.5076
FBgn0038304	15.7606	19.3828	19.0241	17.1743	13.5194	16.0662
FBgn0051155	75.6607	68.7831	73.3944	78.1467	88.9096	65.4829
FBgn0051344	29.5188	27.7863	36.4684	33.8885	39.4411	34.8669
FBgn0263979	129.5915	118.81791	147.61545	137.28459999999998	162.184	145.72902059
FBgn0038306	37.8373	32.3116	42.24791	41.0447	43.739360000000005	45.87197
FBgn0038307	49.0336	58.269000000000005	90.1866	66.64	72.76140000000001	66.71459999999999
FBgn0085345	1.09807	1.99042	1.16104	2.41449	1.90065	1.09041
FBgn0045035	23.6058	29.498	25.2097	29.5832	23.9643	30.2997
FBgn0266599	1990.0482536480738	1643.5038865608155	2523.266072617714	2104.3400134450176	2337.8331485870453	1624.2800035584035
FBgn0038309	1.48176	2.08905	0.783371	4.56145	0.854929	4.16904
FBgn0259823	0.420142	0.406172	0.1543727	0.3852587	0.29089	0.584096
FBgn0263740	183.8045	167.9921	229.3157	206.2777	219.7432	204.9176
FBgn0263755	16.7571	18.2147	16.8539	15.5457	15.9803	19.1169
FBgn0014879	125.431	137.532	144.065	129.707	160.462	133.709
FBgn0016691	266.879	215.004	289.683	230.763	250.684	220.208
FBgn0038311	4.07032101922	3.6890416511999997	9.14548	6.48878141829	2.60955	4.041930743112999
FBgn0038312	12.4737	4.20661	17.1765	10.716	9.70749	7.7777
FBgn0000283	102.701	110.0135	114.4429	113.0223	129.37279999999998	129.1865
FBgn0038313	33.51	28.0348	39.7926	32.194	39.8581	30.7165
FBgn0027378	46.083639999999995	39.7226	43.4141	32.6866	44.959	38.3921
FBgn0011476	11.706	28.796210000000002	17.32215	16.910510000000002	25.77889	12.718499999999999
FBgn0003721	184.42736100000002	206.581100499998	181.99107899999998	186.80942800000003	199.30845	191.6877160257411
FBgn0266745	19.5991	27.6316	18.9962	24.4208	11.3081	22.7061
FBgn0004117	1.16498	2.3463399999999996	0.8689397000000001	1.7077499999999999	1.42247	2.44823
FBgn0038315	0.0	0.0	0.0	0.0	0.0	0.259412
FBgn0038316	19.593	20.7538	26.8549	25.7429	20.6552	19.4563
FBgn0026441	27.95751	28.09986	36.9509	37.1211	35.51814	30.03147
FBgn0038318	117.6796	113.03739999999999	105.8528	97.88409999999999	101.7876	100.61189999999999
FBgn0000533	0.315772	0.0	0.0	0.0	0.0	0.0
FBgn0038319	39.8515	33.9475	46.2816	43.6702	54.2787	42.8173
FBgn0013269	209.2	219.496	307.509	237.77	338.454	305.996
FBgn0038320	87.4822	88.0974	99.3096	100.844	98.1031	103.251
FBgn0038321	11.19997	11.151	12.93579	9.735899999999999	9.5619	5.89799
FBgn0021750	18.524729999999998	16.88119	21.51374	20.299860000000002	21.025949999999998	17.490859999999998
FBgn0019925	88.1484	84.3704	93.2037	92.7043	96.4295	98.241
FBgn0051301	55.3206	55.8281	80.8949	69.103	84.5493	64.5776
FBgn0261679	3.82007	2.92742	3.64509	3.52381	2.90291	3.88595
FBgn0261680	3.82007	2.92742	3.64509	3.52381	2.90291	3.88595
FBgn0266722	22.2702	20.7957	21.4067	16.0262	17.5216	8.04176
FBgn0038324	6.67789	7.31913	7.38928	9.4249	5.7346	5.5518
FBgn0038325	8.03913	10.8577	10.8336	13.0324	7.63959	9.70489
FBgn0038326	54.6663	56.85823	57.65981	54.487700000000004	52.7524	44.44925
FBgn0026634	13.903	13.3677	14.7639	16.7303	14.6924	12.601
FBgn0038327	34.5328	28.8905	30.4277	40.4974	28.6093	31.2145
FBgn0026737	41.837199999999996	37.679500000000004	40.7167	32.909349999999996	39.1505	33.54313
FBgn0085433	19.67929979356	14.3138	25.070954416600003	24.8975885197	20.454779568000003	21.612682480300002
FBgn0038330	4.72602	9.13776	6.74603	8.52131	1.63606	3.75445
FBgn0038332	32.799499999999995	34.529399999999995	39.2903	37.4023	35.5133715192	33.57746
FBgn0038331	52.2471	48.9555	62.799	63.9095	54.882	60.1785
FBgn0262483	0.6287859933100001	0.874007	0.754295358	0.438724	0.328911377	0.679543461
FBgn0038334	0.0	0.0	0.0	0.508011	0.0	0.0
FBgn0038337	0.0	0.42568	0.0	0.0	0.229556	0.197546
FBgn0041188	68.33104	56.567271182	68.182333	67.44536	63.966100000000004	58.27727
FBgn0038339	0.101254	0.0	0.0	0.0	0.354643	0.100548
FBgn0000047	0.310933	0.339737	1.78458	1.23784	1.82143	0.324074
FBgn0286071	5.356450000000001	5.8174399999999995	5.83163	5.2552100395269	4.53795	4.64579
FBgn0038342	0.569964	0.0	0.0	0.0	0.0	0.0
FBgn0019940	0.0	0.388856	0.0	0.0	0.0	0.31954
FBgn0038343	1.10431	0.0	2.33528	0.0	0.0	0.0
FBgn0038344	20.6098	26.7787	27.1335	30.4981	25.2398	33.635
FBgn0038345	0.0	0.0	0.0	0.0	0.547016	0.0
FBgn0264776	60.6805	57.356	67.972	64.9964	56.1558	68.6097
FBgn0264775	141.2868	147.80180000000001	148.6467	160.7446	148.4361	151.47039999999998
FBgn0051296	1.141602	4.138665	2.41415	6.024520000000001	2.05947	3.400922
FBgn0267408	70.5264	99.5672	83.3442	118.716	84.5003	97.531
FBgn0038348	6.21779	6.51196	5.14993	7.74748	5.26162	7.3064
FBgn0038349	53.737700000000004	70.98125999999999	60.44849	57.00611	57.25577	59.20375
FBgn0038350	0.0	0.130245	0.0	0.381433	0.248533	0.214416
FBgn0263041	1.81926	1.46564	1.9236	1.60012	2.79908	2.40876
FBgn0053207	25.3181	19.122107	20.9505	21.1791	21.752833	18.8561
FBgn0051446	0.0	0.0	0.0	0.0	0.0	0.576126
FBgn0038353	3.02895	1.2201	1.60133	1.77606	1.16507	1.50391
FBgn0038354	0.0	0.0	0.0	0.133395	0.0	0.0
FBgn0038360	23.1143	32.7011	26.8243	31.4868	27.6483	24.0728
FBgn0038361	1.00314	1.81834	1.06067	1.7646	1.73633	1.99228
FBgn0000246	5.031389555785999	8.433703963633	7.894101116220001	10.420873742503	6.555054101850001	7.4138658863473
FBgn0038363	30.5096	36.86896	28.67501	30.810049999999997	22.16682	25.810351
FBgn0262527	67.475555605	58.57942200104621	70.1959621	63.1648862605	73.55093508827609	68.43336401102053
FBgn0038365	6.53303	9.64915	10.3616	11.4922	5.0258	11.8937
FBgn0026616	3.024718	2.3791334440000003	4.5782	5.7721518405	4.12032	4.3882
FBgn0003227	7.56199	7.380839999999999	6.765574	8.825479999999999	6.20892	5.198707
FBgn0038366	1.218	1.89241	0.735915	1.07128	0.803139	1.03672
FBgn0263023	0.0	0.0	0.0	0.0	0.0	0.921251
FBgn0263022	0.0	0.0	1.85697	0.514897	0.0	0.0
FBgn0038369	126.4118	103.877	137.67087	116.7438	151.7054	120.50829999999999
FBgn0017567	112.226	118.95	133.246	109.185	117.926	127.008
FBgn0003483	12.2369	16.885	16.1504	16.2587	15.3223	16.9776
FBgn0038371	6.30708	6.81942	6.6688	8.467	3.83051	4.28527
FBgn0265048	229.723	214.043	226.71	232.291	236.267	215.466
FBgn0038373	5.68009	4.1781	6.26696	6.73357	5.12958	7.1119
FBgn0038376	67.6451	70.4523	70.9347	85.1356	70.1719	86.9791
FBgn0051183	0.805294	0.743109	0.170296	0.141658	0.464629	0.239903
FBgn0038377	0.0	0.433338	0.0	0.0	0.0	0.0
FBgn0038380	0.0	0.0	0.0	0.267312	0.0	0.0
FBgn0027657	54.73274	50.998360000000005	52.863510000000005	35.508941	52.40477	38.45097
FBgn0051292	0.0	2.42317	0.0	0.0	0.0	0.967969
FBgn0038381	16.3981	16.1436	18.1912	24.3533	22.955	19.8971
FBgn0266566	0.126494	0.0	0.0	0.0	0.0	0.0
FBgn0038385	0.0	0.0	0.276123	0.114844	0.150673	0.129662
FBgn0038387	38.0489	42.8729	39.1437	43.8671	33.2261	36.6417
FBgn0013334	22.558146584	25.44631	23.0069904134	27.8541300229563	17.8197	25.530386999999997
FBgn0051088	0.0	0.54748	0.0	0.0	1.04558	0.449889
FBgn0286741	0.0	0.54748	0.0	0.0	1.04558	0.449889
FBgn0038388	26.5582	29.1763	24.677535548	24.538800012207098	18.8832	28.2377
FBgn0038389	43.67586	36.9456	50.7988	44.17700000000001	47.0393	37.5884
FBgn0052856	25.6296	28.3907	24.8412	35.692	23.41348	18.0277
FBgn0038390	5.92269	7.72224	9.88793	9.45891	8.45308	7.73866
FBgn0002783	113.8791	107.23989999999999	123.11959999999999	109.9957	131.3413	120.25330000000001
FBgn0022787	65.3282	71.8046	74.6203	85.2539	78.6021	91.656
FBgn0003507	191.76883999999998	153.237639235	184.86957	152.66835	197.00921	184.7201
FBgn0038391	5.5161999999999995	7.07977	5.18694	3.55274	7.69904	6.69049
FBgn0003117	188.130069	173.415073	168.43034	143.28163	167.16771	169.61968000000002
FBgn0038394	0.0	1.10787	0.0	1.20952	0.0	0.0
FBgn0038395	7.722828	13.68773	13.06517	7.10716	10.099860136899	10.736540014952201
FBgn0024222	30.7372	34.271	36.0912	32.7105	28.8061	32.5465
FBgn0038396	28.1241	25.4897	33.9852	32.2456	35.9306	23.4395
FBgn0027948	85.2520847	95.19242	84.34681	92.390156736	93.36142000000001	102.153221236
FBgn0038397	0.600333	0.90683	1.03149	1.12204	0.606153	1.11777
FBgn0026059	15.290613953930002	13.76347	20.0476270444575	14.53589958654	16.17396483506065	17.421139
FBgn0052855	0.0	0.258951	0.0	0.188474	0.0	0.638375
FBgn0038398	0.280864	0.328948	0.0	0.0	0.0	0.55781
FBgn0010379	57.419714061283905	62.543104913	53.575572	51.46887	62.17256999999999	63.253510000000006
FBgn0003319	0.122944	0.0	0.0	0.0	0.167558	0.0
FBgn0038400	141.617444	136.90859	184.850553	155.05389	167.361919	165.36117000000002
FBgn0038401	15.57256	12.786909999999999	19.42104	12.818750000000001	15.896329999999999	15.26573
FBgn0038402	0.0	0.0	0.38257771580899996	0.3240537	0.3954950117758	0.0
FBgn0063649	24.337407	23.183816451234	22.828121	19.625159	21.38516677	28.66364
FBgn0038404	0.19368	0.0	0.204787	0.511049	0.0	0.576987
FBgn0038405	0.32583	0.78749	0.689033	1.14633	0.375987	0.970673
FBgn0024491	119.9229	99.9443	92.69550000000001	108.3869	73.4863	119.0864
FBgn0086370	61.345967	67.81121300000001	56.6756	52.5517	61.0821	60.2822
FBgn0038407	46.5975	44.6093	45.4306	33.5327	47.7184	39.0612
FBgn0051287	10.2958	7.5088	10.1625	13.8326	9.89983	14.4049
FBgn0010438	215.579	175.405	224.837	204.041	225.4	193.257
FBgn0040071	16.586	18.0995	16.0492	12.1125	17.5153	12.8768
FBgn0287225	106.30200123370001	103.59880000000001	138.4940158354	128.2287	124.29260000000001	141.97220000000002
FBgn0020407	14.0398	11.6515	10.1947	10.712	16.0058	9.40655
FBgn0020399	0.0	1.29523	0.0	0.314239	0.0	1.41913
FBgn0261286	20.3109	20.7583	27.3016	25.276	29.5461	30.7902
FBgn0250823	86.8471776	84.15084	92.12615915	105.32401176203776	94.90455488063856	108.653954
FBgn0038412	0.643569	0.259237	0.453652	0.188682	0.0	0.426053
FBgn0040271	11.77307	16.56474	10.5628	13.61631	13.212299999999999	11.6217
FBgn0038414	0.843811	0.339897	0.297401	0.247389	0.973704	0.558617
FBgn0038415	0.792758	0.0	0.0	0.464843	0.914792	0.262409
FBgn0038416	1.33671	0.969198	1.97872	0.705416	1.54248	1.06191
FBgn0283477	157.702	124.42349999999999	181.9045	145.0102	148.1386	153.3659
FBgn0038418	7.45343	6.86975	9.21663	9.77786	10.4959	8.27959
FBgn0038419	0.461657	1.11577	0.265167	0.0	0.0	0.916875
FBgn0027095	163.764	178.326	178.23	184.136	188.281	222.786
FBgn0038420	0.0	0.0	0.535865	0.445752	0.584815	0.0
FBgn0038421	71.80538	75.94179	85.42318	86.89453999999999	76.48501	102.22532
FBgn0038422	0.16249733	0.0	0.0	0.0	0.0	0.0
FBgn0003513	0.0	0.0	0.0	0.0900184537	0.118100818	0.0
FBgn0051279	0.0	0.0	0.327497	0.0	0.0	0.8693790419886
FBgn0038424	35.183	30.173	44.4009	30.1963	44.8553	36.3464
FBgn0038425	16.367	15.3832	12.9792	17.1946	15.2141	19.4131
FBgn0038426	43.9302	69.1737	45.042	55.0305	49.1565	44.9457
FBgn0038427	26.6661416	26.362946979	26.462699999999998	30.17322	25.5029000132822	27.03492000686869
FBgn0038428	59.1637	56.4438	58.1667	50.6676	69.4688	65.9661
FBgn0038429	12.1474	14.32128	13.78382	12.247639999999999	14.01728	13.53369
FBgn0044826	53.61598	51.98744000000001	56.82582	56.589	52.73632	48.424899999999994
FBgn0038431	2.66244	2.57391	1.12605	0.93669	0.0	0.528773
FBgn0038432	19.4476	23.7878	20.0614	24.6145	18.6099	18.1344
FBgn0250754	34.7236	37.1331	40.2867	36.5149	43.6314	43.9674
FBgn0027053	62.03754	65.6301	84.6964	68.5841	73.8887	65.8949
FBgn0038435	2.34835	3.5923	2.96172	1.6314	2.19153	2.97393
FBgn0038436	6.17608	6.02055	6.36747	7.41962	7.43748	12.0973
FBgn0004087	47.117	60.496500000000005	50.8571	57.8453	36.2467	32.5144
FBgn0038437	25.8187	27.7336	19.7163	26.4935	31.4484	25.6387
FBgn0038438	56.4633	52.0616	59.0113	53.6807	54.2331	57.69
FBgn0038439	0.0	0.0	0.0	0.0508843	0.0	0.0
FBgn0028381	0.426223	0.0	0.450667	0.0	0.0	0.0
FBgn0259244	0.11634487600000001	0.0	0.123015321	0.102330644	0.0	0.115533454
FBgn0038446	62.3864	27.0631	59.1987	60.4993	40.6097	46.0664
FBgn0038448	0.0	0.0	0.2792177294	0.0	0.0	0.0
FBgn0022344	43.6582	41.3166	45.6058	48.5773	49.7718	43.3537
FBgn0285925	8.656154866180001	12.75006027317913	11.321959999999999	11.597237602389178	7.7016195484801	19.584096
FBgn0015520	6.88863	4.95504	4.68237	9.37678	7.75978	7.49207
FBgn0038453	80.6019	77.7299	69.6909	76.4804	85.6786	79.2512
FBgn0038454	10.1278	13.9872	10.9636	11.4529	6.67821	4.78914
FBgn0015019	275.5355	216.3226	305.72927384	249.4088	319.2718	248.21262065
FBgn0015351	15.5009	15.3697	21.433	24.4708	21.5562	28.4175
FBgn0038455	75.2491	86.2572	102.297	118.376	105.688	104.614
FBgn0051217	2.78982	0.89902	1.17993	0.981507	0.858474	0.923455
FBgn0000014	0.105372	0.0	0.132143	0.0	0.0	0.0
FBgn0288835	0.0	0.0	0.0	0.219866	0.0	0.0
FBgn0000015	0.1350176	0.0	0.21485179999999998	0.118754	0.0	0.0
FBgn0015011	0.219613	0.297114	0.0	0.0	0.0	0.0
FBgn0038460	0.702921	3.68133	0.743234	1.07176	0.811126	0.698019
FBgn0043069	0.0	1.18306	0.34499	0.390751	0.347985	0.898381
FBgn0038461	118.5222	80.0512	133.9078	119.68936	131.3693	88.0645
FBgn0051274	0.971789	0.0001604	0.000104674	0.434998	0.0	0.0
FBgn0038462	59.8083	87.8776	84.67699999999999	97.1048	51.2233	85.95322999999999
FBgn0038463	23.585	24.8064	22.8595	25.93	22.6796	23.8542
FBgn0266917	45.3144	45.0025	49.1328	47.3924	43.163	48.1074
FBgn0038465	227.9303	283.06759999999997	212.796	281.4072	235.376	237.2041
FBgn0038466	0.53961233	0.43472172000000003	0.38036147	0.47461165	0.622662	0.5358497000000001
FBgn0004577	0.0	0.0	0.0	0.168254	0.220745	0.0
FBgn0038467	19.962	16.2281	24.5607	17.2382	22.8255	18.201
FBgn0038468	0.0	0.0	0.0	0.20898	0.0	0.0
FBgn0038469	0.411993	0.0	0.0	0.0	0.713121	0.613679
FBgn0038470	14.18249	17.79568416643812	13.808024481	18.83342	17.1674500914495	19.7279
FBgn0038471	23.2454	22.3685	30.0405	29.1536	34.2748	23.0833
FBgn0038472	19.3175	23.344	18.3411	23.9255	27.2953	32.1018
FBgn0266053	33.00522	36.78418	38.84415	40.518209999999996	41.45043	40.76616
FBgn0020493	14.304652	16.00178147396	13.9458846	12.57088043	13.251816499999999	15.8040891
FBgn0038473	49.0478	49.0234	62.2813	54.0253	61.3586	60.996
FBgn0038474	33.7376	38.9971	39.5499	45.8006	39.7773	43.6986
FBgn0038475	17.831	19.3085426	17.66376	17.995347499999998	18.920254	23.0405
FBgn0038476	92.56721999999999	78.829067282	101.0729338	78.912326830054	105.4889923888	91.15145
FBgn0266465	40.9713	30.9445	42.599	34.8348	31.7159	33.3961
FBgn0038478	12.9123	14.7117	16.1756	15.0173	14.9198	15.2841
FBgn0014141	446.24573661	367.44465937	378.0843096	318.7988034	385.92886	313.32492649799997
FBgn0085307	0.0	0.0	0.0	0.0	3.09347	0.0
FBgn0261847	0.0	0.0	0.0	0.0	0.0	1.23719
FBgn0038481	0.0	0.577783	0.0	0.0	0.0	0.0
FBgn0038484	1.31619	1.59053	0.463892	0.385882	1.01253	1.74268
FBgn0038487	0.0	0.0	0.0	0.0	0.483876	0.0
FBgn0038488	13.07607	13.672041	13.841270000000002	12.822113	13.545727000000001	11.65683
FBgn0264291	57.6193	53.0014	62.7424	49.9222	66.489	53.8015
FBgn0038490	8.92459	11.9831	12.0576	12.6465	6.86561	8.36999
FBgn0038491	32.9154	23.6763	36.4604	16.5431	38.4345	23.347
FBgn0038492	0.0	0.0	0.0	0.0	0.0628828	0.10822889999999999
FBgn0051262	0.4345609283	1.31285018	0.459482961	1.146643588	1.37032	0.8630606591000001
FBgn0038494	0.207758	0.0	0.0	0.0	0.0	0.0
FBgn0038499	27.6981	33.6991	38.65029	32.8136	34.1361	31.434199999999997
FBgn0262871	15.25516	14.49462	15.5144	14.8515	16.2597	11.21702
FBgn0028992	51.1556	61.4116	54.8011	59.794	50.4865	54.4751
FBgn0025456	6.85236	3.66983	3.293342	13.18725	1.92237	1.517707862
FBgn0038504	83.09660000000001	73.04669999999999	72.97171	75.30408	78.121846	76.31168
FBgn0000564	0.0	0.0	0.0	0.0	0.895313629	0.0
FBgn0261046	0.0	0.0	0.0	0.0458484184874	0.0	0.0
FBgn0038515	26.647750000000002	30.1341	32.57044	28.81352	24.54343	29.3752
FBgn0038516	16.27037	16.75758	19.538823	15.270750327108999	12.041205000000001	12.553144
FBgn0010926	14.44984	14.86836	20.119310000000002	19.00096	21.95718	20.88429
FBgn0025571	66.63868	65.28733557700001	84.46851428	70.85585	75.770033	73.47663
FBgn0038519	59.8755	45.9401	68.3339	50.9912	67.9958	53.3233
FBgn0264005	0.0	0.0	0.0	0.1371956	0.140833	0.242389
FBgn0038524	22.372079999999997	19.702982	21.6078	21.22480131123	25.3377	25.69040287335
FBgn0038527	0.0	0.0	1.55098	1.29016	0.0	4.36986
FBgn0038528	13.1565	10.1174	10.1171	15.7796	15.1818	11.8771
FBgn0038530	2.1476	1.73016	3.78461	0.629635	2.47819	0.710874
FBgn0262794	123.6566	159.6871	91.5245	62.5014	115.8261	124.71249999999999
FBgn0038532	6.6137	8.75561	6.162383	7.47808	5.81264	8.329604
FBgn0038533	102.465	100.479	98.6795	77.1542	116.096	88.7227
FBgn0000063	18.99453	17.9158	24.2654	17.6841	21.0918	22.30878
FBgn0038535	132.5813896656	129.92563280912	130.559459073	133.53073600000002	149.11806998	134.76735796100002
FBgn0038536	59.2022	37.1576	73.273	60.5475	66.1973	57.8779
FBgn0051251	14.8985	10.9115	13.3661	13.1039	9.89838	10.3114
FBgn0051360	23.3229	34.4475	35.6207	22.7928	32.8939	30.0226
FBgn0051249	27.0549	17.7895	28.1858	30.4448	20.6601	18.5693
FBgn0261885	94.16728000281978	81.85804775	101.1274051409	82.6712025227	97.5925862	85.90749104199999
FBgn0261987	0.0	0.186626	0.163293	0.0	0.178209	0.153359
FBgn0016650	0.0	0.0	0.0	0.0	0.151897	0.0
FBgn0038541	0.183877	0.0	0.0	0.0	0.0	0.0
FBgn0038542	0.0	0.0	0.0	0.0	0.109403	0.0
FBgn0262562	0.0	0.0	0.088722841558	0.1229111642568	0.0	0.0
FBgn0038545	13.2451	12.94254	9.9921	10.63660317077	18.901699999999998	15.014769999999999
FBgn0038546	41.1236	34.0175	44.7761	38.9688	46.0416	40.1075
FBgn0038547	1.49506	1.15188	2.4841159999999998	1.84444	1.979956792	1.48463
FBgn0038548	9.34677	14.9492	9.30146	10.8806	7.93057	8.7356
FBgn0038549	6.19056	9.35112	9.81838	9.75537	6.54822	7.17195
FBgn0038550	0.38072	2.30038	1.20766	0.0	0.0	0.378065
FBgn0038551	24.4627	25.6634	27.2869	27.427	30.3998	27.2285
FBgn0038552	85.1002	78.2897	97.5274	87.4045	87.7466	87.7778
FBgn0261649	0.057036922704319995	0.0	0.1206143113243	0.0	0.394897085538	0.22655680512620002
FBgn0053547	0.0778365	0.0	0.0691235	0.050762532000000006	0.0	0.0
FBgn0263995	9.41377276721248	8.42954016777	8.37791557736156	7.29777802	9.40998125	8.765757624
FBgn0000477	0.0	0.0	0.0	0.332256	0.0	0.375126
FBgn0038564	4.77106	6.06897	8.23079	5.30065	3.18739	4.48842
FBgn0038565	0.0	0.0	0.0	0.253253	0.0	0.0
FBgn0010389	0.0	0.0	0.124813	0.0	0.0	0.0
FBgn0003499	0.206231	0.339428	0.4368	0.394463	0.517427	0.535758
FBgn0038569	24.27005	26.94439	22.949669999999998	27.59429	28.233759999999997	27.2359
FBgn0022943	75.6105	62.0851	88.1464	64.7974	52.5735	61.6067
FBgn0038570	128.92919999999998	88.6208	160.14569999999998	110.7466	148.9758	116.3955
FBgn0038571	15.2012	18.6977	20.82649	23.2502	15.6618	27.3315
FBgn0042693	53.866015340000004	51.922896233	56.52025966037	51.4515	56.38862700642497	59.377325
FBgn0261532	36.9114	33.6229	47.2377	40.404560000000004	39.65597	39.055460000000004
FBgn0038575	0.284982	1.03315	0.301326	0.751961	0.657702	0.282994
FBgn0038576	18.185499999999998	19.47872	17.69897	20.72075	17.64638	15.3909
FBgn0038577	35.3378	30.6931	34.4453	26.7103	34.406	27.9634
FBgn0038578	13.368	13.1254	16.7849	16.3505	18.0771	17.6305
FBgn0038579	0.0	0.0	0.0	0.754728	0.0	0.852107
FBgn0011481	20.238000030222498	21.180278100000002	25.973242	20.2723229	19.6895672	21.9966240105
FBgn0028499	6.00771083	4.709140250000001	8.41245	4.71278083	5.43357156	3.70848
FBgn0038581	3.31527	2.67086	1.46058	1.94395	0.956403	2.19477
FBgn0038583	4.65164	6.84322	7.4845500000000005	6.58168	5.13432	4.01669
FBgn0038582	14.166	8.21699	2.99569	8.97092	3.26934	8.44033
FBgn0038584	15.4127	16.1301	17.5391	18.7942	10.8545	14.5878
FBgn0038585	49.1329	47.8145	73.5586	62.336	78.7727	63.4705
FBgn0038586	22.3453	14.064	21.1657	24.1576	23.0991	16.6421
FBgn0262559	105.391	85.1814	113.606	101.123	117.666	101.598
FBgn0011701	0.0	0.0	0.0	0.0	0.160369	0.0
FBgn0038588	8.19194	6.98784	10.1903	8.05282	8.71156	10.0489
FBgn0020238	1000.5539	897.3347	922.2077	849.0768	1021.184	924.0169000000001
FBgn0038590	7.14354113	5.03548	8.71116	10.86939	10.80329	7.06559
FBgn0038589	2.51509	3.71741	0.0	1.26779	0.0	0.474141
FBgn0263738	14.665600432390999	12.1871	14.858509999999999	14.36419	14.0717	15.413020000000001
FBgn0263757	7.4995	12.7311	9.85882	8.73078	14.1885	14.3477
FBgn0261019	9.25513	10.0658	9.67718	12.3913	10.3238	10.6202
FBgn0266195	9.25513	10.0658	9.67718	12.3913	10.3238	10.6202
FBgn0038592	0.0	0.0	0.249398	0.207459	0.0	0.234226
FBgn0038593	16.602	17.6411	19.0674	16.6162	15.194	18.1917
FBgn0026250	239.2636	230.30059	262.4149	272.4211	262.07815999999997	278.74654999999996
FBgn0038595	2.0405	2.87679	2.8767	2.39294	3.92435	3.71483
FBgn0038597	19.2775	17.3848	26.6197	22.2698	24.0711	26.7146
FBgn0038598	1.68915	2.04123	1.56277	2.22852	1.21823	3.14507
FBgn0010877	47.95286	50.0565	50.0590526259442	42.36327	47.799	48.62931
FBgn0024432	191.523	226.875	234.481	229.405	242.815	207.704
FBgn0038601	29.7535	27.4497	38.2255	30.109	35.072	38.4416
FBgn0038603	0.290519	0.41301536711075	0.12045872045869999	0.30060765559	0.26292419185759996	0.314336
FBgn0038606	0.0	0.0	0.0	0.0	0.107309	0.0
FBgn0038607	0.422058	0.255015	0.0	0.0	0.243514	0.419114
FBgn0038608	34.11365138	39.5044	44.71201000000001	38.426740416	51.796394633	47.949690000000004
FBgn0038609	42.2517	49.2018	52.7975	45.6081	57.6204	41.5756
FBgn0004618	0.138629	0.1675242	0.1465794	0.12193	0.0	0.0
FBgn0038610	0.0	0.0	0.0	0.0	0.437613	0.0
FBgn0038612	1.18151	0.713888	2.49853	3.63715	2.72677	1.17327
FBgn0038613	0.46111	0.371481	0.0	0.270377	0.177364	0.152631
FBgn0028670	111.3363	116.44399999999999	100.5855	102.6441	108.663	107.14624
FBgn0264751	61.722699999999996	40.65732	68.3368	52.99273	47.25403	62.3613
FBgn0038617	9.48087	8.59277	10.0246	6.94902	7.06562	6.08035
FBgn0264816	8.16006	6.72335	7.84367	6.96446	6.80362	4.05157
FBgn0038619	15.88867	11.045	19.702080000000002	20.3338	13.43995	10.4185
FBgn0051122	32.58574	29.801119999999997	34.3907	31.1866	38.1837	32.914500000000004
FBgn0038621	0.574598	1.38873	2.12643	2.02153	1.98915	2.28236
FBgn0004652	48.68833	37.42477	45.4462	36.85367	44.73372	40.09551
FBgn0262823	31.0822	37.1084	32.0729	34.913799999999995	37.5954	18.20776
FBgn0262846	31.08220842375	37.1084	32.0729	34.913799999999995	37.5954	45.05406
FBgn0023083	25.96931	35.77560164692905	29.89922132264845	36.46413042277132	29.4364000299419	37.01468439179
FBgn0038627	0.0	2.2437613901	0.0	0.0	2.30262	0.0
FBgn0263974	0.395371	0.557411	0.278697	0.927321	0.532272	0.392613
FBgn0038629	0.32766102286099996	0.311807	0.230968126829	0.794305	0.148873	0.8676690433082
FBgn0038630	0.0	0.441483	0.772572011184	0.0	0.0	0.0
FBgn0051224	23.9236	25.304672	28.14183	28.454069999999998	27.04985	29.42909
FBgn0027841	19.3267	22.225	23.731	20.5629	23.0212	17.3346
FBgn0261065	31.6283	29.7273	32.2036	29.879	33.343	39.5504
FBgn0044871	41.3884	49.3394	46.7189	37.3867	40.0148	41.0997
FBgn0051231	0.571081	0.460076	0.80511	1.17201	0.219663	0.75613
FBgn0051229	28.9183	24.3809	41.9541	28.9839	31.8178	26.0453
FBgn0038638	29.3087	28.1525	31.188139999999997	27.26542	28.6172	32.462469999999996
FBgn0051230	1.79132	4.32938	0.0	7.87769	2.06706	5.33647
FBgn0286828	8.39874	10.1493	13.1276	10.7594	11.1664	11.2411
FBgn0038640	6.72947	7.27612	9.36238	8.411	8.58279	8.61695
FBgn0038641	0.0	0.0757642	0.0	0.0	0.0	0.0
FBgn0284234	0.0	0.0757642	0.0	0.0	0.0	0.0
FBgn0038642	0.1335945	0.0	0.0	0.0	0.0	0.0
FBgn0000303	0.101972	0.0	0.10782	0.0	0.170877	0.0
FBgn0038645	0.0	0.622995	0.0	0.453437	0.0	0.511942
FBgn0038646	0.0	0.0	0.0	0.547903	0.718835	0.618597
FBgn0038647	0.0	0.0	5.01218	4.16931	0.0	0.0
FBgn0024329	53.409800000000004	53.3861	57.8395	58.0482	60.787600000000005	71.5366
FBgn0038649	14.2213	12.5482	17.185	17.2733	16.9314	15.2429
FBgn0260399	19.6392	18.17124	17.51367	18.47021	20.39611	19.96648
FBgn0038651	17.79187	23.017695435	24.80095	23.445136	20.4658402	24.13134
FBgn0038652	10.168239999999999	9.768651	8.217849999999999	9.1845	7.91524	8.61228
FBgn0038653	0.16336050414	0.293434	0.215911169	0.32328506462	0.0	0.16222056272
FBgn0038654	0.0	0.0	0.0	0.0	0.0	0.778235
FBgn0003248	0.333375	0.0	0.0	0.0	0.0	0.0
FBgn0038658	0.0	1.04619	0.0	0.0	0.0	0.859698
FBgn0038659	22.556811	24.451	25.038176	29.14339	25.176619	22.88955
FBgn0038660	121.197	112.164	97.1564	110.076	101.736	107.185
FBgn0261113	415.2044	491.71568	515.94445	549.0519	480.6336	583.69136
FBgn0038662	23.98358	30.62322	42.5841	33.831	28.71996	36.847899999999996
FBgn0261262	0.3288601826	0.0	0.4346464612	0.2892471928	0.1897406254	0.244925154
FBgn0263983	0.0	0.532583	0.0	0.0	0.0	0.0
FBgn0038666	23.1685000391954	20.197200292168	18.781200398383998	14.72158	16.075225	16.6161000186458
FBgn0022338	100.9898	87.6286	116.1834	87.3082	114.4072	116.1196
FBgn0261792	55.7584	41.3908	68.2207	54.6466	56.0691	52.2055
FBgn0026239	0.4078864	1.391404	1.095698	0.732343	0.44633900000000004	0.4609282
FBgn0038672	9.07236	13.4934	9.9616	10.4348	12.0795	9.70208
FBgn0038673	19.3322	18.3557	23.361	24.2907	26.2917	26.0536
FBgn0038674	0.0	0.0	2.60132	0.865549	0.567788	0.977226
FBgn0260779	15.1551	17.3501	21.0846	13.3296	23.3174	15.0494
FBgn0027785	146.309	154.836	177.585	114.979	132.868	122.937
FBgn0015781	23.2668	20.3602	16.118	16.9358	18.5161	11.9506
FBgn0027784	14.0712	8.92715	14.8781	14.8514	11.772	9.08245
FBgn0038675	24.709	25.4897	24.2144	26.5032	29.2081	19.1506
FBgn0038676	0.0	0.0	0.0781088	0.0649737	0.0852438	0.073357
FBgn0004876	13.514278	13.59309	13.1589	14.771306	12.473479999999999	15.55839
FBgn0038678	33.2753	47.5221	43.1799	30.5973	34.9068	49.5648
FBgn0016120	232.8083	199.4502	268.2227	210.0076	268.6575	193.71120000000002
FBgn0038679	1.10588	1.7076	0.389766	1.29689	0.779845	1.28119
FBgn0038680	27.577	30.717	19.0164	24.466	18.8165	28.8134
FBgn0038681	7.5252	7.52584	6.31054	7.53166	5.98869	8.76111
FBgn0261285	13.45778	8.48498	10.31129	13.895240000000001	14.62917	11.6208
FBgn0038682	26.1407	23.7946	26.563	21.2003	22.7215	21.9129
FBgn0038683	21.72411	22.71262000863105	25.94357	29.154700060689898	25.6315500421615	29.014
FBgn0002962	0.742887	0.224433	0.412804	0.49005	0.214311	0.0
FBgn0259704	30.818	35.8569	43.0405	35.7814	34.0279	40.6675
FBgn0259705	14.7039	18.2766	18.2031	22.31	23.6592	21.7129
FBgn0010768	9.91167	7.98509	11.2863	9.38833	10.411	8.70686
FBgn0038685	0.493294	0.0	0.0	0.0	0.0	0.0
FBgn0038686	17.1391749	20.7115672	17.424871	17.7804361	21.20338702	16.2917
FBgn0051475	0.0	0.0	0.182752	0.0	0.0	0.0
FBgn0025680	0.22906	0.0	0.0	0.0	0.0	0.0
FBgn0267975	134.8482	117.93936	118.4889	132.89497	109.83588	140.91888
FBgn0038690	2.52179	0.870691	2.66641	3.1686	2.07856	3.57743
FBgn0038691	0.0	0.0	0.954723	0.397087	0.0	0.448321
FBgn0038692	11.4983	14.7914	20.0014	13.0493	13.6963	17.3113
FBgn0038693	0.5103521999999999	0.5045842	0.5395759	0.44887879999999997	0.16060107	0.4146538
FBgn0000463	0.0	0.0	0.0	0.0	0.0	0.115328
FBgn0289122	16.8772	16.3905	18.5785	19.25	15.2067	19.2849
FBgn0051404	0.497079	0.0	0.0	0.0	0.0	0.0
FBgn0038700	0.0	0.0	0.0	0.0	0.335492	0.288709
FBgn0038701	0.0	0.0	0.300665	0.250104	0.0	0.0
FBgn0038702	0.0	0.0	0.0	0.246497	0.0	0.0
FBgn0051244	0.0	0.0	0.0	0.364102	0.0	0.0
FBgn0038704	23.35491	27.416870452873	21.900309274	26.310200000000002	22.175120120281	22.77304
FBgn0038705	1.25257	0.290679	1.27168	1.10169	1.686290160492	1.86576
FBgn0051221	0.0	0.327572	0.0	0.238418	0.0	0.092946
FBgn0260003	35.9273825821	38.00762596	38.0134503611562	36.1820542626	40.685974302874	41.678795051899
FBgn0038708	0.393039	0.0	0.0	0.0	0.0	0.0
FBgn0038709	0.0	0.0	0.0	0.281624	0.0	0.0
FBgn0038714	0.0	0.0	0.0	0.0	0.487028	0.0
FBgn0038715	0.0	0.313368	0.0	0.22808	0.0	0.0
FBgn0038717	0.956448	0.640406	1.12068	1.39833	0.917286	0.35347
FBgn0038718	0.612514	0.309649	0.0	0.0	0.295684	0.67599
FBgn0038719	0.0	0.0	0.0	0.0	0.0	0.212675
FBgn0038720	5.39625971	9.6887978	6.194941200000001	7.051897	8.5400286	5.8182291
FBgn0038721	28.9930996466	34.314468511	24.005000282555002	27.20008	27.15390876580266	33.058895
FBgn0083974	4.24826	7.70062	2.24595	1.86826	3.26814	5.62484
FBgn0283536	295.3932	288.9257	374.3116	332.3949	317.7247	340.05179999999996
FBgn0038722	24.9392	19.1257	33.4689	24.6769	26.2878	16.907
FBgn0038723	59.5463	49.6108	52.7937	43.5904	49.5073	43.3383
FBgn0051220	0.0	0.0	0.0	0.27978	0.0	0.315879
FBgn0051219	36.3904	43.4757	46.3478	39.6449	51.5359	35.3153
FBgn0038725	0.985025	0.892754732	0.2603782353	0.7580737941	0.28416303779999996	0.6113465459999999
FBgn0003011	0.0	0.0	0.629416	0.174524	0.0	0.197042
FBgn0038727	0.856831	0.517713	0.150995	0.251206	0.164788	0.567236
FBgn0051216	49.949	42.9931	40.6544	44.625099999999996	40.2398	51.8972
FBgn0085315	0.0	0.0	0.0	1.06508	0.0	0.0
FBgn0024963	0.267895	0.0	0.0	0.0	0.309134	0.0
FBgn0038730	0.0	1.12914e-07	0.0	0.0	0.0	0.0
FBgn0038731	0.0	0.311911	0.0	0.0	0.0	0.0
FBgn0038732	0.242795	0.0	0.25672	0.0	0.0	0.0
FBgn0038733	0.244475	0.295433	0.0	0.0	0.0	0.24277
FBgn0038734	0.0	0.0	0.0	0.209492	0.0	0.0
FBgn0014135	3.736564	4.78906	2.8733125	4.4126464286	3.24199	2.6387
FBgn0038735	14.38371196	16.40626	17.898636373	15.77588	16.658075	18.91698
FBgn0261984	42.5055	45.5631	41.1005	51.2138	36.1031	49.179
FBgn0038737	25.0309	18.9793	35.8076	24.6058	26.0523	20.4699
FBgn0038738	133.67604	149.00889999999998	145.0861169973	133.52949999999998	145.31550000000001	117.39940000000001
FBgn0038739	46.0221	44.67557	41.8751	32.8418	36.055369999999996	23.046590000000002
FBgn0038740	0.12918	0.23287	0.339669	0.395196	0.0	0.31649
FBgn0038741	10.6041	12.8144	9.93083	13.0574	12.5861	13.2379
FBgn0038742	90.881	81.6936	92.3842	85.2626	85.0006	94.6803
FBgn0014006	22.9878	25.13142	28.23121	27.68447	25.506497000000003	28.57125
FBgn0002940	0.0	0.0	0.0	0.0	0.322932	0.0
FBgn0038744	0.504007	0.761326	1.000117	0.558463	0.298399	0.704602
FBgn0038745	36.13512	33.66283	37.22189	38.26575	33.2582	33.6976
FBgn0038746	75.6176	79.0306	92.4877	92.7529	97.6345	103.503
FBgn0038747	80.58569381501	72.36820999999999	79.293642186402	66.77879	80.88918	65.77642
FBgn0260234	0.0	0.0	0.0	0.0	0.0	0.257336
FBgn0038749	0.0	0.0	0.0	0.0	0.0	0.257336
FBgn0038750	0.452521	0.546843	0.239237	0.0	0.26109	0.224682
FBgn0038751	0.853694	0.343878	0.300885	0.0	0.32837	0.28258
FBgn0038752	0.0	0.0	0.0	0.171374	0.0	0.0
FBgn0038755	3.321002	3.4399100000000002	3.17704	2.781865	2.737305	4.7112
FBgn0021776	0.144289	0.174365	0.152564	0.253817	0.166501	0.286566
FBgn0051213	0.6093780246900999	0.40910803176480004	0.35795912218500003	0.23821100828869002	0.2343940598301	0.6723640192747999
FBgn0038760	19.5342	15.9202	20.014	17.1812	17.1243	17.1424
FBgn0270925	0.0	0.0	0.1104721458	0.0	0.1205650162	0.10376105059999999
FBgn0038763	46.849199999999996	37.92084799	47.4331	41.98325	42.5857	43.23111
FBgn0243511	35.7008	29.8021	40.7283	38.2175	41.4674	40.8162
FBgn0038765	10.6447	11.0892	8.53842	10.0082	11.8598	12.393
FBgn0038766	3.04576	3.22053	3.62299	5.69261	4.39327	4.53678
FBgn0038767	19.641	22.6721	23.2471	18.0486	20.2965	19.7951
FBgn0038768	50.6656	46.0528	48.2695	55.4873	56.7879	51.6852
FBgn0038769	14.7849	10.6175	15.6248	12.3252	10.7251	11.796
FBgn0040571	0.2091662	0.0	0.0	0.1839708	0.1206801	0.207708
FBgn0260466	0.0	0.0	0.0	0.0	0.0	0.233094
FBgn0038771	170.013	148.6076	197.9063	137.57670000000002	175.5925	170.5256
FBgn0038772	21.0289	17.7114	21.898	26.6227	25.7366	26.5773
FBgn0038773	0.0	0.236168	0.0	0.0	0.0	0.0
FBgn0083975	0.0643143	0.0	0.07951410664067	0.0	0.0	0.0
FBgn0262582	98.89947863489999	88.90073	94.40375	89.17732000000001	94.24797	94.44862
FBgn0038783	0.0	0.0	0.0	0.0	0.0	0.603132
FBgn0038784	0.617009	1.49123	0.652394	0.542685	2.84795	1.22541
FBgn0261550	260.581206	219.7321	269.45228	220.58539	243.137609	239.27462
FBgn0038787	123.89020000000001	112.46170000000001	152.9684	136.3975	154.56529999999998	138.79250000000002
FBgn0038788	48.91335	52.8455	61.6513	57.8367	66.53538	67.55078999999999
FBgn0038789	0.0	0.0	0.0	0.186013	0.0	0.0
FBgn0262146	0.0	0.0	0.0	2.35787	0.0	2.6621
FBgn0053192	0.0	6.26253	0.0	0.0	0.0	0.0
FBgn0016917	217.14534	192.133253285	217.5557900599708	201.94344005015495	225.52607563200002	197.685185
FBgn0067783	10.41943	16.78788	11.313170951	12.058489999999999	12.94793	10.59088025808
FBgn0067782	0.0	0.0	4.35467	0.0	0.0	0.026988
FBgn0043457	21.78443	14.9689	17.995150000000002	12.57395	19.24616	16.22435
FBgn0040575	8.09825	29.3586	8.56268	3.4361	9.34485	19.62413
FBgn0038803	12.924847	13.767769999999999	18.28982	13.235769999999999	14.278410000000001	12.9427505
FBgn0038804	2.5296	3.73617	2.67468	3.46094	2.59467	1.67464
FBgn0038805	76.9499	62.71	102.9848	77.4848	84.6165	74.7965
FBgn0038806	31.2488	22.8861	32.5403	27.901	29.5029	25.859
FBgn0023212	100.65	98.7941	104.791	110.233	101.903	78.8858
FBgn0038808	96.8122	83.312	110.119	101.922	103.252	87.3972
FBgn0054008	8.28657	4.55172	6.37222	5.30065	6.08502	3.74035
FBgn0038809	52.9391	62.1765	56.1324	60.2954	56.97	54.0465
FBgn0014029	206.68612	188.164	190.41096	179.55331999999999	202.13628	201.497
FBgn0038810	29.1038	23.8482	33.0914	31.0332	35.1941	28.307
FBgn0038811	27.9661	26.3231	23.102598	25.445600493845998	29.83250103488	29.643890000000003
FBgn0023097	23.133460246890998	21.444438599999998	32.0893491211	24.27610424228	29.8216172542	25.12585
FBgn0038814	0.24111	0.448454	0.24736	0.74226	0.693342	0.242726
FBgn0038815	5.74174	3.98965	6.37205	6.19417	2.4846	3.13102
FBgn0001169	20.78072	19.503370171357002	23.087890505535	20.968160046097402	21.78860000125254	22.940710057151698
FBgn0015279	36.172993	37.950375	38.445935	34.370509999999996	38.706900000000005	40.584320000000005
FBgn0038816	7.64462	5.570123	5.0728	6.59316	6.7062015277	5.86363
FBgn0051201	0.239578	0.0	0.379977	0.10536	0.0	0.237907
FBgn0038818	0.0	0.0	0.0	0.109161	0.0	0.0
FBgn0261857	0.0	0.0	2.64314	0.0	0.0	0.0
FBgn0004107	32.63395	32.44734	39.31006	37.786069999999995	37.65751	35.68794
FBgn0038821	0.0	0.0	0.0	0.0	0.852618	4.37076
FBgn0259222	0.126617	0.765046	0.133879	0.111365	0.146108	0.377203
FBgn0265606	0.0	0.0	0.0	0.494063	0.0	0.0
FBgn0038826	34.640283	32.65549000703653	35.17389	31.9030065	43.48516	37.52743000139478
FBgn0051195	18.7099	20.3858	17.2965	18.4345	16.281	21.2191
FBgn0046689	0.345832	0.417916	1.097	0.304174	0.399068	1.03026
FBgn0038827	9.03578	9.20635	9.46031	8.88233	9.5067	9.41259
FBgn0038828	0.0	1.12512	0.0	0.409451	0.385686	0.331904
FBgn0038829	23.05184	23.137310000000003	27.97022	27.833940000000002	26.06989	26.63102
FBgn0019936	2142.73	1755.4	2584.29	2285.52	2531.56	2358.33
FBgn0038830	16.506	16.9544	19.1978	29.0354	19.0468	17.2104
FBgn0027493	250.047	219.586	241.162	207.047	259.352	216.356
FBgn0051223	9.79955	14.9123	13.4316	14.3652	9.63279	11.8937
FBgn0053094	70.330009	68.670747	70.7787	62.04707793600001	69.231119672	74.573900240055
FBgn0038832	29.8775	27.358	32.4052	26.2785	40.8745	40.0686
FBgn0038833	0.806464	0.0	0.0	0.0	0.0	0.0
FBgn0038834	5058.4753	4703.29	5154.41	5110.1	5457.389999999999	4886.96
FBgn0259215	0.611428	0.184718	0.161623	0.94111	0.705549	1.82149
FBgn0038837	0.11406	0.0	0.241202	0.200641	0.263235	0.113264
FBgn0028396	4.09174	11.1254	2.1632	1.79943	7.08241	4.0632
FBgn0051191	0.0	0.0	0.0974646	0.0	0.0	0.0
FBgn0038842	124.85052999999999	114.86185	128.04570999999999	114.977983	114.54031	104.83460000000001
FBgn0002921	344.1347200829116	331.4820092	287.835482	282.89051	303.57533173486	293.7803873022718
FBgn0013995	0.229331	0.0	0.0	0.100853	0.264633	0.0
FBgn0038845	0.0	0.0	0.27865	0.0	0.0	0.0
FBgn0038846	1.12835	1.36354	0.596529	1.84806	1.30204	3.36143
FBgn0026056	12.24954	10.94992	12.951600000000001	12.973921283600001	10.45585	9.32136000350261
FBgn0046763	89.3934	92.3231	71.5415	81.5811	77.301	79.8706
FBgn0013812	0.0	0.0681613	0.02981853	0.024805519999999998	0.032542629999999996	0.11202494
FBgn0038849	1.58659	0.0	0.559195	0.465159	0.0	0.0
FBgn0038850	0.604534	0.0	1.27841	0.0	0.0	0.0
FBgn0011672	34.23091	36.33581	32.63834	35.294740000000004	27.54032000671801	33.4921
FBgn0025865	179.529985737	181.14052999999998	207.4757063	186.64651	205.321738077	190.7677
FBgn0000083	574.6888	564.6747399999999	580.779095512	590.593790122299	538.489012	481.03330035838303
FBgn0003257	44.2372	39.8958	67.6686	62.962	61.996	65.6599
FBgn0038851	1.99597	4.22101	1.58283	1.31666	2.30322	1.98205
FBgn0038852	0.727932	0.879659	1.53936	0.320123	0.839987	1.08428
FBgn0038853	35.4475	34.7245	30.5425	32.4379	33.6806	37.1475
FBgn0038854	24.1966	25.1307	26.4141	30.2549	30.638	33.7689
FBgn0038855	37.2609	33.4075	42.448	38.4813	38.0036	42.2528
FBgn0266674	12.708	10.2981	14.5434	14.9906	15.6994	12.3224
FBgn0028468	60.7448	61.9943	51.8146	53.6521	55.3696	46.1279
FBgn0015790	303.1764	267.305	316.869	265.72180000000003	308.532	292.1376
FBgn0010770	30.7201	33.4477	48.2404	40.3957	48.7863	38.6608
FBgn0038857	31.5437	32.8406	48.7463	42.6831	44.2393	43.3713
FBgn0283468	40.19484	39.17816	42.15026	44.8096	40.08348	43.69244
FBgn0038858	23.38141	25.607581	16.74734	27.28165	17.70604	30.474069999999998
FBgn0038860	7.06475	4.80439	7.8461156	8.742	6.4645	5.024699999999999
FBgn0038861	10.1928	11.1976	10.7773	9.77998	9.08868	7.36123
FBgn0038862	24.1896	22.041	21.0633	19.5692	20.002	20.5526
FBgn0250820	42.92749	31.840539999999997	48.8326	51.8176	44.069500000000005	45.567910000000005
FBgn0264357	67.08757608468	64.594988195	66.906770984	78.86947263792	62.182714933	74.885278878
FBgn0038865	2.81678	2.83658	3.7229	2.68393	3.79211	3.49642
FBgn0038866	1.64015	1.58561	0.693685	1.44258	1.5141	2.93168
FBgn0260004	5.41699	6.09463	7.2807200000000005	8.59614	9.74	9.089
FBgn0038868	40.1367	31.6322	42.4386	36.8368	37.757	28.5929
FBgn0264706	0.0	0.0	0.0	1.5263	0.0	1.72323
FBgn0038869	44.0119	43.0356	53.9959	43.7338	59.7037	55.0482
FBgn0038870	16.9278	14.4302	17.6707	19.0255	20.4626	15.1492
FBgn0038871	16.80111	22.14871	14.53468	20.15081	18.50611	23.50909
FBgn0038872	36.3465543	31.675164	42.2187768	33.27465765	35.186675	42.079620999999996
FBgn0000527	1.58498	1.43651	1.25691	2.09108	1.52413	5.90221
FBgn0038873	0.364991	0.0	0.385923	0.963075	0.421176	0.543668
FBgn0038874	1.1393997	2.32806	1.1841660999999999	1.8621508	0.534628	2.4052518000000003
FBgn0285937	244.854	229.747	232.777	253.49	218.547	256.615
FBgn0043012	38.0265	34.89	43.1857	25.3941	27.6283	30.0692
FBgn0038876	38.370999999999995	37.63283	42.923590000000004	42.553	39.1441	51.909
FBgn0038877	61.3255	70.7685	62.7928	75.23	60.387	66.8416
FBgn0038878	0.632058	1.16416	0.0	0.0	0.0	0.0
FBgn0038881	28.8031971	28.926869999999997	30.5535933	29.381349999999998	30.76522	28.60871000235321
FBgn0002781	231.0961902	189.978014273	259.3450486310493	225.1515800134441	276.99802	245.11134
FBgn0266178	0.0	0.00361061	0.00215731	0.52247	4.00702e-06	6.48187
FBgn0267648	0.0	0.0	0.0	0.0	0.0	0.541258
FBgn0267649	0.0	4.65827e-09	0.0	0.0	0.0	0.0
FBgn0266173	0.0	7.359774	2.345980293923	0.0	3.15979	0.0
FBgn0266174	5.03709	0.17056400443785	5.637010293923	3.28648	5.21086	4.84365
FBgn0266175	1.19229	2.553364	0.002637373923	6.62648e-08	2.57023	0.0
FBgn0266176	0.0	0.170564	2.93923e-07	0.905673	0.0	0.271384
FBgn0266177	1.53966	0.170564	2.858700293923	3.77532	0.0	2.70455
FBgn0261837	18.2995	19.9458	17.9579	16.2004	14.6297	18.647
FBgn0261838	18.2995	19.9458	17.9579	16.2004	14.6297	18.647
FBgn0266170	0.0	0.00614405	0.634124	0.0	7.37059e-05	5.88808
FBgn0266171	3.81255	7.0735	7.97798	6.0787	6.95557	2.09432
FBgn0266172	3.50108e-09	0.0	0.0874206	3.24231	0.0	0.0
FBgn0261839	0.0	0.0	2.04566	0.0	0.000494058	0.0
FBgn0261840	2.67289	3.26538	1.65754	2.01513	8.929454058	3.87228
FBgn0261841	5.14352	5.65149	3.60244	7.32189	3.313534058	6.2532
FBgn0261842	7.41425	6.79538	7.95418e-09	3.39621	5.190984058	4.00504
FBgn0261843	2.57794e-08	0.0	1.826841	2.696352	2.59272e-08	0.707925
FBgn0261844	8.7750900257794	7.92237	10.75211	7.916112	4.0049300259272	7.943495
FBgn0261845	0.8449460257793999	0.0	1.02359	0.850312	1.8198200259272	0.707925
FBgn0267650	0.5740695	2.38287729	0.588471	0.782841	0.0	1.652992
FBgn0267651	2.348259	0.00392729	0.993198	1.5236830000000001	2.44298	5.517391999999999
FBgn0267652	2.824689	6.62055729	4.447261	5.590171000000001	4.98934	2.110672
FBgn0004110	0.265335	0.0	0.841655	0.0	1.22472	1.58091
FBgn0038889	7.48215	9.25698	7.34617	8.38277	7.09215	10.3489
FBgn0004863	0.0	0.0	0.0	0.0	0.0	0.232954
FBgn0038890	39.144600000000004	55.4941900251449	43.209572	56.507960257696	43.767373	64.18992
FBgn0002941	0.157311	0.0	0.0	0.0	0.0	0.0
FBgn0283499	19.94105	21.60832	17.338059516770002	20.87137	20.29079	29.10915
FBgn0011766	129.64893	108.46625	112.79905	101.81462	108.45537	102.08309
FBgn0289108	17.0989	36.7342	28.9273	39.4362	43.4083	37.7326
FBgn0038894	1.14553	1.3843	1.21122	1.00754	0.440622	1.13754
FBgn0259113	22.6641	24.3096	30.0013	28.3558	33.0459	30.7059
FBgn0054034	0.887478	1.07246	0.938375	1.56115	1.02409	0.881288
FBgn0038897	0.1367270153	0.3304516999	0.28913616799999997	0.4810289634	0.3155483444	0.678867156
FBgn0051343	0.0	0.0	0.0	0.0	0.0	0.137613
FBgn0051233	0.0	0.0	0.0	0.0	0.163348	0.0
FBgn0051198	0.0	0.0	0.145748	0.0	0.0	0.0
FBgn0038901	0.881441	0.0	0.0	0.0	0.0	0.0
FBgn0027575	1.029715	0.8710316	2.8312522	1.992494	2.0199081	2.6585998
FBgn0038902	1.64246	0.0	1.15777	0.481538	0.0	2.71834
FBgn0038903	31.7079	22.7064	47.1853	34.0859	39.2992	34.9853
FBgn0003867	0.0	0.0	0.0	0.0	0.381423	0.0
FBgn0013759	65.536847	63.037498	62.228967999999995	63.291469	66.5236	66.586145
FBgn0041229	0.621448	0.37549	0.657088	0.819884	0.0	0.0
FBgn0045470	2.35823	0.474963	2.49348	1.38278	1.81417	1.56119
FBgn0045469	3.51602	3.30469	2.47844	2.40527	2.25403	0.775888
FBgn0045468	1.64188	4.46425	2.60407	2.88821	3.3156	0.815215
FBgn0015229	22.9659	20.8096	15.0992	16.993	17.5173	16.8916
FBgn0260940	38.2429	31.0204	34.8969	29.4893	20.5536	17.1673
FBgn0038909	6.958307	8.40867	10.1719	11.61739	14.9171	17.56622
FBgn0067317	6.54089	7.1172390000000005	14.01164	13.9715	6.46951	20.46991
FBgn0051174	2.2469022	0.0	3.16765435	1.3175004000000001	3.43719	2.97497646
FBgn0051431	122.4065	119.46759	160.69221819	148.7239	156.46390000000002	162.1257
FBgn0064912	1.18391	0.0	1.2518	1.38839	0.910767	1.17565
FBgn0038912	26.0494	34.9768	29.3796	26.221	27.3874	26.4426
FBgn0083984	6.6364313165399995	17.58386	4.7004264389	12.7655	5.66355	4.751310688786
FBgn0053092	0.41534000130000004	0.230752	0.627672	0.35121038990624004	0.0	0.2076985029
FBgn0051465	0.135571845	0.163827782	0.28667768	0.119240899	0.0	0.5385074400000001
FBgn0038914	0.0	0.0	0.0	0.0	0.0	1.16266
FBgn0038916	0.646837	0.809767	0.0	1.1404	0.0	1.31123
FBgn0038917	10.1354	7.44437	7.15068	8.001	7.29492	6.69174
FBgn0264426	2.08427	3.7780500239128	0.0	2.36331	1.2025500300248	0.0
FBgn0264490	3.94309	2.437896	2.617892	2.599458	4.1402220000000005	3.146674
FBgn0038921	0.695999	0.0	0.0	0.0	0.0	0.691145
FBgn0038922	43.684799999999996	38.9666	45.5524	41.008700000000005	45.5018	39.4641
FBgn0019960	40.686925	39.41569	48.703019999999995	40.66612	48.50277	41.0714
FBgn0038923	14.0839	17.8705	16.3808	12.3874	13.8141	14.6849
FBgn0038924	27.8899	26.8572	36.8617	29.1298	31.1774	32.4555
FBgn0038925	50.99192	55.93249	64.69961	63.4794	66.53613	52.973299999999995
FBgn0019957	78.73139	72.05304	85.45361	70.43894499999999	81.39533999999999	69.02283
FBgn0038926	1.6471	1.49281	2.17695	1.62978	0.475162	1.63561
FBgn0038927	18.01	14.8979	19.3829	15.2748	14.4734	14.3714
FBgn0266538	18.01	14.8979	19.3829	15.2748	14.4734	14.3714
FBgn0266581	46.284897	39.80455	53.18699	49.15059	57.179093	57.851350000000004
FBgn0038928	22.9842	19.0039	25.5814	28.3728	22.3346	25.6268
FBgn0264491	21.429157	23.12018148527	28.31747	21.5144219698	23.290042	22.269482
FBgn0259736	1.97588	3.59084	1.36601	2.94028	1.66671	1.35837
FBgn0051163	0.160295	0.0968532	0.0	0.0704932	0.0924852	0.0
FBgn0038938	0.0	0.0	0.0	0.0	0.198387	0.0
FBgn0038947	144.4174	159.89010000000002	153.51135	178.6629	165.5829	160.41716000000002
FBgn0038948	29.9012	26.0028	40.4804	38.5888	41.9208	29.6926
FBgn0083967	6.43177	6.11736	3.05407	7.29809	4.515703	4.90277
FBgn0260467	12.5367	20.15426	15.770069999999999	16.90364	16.459502999999998	17.93707
FBgn0038950	44.2637	34.5253	51.9079	46.3642	42.7193	33.166
FBgn0038951	14.641770000000001	13.12755	23.6683	17.0323	17.3858	19.22985
FBgn0267385	318.6776	267.634	285.34	267.2629	286.3302	234.6046
FBgn0038952	2.49376	4.70868	3.46078	5.34634	1.61868	7.42911
FBgn0038953	19.9629	22.6331	20.6334	28.4088	17.6005	30.8492
FBgn0083985	3.73316	3.38347	2.96044	4.51478	3.23087	5.3059
FBgn0263047	4.24826	7.70062	2.9946	5.60478	4.08518	6.32794
FBgn0263048	6.43581	8.834080904861	6.4928602342452	7.118320000000001	5.9612100020894205	7.069600040977201
FBgn0038956	0.0	0.0	0.0	0.0	0.0	0.421402
FBgn0038957	0.68617	0.0	0.0	0.329058	0.431716	0.0
FBgn0038958	0.314495	0.0	0.0	0.0	0.0	0.0
FBgn0038960	0.0	0.0	0.19224	0.159912	0.0	0.0
FBgn0038961	15.0665	17.36658	17.64616	15.698100716426	15.2460000286656	18.414
FBgn0261279	27.96257	27.863	29.70904	29.915039999999998	26.82755	29.1419
FBgn0038964	116.087	94.7371	158.877	127.961	175.42	148.463
FBgn0038965	20.800829999999998	31.9442515599	20.16094	25.9182	21.50251	19.7951
FBgn0038966	41.4409	47.074	33.3013	30.9817	29.170309999999997	30.4523
FBgn0038967	0.0	0.0	0.0	0.2372888	0.15565410000000002	0.0
FBgn0038968	9.17582	8.73401	14.0879	12.1058	12.909	10.2352
FBgn0085317	3.2803	1.98202	3.46843	2.88516	3.78526	1.62871
FBgn0085405	8.10275	8.38387	6.0085	6.02255	8.009970000000001	5.85164
FBgn0028688	96.365	87.7316	93.2858	80.4619	91.6641	78.2354
FBgn0263351	65.9565786	49.7548	57.4323100357508	61.185294899999995	58.7205334	54.969799
FBgn0038972	40.8879	37.2271	35.5339	53.6977	41.3651	42.8276
FBgn0038973	3.47844	3.1526	5.51689	3.05943	2.00695	1.72709
FBgn0038974	14.752	11.5875	17.5478	9.08251	10.2137	8.05702
FBgn0038975	0.1914542	0.2313602	0.067478	0.336784	0.147284	0.633729
FBgn0038976	89.116	88.2041	104.9956	85.8462	96.9579	103.66499999999999
FBgn0038977	0.0	1.53259	0.670487	2.23094	0.0	3.77818
FBgn0003676	216.20480000000003	172.3558	251.5841	212.861	248.18	199.4097
FBgn0038980	0.18878899999999998	0.536843	0.939448	0.5861	0.512632	0.8822949999999999
FBgn0038981	94.3572	75.5618	68.024	53.0111	66.4233	60.2992
FBgn0053099	1.85279	0.895592	1.95905	0.977765	1.7104	0.735947
FBgn0038984	45.6928187	45.96485	49.218205944	48.11643	46.97271	48.531549999999996
FBgn0038986	0.0	0.0	0.0	0.0	0.294519	0.0
FBgn0053110	0.0	0.0	0.0	0.189309	0.0	0.0
FBgn0028837	36.0065	21.054	36.8434	35.0745	33.5074	27.2971
FBgn0024558	57.324	37.9229	80.5205	55.9392	79.1848	59.0017
FBgn0053107	14.3305	9.74111	13.2583	16.937	14.4694	16.8988
FBgn0038989	40.6958	33.9161	41.546	42.2736	48.5797	39.7152
FBgn0014949	0.0	1.6897	1.47845	0.0	0.0	0.0
FBgn0051158	34.292472	31.848055000000002	34.217483	31.43068	32.612818000000004	36.893517
FBgn0051156	5.71259	8.31534	7.68753	9.93473	6.74178	7.73556
FBgn0038993	0.790072	0.477376	0.417691	0.694902	0.455846	1.17684
FBgn0051159	5.79477	5.3628979999999995	7.760214	10.058695	6.499588	7.10437
FBgn0051161	1.05989	1.28081	1.68102	0.699165	1.52881	1.84187
FBgn0263863	31.6354	29.8804	40.7548	41.2573	35.666	36.8311
FBgn0020278	51.81429	53.84715	50.7332253393	52.38523388984	46.33612498	54.676199999999994
FBgn0266418	6.828343	7.110058770999999	6.796312973	7.82767344	8.648859414	7.501564611
FBgn0046114	33.80132	40.846790000000006	47.92389	42.5675	46.0963	35.091280000000005
FBgn0039003	17.93746	21.68395	21.44830192673	19.797379999999997	18.508269368	15.146574040199999
FBgn0039004	19.0902	18.4289	20.997	23.7385	20.0032	22.5523
FBgn0263986	0.0	1.16464	0.0	0.847665	0.185352	0.79753
FBgn0039006	21.3759	30.3238	26.2868	31.4712	30.833	37.6083
FBgn0039008	0.0	0.42467259999999996	0.37156469999999997	0.0	0.40550939999999996	0.0
FBgn0039009	0.33728	0.203791	0.0	0.0	0.0	0.167464
FBgn0039010	0.0	0.0	0.151106	0.251391	0.0	0.0
FBgn0051151	44.78575	38.20771	61.4041713	57.70859	54.551129594	64.6630373674
FBgn0024958	27.5274	24.6862	28.9529	32.1121	23.9072	26.9038
FBgn0039013	14.5914	11.6377	16.6625	14.3738	11.4495	9.85296
FBgn0266409	26.858910033102397	23.897100000000002	31.207880000000003	28.036720000000003	26.56578	27.25772
FBgn0039015	0.0	0.0	0.0	0.0	0.615299	1.059
FBgn0039016	10.3634	9.86492	11.2639	11.7121	12.7604	11.556
FBgn0039017	8.98187	10.251	7.91415	8.77771	8.63709	6.44166
FBgn0263143	13.8762	13.6795	16.2164	18.9494	15.1695	16.6803
FBgn0039019	26.6717	26.8592	32.9016	28.672	25.6479	20.1095
FBgn0039020	6.04669	12.5263	11.8736	9.49699	6.97749	11.1512
FBgn0051139	0.35049514	0.0	1.4823392	0.0	0.0	2.0883091
FBgn0086253	39.5995	36.5938	46.4886	41.7441	41.9993	36.1427
FBgn0039025	11.3552	11.1042	8.68206	11.723	13.3939	15.7293
FBgn0039026	33.67862241404	34.538344443	32.101187579	34.353718164	32.645247131	32.9109466125337
FBgn0039022	2.06764	3.40719	1.98747	4.13312	1.73521	2.05321
FBgn0039023	1.12508	3.17237	3.76708	3.62837	2.81292	2.23447
FBgn0039024	2.31608	1.16618	2.04076	2.88588	3.56348	2.10827
FBgn0040588	0.0	0.0	2.40356	0.0	1.31156	3.64155
FBgn0262537	2.22123	1.34211	0.0	1.95367	0.0	1.10287
FBgn0262538	0.0	2.69448	0.785867	1.96114	0.857654	1.47612
FBgn0262539	0.0	1.6958	1.48378	3.7028	0.0	0.0
FBgn0262541	0.0	0.0	0.0	0.963075	1.26353	0.0
FBgn0039028	0.259663	0.0	0.0	0.0	0.0	0.0
FBgn0017590	0.100886	0.0	0.0	0.0	0.0	0.0
FBgn0051281	0.0	0.3643697	0.0	0.0	0.0	0.0
FBgn0263390	0.198021	0.774506	0.677673	1.045008	0.685511	0.318223
FBgn0085404	0.207758	0.0	0.2035191	0.365464	0.0	0.206309
FBgn0039039	0.0	0.0	0.0	0.0	0.325038	0.0
FBgn0039043	0.630009	0.0	0.0	0.0	0.0	0.312807
FBgn0039044	27.987524999999998	25.05267	25.93917	28.49548	25.00124	22.51902
FBgn0041225	3.82594	3.23638	3.23629	8.41269	4.41489	3.79926
FBgn0039045	123.018	109.4101	107.2849	95.2337	115.945	124.04103
FBgn0053193	11.25946291	9.38775051	11.3651	12.51849445	11.31919402	10.3392
FBgn0027526	22.4781	16.86	25.4063	25.5652	20.5717	19.2425
FBgn0039048	0.140839	0.170195	0.0	0.123874	0.0	0.279713
FBgn0039054	0.0	0.42328232000000005	0.18323636000000001	0.91229887	0.0	0.24730407
FBgn0039049	23.24016	22.225653	17.962619	14.452960000000001	17.6335	11.38096
FBgn0039050	1.17703	0.472573	0.551319	0.517626	0.339556	0.7835
FBgn0039051	8.723419999999999	7.16835	5.53422	5.21738	7.24771	3.28794
FBgn0039052	0.355967	0.430163	0.0	0.626175	0.0	0.0
FBgn0039053	0.0	0.0	0.0	0.0	0.0	0.353484
FBgn0039055	19.9463	22.0952	25.7351	24.4358	22.4687	23.8158
FBgn0039056	55.684	65.61	61.7911	75.0002	49.8673	61.4193
FBgn0051365	18.2432	22.214	22.5263	24.0826	26.468	27.4552
FBgn0051457	8.84217	9.4523	14.7431	10.4691	8.63356	10.4691
FBgn0004644	0.358098	0.649108	0.0	0.314962	0.206611	0.1778
FBgn0004395	20.5737747019	23.537761	19.4864271	19.463591406	22.62363000349842	21.0214840421711
FBgn0039058	2.63154	3.63434	1.98747	1.9839	1.30141	1.11994
FBgn0039059	3.81717	4.61281	2.01804	3.91693	3.67065	5.05407
FBgn0265042	34.599338	29.404357	36.260085000000004	28.024729	35.137021000000004	31.52399
FBgn0284226	15.789	13.2554	13.6125	13.8409	13.5845	13.371
FBgn0262975	14.408651752192	17.7491973	16.836139	17.453134	15.75736792	17.90888
FBgn0011596	0.532001	0.428593	0.562512	0.779862	0.818527	1.76097
FBgn0039064	0.24437	0.0737457	0.381718	0.3694408	0.211654	0.121171
FBgn0039065	15.942704706	13.086570790000001	14.63035131	18.52092357	20.479432879999997	19.118248994
FBgn0039066	26.7879	25.86200608639	26.01510203324	30.394435	28.371209999999998	32.383948331
FBgn0039067	11.608	10.8898	12.4352	11.2844	9.51743	8.19027
FBgn0039068	6.88863	8.60083	8.32422	9.95381	6.94941	8.30642
FBgn0004882	1.329263	1.596843	1.17173200056	0.9531609999999999	1.778963	2.1869921999999997
FBgn0025781	8.68818	9.52697	11.5681	9.05673	6.49808	7.66896
FBgn0039069	0.218995	0.873119	1.9098950000000001	0.963075	0.758118	0.35874
FBgn0039070	0.441722	0.0	0.233528	0.194257	0.764579	0.219321
FBgn0039071	0.730668	0.294322	0.772572	1.07109	2.24839	1.93486
FBgn0003118	114.65741	103.03828	122.48140000000001	111.9562	122.342191	128.7688
FBgn0264326	25.1934	26.3477	31.3355	28.7395	32.3093	29.0229
FBgn0016119	467.78909999999996	352.668	555.9283	463.28819999999996	524.2345	460.3911
FBgn0024509	147.8068	119.89840000000001	185.38469999999998	137.7732	156.0523	116.746
FBgn0002622	3627.22	2985.5299999999997	4129.53	3792.13	3800.03	3482.29
FBgn0039073	14.1729302	12.686614	14.707837	13.565300551646	18.47428	16.419791999999998
FBgn0039075	0.13563	0.0	0.095229	0.0792149	0.311784	0.0
FBgn0039078	0.0	0.0	0.0	0.0801058	0.0	0.0
FBgn0039080	0.262468	0.0	0.0	0.0	0.0	0.0
FBgn0039084	0.0	0.0	0.0	0.0	0.206611	0.0
FBgn0039085	0.0	0.0	0.0	0.0	0.0	0.246648
FBgn0039094	0.343692	0.0	0.363403	0.906874	0.0	0.0
FBgn0051145	0.65136341	0.133638	0.17217522999999998	0.5729029800000001	0.255222	0.439265
FBgn0039098	62.98	90.8378	83.0609	86.3664	67.9862	55.816
FBgn0039099	0.75773	3.66267	1.60237	4.66519	1.74874	1.50489
FBgn0040227	178.813	172.298	199.95	208.756	191.247	175.65
FBgn0039101	21.0427	24.9664	14.9678	15.1428	18.984	18.9963
FBgn0042106	0.853382	3.09377	1.35349	1.83813	1.50723	2.118575
FBgn0039102	0.727932	0.43983	0.769679	0.96037	0.419993	1.08428
FBgn0027512	12.6264456464	14.267506030387981	18.472310003778478	17.416286	15.5163000256508	17.515380001340652
FBgn0039104	0.0	0.0	0.0	0.539261	0.0	0.0
FBgn0043005	0.0	0.0	0.0	0.0	0.0	0.195149
FBgn0039106	0.0	0.0	0.0	0.0	0.0	0.481903
FBgn0039108	1.16731	1.1285	0.740556	0.616021	1.0776	0.463669
FBgn0039109	27.0313	35.64344	25.56980000970821	27.7973	29.74932	37.170500000000004
FBgn0028691	92.9839	97.4699	97.017	89.6225	84.9846	87.20349999999999
FBgn0263782	6.6594	7.39847	8.972	7.08535	5.82536	8.1062
FBgn0039110	49.077070000000006	39.767782100000005	59.12941	49.26967	52.05332	41.278869
FBgn0028684	70.5023	68.7502	66.7745	72.5442	77.2717	89.473
FBgn0028475	38.83024	38.77043	43.969	43.47828	45.284330000000004	45.12273
FBgn0039111	30.4549	24.7583	26.9322	20.9421	19.8079	24.7439
FBgn0039112	55.9303	52.0429	73.9224	49.685	50.9866	43.3213
FBgn0039113	21.72898	24.10751	22.76421	25.8851	18.91761	27.85192
FBgn0039114	12.61039	10.64349	12.000250000000001	10.25952	9.7269934253	10.523
FBgn0039115	23.1918	21.324	21.3234	15.9638	20.9441	22.0288
FBgn0039116	40.69422	37.644999999999996	44.128499999999995	38.5869	45.1952	48.265100000000004
FBgn0039117	11.1704	12.1357	13.5898	11.961292304	10.586	12.3491
FBgn0039118	1.79753	2.1722	4.75154	9.09076	2.59279	2.67749
FBgn0039120	70.6009	77.3802	74.54133	77.8914	86.08709999999999	84.78232
FBgn0015513	46.5785	55.06451	46.393089999999994	54.1137	52.77661	65.5346
FBgn0053111	9.715720000000001	11.83341	13.46140117214224	15.275	12.21133	11.307269999999999
FBgn0085384	0.8991037100000001	1.74982	2.221074444	3.2290997699999995	2.508815868	3.05049362
FBgn0260634	17.493294	14.847595	20.609090000000002	19.36752	21.950719	21.634551
FBgn0025574	14.2655	11.7584	10.15983	11.47292	11.35181	12.85249
FBgn0013347	141.351	137.101	113.076	126.778	109.455	123.743
FBgn0039124	0.254562	0.307621	0.269161	0.223898	0.0	0.505572
FBgn0016754	10.585146	10.87749836	10.170591436008099	10.789569	10.3695409174	10.9500352858
FBgn0051141	0.0	0.0	0.539381	0.897353	0.0	0.506567
FBgn0039125	41.5154	40.9271	51.5204	48.8142	60.2609	46.8673
FBgn0039126	43.578	41.0758	29.4894	50.5938	34.6974	35.052
FBgn0264740	4.89701	3.65758	7.93336	3.23257	2.2701341	1.9534343
FBgn0264741	1.9397	3.65758	1.36081	3.23257	2.23819	1.92612
FBgn0047114	28.8261	33.7789	42.4863	45.3295	36.2874	50.3107
FBgn0015282	132.8559	104.98750000000001	155.31220000000002	125.7804	139.8713	121.2563
FBgn0039128	11.7083	7.35734	11.3894	7.41452	9.18723	10.6965
FBgn0039129	8.450340072317601	9.05277	6.254480547841	5.2027000377094	7.68399	11.7480000689217
FBgn0039130	173.396	150.606	159.217	153.011	159.939	152.363
FBgn0001098	20.6573	19.9225	11.55403	11.0062	14.898579999999999	12.6235
FBgn0039131	0.249496182343	0.301500378081	0.52761026155	0.219443141342	0.0	0.24775613587200002
FBgn0005674	58.3148	62.541736	72.2383	74.60799938	72.1165	77.01781
FBgn0039132	59.4968	87.957	74.39150000000001	92.46509999999999	63.231519999999996	94.35406
FBgn0051140	2.9934980124027	2.9516789249	2.33202688546	1.736885	1.59182226975522	3.0207134163000005
FBgn0039135	72.5113	68.7692	62.1123	70.6388	59.8424	69.7269
FBgn0039136	64.61448	46.316500000000005	69.8709	62.5276	56.6867	52.0916
FBgn0039137	12.92822	15.461595	18.55044	18.37247	13.23484	19.5168284
FBgn0015795	136.4694	143.991087	150.95157	162.714	140.7572541	137.91012
FBgn0053108	8.32445	7.144299999999999	4.4919	6.65299	2.5582849999999997	4.40309
FBgn0051184	151.75868	156.0434	181.576	139.333	119.8189	133.5155
FBgn0020647	62.28709	60.67728	55.80604	62.638690000000004	64.38314	58.479601
FBgn0039139	12.0651	13.5195	15.0765	10.9976	12.4035	12.8523
FBgn0039140	25.546418864	26.1076905	28.247652738	27.63878	26.536682999999996	26.626192593
FBgn0039141	17.12145589	16.653779580000002	20.4269738	19.70446802	14.72175203	13.232735842999999
FBgn0005649	59.61649	55.88453	71.304611441583	65.4559	62.669855143999996	58.5982067285623
FBgn0043455	25.95661	33.66199	30.122790000000002	27.28455	21.91626	24.51816
FBgn0264325	13.2175	10.5274	12.3874	11.8896	9.70594	7.75588
FBgn0026576	32.69043	29.29511	36.539699999999996	34.1681482	34.384460000000004	32.2233965377
FBgn0039145	10.4822	14.77827	5.54169	9.98784	8.0258	8.67425
FBgn0001230	14.156	13.639	10.3157	14.6381	14.1276	13.8673
FBgn0040283	30.2624	30.5172	37.9562	36.5296	38.413	38.3414
FBgn0053100	25.02449	24.451060000000002	22.647489999999998	20.860860000000002	25.479789999999998	25.52762
FBgn0013343	35.67973	39.5839	41.36403000282599	39.083389999999994	38.30394	41.49632638708
FBgn0039147	0.505482	0.0	0.0	0.0	0.583294	1.00391
FBgn0039149	16.15692	17.2276	22.210500000000003	15.8017	12.06377	16.0442
FBgn0039150	17.32	18.076	16.4403	18.6958	14.5354	14.0721
FBgn0039152	0.0595094	0.0719133	0.0629223	0.157023	0.13734	0.295472
FBgn0039153	10.0424	11.8396	12.1723	9.26361	10.4578	11.9182
FBgn0026317	21.7647	15.3742	24.2358	18.1257	21.3539	17.4365
FBgn0266673	11.4066	13.3534	11.8723	13.7948	11.9285	15.7517
FBgn0039154	0.75773	0.0	1.60237	1.33291	0.874372	0.0
FBgn0039155	81.4699	79.5989	63.2321	72.4185	63.7575	65.625
FBgn0051133	6.99863	3.17152	5.24167	6.15559	4.03799	2.31661
FBgn0267339	16.5747	22.4139	15.8562	17.0078	6.83075	14.1078
FBgn0015765	22.7382	25.90885	23.3266700189678	22.13865	20.21651	27.153000000000002
FBgn0039156	25.5706	27.0054	22.493	28.1602	21.0763	27.3126
FBgn0039157	10.03329655071	11.021543086000001	15.31561139304	15.716438027074	12.397669342095	13.9495426246
FBgn0039158	14.2622	13.2771	11.2838	12.7057	9.56782	11.6676
FBgn0039159	33.8553	23.2139	25.3874	29.3044	27.9177	35.1485
FBgn0026598	8.847678003999999	6.75518405335	7.75488	9.93217	10.7470000130455	9.5952
FBgn0039160	69.8555	57.2757	65.6647	70.8646	68.3587	62.9874
FBgn0029503	27.9786	19.3846	29.1887	24.6083	22.3846	23.7085
FBgn0039163	62.6285	67.81045	55.22878	62.906200578662	54.733729999999994	66.43082
FBgn0266282	17.8825	20.6402	19.8777	19.1564	21.5612	29.0272
FBgn0039165	7.89043	9.8949	9.13002	8.64223	6.18457	8.27891
FBgn0011725	20.1769554	25.4013384	26.488867649663202	20.9566993	26.684839099999998	22.397278
FBgn0039167	5.8972	6.03932	7.71499	4.9231	6.11296	5.85607
FBgn0026257	9.777989999999999	15.09385	8.14739	10.31999	12.22929	10.3718
FBgn0039169	13.5832	12.5606	15.11152	10.70034	14.99266	12.31554
FBgn0039170	1.47576	0.356673	1.5604	2.59599	2.04352	0.879281
FBgn0039172	199.11633	234.4264	239.17450000000002	229.2158	261.0218	244.2516
FBgn0043884	68.44536468	64.82008938661001	79.57713442	70.05474360000001	79.23653855	74.10597568
FBgn0039175	49.4448	39.4783	56.4816	48.1483	52.4713	46.0312
FBgn0011225	41.049740027289204	36.291036189267004	27.4896031229825	35.643575939875	28.300566917846623	29.710533762263253
FBgn0086365	214.5161	212.7942	200.7287	191.7896	173.8745	226.465
FBgn0019952	82.7623	80.68221000000001	80.3743	71.2774	82.30773	83.0986
FBgn0286199	0.0	0.348212	0.304676	0.0	0.0	0.0
FBgn0039178	0.144611	0.174754	0.152905	0.0	0.166872	0.287206
FBgn0263398	21.59843	20.549989999999998	24.008399999999998	23.83628	23.32904	23.08742
FBgn0039180	0.498993	0.0	0.0	0.0	0.575806	0.0
FBgn0259685	2.06426000103067	1.9188600009354042	3.5258100117730997	2.94658	2.19257	3.363868
FBgn0028471	15.9455	18.6982	18.3586	21.5046	18.5364	18.7665
FBgn0011785	33.6574	32.0715	35.821	32.612	38.5202	37.3128
FBgn0039182	21.0045	21.6655	30.4795	28.4459	35.1906	31.0689
FBgn0039183	31.00593	25.79019	31.79074	29.277991999999998	35.62406	33.85535
FBgn0039184	0.195473	0.0	0.0	0.0	0.0	0.156767
FBgn0011581	0.0	0.0	0.0	0.0	0.0	0.544435
FBgn0039186	58.995742564	53.0988751915959	74.208624	57.76014632092	61.30152401225182	49.68470821834
FBgn0039187	24.7768300491822	27.31134	32.952844968	32.0899653853	27.35664796	29.375110212295997
FBgn0039188	18.7739	15.7064	16.0331	17.7826	19.7197	20.077
FBgn0039189	7.36901	8.58695	20.3139	15.509	16.7031	22.2142
FBgn0053340	0.0	0.0	0.0	0.358753	0.0	0.0
FBgn0053341	0.0	0.0	0.0	0.0	0.600472	0.0
FBgn0039200	0.0	0.0	0.7458784	0.0	0.0	0.0
FBgn0000036	0.0	0.1295114	0.1133192	0.0315748	0.0	0.0
FBgn0004118	2.06641	6.1040980000000005	2.184924	4.25664	1.58967	3.6480069999999998
FBgn0039201	2.74517	2.87504	3.28962	3.5412500000000002	0.370246	0.637234
FBgn0003134	48.82975999999999	49.7151	50.00398	48.18947	52.57521	50.970890000000004
FBgn0039202	0.0	0.0	0.0	0.341209	0.447658	0.0
FBgn0039203	0.0	0.0	0.50001	0.0	0.0	0.939183
FBgn0039204	25.4217	30.7205	34.3809	31.1992	34.4516	26.7121
FBgn0039205	17.08638	27.1003	11.291440000000001	20.66377	18.48429	28.63223
FBgn0262167	12.84298	14.90287	13.502510000000001	13.54217	15.24086	16.0865000477465
FBgn0039207	39.19106376	38.6976	44.651500139043996	57.69425	47.079429999999995	56.94510000668796
FBgn0266758	204.02838000000003	209.1535	170.81753999999998	171.634	176.41168	168.23911999999999
FBgn0039209	28.60369	28.60700501855	22.52851	29.3079429634	23.49337	28.64375
FBgn0039210	10.4615	12.1463	11.7121	9.92298	8.28462	10.7959
FBgn0263490	16.20926	13.11755	13.20340000719756	12.719639999999998	15.042628821950832	15.731451743808401
FBgn0039212	28.1451	25.3197	36.3724	31.9062	33.5603	34.4702
FBgn0039213	48.34106	50.31789	50.3439	50.91476	51.46639	57.40407999999999
FBgn0046685	42.1012	36.2409	44.9731	37.9175	45.9201	39.5168
FBgn0262858	0.0	0.0	0.0	2.97297	0.0	0.0
FBgn0039214	20.543102	21.275524	24.583685	26.8721766	23.831152499999998	25.9797352879
FBgn0000139	37.926470022044604	36.80778	37.19021	35.08215	41.842600000000004	43.56949
FBgn0051125	3.41796	2.25294	4.59961	3.27954	3.227	2.1599
FBgn0039215	33.5814	32.107713	45.0291	40.3191	44.236269492	38.753029999999995
FBgn0051126	22.9242	22.8847	32.6699	28.9293	31.0537	17.8156
FBgn0020018	20.2901	22.5836	18.3486	17.1415	16.0197	14.051
FBgn0003429	0.0	0.0	0.09407375712889	0.0782539435098	0.0	0.0883507417569
FBgn0039217	0.0	0.212455	0.0	0.0	0.0	0.0
FBgn0039218	79.2527	100.332	109.735	116.177	67.5007	168.643
FBgn0039219	33.1572	32.822	40.6533	30.4042	40.7035	35.3779
FBgn0004885	0.154008	0.0930543	0.08142	0.135456	0.0888575	0.0
FBgn0003719	0.0	0.148651	0.0	0.0	0.0	0.244307
FBgn0000140	21.7817	20.43	21.625	20.1047	24.1849	27.3517
FBgn0015591	0.454638	0.549401	0.0	0.399873	0.0	0.0
FBgn0040600	109.283	90.2699	106.77440000000001	82.7354	98.969	83.7945
FBgn0259233	4.5646424658618	6.113792999999999	5.264331	6.1329038322	4.92478100672716	3.8055613999999998
FBgn0039223	32.83342	28.2179	36.2401	45.7098	32.1262	42.2318
FBgn0039224	0.237311	0.0	0.0	0.0	0.0	0.0
FBgn0039226	7.22886	7.6229499999999994	7.64344	8.26029	3.8131700000000004	5.45375
FBgn0039227	21.411	18.4267	23.6413	22.8623	23.6128	21.4185
FBgn0027539	17.786640000000002	20.277639999999998	13.8598000839127	12.29021	18.32321	17.66028
FBgn0039228	1.0679	0.0	0.0	0.469631	0.0	0.530226
FBgn0083986	38.0836	33.326	23.6052	30.031	31.823	33.9058
FBgn0027617	9.27521	11.9727	11.3674	12.6077	8.02725	10.8852
FBgn0039229	69.75898	61.51919	74.5165210072	70.4226	77.59268999999999	67.626461489875
FBgn0045980	0.0	0.543678	0.158568	0.263805	0.0	0.297843
FBgn0051118	2.87464	4.24578	2.70178	2.52837	2.58001	4.1233
FBgn0051357	22.8193	22.8213	18.8587	22.1468	18.7654	16.1486
FBgn0262962	1.89617	12.38012	8.01968	4.88417	3.28209	1.88295
FBgn0039232	0.252577	1.07738	0.0	0.0	0.0	0.0
FBgn0013953	1.0738	0.927236	0.378461	0.629635	0.885418	0.177718
FBgn0039233	33.6021	36.9146	56.5237	45.0034	63.4495	57.6352
FBgn0039234	71.15100000000001	64.60482	71.3337	72.9676	74.15259	70.4363
FBgn0051119	2.59356	2.78752	2.65167	2.205756	1.63685	2.0752960000000003
FBgn0051105	0.0	0.0	0.0	0.211829	0.0	0.23916
FBgn0015625	12.20106	10.590910000000001	14.53611	10.42906	13.88094	9.7269
FBgn0039240	24.7458	25.0942	27.831200000000003	27.05830000145661	26.130300004020413	25.5801138
FBgn0039241	27.84885	17.9013	35.005700000000004	25.52193	33.1059	31.6555608
FBgn0043799	2.887150447654	3.1717608953139997	4.99537551589	4.667240628978	5.45168460594	3.388290381987
FBgn0051121	0.132351	0.159938	0.0	0.232817	0.152725	0.0
FBgn0039244	0.211373	0.0	0.0	0.0	0.0	0.0
FBgn0040601	0.0	0.0	0.0	0.119265504865	0.0	0.0
FBgn0265190	19.6335	23.7983	28.8611	29.5604	31.1843	20.7374
FBgn0265189	17.9077	17.8173	20.9939	15.0642	20.7316	19.1989
FBgn0039249	5.62482	6.58748	9.50871907233	7.7056295838	7.29326	8.1550500152369
FBgn0039250	51.6158	56.6855	47.8206	44.2152	60.3373	60.6054
FBgn0039251	1.580144	1.5276	1.33661	2.223685	0.0	0.627649
FBgn0039252	22.5555	25.3099	26.6366	26.0219	26.8726	24.8707
FBgn0020626	32.5098	28.1935	36.8007	34.2004	35.7489	33.6757
FBgn0029157	21.619190000000003	21.41648	28.699540000000002	21.87462	27.46681000901927	25.42967
FBgn0039254	25.010968000000002	22.6441	26.7359	23.665599999999998	16.633110024028703	25.94371
FBgn0285912	0.0	0.678322	0.0	0.246853	0.323865	0.83611
FBgn0039257	0.2313555491	0.13978938246	0.08154115157	0.067828874814	0.0	0.22974200714
FBgn0039258	28.9377	29.2281	26.0305	27.3513	20.9325	24.018
FBgn0039259	33.51	34.0155	38.2663	40.0839	32.4814	22.6278
FBgn0015240	14.6045	16.0442	17.1578	15.051	16.8527	15.9675
FBgn0039260	32.9865	33.9733	40.9555	41.3215	41.0921	43.9233
FBgn0039261	36.89246000167968	36.94876	39.62552	37.35925244	45.24131	40.2762351
FBgn0051115	2.98247	3.00344	4.73028	3.93481	3.44158	3.45528
FBgn0045866	154.08	176.152	180.492	168.697	194.029	182.209
FBgn0259178	8.51919	11.20788	10.437512	11.398489999999999	11.461292	10.349630000000001
FBgn0039264	1.36631	0.0	0.0	2.40346	0.788318	1.35678
FBgn0039265	44.096	46.3367	53.72	68.294	42.5876	61.59062
FBgn0039266	53.39904	60.47665	39.10494	47.14213	46.89739	53.03451
FBgn0051109	10.4789	18.90155	11.02556	8.15241	10.69575	7.4784939999999995
FBgn0051111	4.646	4.99058	5.45828	4.08635	4.16981	3.07573
FBgn0266719	18.8509	25.362740000000002	19.03887	23.2722	18.188100000000002	25.815272999999998
FBgn0039269	16.2198	26.49687	33.1172	26.5642	23.8798	22.7715
FBgn0039270	14.526	7.72364	11.0585	14.3094	8.04579	8.07782
FBgn0011336	92.2113	89.858	130.656	110.05	116.617	113.612
FBgn0039271	11.5943	15.4859	12.9045	15.5649	10.5625	14.5433
FBgn0039272	0.443233	1.07124	0.468653	1.13116	0.0	0.0
FBgn0039273	17.6825	15.2113	16.4784	17.1341	11.0668	16.964
FBgn0039274	21.0375	27.1558	28.3105	26.914	31.4484	26.1135
FBgn0053095	10.35440904473	10.718175625	11.254922200000001	14.436869999999999	12.168200002016151	14.054868860800001
FBgn0053096	15.743499044730001	17.409595625	22.3907920862	21.2646016	20.38326000201615	20.9205442749
FBgn0266534	0.0	0.0	0.0	1.18438	1.03592	0.0
FBgn0054027	0.0	0.0	0.0942464	0.0	0.0	0.0
FBgn0039277	0.156677	0.189334	0.0	0.0	0.0	0.155584
FBgn0051108	5.02602	6.29021	5.15135	5.3957942	8.29088	6.54806
FBgn0051510	3.44558	5.37918	4.16758	6.56413	5.50342	4.70506
FBgn0046214	363.0479000647914	296.98620000805147	458.67199999999997	377.26779999999997	431.774100722075	326.525100348672
FBgn0039280	7.6406	8.84846	7.23725	7.98027	7.16362	8.21958
FBgn0260229	7.6406	8.84846	7.23725	7.98027	7.16362	8.21958
FBgn0259152	15.40800707197	15.175564	15.434284	20.074282999999998	18.151203	19.96349
FBgn0039282	0.10945942521	0.13227307259	0.34719606919999996	0.577644788	0.12630454992	0.54348124546
FBgn0039283	0.0	0.0	0.0	0.0	0.0	0.236377
FBgn0039286	0.0	0.0	0.0	0.0	0.1428058	0.0
FBgn0022800	1.7024	1.71437	0.450009	0.748668	0.654822	2.11316
FBgn0039290	11.0703	13.10191	14.48058	12.54824	12.247720000000001	11.5597
FBgn0039291	12.8927	20.254	15.6769	9.07175	14.1335	11.5225
FBgn0039293	22.0943	25.3971	23.3614	23.2246	23.2153	25.1509
FBgn0039294	0.55688656694	2.0188812817	1.0304250695000001	1.34696276	0.0	0.825972
FBgn0039296	29.0584	26.4803	31.9841	37.0802	34.6309	35.7149
FBgn0039297	0.0	0.555246	0.0	0.0	0.530204	0.0
FBgn0039299	0.0	0.559212	0.0	0.0	0.0	0.0
FBgn0000158	0.445009	0.268883	0.470531	0.587106	0.513512	0.441905
FBgn0039300	2052.721	1897.2440000000001	2041.8615172	1977.38074	2094.779	1743.345
FBgn0039301	27.045499999999997	18.624	36.212199999999996	35.4859	28.1581	26.3571
FBgn0039302	68.867372	74.053773025	76.3569562	79.1091244	86.45668	84.20125
FBgn0039303	75.4622	77.9964	91.3352	90.915	89.0386	91.8026
FBgn0039304	50.7301	54.6661	51.5896	55.1347	46.6077	51.9806
FBgn0039305	35.6984	31.955	48.9296	39.5385	48.8221	31.5106
FBgn0027090	40.6635	33.9394	48.8255	41.5241	52.4902	47.9083
FBgn0039306	24.2947	30.2666	29.9252	27.5364	30.3467	29.3483
FBgn0039307	0.0	0.0	0.0	0.0	0.0	0.367974
FBgn0039308	0.0	0.0	0.367628	0.0	0.0	0.0
FBgn0039312	0.0	0.0	0.354623	0.0	0.0	0.0
FBgn0039313	0.562948	0.0	0.0	0.260787	0.0	0.0
FBgn0051300	0.0	0.368422	0.0	0.26815	0.0	0.302748
FBgn0051104	0.0	0.0	0.0	0.289004	0.379166	0.326293
FBgn0039315	0.0	0.0	0.0	0.301226	0.395201	1.36037
FBgn0039316	0.639335	0.0	0.0	0.0	0.0	0.634876
FBgn0051098	12.9773	16.0469	14.3598	11.1486	11.4924	10.1896
FBgn0051102	0.2515955231	0.3040371995	0.0	0.0	0.0	0.0
FBgn0051097	0.0	0.0	0.0	0.0	0.0	0.302038
FBgn0051288	0.0	0.0	0.348904	0.0	0.380775	0.327678
FBgn0039319	0.352736	0.0	0.372966	0.310247	0.0	0.0
FBgn0051370	13.8253	14.7643	16.6579	15.5534	14.0984	19.7951
FBgn0051436	3.87746	3.51425	4.78314	4.54719	4.47434	6.41736
FBgn0039321	3.3906394	2.6073982	4.562671	5.63692	1.0670378	6.1218319999999995
FBgn0051099	0.0	0.0	0.0	0.284436	0.0	0.0
FBgn0051087	0.0	0.0	0.0	0.274391698761	0.0	0.0
FBgn0039323	0.0	0.380047	0.0	0.0	0.0	0.0
FBgn0039325	0.0	0.402173	0.0	0.292715	0.0	0.0
FBgn0045761	28.2926	36.0479	35.1178	34.8924	37.9709	44.2806
FBgn0039328	13.9826	15.7706	12.1561	21.8636	13.6251	20.0562
FBgn0039329	4.01308	2.00671	3.3653200000000005	4.13824	3.034	2.19867
FBgn0028647	3.35556	5.2288	4.38832	4.81538	4.1778	3.41985
FBgn0261575	0.20405	0.493163	0.431505	0.0	0.470922	0.405254
FBgn0004509	18.08276181459	24.027698002576038	14.787939766561399	15.299983243074301	19.266627999999997	18.949769
FBgn0039331	0.517942	0.0	0.0	0.0	0.0	0.0
FBgn0039332	0.256071	0.0	0.0	0.0	0.0	0.0
FBgn0051439	0.299357	0.180877	0.158263	0.263297	0.0	0.0
FBgn0039335	10.0672	9.68276	9.55834	13.0107	9.00899	7.14067
FBgn0039336	9.7089	7.82172	9.12507	12.6509	13.2782	11.0695
FBgn0039337	35.7275	34.5396	34.7544	27.0245	29.6836	31.2209
FBgn0039338	57.83734	58.30754	63.8292	57.52664	70.10776	62.4739
FBgn0039339	8.45776	7.30071	7.917059999999999	8.11696	10.0108	8.41086
FBgn0259991	3.7026	4.6251	5.67613	4.96405	4.99023	4.10605
FBgn0040212	10.719249999999999	12.31739	11.83986	11.38936	11.899329999999999	12.06931
FBgn0039341	46.0449	43.6353	55.8602	59.6818	53.9718	60.4034
FBgn0053494	150.6975	174.4497	154.12789999999998	170.3265	143.0172	172.7234
FBgn0039343	0.0	0.0	0.227579	0.0	0.0	0.0
FBgn0011666	22.728889004394787	21.42390023215	24.387605956	19.958883	22.848143	22.009665110521
FBgn0039344	0.249336	0.301307	0.263636	0.219302	0.287718	0.247597
FBgn0261287	2.261945	0.448223	0.639204	0.788677	1.39519	0.600318
FBgn0039348	41.26359	36.500569999999996	39.053	34.646789999999996	40.233180000000004	42.42432
FBgn0039346	0.662207	0.800235	0.700185	0.582439	0.0	0.657588
FBgn0039347	1.504459	2.49982	2.98264	1.6540489999999999	2.690659	3.54818
FBgn0039349	19.34141934019074	18.6876	17.55554552	20.3654013969	13.064542548932899	14.52200880501039
FBgn0039350	23.853952	22.22196	18.0762	18.68553	17.492359999999998	19.54906
FBgn0027508	12.57242	9.95094	13.29344	13.64462	12.38674	12.70376
FBgn0261986	9.50728	9.88922	10.816	13.0481	15.8313	15.5548
FBgn0039354	1.10824	1.00443	1.46475	1.58396	0.959129	1.65077
FBgn0039355	4.86706	6.27363	5.48926	4.28078044	4.16289447537	8.37739
FBgn0039356	9.32452	11.1944	10.332	8.05163	5.44431	11.0278
FBgn0039357	10.3567	17.3467	18.5853	13.4565	12.0335	12.7404
FBgn0039358	61.17485	56.442930000000004	83.5421300482608	62.47743	56.34404	58.135059999999996
FBgn0039359	3216.367	3131.823	3617.782	3522.657663	3622.029	3283.976
FBgn0039360	37.64084	42.1031	40.6297	34.47984	38.35022	39.477
FBgn0051092	10.60772	10.8311	8.48235	13.0244	10.38364	13.03804
FBgn0066101	0.0	0.0	0.0	0.0	0.153786	0.0
FBgn0039373	0.0	0.0	0.925695	0.770026	0.0	0.0
FBgn0011273	0.0	0.0	0.400984	0.5889819999999999	0.0	0.972303
FBgn0039374	0.0	0.0	0.400984	0.272207	0.0	0.0
FBgn0011670	0.0	2.62423	2.29614	3.82002	0.0	0.0
FBgn0039378	0.0	0.0	0.622269	0.517626	0.0	0.292206
FBgn0040602	37.9852	39.0173	40.8331	49.0008	35.066	58.4665
FBgn0039379	31.189	31.593	33.4626	36.3071	31.756	34.3874
FBgn0039380	0.315004	0.0	0.33307	0.0	0.0	0.0
FBgn0027865	15.796420000000001	17.77892	14.08236	16.75406	15.36875	18.3006
FBgn0039381	25.998170000000002	25.056091076770002	28.28018146891	26.08045	26.377250023208	26.575930000000003
FBgn0028717	36.9074416615	39.19188	39.55418349	34.54185878204	33.9826033	42.816779999999994
FBgn0039385	33.5351	38.0583	36.3833	45.3975	42.0623	43.7259
FBgn0039386	1.5568883	0.6271311700000001	1.09311	1.36934968	2.3953532	0.51534552
FBgn0039387	0.5822	0.234517	0.0	0.512069	1.1197	0.770852
FBgn0051091	0.0	0.361894	0.0	0.0	0.0	0.0
FBgn0051089	0.0	0.0	0.0	0.0	0.371011	0.0
FBgn0250757	0.517312	0.217471	0.928113	0.314398	0.379808	0.516176
FBgn0259146	0.0	0.0	0.0	0.0	0.079418	0.0
FBgn0015269	11.83465	14.854360432223	11.37026080810543	13.40295	12.310993260626999	16.183841053229703
FBgn0262576	0.0	0.672977	0.0	0.979632	1.92788	1.10603
FBgn0002734	0.477538	0.0	0.0	0.0	0.0	0.948414
FBgn0002735	1.68097	0.0	0.0	0.487584	0.0	0.0
FBgn0002733	40.878	37.9891	42.2088	31.1541	48.3677	43.1096
FBgn0002732	0.0	0.984776	1.72331	0.716754	0.0	0.809233
FBgn0002578	0.0	0.0	0.872629	0.0	0.0	0.0
FBgn0002592	0.0	0.0	0.542227	0.451044	0.591758	0.509241
FBgn0002609	3.51461	6.37077	1.48647	5.87337	7.30014	2.79207
FBgn0002633	0.0	0.599921	0.0	0.0	0.0	0.0
FBgn0001139	110.20118524067651	89.83718006469796	119.04986099854034	101.14603017916933	118.32497860318969	106.4593309784
FBgn0266668	40.6972	53.31660000577948	46.0474	45.3291	43.2313641676	40.4134
FBgn0039402	101.162	98.0673	112.449	105.273	103.907	112.6
FBgn0028833	96.5007	113.805	102.855	105.329	99.2809	101.985
FBgn0039403	33.8602	27.0058	28.6417	26.8034	45.3242	28.9167
FBgn0039404	49.226	42.0508	50.2543	47.7753	53.8655	53.9395
FBgn0039405	16.4335	28.2607	22.3883	18.0674	18.9632	22.5954
FBgn0260224	16.4335	28.2607	22.3883	18.0674	18.9632	22.5954
FBgn0039406	529.123	512.2544	677.86403559	630.1566	702.732	572.1595
FBgn0039407	19.6227	10.7986	31.616	12.73875	26.9563	19.48579
FBgn0039408	0.0	1.01895	0.0	0.741631	0.973	0.0
FBgn0039411	0.0	0.0	0.0	0.0	0.0	0.122386
FBgn0051324	44.5182	43.463350000000005	52.49393	45.60713	44.133869999999995	46.013799999999996
FBgn0039413	1.15346	1.39388	0.813073	0.676344	0.0	0.763609
FBgn0039415	2.77371	4.30952	2.09484	2.09108	2.05758	3.73806
FBgn0051323	0.0	0.0	0.124927	0.103918	0.136338	0.92567
FBgn0051086	1.18511	1.43213	0.0	0.0	0.0	0.514742
FBgn0039417	25.64941	19.64515	30.94022	22.87746	38.768930000000005	35.874
FBgn0039419	45.8423	45.1326	42.6262	34.3907	41.8525	35.4808
FBgn0000064	475.530822	432.35922	538.75598740549	513.1265	500.428995	510.77272000000005
FBgn0039420	0.576729	0.766711	0.304902	0.7608870000000001	0.122022	0.286353
FBgn0053970	0.622609	0.752383	0.877754	0.182537	0.718451	0.824355
FBgn0039421	0.0	0.0	0.417267	0.0	0.0	0.0
FBgn0039424	0.0	0.374891	0.328019	0.0	0.0	0.0
FBgn0039425	0.0	0.0	0.238542	0.198428	0.0	0.0
FBgn0288888	3.74537	4.8493200000000005	2.82869	3.7648070000000002	3.39579	3.4535859999999996
FBgn0042711	0.0	0.0	0.0	0.0	0.0	0.29511
FBgn0039427	40.0772	45.2806	43.4092	47.8592	31.583	49.5044
FBgn0262577	16.1965	15.6579	3.42507	11.3964	14.9518	19.3002
FBgn0023178	0.0	0.0	1.70897	1.42159	0.932542	1.60501
FBgn0039428	0.0	0.0	0.0	2.04726	0.0	0.0
FBgn0039429	0.0	0.27454	0.240215	0.599459	0.0	0.225602
FBgn0039430	4.635844	6.28412	6.739565	7.8771	7.188092	7.8893500153187
FBgn0039431	27.398756	30.7728107902	28.1241900942323	30.72393338	29.994699999999998	31.1127648
FBgn0263289	58.1946451317	56.44248842034417	59.210653698935005	53.28624167983949	59.888058729865875	61.07370392582962
FBgn0051081	0.0	0.0	0.0	0.0	0.0	0.448842
FBgn0039448	0.0	0.0	0.592231	0.0	0.0	0.0
FBgn0023179	0.0	0.0	0.0	0.0	0.118289	0.0
FBgn0039449	8.788	10.6197	10.3725	6.83064	7.07497	6.49429
FBgn0288631	77.58189999999999	75.4282	94.89350006321901	69.43190000304276	82.91064	80.3032
FBgn0039451	33.43909	26.17858	38.64586	30.87677	32.04869	29.455
FBgn0039453	0.706756	0.0	0.0	0.0	0.0	0.0
FBgn0039454	1.48554	1.79518	2.61789	0.871062	1.71421	0.0
FBgn0262473	57.0847	58.0175	65.9973	55.024	71.5935	58.4309
FBgn0051072	19.82838932	25.346642120600002	16.854145000000003	21.139962	17.9465392097671	19.9476932544
FBgn0039459	16.5747	15.7374	22.1152	11.1071	14.1169	9.40518
FBgn0027889	52.3863	51.07	59.63397	54.78789999999999	67.05432	60.9826
FBgn0001197	560.7305	502.02680000000004	581.6808	544.6144	608.8588	610.6367
FBgn0026562	2631.0054	2019.1159	2367.65	1870.63	2334.6799	2054.33
FBgn0004903	30.9164296131	29.710543708792002	34.668910003	28.5972525823	38.440992139775	26.156744604
FBgn0039461	25.3254	24.1986	28.0233	25.9009	16.311	22.8093
FBgn0003267	0.801475	1.80322	0.0	0.0	0.462426	0.397943
FBgn0004359	2.2517009	1.8837701	2.197593	1.218751	1.1991805	0.5160018
FBgn0004510	28.8198	23.501	37.1618	29.4698	36.5006	35.599
FBgn0285963	14.653660315	19.650414163999997	12.679180002991071	14.7536542842	14.40535403	18.28891222573
FBgn0039462	3.8801	8.52519	6.71339	8.6869	5.29146	9.45746
FBgn0039464	15.931	20.429542	17.319580000000002	30.127450999999997	21.7257	27.69549
FBgn0039465	28.410801	29.735975	44.63138	39.948268	33.838188	35.376386000000004
FBgn0039466	20.662577560000003	19.288906459	22.93063	22.16925	22.106869999999997	20.9800425
FBgn0039467	187.951610108781	197.6105600553833	148.5071	125.17214800967695	156.565903293633	136.46625707881668
FBgn0284229	4.53992	3.54063	0.0	0.0	0.0	0.0
FBgn0051075	174.47820000000002	166.2311	220.48160000000001	188.2855	198.9715	192.5217
FBgn0039470	0.201616	0.0	0.0	0.17733	0.0	0.0
FBgn0039471	0.0	0.0	0.0	0.0	0.502862	0.0
FBgn0039474	0.439723	0.0	0.0	0.0	0.0	0.0
FBgn0039478	1.28559	2.8250314	1.97719	1.64470000120208	2.3312100265116	2.59618
FBgn0085321	0.0	0.0	0.637222	0.0	0.0	0.598456
FBgn0003495	157.49726013966972	151.7564714063	145.84990516199	153.84090004320132	139.00343	170.95694995351698
FBgn0264563	4.49382	2.71525	0.0	0.0	0.0	2.23124
FBgn0039479	2.40047	1.93387	2.53881681	3.95098	2.95465	3.01938
FBgn0039480	0.29832378127	0.0	0.3154324046	0.0	0.0	0.0
FBgn0243514	81.0764	100.701	91.6885	94.0147	102.378	91.7102
FBgn0039485	0.0	0.0	1.01735	1.2694	0.55514	0.794248
FBgn0039486	0.0	0.504552	0.0	0.0	0.0	0.0
FBgn0039487	49.1333	37.21474	47.135040000000004	34.28219	48.998999999999995	40.73081
FBgn0027574	16.26578584	18.5393	17.78500000754548	24.548819899999998	20.6893000266457	17.4372
FBgn0039488	18.3329	21.1157	26.9563	24.1869	22.4772	23.6097
FBgn0039489	9.3737	11.6815	9.91128	11.0786	13.1828	6.39947
FBgn0039490	0.16183	0.391122	0.855555	0.427009	0.0	0.0
FBgn0039491	0.0	0.174106	0.0	0.12672	0.332508	0.143071
FBgn0039492	30.422129999999996	29.87829	32.735209999999995	27.892190000000003	29.771259999999998	36.297317
FBgn0029155	93.42526	88.6326	95.89018999999999	73.78452	80.2558	75.5505
FBgn0039494	99.84926	99.1576	83.4516	85.07991	69.87383	58.349399999999996
FBgn0039495	0.618974	0.0	0.0	0.0	0.0	0.0
FBgn0051065	0.0	0.440242	0.3852	0.0	0.0	0.0
FBgn0085322	9.44248	5.70532	23.50486	12.58444	1.816	6.25108
FBgn0003482	6.58043	4.54402	6.95782	4.13412	1.62716	2.80052
FBgn0004197	16.7716	13.4086	13.03571	12.8695	14.6449	17.956963180000002
FBgn0261995	60.5124	45.85833	69.9473	58.6358	53.85006	44.813199999999995
FBgn0261996	0.651115	2.36049	2.06537	0.572683	0.751345	1.93972
FBgn0051064	30.398289	21.94137	24.456871	26.471132	21.28193288978	19.90617
FBgn0051068	2.2788500000000003	1.4828230000000002	3.150811	3.54616	1.618188	1.392597
FBgn0005696	32.4797	30.1921	37.2043	27.8348	39.882	30.3924
FBgn0039498	0.0	0.0	0.950308	1.18575	0.518558	1.33874
FBgn0042111	46.929100000000005	53.9349	48.853790000000004	47.80071	49.85667	57.413909999999994
FBgn0039500	0.934412	1.50557	1.64667	3.01347	0.359417	0.618597
FBgn0039501	4.27536	3.30656	8.49863	7.52071	8.09092	4.58518
FBgn0011289	113.6382	100.92400000349193	124.0074	110.581900241645	110.47930000629648	120.226000204684
FBgn0010441	49.6182	47.4569	58.1827	52.1215	55.899480000000004	51.840860000000006
FBgn0010328	95.9571	84.88399000000001	107.89641	90.879974761	112.0891908	107.5133
FBgn0039503	1.93151	3.50115	6.6374	7.22007	6.6865	4.31558
FBgn0039504	4.85894	6.67241	7.99183	5.8277	4.36093	4.28894
FBgn0002441	31.7761	28.8222	42.6899	39.3251	44.6051	39.2018
FBgn0039505	60.4669	49.7842	65.3398	50.261	45.2387	46.1886
FBgn0046247	39.1303008350772	45.39797	40.09923	41.96183748327	37.0565674	42.87647
FBgn0039507	35.797450758856	29.86027	37.02897213024	38.80374491806	35.3388903081	38.807810089430106
FBgn0039508	46.5209	49.505	47.4758	50.8919	44.468	44.2428
FBgn0039509	43.7627	40.441	42.4618	31.2457	39.2112	54.194
FBgn0015737	141.384	128.249	166.61	150.299	171.658	136.111
FBgn0040609	130.1312	122.897	144.57	171.94	105.619	102.112
FBgn0039510	0.4796	0.547368	0.140862	0.937396	0.430443	0.502713
FBgn0016061	0.0	0.0	0.08456960000000001	0.0703481	0.0	0.0347689
FBgn0004387	29.18361	30.752084850000003	28.7588213	29.6310922	32.98310557435	32.5118114
FBgn0039525	18.8205	24.4929	22.9614	28.3318	11.6941	26.2368
FBgn0027492	123.18327195	144.001874	122.70695	127.696560955146	140.68734	160.934956
FBgn0040080	50.3563	43.0085	53.3777	50.0627	56.506	46.12
FBgn0039527	0.555308	0.479324	0.419396	0.348869	0.64079	0.787764
FBgn0039528	49.6416	46.6	47.772200000000005	43.3456	44.2492	45.8661
FBgn0039530	2.0398490000000002	2.8008870899000002	1.976508	2.564686	1.898088	3.5638009999999998
FBgn0039529	0.0	0.0	0.0	0.0	0.685861	0.0
FBgn0039531	19.93411	26.18385	21.535600000000002	17.53295	19.00227	20.22546
FBgn0039532	31.1595	20.70993	28.00456	29.119010000000003	26.96712	31.11776
FBgn0266579	0.308995	0.0	0.25980309139450003	0.0	0.482735	0.30684
FBgn0002772	0.0	0.687757	0.0	0.0	0.0	0.0
FBgn0039536	0.11745929238084	0.0	0.0	0.034436788985828	0.0	0.038880021439957
FBgn0039537	70.3476	49.7712	75.6535	64.2534	62.4436	58.8112
FBgn0039538	13.5075	26.6003	14.2821	18.0406	16.7414	17.8844
FBgn0003330	41.1002	32.1786	43.1513	37.1677	32.7313	31.9036
FBgn0051055	0.0	0.0	0.0	0.188786	0.0	0.0
FBgn0046258	0.229331	0.277132	0.242483	0.201706	0.0	0.0
FBgn0263025	9.9126	9.41187	8.23514	9.3413	6.53629	8.78881
FBgn0086346	89.2039	96.2849	106.377	111.213	109.098	120.689
FBgn0045862	26.932932	28.123452505000003	32.00141044664	29.05824	31.454479999999997	24.5901
FBgn0039543	14.56283	16.70594	21.318618999999998	14.97181520172597	12.4957	14.42332477034
FBgn0039544	23.8249	24.326	23.8441	25.2133	25.1401	26.6952
FBgn0085382	0.0	0.0	0.0	0.0	0.0	0.118734
FBgn0039554	24.5915	20.6996	26.3605	22.9718	24.8544	20.7149
FBgn0039555	76.5858	76.9186	84.9369	88.317	94.2668	86.8679
FBgn0053213	15.095	15.6579	15.5796	15.4908	11.1896	12.1049
FBgn0039557	27.1024	27.8164	34.9377	29.389	20.9924	17.6965
FBgn0039558	36.0813	27.3239	41.2026	35.1201	34.9738	24.8419
FBgn0003279	3396.16	2651.42	4111.11	3279.71	3559.29	2598.22
FBgn0027579	49.37058	57.39565999999999	47.74179	63.21157	50.043420000000005	56.1629
FBgn0051053	0.627973	3.79433	1.32798	3.8663	3.62321	0.623593
FBgn0039559	48.71747	48.79286722	52.33854	49.375756700000004	50.577120019999995	50.031101458680006
FBgn0039560	27.45732762	25.961539929000004	32.5764840553	36.52351698998	32.65672	31.9120600789258
FBgn0039561	43.008	42.869	49.6744	56.1387	44.8869	54.5411
FBgn0039562	390.187	368.572	492.992	516.849	476.227	472.497
FBgn0039563	55.5308	55.546899999999994	73.0297	54.312	64.0789	56.025800000000004
FBgn0039564	2.89681	3.93819	4.40298	2.70711	0.417842	0.179788
FBgn0039565	35.5969	44.88804	52.0158	38.5906	33.7359	36.79951
FBgn0259990	7.5937	8.34894	11.9189	12.3132	11.1194	8.66321
FBgn0051253	0.18888	0.22825	0.399425	0.0	0.217956	0.0
FBgn0051054	3.10825	15.513	1.54762	8.14144	3.05638	16.806
FBgn0267108	16.6745	0.0	0.0	0.0	2.91057e-05	7.98533
FBgn0051131	0.18888	0.22825	0.399425	0.0	0.217956	0.0
FBgn0039566	35.2834	35.2303	39.0458	30.9017	37.0919	31.3379
FBgn0003890	214.56323	172.10761	222.22165	181.578	215.53413999999998	161.41014
FBgn0085391	0.169301	0.0	0.0	0.0	0.0	0.0
FBgn0085383	0.0	0.0	0.0	0.0	0.152777	0.131473
FBgn0262588	17.4855	21.9428	42.6652	39.631	45.7865	48.0836
FBgn0262587	45.8485	41.7545	117.331	112.211	97.3781	104.914
FBgn0085465	7.1324	3.59127	8.79835	4.70493	4.80102	9.44353
FBgn0085466	38.4696	37.468	78.3162	80.8016	75.5318	86.0955
FBgn0002865	0.0	0.0	0.0	0.0	0.0	0.344647
FBgn0004171	0.0	0.0	0.474058	0.0	0.0	0.0
FBgn0261618	93.19593	113.5155550444	112.39502	131.50449392000002	115.77242	115.17545
FBgn0039580	74.2304	73.6844	88.6489	74.1785	78.2004	66.9667
FBgn0039581	76.30711	69.96973	91.524	87.36340000000001	87.7153	90.91131
FBgn0039584	0.0	0.0	0.0	0.0	0.0	0.115536
FBgn0039585	0.0	0.0	0.0	0.0	0.365867	0.0
FBgn0013813	0.116802	0.0705736	0.216125	0.25683	0.101086	0.0579934
FBgn0051051	0.611188	1.47716	2.58496	5.37566	3.52636	2.4277
FBgn0003137	21.46359559563	17.101901337	35.98227295839	33.9474811	36.605592539	46.8691482
FBgn0039588	8.12975	6.88915	8.59599	4.82845	4.58152	1.87745
FBgn0000659	0.0	0.0	0.0	0.1784868	0.0	0.125285
FBgn0026400	57.5415	53.5271	63.4678	55.3435	62.1	64.1285
FBgn0001215	231.18533	221.72451233720298	240.92592794	220.0999597293	238.6526	250.07551
FBgn0039589	13.6507	11.2775	16.814	15.3979	9.7413	15.4012
FBgn0039590	11.9812	9.77154	12.5972	10.8345	11.2099	12.1039
FBgn0039591	0.0	0.22638	0.0	0.0	0.0	0.0
FBgn0039592	0.0	0.478836	0.0	0.0	0.0	0.0
FBgn0053346	0.433351	1.57103	0.916407	0.0	0.0	0.430328
FBgn0039593	8.04239	5.55355	3.64441	4.71575	5.30309	2.2818
FBgn0039594	0.395841	0.956697	0.139514	0.348159	0.152258	0.262053
FBgn0027655	23.16307	23.61491	26.622709999999998	25.391009999999998	21.0124	23.13715
FBgn0039596	0.0	0.195887	0.0	0.0	0.0	0.0
FBgn0005642	20.9659	20.615	23.2698	24.969	25.5457	23.9232
FBgn0039600	51.0828806	47.6430254	59.5994103628	55.862500639735	60.5239491	64.6546614
FBgn0039601	26.4988	25.0399	30.3358	24.5335	26.8994	21.7634
FBgn0039602	9.986867	9.62578	9.053974884	11.122	10.717162	10.975047589999999
FBgn0024273	48.87659	42.91102	45.573796160306	42.392360311	44.84478	43.1952616
FBgn0015589	31.0802099371	32.543128190000004	31.3176955	29.74240351336	32.1094000362824	28.8028407747
FBgn0264324	10.9664300391	11.31443980044	10.5359884107426	8.53745	9.83320322	11.262292
FBgn0265274	0.401358	0.334095	0.876974	0.972665	1.595138	1.19568
FBgn0053203	0.25665676400000004	0.310151966	0.40705386	1.01583106	0.5923182800000001	0.382301074
FBgn0039609	0.0	0.24364	0.0	0.17733	0.232652	0.20021
FBgn0039611	0.195728	0.236525	0.206953	0.0	0.0	0.194363
FBgn0039612	66.2862	67.4939	92.5851	87.0924	94.9043	75.5756
FBgn0039613	64.2594	75.2715	89.0614	95.0669	105.96	105.978
FBgn0027578	63.471	70.2678	66.6382	77.6484	70.5724	74.5573
FBgn0265998	124.357738	125.74757	148.633529746	145.928035	145.5379635685278	152.996675
FBgn0039616	0.0	0.0	0.0	0.75584	0.330547	0.853363
FBgn0039620	0.749331	2.03742	0.792305	0.659068	1.51319	1.30218
FBgn0039621	0.0	2.20534	1.92962	0.0	0.0	0.906113
FBgn0039622	23.629080000000002	25.6042	38.21250485408	28.66595	27.26531	25.89178
FBgn0039623	29.0412	29.3489	29.348	32.4373	29.5081	36.6226
FBgn0041780	0.0	0.0	0.0	0.0	0.0	0.584855
FBgn0039625	33.4633	31.8605	36.0973	37.1621	23.7928	30.8803
FBgn0027873	24.9043	23.5711	27.8057	30.4823	23.3119	24.2117
FBgn0039626	30.0111	31.3734	30.473	24.9296	28.3094	26.727
FBgn0003093	34.819100000000006	30.523139999999998	37.6537000026499	31.965182900000002	39.268200124295	40.24125
FBgn0039627	26.2297	22.8634	35.4631	34.4161	36.7178	35.8677
FBgn0039628	0.0	0.0	0.0	0.0	0.0	0.880284
FBgn0039629	0.422977	0.51114	0.447234	1.4881	0.0	0.420026
FBgn0039630	3.66281	2.29364	1.6055	1.6108	1.31412	0.454658
FBgn0039631	3.26309	4.60044	4.6003	4.18545	5.33431	4.18543
FBgn0288875	27.9786	28.2504	27.2165	25.8114	25.1109	29.1417
FBgn0039633	20.680551	20.223755999999998	23.61878	23.87766	23.912636	27.10524
FBgn0039634	29.6828	29.6315	36.7069	38.8204	32.3161	34.2175
FBgn0039635	165.3441	123.41550000000001	150.3645	133.3687	147.618564624	122.71901
FBgn0039636	38.7083	34.9415	38.2161	41.8392	36.5946	35.8912
FBgn0005596	20.398	27.0914	26.2476	24.7956	24.4262	26.5616
FBgn0039637	90.9159	96.44031	86.74232	92.41076	88.8253	89.72267
FBgn0039638	32.1172	31.7549	35.6056	33.2133	34.5905	37.692
FBgn0028671	86.107490122653	87.39381791	83.17577	86.0126906390129	78.2224381847029	92.88988159
FBgn0039639	8.63812	3.47954	6.08901	9.28595	7.75277	9.53097
FBgn0039640	0.923589	1.48182	0.518623	0.754966	0.848996	0.487072
FBgn0039641	11.8488	13.3947	16.1655	11.43	8.8211	12.5252
FBgn0039642	10.9436	13.19167	19.57187	18.7853	18.6212	16.96719
FBgn0014869	133.665300550276	132.981764	153.60559	146.00400105141	146.33821	145.15242487700002
FBgn0041588	32.1957	36.6178	37.5464	45.183	34.1468	31.736
FBgn0041186	91.6585	69.4789	77.0916	77.686	102.884	69.0919
FBgn0028692	120.15469999999999	114.3451	134.7302	116.31190000000001	123.2935	124.8287
FBgn0039644	16.2761	18.72966	16.83678	26.56161	12.936259999999999	22.759500000000003
FBgn0039645	0.0	0.0	0.0	0.0	0.0	0.180671
FBgn0039647	0.201407	0.0	0.425915	0.177146	0.0	0.400005
FBgn0014427	7.55946	6.73115	10.9378	12.2479	2.29556	7.11165
FBgn0039650	14.9168	13.7846	10.2056	12.3482	4.05014	6.97073
FBgn0039651	1.77658	0.858753	1.12708	1.87509	0.820024	0.0
FBgn0029176	1273.222	1122.898	1617.154	1377.4759999999999	1513.133	1277.281
FBgn0062442	195.174	173.685	191.689	191.057	188.468	170.296
FBgn0039654	17.3895	12.6809	20.1304	18.9867	15.9147	15.333
FBgn0039655	0.375934	1.36288	1.58997	0.661299	0.433804	0.373312
FBgn0028476	17.6885	20.3327	22.71721	22.76746	21.90493	23.767278
FBgn0039656	0.0	0.185888	0.0	0.0	0.0	0.152752
FBgn0051427	0.0	0.0	0.418116	0.0	0.0	0.0
FBgn0051445	0.822969	0.828754	0.0	0.723836	0.316551	0.408614
FBgn0263236	0.83835100224878	0.0	0.44321501407060004	0.122894	0.0	0.277501
FBgn0003525	51.2979	36.2982	87.8164	50.5796	86.5528	55.495400000000004
FBgn0039659	0.0	0.151382	0.132455	0.110181	0.387686	0.124397
FBgn0015622	200.23786	188.4455	223.103	248.12512197	233.90973	196.95585
FBgn0004369	13.706468999999998	14.171520000000001	10.664102659000001	13.789843999999999	14.509879999999999	14.166541921
FBgn0039663	11.36828	9.6406	13.074639999999999	11.45966	10.58668	10.38855
FBgn0039664	25.3803	21.1774	23.7407	29.819	28.2556	26.8654
FBgn0040623	262.968	229.423	279.349	280.546	294.216	254.052
FBgn0039665	160.9631	128.99720000000002	183.26010000000002	139.8494	170.4698	115.803
FBgn0039667	0.227186	1.09816	0.480431	0.707484	0.0	0.199692
FBgn0039668	53.9188	53.444700475895	68.3142	63.1466	51.0081979	60.8563414375
FBgn0000492	0.0	0.0	0.0	0.0	0.19063	0.0
FBgn0051041	0.0	0.937601	0.0	0.0	0.0	0.0
FBgn0086361	114.6376451477	97.3972932849	138.3314413	111.58980000559188	128.9077384	116.16390999999999
FBgn0039673	1.47921	2.08616	1.82105	2.11614	1.43753	0.982504
FBgn0039674	44.4948	48.8211	42.4285	42.0162	33.7045	36.8656
FBgn0266137	0.162269	0.0	0.0	0.0	0.0	0.0
FBgn0039676	0.2597954	0.0	0.0	0.0	0.0	0.0
FBgn0039678	0.94578	2.59524	1.13538	0.944452	0.0	0.0
FBgn0039679	0.294658	2.10802	1.86795	1.55782	1.00648	3.46451
FBgn0025457	132.3207	107.8087	149.8176	112.09559999999999	152.2567	139.9587
FBgn0039680	36.1045	33.2092	35.9708	33.6724	43.5212	43.4749
FBgn0013972	0.0	0.217976	0.0	0.0	0.0	0.0
FBgn0039682	13.2633	16.0278	10.7876	3.72634	4.88886	5.06567
FBgn0039683	0.361589	0.0	0.382156	0.0	0.417064	0.358907
FBgn0039685	0.0	1.21379	0.0	0.911711	0.0	1.02934
FBgn0039686	0.0	0.369291	0.0	0.268783	0.352636	0.0
FBgn0024841	125.63	132.17	131.273	142.997	122.798	129.891
FBgn0039687	99.8934	105.844	111.745	71.307	91.8823	113.573
FBgn0042213	54.2845	77.7267	73.797	70.1656	55.9293	72.2337
FBgn0039688	0.26342842804	0.44567028738000003	0.11141344135999999	0.13901777702499998	0.30397824688	0.41854516608000003
FBgn0027583	59.1765	63.913	59.8328	61.8072	55.9091	68.3129
FBgn0039689	38.4595	37.6233	45.0221	40.6726	26.4165	25.4608
FBgn0039690	20.129507277266	23.622889821245103	21.786168998965	23.6837	16.82523916945	17.192767
FBgn0027518	34.510239999999996	34.531412599999996	34.4833114799	31.0197	37.096045	32.7331582
FBgn0039691	110.67	112.594	118.577	114.582	105.57	106.34
FBgn0020235	657.7778	606.053	779.1279999999999	615.5633	740.989	593.972
FBgn0260990	77.72	83.8718	89.01520000000001	93.751	87.81830000000001	96.4437
FBgn0001297	258.22267	226.67772	292.13395	266.71533999999997	282.26007000000004	297.84293
FBgn0039694	8.32113	3.83069	9.63628	7.31878	5.48689	4.32829
FBgn0262112	3.66329	7.37808	3.443	3.93802	3.75751	9.29644
FBgn0039696	20.3619	20.3199	24.0299	21.1444	25.0122	23.0898
FBgn0019972	63.4362	70.1345	74.6856	73.0081	77.095	67.0146
FBgn0039697	255.99360000000001	213.4984	312.6605	271.6331	259.1587	220.5448
FBgn0039698	47.5978	47.9324	58.7155	54.3501	39.5073	35.6567
FBgn0002924	197.3536	171.35229999999999	215.1987	151.5435	250.5694	190.9289
FBgn0000247	46.0891	44.2535	50.5887	51.6229	48.408100000000005	51.2473
FBgn0039702	32.393	32.797	33.6336	32.3411	40.7469	30.4283
FBgn0039703	2.00111	0.604553	1.58691	2.20008	0.577288	2.98073
FBgn0039704	0.41977884436	0.67636876115	0.44385313678	0.246141968505	0.32293238521	0.0
FBgn0039705	55.507999999999996	53.6088	56.941200204982	55.9232	46.109899999999996	44.0043
FBgn0260969	0.0	0.0	0.0	1.42455	0.0	0.0
FBgn0039707	0.45517	0.0	0.0	0.626175	1.05048	0.0
FBgn0039709	0.0	0.0	0.0753867	0.0610957	0.0822731	0.275914
FBgn0039710	53.480090000000004	41.9132	59.24691	55.63485	50.74051	49.73543
FBgn0039711	17.78139	36.13686	39.73365	35.1842	31.2402	26.983777399999997
FBgn0051032	10.8922	13.1625	10.7971	17.364	7.85557	10.1402
FBgn0039712	63.6547	67.4543	80.6965	68.673077	55.5284	66.69200000000001
FBgn0039713	10408.2800457588	8442.800469198999	11746.881098	10184.090000486683	11005.290257374	8853.9300170598
FBgn0039714	149.6172157168619	151.25866102	199.670696	170.5767874	159.1997198763797	192.4070520757527
FBgn0083969	39.751	47.4326	46.05901	45.445	40.13081	52.407365496
FBgn0051038	7.84676	10.28877	7.2224382516970005	7.714509	9.44419640023404	8.455716
FBgn0051036	0.0	0.15052179999999998	0.0	0.0	0.0	0.0
FBgn0003357	0.0	0.0	0.0	0.53588	0.0	0.0
FBgn0003358	0.549033	0.0	1.16104	0.482898	0.0	0.545204
FBgn0051202	0.261409	0.315896	0.0	0.0	0.30165	0.519172
FBgn0051040	17.4296	15.3581	19.581	16.4478	17.5985	17.1277
FBgn0260759	12.3643	16.7764	15.1376	18.5064	14.5179	15.2937
FBgn0260760	12.3643	16.7764	15.1376	18.5064	14.5179	15.2937
FBgn0039726	27.9721	19.8152	28.0465	32.2379	25.0433	39.2709
FBgn0039727	8.290140000000001	7.41911	9.15517	10.208136999999999	7.86562	8.56265
FBgn0004622	0.14527756	0.0	0.0	0.0	0.0	0.0
FBgn0039728	0.0817316	0.0	0.0	0.0	0.094313	0.0
FBgn0000032	37.2009	36.61	38.07948	37.422	41.3851	36.499
FBgn0039730	35.1498	42.4763	28.7331000949394	33.5474	23.8592	32.706734999999995
FBgn0039731	9.50986	8.97817	9.74102	11.2396	9.60205	10.0338
FBgn0039732	18.795	30.9717	18.0663	22.5423	28.5891	19.5123
FBgn0039733	33.772378778	29.853636	30.77534	29.54213000787693	29.635640000000002	23.0792126046
FBgn0039734	0.915486	0.663784	0.580794	1.28833	0.609171	1.27274
FBgn0039735	348.738	346.39300000000003	432.593	409.9705	465.23900000000003	553.245
FBgn0016685	356.096	327.8306	456.42	403.57550000000003	498.74	425.95439999999996
FBgn0039736	3.03515	1.57191	3.66767	2.66954	1.75118	1.93756
FBgn0039737	227.3206	206.8384	197.2422	188.7701	205.1171	209.9743
FBgn0039738	16.48352	18.40806	15.3119	15.86553	15.60949112614	17.907429999999998
FBgn0026597	34.0526	39.2569231677237	39.872736284449104	40.815440149991	36.8787901497653	44.352444860000006
FBgn0039740	20.0873	19.6818	28.4147	21.2489	18.7941	15.6343
FBgn0001281	4.20233	3.80869	0.0	0.0	0.0	1.04325
FBgn0001280	109.63159999999999	105.55510000000001	140.2987	134.53900000000002	132.9705	122.1324
FBgn0003510	1.84118	1.6133099999999998	4.0294900829761	2.51391	3.40812	4.9823900000000005
FBgn0003511	26.60504	21.79878	23.08699	20.68701	22.80322	21.63734
FBgn0003512	44.4546	40.8013	54.6978	46.2688	51.4277	48.6257
FBgn0002626	8309.329000000002	7385.637000000001	8099.5914	7077.754999999999	8176.303	7334.832
FBgn0039741	27.97675	20.80502	27.590154	20.584480000000003	25.76464	26.98021
FBgn0039742	0.466645	0.563911	0.0	0.410434	1.07696	2.31695
FBgn0039743	66.2085	68.57900000000001	80.0064	65.5377	74.8032	73.7646
FBgn0003479	39.2315	35.0038	43.0037	42.1033	40.702	45.3913
FBgn0039744	0.0	0.0	0.0	2.79475	1.22221	2.10357
FBgn0085346	37.7082	31.4631	37.8585	23.9034	37.7266	15.1062
FBgn0260468	37.7082	39.12297	49.65	49.8997	37.7266	46.2652
FBgn0266411	38.458086	47.262426224	37.5387	47.076433	37.366099999999996	47.8568
FBgn0266442	0.0	0.0	0.0	0.0	0.0	0.836412
FBgn0266443	0.0	0.0	0.0	0.554119	0.0	0.625615
FBgn0051025	0.374846	0.150993	0.0	0.109898	0.865097	0.248155
FBgn0051029	2.77357	1.67584	2.63937	2.56144	1.60026	3.7182
FBgn0086355	506.92501	449.52186	440.53745000000004	468.69416	394.3988	440.99475
FBgn0039747	0.46796679999999996	0.0	0.12369559999999999	0.10289951	0.134995	0.0
FBgn0039749	0.0	0.203614	0.0	0.0	0.0	0.0
FBgn0051030	0.0	0.331502	0.0	0.0	0.0	0.27241
FBgn0051028	0.0	0.0	0.0	0.0	0.125434	0.0
FBgn0002773	1.11753	0.450156	0.78775	0.982918	1.71942	0.55487
FBgn0039751	21.549218	23.53696	21.032414	17.85999	21.0409	12.34555
FBgn0260860	24.1807	12.1294	25.085	23.6756	16.8471	17.6692
FBgn0039754	0.801889	0.242258	0.0	0.0	0.0	0.0
FBgn0039755	1.216	0.489821	0.42858	0.713017	0.46773	0.805014
FBgn0039756	50.9334	44.7078	47.424	47.4726	54.3878	43.5324
FBgn0039757	6259.011	5262.789000017032	7017.320000336991	6235.302	6251.710292697	5598.85600098582
FBgn0000094	15.9722	19.3013	11.25878	11.7894	2.57789	5.28692
FBgn0000276	35.5891	19.2551	15.2955	17.0946	22.4276	19.3002
FBgn0000277	7.92931	6.80891	9.98526	6.57484	2.87534	12.3719
FBgn0000278	15.4798	6.23546	10.9117	15.128	3.96949	3.41597
FBgn0000279	8.31477	5.02394	8.79162	0.0	2.39868	2.06419
FBgn0039758	0.270693	0.0	0.0	0.0	0.0	0.0
FBgn0039759	0.3072476	0.0	0.324852	0.0	0.0	0.0
FBgn0039760	0.0	0.36442	0.0	0.265238	0.0	0.29946
FBgn0010113	48.480470000000004	44.3744	52.81531	42.0659	54.3166	40.9688
FBgn0085329	0.0	2.1747100082	0.0	1.5828270619	0.0	0.89352846569
FBgn0015222	641.37378	597.56141	567.02058	570.87846	609.7874989999999	642.15504
FBgn0015221	7.960040114409	5.344000153138	2.30386	4.59944	4.592690465177	2.1637
FBgn0027544	2.0575799999999997	0.0613716	0.43289960000000005	0.871617	1.525803	1.626259
FBgn0261704	0.17215	0.0613716	0.0910116	0.0	0.189503	0.341899
FBgn0039764	28.00789	30.7689	19.74276	26.8736	17.6287	26.1269
FBgn0039765	34.2637	27.1277	41.2258	23.9012	32.7212	24.6386
FBgn0039766	8.35947	8.08151	9.72278	9.55826	9.6463	9.13129
FBgn0039767	39.474320000000006	42.2976	56.5419	47.7177	53.4045	51.3642
FBgn0039770	0.0	0.0	0.293368	0.0	0.0	0.0
FBgn0039771	0.594366	0.718254	0.0	0.0	0.0	1.18044
FBgn0028646	27.95996	35.32356	32.05906	30.340719999999997	32.05448	28.66637
FBgn0039773	12.03623	15.536719999999999	12.7265	12.270520000000001	10.416782	14.12547
FBgn0039774	10.36818000318234	16.4289232619	15.3204997928	13.87423267078	16.7245338079	13.18595400285427
FBgn0039776	121.225	121.045	115.74	142.663	130.91	114.916
FBgn0260440	1.02944	1.24401	0.870781	1.08652	2.13823	3.27122
FBgn0039779	0.0	0.0	0.0	0.0	0.302259	0.0
FBgn0026190	0.0	0.0	0.0	0.0	0.26652	0.229355
FBgn0051371	0.0	0.0	0.0	0.0	0.298637	0.0
FBgn0039783	0.0	0.0	0.0	0.215977	0.283356	0.243844
FBgn0051524	0.2610169	0.0	0.0	0.0	0.0	0.0
FBgn0039784	0.0	0.0	0.0	0.440298	0.0	0.0
FBgn0027654	6.70199	6.07419	6.68306	13.21576	6.76696	13.31049
FBgn0082582	37.2180629	30.24376	32.109623	32.862161026896	34.823051852329996	39.62260064599
FBgn0039787	0.0	0.0	0.0	0.1799427291	0.236079108	0.2031601877
FBgn0039788	12.1669	11.6869	13.5244	9.6037	10.4398	16.7289
FBgn0039789	6.73983	5.87172	6.29771	8.13371	7.59646	4.9807
FBgn0039790	47.069583	48.3122245898539	56.282610343085	43.007692838	49.59698	53.48360036872
FBgn0051019	1.36232	0.27438	3.8412	2.59614	3.27411	1.80376
FBgn0051017	0.27221	0.328948	0.0	0.23942	0.0	0.270311
FBgn0051015	0.222123	0.0	0.0	0.0	0.0	0.0
FBgn0039795	0.0	0.255431	0.0	0.185912	0.0	0.0
FBgn0039796	0.0	0.443149	0.0	0.0	0.0	0.0
FBgn0000274	0.33886340000000004	0.0	0.0	0.0	0.0	0.0
FBgn0039797	6.3636800000000004	4.26518	5.7499631	3.53533234	6.78803	4.90683
FBgn0039798	0.7666975972	2.3162568038	2.026670455	2.6973665987	1.769439113	3.0453964891
FBgn0039799	0.835349	1.68365	0.0	1.63389	0.0	0.0
FBgn0039800	17.80372	15.5384	8.36658	4.34977	11.4136	7.8576
FBgn0039801	10.74339	5.90124	4.130734	4.29512	11.27018	10.957640999999999
FBgn0004606	119.91807	112.73964	125.35592	109.55648	125.999525	106.53649
FBgn0011739	27.6068	28.3318	33.7373	28.674	31.1362	31.9604
FBgn0039802	196.542	154.82	237.061	195.915	173.037	135.174
FBgn0027598	153.4508000530144	163.77010443189997	159.93929	146.24234008155528	171.796569358	175.760065026107
FBgn0039804	2.043231	2.4691018	0.7201174	2.2249953	1.4595335999999999	2.3188419000000002
FBgn0039806	0.0	0.879659	0.0	0.0	0.0	0.0
FBgn0039807	0.0	0.289426	0.0	0.421308	0.0	0.475668
FBgn0039808	0.9966612	1.421662	1.284974	1.130968	0.92319298	1.504512
FBgn0039809	13.8629	16.0823	17.0032	23.4106	17.2766	15.9688
FBgn0000416	863.4814	950.1967000000001	786.17422	770.1542000000001	835.3134	742.0591
FBgn0004573	0.117543	0.0	0.124284	0.0	0.209262	0.0
FBgn0053773	0.0	0.0	0.0	0.842098	0.0	0.0
FBgn0010015	0.333518	0.386775	0.528968	0.586687	0.313348	0.404193
FBgn0053920	0.0	1.36552	0.0	0.993871	0.0	0.0
FBgn0016123	6.76373	6.73115	6.73095	6.99881	5.05024	5.92637
FBgn0010808	87.6053	90.6512	100.395	83.9734	81.7202	82.8268
FBgn0002413	87.7700798	82.35977425109999	93.0305243	85.13459000326395	92.8825655933	91.18148
FBgn0024288	0.63035	0.761737	0.6665	0.924032	0.484922	0.208651
FBgn0039818	0.303092	0.183134	0.0	0.133291	0.349749	0.0
FBgn0039821	0.180044	0.0	0.0	0.0	0.0	0.0
FBgn0013973	0.0	0.0	0.106286	0.0884126	0.0	0.0
FBgn0086704	0.438979	0.795717	0.464154	0.3861	1.01311	0.0
FBgn0051004	0.103657	0.10362769999999999	0.0	0.377121000837513	0.23922800873928998	0.340624
FBgn0039827	29.7261	25.2658	31.8821	32.2752	34.3021	26.9765
FBgn0267435	1.674088027	1.213785838	1.76995263	2.208656559	2.60773492	1.4961863050000002
FBgn0061476	30.9749	26.1094	28.3036	26.0665	25.8144	24.4931
FBgn0039828	97.5645	74.5616	117.023	87.8472	103.683	107.989
FBgn0039829	14.0548	11.1611	14.8608	13.7746	12.9747	17.5457
FBgn0039830	1016.01152	922.0557	1301.3957	936.7697999999999	1234.1642	987.522
FBgn0039831	44.47483	54.193169999999995	49.18695	59.028459999999995	57.567980000000006	55.75255
FBgn0039832	0.0	1.03695	0.907303	0.754728	0.990183	0.852107
FBgn0039833	0.958017	0.0	0.0	0.421308	0.552745	0.713502
FBgn0051005	8.88419	7.08696	8.16843	7.24779	5.34876	5.88148
FBgn0039835	24.6315	40.9277	34.9968	38.5898	36.4172	27.5171
FBgn0039836	3.54991	5.89854	5.63025	7.02517	1.02409	6.16902
FBgn0086362	18.72958	26.715	23.6996	22.9548	24.8016	18.29404
FBgn0039838	0.0	0.520774	0.0	0.379037	0.0	0.0
FBgn0085376	0.5161720000000001	0.528691	0.621832	0.260946	0.526362	1.162275
FBgn0039844	41.26542	51.51495001449567	32.49900000907585	37.99765	32.840666551	57.24059000979419
FBgn0051002	0.265516	0.0	0.0	0.0	0.0	0.263664
FBgn0019990	29.048561026999998	31.68534010821	34.836667668000004	32.9452472	31.9323411136	32.86916168507
FBgn0039846	18.647852912599998	17.92623516	22.9316949338909	19.99813	17.0882533495	17.27415
FBgn0261988	35.4291	37.4446	27.19883	29.32546	30.087960000000002	31.8893
FBgn0039848	0.943484	1.90023	2.32772	1.65967	0.362907	0.312301
FBgn0039849	67.50505000000001	60.991000073959	79.34750242999999	70.09170062972301	66.0865	64.10531
FBgn0039852	0.0	0.0	0.0	0.0	0.0	0.554285
FBgn0028968	94.28219999999999	89.6403	104.16553	94.78118	96.5021	97.9542
FBgn0043900	17.2341	15.1564	22.9928	16.9835	18.117	15.7699
FBgn0003268	43.7614	49.2178	41.1663	43.8797	49.8551	49.3569
FBgn0039854	19.5943	13.9285	17.6712	17.9943	11.6378	12.3041
FBgn0039855	1.70489	0.343376	2.10311	1.49952	1.31156	0.282167
FBgn0039856	1.26865	0.565609	1.34141	0.892668	0.878367	1.51177
FBgn0039857	3019.6339352	2886.3200337146	3572.833861	3213.4836999999998	3402.69531724	2805.5701588240004
FBgn0039858	509.7924	495.10810000000004	512.6242	537.0138	500.18757999999997	493.03630100643
FBgn0288966	36.099199999999996	36.857658155	40.47684	35.05898594	39.0231	38.2923600906144
FBgn0039859	9.54293	11.53200000887547	16.807	12.288820000000001	7.5036700000000005	2.86992
FBgn0039860	21.0484	19.6921	19.3838	18.2143	12.1442	18.2046
FBgn0039861	11.5968484952	13.1933335	20.32642	19.41409	18.552419999999998	16.67156
FBgn0039862	1.33267	1.02483	1.280998	1.17214	0.768908	1.323374
FBgn0039863	34.71405	33.26121	38.704530000000005	36.88441	37.82120000224533	41.494600000000005
FBgn0003870	28.039895195	31.9364630086855	37.93881833	34.58102297	35.97057223	35.309030500865
FBgn0039867	30.2477	23.7202	40.4884	27.1702	33.0474	30.6758
FBgn0039868	68.8863	56.4875	76.0886	68.7029	84.4585	73.9027
FBgn0000557	0.649909405	0.785430387	1.37432311	0.428722381	0.374979959	0.322673632
FBgn0039869	306.354	310.678	337.759	352.047	368.613	337.849
FBgn0039870	44.6167	50.9621	61.3928	50.5312	47.9585	46.1263
FBgn0000150	1623.58	1313.779	2399.9	1693.221	1998.9569999999999	1398.3739
FBgn0261479	50.5543	46.2037	70.0736	54.1796	65.6897	56.5296
FBgn0022349	172.13339000000002	166.3764	158.27655000000001	143.95684	180.38772	177.82288
FBgn0039872	0.6097878	0.2456262	0.2149097	0.3575568	0.7036279999999999	0.0
FBgn0017448	0.213346	0.257814	0.0	0.574367	0.246187	0.211857
FBgn0039873	0.216314	0.0	0.0	0.190257	0.499224	0.0
FBgn0270927	39.1997	43.6248	47.2313	50.0329	43.3405	46.1684
FBgn0039875	69.8605	64.89680924199999	76.4345	69.82826	69.1905	68.2291
FBgn0039876	19.12286	26.0498	23.1606	25.382	21.6654	22.0968
FBgn0005632	92.218806701	101.56556	106.1703331	111.16015274955001	103.1244255	122.587629
FBgn0039877	25.776817708621003	27.909683250000004	33.1115071	32.329363740000005	31.85958128	30.909801233
FBgn0027620	39.9071	39.0807	42.28	39.1634	53.8631	54.3412
FBgn0250755	7.68375	9.78275	8.26949	6.27546	4.90827	6.54014
FBgn0039879	0.722968	0.0	0.25481	0.0	0.278086	0.478617
FBgn0039881	9.377923982	9.84016	12.235149999999999	13.0107	11.90366293	5.12189383
FBgn0039882	14.6835	15.3462	14.0569	15.8816	13.5092	12.4136
FBgn0266268	139.976	131.433	153.49391	169.98611	124.02000002700079	181.15876
FBgn0039883	1.7074340000000001	1.2525460000000002	2.9315417200000002	2.71046	3.1475400000000002	2.969048
FBgn0011224	22.12108156807	26.008554743658998	32.39143800647413	24.430427	35.584691294764	32.1421321222
FBgn0039886	70.898096	67.39590417544999	71.35300000000001	53.493300569903	84.6064000459422	61.567420000000006
FBgn0039887	0.753325	0.455172	0.796528	0.0	0.0	0.74807
FBgn0040206	52.799260000000004	55.402300000000004	60.65187	53.892379999999996	51.65001	58.47247
FBgn0002780	210.1942	227.2409	300.9376	290.8512	322.0381	330.3582
FBgn0002645	110.67205	124.7305567	112.7793594	123.79764	128.7745243129	115.72616000000001
